team_a_goals,team_b_goals,probability
1,1,0.10024039211535167
2,0,0.09860935781085056
2,1,0.09460824034818821
1,0,0.08096835997386828
3,0,0.0739174728236872
3,1,0.0709182393039027
0,0,0.05044397863765989
2,2,0.050063369813840845
1,2,0.044935552653735944
4,0,0.04155634599447207
4,1,0.039870179231659766
0,1,0.0341604701190658
3,2,0.03402035049251519
0,2,0.019982041326141436
4,2,0.01912621470829185
