observed_order,match_id,team_a,team_b,actual_score,top_1_scoreline,top_1_probability,top_2_scoreline,top_2_probability,actual_is_top_1,actual_is_top_2,actual_in_top_2,actual_score_probability,team_a_win_probability,draw_probability,team_b_win_probability
1,wc2026_group_a_mexico_south_africa,Mexico,South Africa,2-0,1-1,0.10774529330159699,2-1,0.09781524150063521,False,False,False,0.09136806905272052,0.5226183752225348,0.22653586462958938,0.2508457601478758
2,wc2026_group_a_south_korea_czechia,South Korea,Czechia,2-1,1-1,0.10626571689924932,2-1,0.08847342863643316,False,True,True,0.08847342863643316,0.39555464327484113,0.22609918108480256,0.37834617564035633
3,wc2026_group_b_canada_bosnia_and_herzegovina,Canada,Bosnia and Herzegovina,1-1,1-1,0.10079017667239792,2-1,0.09279352725894262,True,False,True,0.10079017667239792,0.4372383779656365,0.22106550723104818,0.34169611480331535
4,wc2026_group_d_usa_paraguay,USA,Paraguay,4-1,1-1,0.09781860923841953,1-2,0.09333226048082209,False,False,False,0.011411098590492157,0.28651942531902014,0.2204431885386678,0.49303738614231213
5,wc2026_group_b_qatar_switzerland,Qatar,Switzerland,1-1,0-2,0.11432492300874976,1-1,0.09848007914534539,False,True,True,0.09848007914534539,0.10888649907161914,0.20696910977699712,0.6841443911513838
6,wc2026_group_c_brazil_morocco,Brazil,Morocco,1-1,1-1,0.10653525742919574,1-0,0.10365721997931633,True,False,True,0.10653525742919574,0.5587294255328626,0.22352158591270824,0.21774898855442915
7,wc2026_group_c_haiti_scotland,Haiti,Scotland,0-1,0-1,0.11191090539520306,0-2,0.11149185397277392,True,False,True,0.11191090539520306,0.17996957485531143,0.2189057229920588,0.6011247021526298
8,wc2026_group_d_australia_turkiye,Australia,Türkiye,2-0,1-1,0.10050248453609627,2-1,0.08901070741288687,False,False,False,0.05749328147333147,0.4005971537513934,0.22130507243241043,0.3780977738161962
