team_a_goals,team_b_goals,probability
1,0,0.17146264948655238
2,0,0.13612439956345754
0,0,0.1103288825448932
1,1,0.10652089310388156
2,1,0.08785605164481738
3,0,0.07204621419300264
0,1,0.06462833175303302
3,1,0.048193417104783004
1,2,0.0331150257459318
4,0,0.028598787191294123
2,2,0.02824686263976467
4,1,0.019802866799215883
0,2,0.019336239424062523
3,2,0.016059107854295592
5,0,0.009081844346429125
