team_a_goals,team_b_goals,probability
1,1,0.09986275614148986
2,0,0.09778753207550007
2,1,0.09751580389868657
1,0,0.08200669170590391
3,0,0.07153509762223925
3,1,0.07133631868547194
2,2,0.05059041757362377
0,0,0.049647690313593444
1,2,0.045366715768888885
4,0,0.0392478730407498
4,1,0.039138812583257764
3,2,0.035569046053927224
0,1,0.03418010400020345
0,2,0.020671900092256872
4,2,0.019515027589353823
