version,Result accuracy,Exact top 1,Exact top 2,Result log loss,Goal MAE,Goal RMSE,Exact-score log loss
Previous V16 (30%),0.5,0.08333333333333333,0.16666666666666666,1.0222204097746248,0.8999074192959257,1.3473595487937733,3.017826143495219
Current V16 (50%),0.5,0.08333333333333333,0.16666666666666666,1.0222204097746248,0.8970149491940934,1.3517574052995662,3.0162691525370167
