version,Result accuracy,Exact top 1,Exact top 2,Result log loss,Goal MAE,Goal RMSE,Exact-score log loss
"Previous V16 (50%, δ=1.00)",0.5,0.08333333333333333,0.16666666666666666,1.0222204097746248,0.8970149491940934,1.3517574052995662,3.0162691525370167
"Current V16 (60%, δ=1.00)",0.5,0.08333333333333333,0.16666666666666666,1.022220409774625,0.898708787386381,1.3546223717382804,3.020724618370171
