outcome,bin,n,mean_predicted_probability,observed_frequency,calibration_error
draw,"(0.2, 0.4]",8,0.22060565407478533,0.375,0.15439434592521467
team_a_win,"(-0.001, 0.2]",2,0.1444280369634653,0.0,0.1444280369634653
team_a_win,"(0.2, 0.4]",2,0.34103703429693066,1.0,0.6589629657030693
team_a_win,"(0.4, 0.6]",4,0.4797958331181068,0.5,0.020204166881893193
team_b_win,"(0.2, 0.4]",5,0.3133469625924346,0.0,0.3133469625924346
team_b_win,"(0.4, 0.6]",1,0.49303738614231213,0.0,0.49303738614231213
team_b_win,"(0.6, 0.8]",2,0.6426345466520068,0.5,0.1426345466520068
