dimension,subgroup,n_matches,result_accuracy,mean_result_log_loss,mean_result_brier,mean_result_rps,mean_goal_mae
overall,all,8,0.5,1.104100013076782,0.6848889962510918,0.21203913237033292,0.8120287682802084
actual_result,draw,3,0.0,1.5275764072953069,0.995330769683687,0.19123944077240537,0.5802641674452865
actual_result,team_a_win,4,0.75,0.9352795019651623,0.563427348573142,0.2567123652730581,0.9698471608504075
actual_result,team_b_win,1,1.0,0.5089528748676856,0.23941026666510584,0.09574527555321496,0.8760490005041777
stage,Group Stage,8,0.5,1.104100013076782,0.6848889962510918,0.21203913237033292,0.8120287682802084
group,Group A,2,1.0,0.7881850520778713,0.45087808329916,0.1998292072369065,0.5625290681680343
group,Group B,2,0.0,1.5422409667793255,1.011740194267393,0.19696086291541814,0.6748333258923354
group,Group C,2,0.5,1.0036000815974777,0.6009610935906906,0.1377709360197974,0.6335874255276833
group,Group D,2,0.5,1.0823739518524533,0.6759766138471239,0.3135955233092097,1.3771652535327807
