event,n_team_observations,mae,rmse,bias,correlation
shots,16,6.082351971896726,7.141995063866369,0.7548718131665665,0.16294216190498512
shots_on_target,16,1.8434083527540068,2.203842522001039,0.6753527971984512,0.3819208336322612
possession,16,8.376046943644015,9.556063900728521,0.0,0.7392523797080289
fouls,16,4.249775436318091,5.156038573608387,2.249775436318091,0.35806647256448054
yellow_cards,16,1.075635173915003,1.2926845666381361,0.20310414232431329,0.2670881507755157
red_cards,16,0.40794521723110216,0.8950397539490056,-0.2983047827688979,0.19915089849126194
