{
  "n_matches": 16,
  "result_accuracy": 0.375,
  "mean_result_log_loss": 1.21632562963656,
  "mean_result_brier": 0.756579249437072,
  "mean_result_rps": 0.20445675684108372,
  "mean_goal_mae": 0.9406678536514574,
  "mean_goal_rmse": 1.4625185071326794,
  "mean_goal_difference_abs_error": 1.5815208690577913,
  "mean_exact_score_log_loss": 3.038876481943402,
  "mean_actual_result_probability": 0.35896621449190047,
  "mean_exact_score_probability": 0.07278667411943104,
  "exact_score_accuracy": 0.1875,
  "top_2_result_accuracy": 0.875,
  "model_type": "ensemble",
  "model_file": "v17_recency_all_matches_model.py",
  "uniform_baseline_log_loss": 1.0986122886681098,
  "uniform_baseline_brier": 0.6666666666666666,
  "log_loss_skill_vs_uniform": -0.10714730044678333,
  "brier_skill_vs_uniform": -0.1348688741556081,
  "bootstrap_samples": 5000,
  "bootstrap_confidence_level": 0.95,
  "bootstrap_confidence_intervals": {
    "result_accuracy": {
      "lower": 0.125,
      "upper": 0.625,
      "confidence": 0.95
    },
    "mean_result_log_loss": {
      "lower": 0.8953605061749945,
      "upper": 1.5479749093197435,
      "confidence": 0.95
    },
    "mean_result_brier": {
      "lower": 0.5340742610359848,
      "upper": 0.9704507893895286,
      "confidence": 0.95
    },
    "mean_result_rps": {
      "lower": 0.15048855979500325,
      "upper": 0.26439668284920764,
      "confidence": 0.95
    },
    "mean_goal_mae": {
      "lower": 0.640258652350677,
      "upper": 1.2977256717877181,
      "confidence": 0.95
    },
    "mean_goal_rmse": {
      "lower": 0.8904840465182754,
      "upper": 1.9537473392030442,
      "confidence": 0.95
    },
    "mean_goal_difference_abs_error": {
      "lower": 1.0252612801508671,
      "upper": 2.2097181387427716,
      "confidence": 0.95
    },
    "mean_exact_score_log_loss": {
      "lower": 2.523549678847359,
      "upper": 3.6441773580368593,
      "confidence": 0.95
    }
  },
  "box_event_metrics": {
    "shots": {
      "n_team_observations": 32,
      "mae": 5.55594313767539,
      "rmse": 6.705802317961275,
      "bias": -0.1573963006640473,
      "correlation": 0.3011465078251105
    },
    "shots_on_target": {
      "n_team_observations": 32,
      "mae": 2.2103884212965754,
      "rmse": 2.7871870398603353,
      "bias": 0.30671778637594027,
      "correlation": 0.3050605249097561
    },
    "possession": {
      "n_team_observations": 32,
      "mae": 6.761576405838716,
      "rmse": 8.56526222443625,
      "bias": 0.0,
      "correlation": 0.6353470432951187
    },
    "fouls": {
      "n_team_observations": 32,
      "mae": 5.325048253778409,
      "rmse": 6.326639706773364,
      "bias": 3.4580839680641233,
      "correlation": -0.00216678184732109
    },
    "yellow_cards": {
      "n_team_observations": 32,
      "mae": 1.0794070512820513,
      "rmse": 1.2542862284811593,
      "bias": 0.3907109799311509,
      "correlation": 0.20387650559991452
    },
    "red_cards": {
      "n_team_observations": 32,
      "mae": 0.2283378454362303,
      "rmse": 0.6359837755347556,
      "bias": -0.12478715456376968,
      "correlation": 0.19351349197602985
    }
  },
  "box_event_mae": {
    "shots": 5.55594313767539,
    "shots_on_target": 2.2103884212965754,
    "possession": 6.761576405838716,
    "fouls": 5.325048253778409,
    "yellow_cards": 1.0794070512820513,
    "red_cards": 0.2283378454362303
  }
}