team_a_goals,team_b_goals,probability
1,1,0.10884314782820326
0,1,0.09598409766941661
1,2,0.09595934905151793
2,1,0.07977831813944214
1,0,0.07889100314000368
0,2,0.07511456920557792
0,0,0.06420343486445339
2,0,0.056774149391919874
2,2,0.04522876187459834
1,3,0.04494695537247042
0,3,0.03518334819146051
3,1,0.03397243951495759
2,3,0.02871001341687523
3,0,0.024176447952424227
3,2,0.02386882160829845
