{
  "n_matches": 12,
  "result_accuracy": 0.5,
  "mean_result_log_loss": 0.9934851294076467,
  "mean_result_brier": 0.6051390241844163,
  "mean_result_rps": 0.18507417730434764,
  "mean_goal_mae": 0.8979779059318403,
  "mean_goal_rmse": 1.3650341134556412,
  "mean_goal_difference_abs_error": 1.506779052857527,
  "mean_exact_score_log_loss": 3.0101633755043626,
  "mean_actual_result_probability": 0.4202982467713807,
  "mean_exact_score_probability": 0.07561951566724415,
  "exact_score_accuracy": 0.25,
  "top_2_result_accuracy": 0.8333333333333334,
  "model_type": "ensemble",
  "model_file": "v17_recency_all_matches_model.py",
  "uniform_baseline_log_loss": 1.0986122886681098,
  "uniform_baseline_brier": 0.6666666666666666,
  "log_loss_skill_vs_uniform": 0.09569086414272032,
  "brier_skill_vs_uniform": 0.09229146372337549,
  "bootstrap_samples": 5000,
  "bootstrap_confidence_level": 0.95,
  "bootstrap_confidence_intervals": {
    "result_accuracy": {
      "lower": 0.25,
      "upper": 0.75,
      "confidence": 0.95
    },
    "mean_result_log_loss": {
      "lower": 0.7034989266989369,
      "upper": 1.2740881697249917,
      "confidence": 0.95
    },
    "mean_result_brier": {
      "lower": 0.3922085591740654,
      "upper": 0.8116490996623218,
      "confidence": 0.95
    },
    "mean_result_rps": {
      "lower": 0.12210276970689854,
      "upper": 0.2534596478050949,
      "confidence": 0.95
    },
    "mean_goal_mae": {
      "lower": 0.5824149967266046,
      "upper": 1.2527297017181567,
      "confidence": 0.95
    },
    "mean_goal_rmse": {
      "lower": 0.774520765271821,
      "upper": 1.8620608080367227,
      "confidence": 0.95
    },
    "mean_goal_difference_abs_error": {
      "lower": 0.8358107272647939,
      "upper": 2.230356017125751,
      "confidence": 0.95
    },
    "mean_exact_score_log_loss": {
      "lower": 2.4100800330341743,
      "upper": 3.7613183932087644,
      "confidence": 0.95
    }
  },
  "box_event_metrics": {
    "shots": {
      "n_team_observations": 24,
      "mae": 5.160751945448449,
      "rmse": 6.309035994371337,
      "bias": 1.0276882498847524,
      "correlation": 0.39259482517283434
    },
    "shots_on_target": {
      "n_team_observations": 24,
      "mae": 1.9477626706597733,
      "rmse": 2.283263638766824,
      "bias": 0.6940589669560696,
      "correlation": 0.563246663572085
    },
    "possession": {
      "n_team_observations": 24,
      "mae": 7.0263744884039925,
      "rmse": 8.322913064197508,
      "bias": 0.0,
      "correlation": 0.7705431715330301
    },
    "fouls": {
      "n_team_observations": 24,
      "mae": 5.054467201745639,
      "rmse": 5.859921275049367,
      "bias": 3.175300535078972,
      "correlation": 0.10655435338291877
    },
    "yellow_cards": {
      "n_team_observations": 24,
      "mae": 1.1390808566840762,
      "rmse": 1.2952502602132685,
      "bias": 0.35322683562361634,
      "correlation": 0.3147553254789815
    },
    "red_cards": {
      "n_team_observations": 24,
      "mae": 0.2941857003762903,
      "rmse": 0.7337525544326471,
      "bias": -0.17664763295704303,
      "correlation": 0.16762736067097506
    }
  },
  "box_event_mae": {
    "shots": 5.160751945448449,
    "shots_on_target": 1.9477626706597733,
    "possession": 7.0263744884039925,
    "fouls": 5.054467201745639,
    "yellow_cards": 1.1390808566840762,
    "red_cards": 0.2941857003762903
  }
}