team_a_goals,team_b_goals,probability
2,0,0.13084541563443655
1,1,0.11317734014137437
1,0,0.10963141537880713
3,0,0.09898048323835695
0,0,0.0833664155248878
2,1,0.08057858580769178
3,1,0.06095519146189834
4,0,0.056156740463134354
2,2,0.03661416881821731
4,1,0.034583028439691306
0,1,0.030248908645540255
1,2,0.025826309209310925
5,0,0.025488495479252277
3,2,0.018769030240078866
5,1,0.015696590592229796
