team_a_goals,team_b_goals,probability
0,1,0.1680031642953323
0,2,0.14537007813718517
0,0,0.10051908066456203
1,1,0.09817269755890118
1,2,0.0877088700571811
0,3,0.0838573872750104
1,0,0.05404159729135345
1,3,0.05259768422170865
0,4,0.03628013493578927
2,1,0.028213322376342425
2,2,0.026598780235567464
1,4,0.02362224033024204
2,3,0.016423641070120062
2,0,0.015012511719003842
0,5,0.012557015988513357
