event,n_team_observations,mae,rmse,bias,correlation
shots,32,5.55594313767539,6.705802317961275,-0.1573963006640473,0.3011465078251105
shots_on_target,32,2.2103884212965754,2.7871870398603353,0.30671778637594027,0.3050605249097561
possession,32,6.761576405838716,8.56526222443625,0.0,0.6353470432951187
fouls,32,5.325048253778409,6.326639706773364,3.4580839680641233,-0.00216678184732109
yellow_cards,32,1.0794070512820513,1.2542862284811593,0.3907109799311509,0.20387650559991452
red_cards,32,0.2283378454362303,0.6359837755347556,-0.12478715456376968,0.19351349197602985
