team_a_goals,team_b_goals,probability
2,0,0.1290777641216359
1,0,0.10961791443478061
1,1,0.09925055672078309
3,0,0.09573692946914697
2,1,0.08903018489477732
0,0,0.06723082424185794
3,1,0.06603365490483978
4,0,0.05325603363920585
4,1,0.036732852896281545
2,2,0.035260166700735486
0,1,0.03326732272078965
1,2,0.031056704793730256
5,0,0.02369998816303585
3,2,0.022773049043194476
5,1,0.016346845969308497
