model,n,adjusted_confidence,individual_goal_diff,accuracy,rps,logloss
baseline,12,0.29969528762653225,2.1666666666666665,0.4166666666666667,0.195829506530792,1.0305997426536166
lineup,12,0.3376447998278839,1.75,0.5,0.19204903677267668,1.0025984902532823
