team_a_goals,team_b_goals,probability
2,0,0.16499645547624917
1,0,0.14416804792079344
3,0,0.12160366981786574
0,0,0.09449947157054876
1,1,0.08930350961300487
2,1,0.07021247597267913
4,0,0.06721713719768871
3,1,0.051747140389361526
5,0,0.02972373146185504
4,1,0.028603533432415784
0,1,0.028333182863436945
2,2,0.01944991802950203
1,2,0.016193331028686933
5,1,0.01264861584486752
3,2,0.011010220918854537
