team_a_goals,team_b_goals,probability
1,0,0.1379837144230989
1,1,0.1110415209073295
2,0,0.09859786643926383
0,1,0.0985849690560104
0,0,0.0923558376803014
2,1,0.09104012248759212
1,2,0.0673744271007481
0,2,0.05090406102666703
3,0,0.0434999659537408
3,1,0.0401655976103109
2,2,0.031413015254325084
1,3,0.020736676215882262
3,2,0.018543407977709914
0,3,0.015667384154599878
4,0,0.014393671280470078
