team_a_goals,team_b_goals,probability
1,0,0.17345018161946174
2,0,0.13670661411249063
0,0,0.11119550644190238
1,1,0.10543500323030727
2,1,0.08776859872411374
3,0,0.0718311858294973
0,1,0.06504173020777142
3,1,0.04800026194350419
1,2,0.032912168010595086
4,0,0.028307258345741257
2,2,0.02771878819917642
4,1,0.01965804816403442
0,2,0.01917399732015204
3,2,0.01596372831841758
5,0,0.008924267261348613
