team_a_goals,team_b_goals,probability
1,0,0.16533258755699842
2,0,0.1374051847900206
0,0,0.10168790361281371
2,1,0.09701041576620388
1,1,0.08504912860362328
3,0,0.07613012085178814
0,1,0.057120585583270676
3,1,0.05581721535289051
1,2,0.03351602874014029
4,0,0.031635243475882285
2,2,0.02587329979978714
4,1,0.024053742282208024
3,2,0.020377815402782794
0,2,0.018612397826617968
5,0,0.010516611491808466
