team_a_goals,team_b_goals,probability
3,0,0.1267558013829264
2,0,0.12359408173890733
4,0,0.0974988018732736
1,1,0.08920467124145207
1,0,0.0774976955980783
0,0,0.06729580343851219
5,0,0.05999577936796065
3,1,0.05607084211652063
2,1,0.054672245121019515
4,1,0.043128912970784285
6,0,0.030765280126617514
2,2,0.028103765202718282
5,1,0.026539328661067885
6,1,0.013609121995440732
7,0,0.013522414951381038
