team_a_goals,team_b_goals,probability
1,0,0.16974675834538158
2,0,0.13562864217928636
0,0,0.10989349805033731
1,1,0.10652731433792394
2,1,0.08805406654880234
3,0,0.07224537995582242
0,1,0.0643612904154313
3,1,0.04846885890106098
1,2,0.0333866366854326
4,0,0.02886223832091642
2,2,0.028519984212678394
4,1,0.019988692606369807
0,2,0.019498352664267474
3,2,0.01620783302011483
5,0,0.009224438173378209
