team_a_goals,team_b_goals,probability
2,0,0.17205492071857767
1,0,0.15562275601636721
3,0,0.12283519276859671
0,0,0.10156487409488438
1,1,0.08635166744197259
2,1,0.06749072388631243
4,0,0.06577180931304713
3,1,0.048183661612487556
0,1,0.02996241657463781
5,0,0.028173886019530244
4,1,0.02579982602828723
2,2,0.016793489165814725
1,2,0.015188892824458958
5,1,0.01105156396694234
6,0,0.010057093124090432
