outcome,bin,n,mean_predicted_probability,observed_frequency,calibration_error
draw,"(0.2, 0.4]",12,0.22295595009556465,0.3333333333333333,0.11037738323776866
team_a_win,"(-0.001, 0.2]",2,0.14366765365094059,0.0,0.14366765365094059
team_a_win,"(0.2, 0.4]",3,0.3397676012888183,1.0,0.6602323987111818
team_a_win,"(0.4, 0.6]",6,0.4764692933528208,0.5,0.02353070664717921
team_a_win,"(0.6, 0.8]",1,0.6767868469344461,1.0,0.32321315306555387
team_b_win,"(-0.001, 0.2]",1,0.11605253295719671,0.0,0.11605253295719671
team_b_win,"(0.2, 0.4]",7,0.3090139962789854,0.0,0.3090139962789854
team_b_win,"(0.4, 0.6]",2,0.4637117020086814,0.0,0.4637117020086814
team_b_win,"(0.6, 0.8]",2,0.63785698485303,0.5,0.13785698485303
