{
  "n_matches": 12,
  "result_accuracy": 0.5,
  "mean_result_log_loss": 1.04520517460197,
  "mean_result_brier": 0.6369282897552421,
  "mean_result_rps": 0.2001246097363385,
  "mean_goal_mae": 0.9962822909493773,
  "mean_goal_rmse": 1.4795331306001576,
  "mean_goal_difference_abs_error": 1.6449299118221903,
  "mean_exact_score_log_loss": 3.1556869532677916,
  "mean_actual_result_probability": 0.38118930934414824,
  "mean_exact_score_probability": 0.06741611428756375,
  "exact_score_accuracy": 0.25,
  "top_2_result_accuracy": 0.8333333333333334,
  "model_type": "ensemble",
  "model_file": "v11_wcq_results_model.py",
  "uniform_baseline_log_loss": 1.0986122886681098,
  "uniform_baseline_brier": 0.6666666666666666,
  "log_loss_skill_vs_uniform": 0.048613250203934366,
  "brier_skill_vs_uniform": 0.04460756536713684,
  "bootstrap_samples": 5000,
  "bootstrap_confidence_level": 0.95,
  "bootstrap_confidence_intervals": {
    "result_accuracy": {
      "lower": 0.25,
      "upper": 0.75,
      "confidence": 0.95
    },
    "mean_result_log_loss": {
      "lower": 0.8176420517121468,
      "upper": 1.267471153147522,
      "confidence": 0.95
    },
    "mean_result_brier": {
      "lower": 0.4706516797891591,
      "upper": 0.7974290302193887,
      "confidence": 0.95
    },
    "mean_result_rps": {
      "lower": 0.15325654195763394,
      "upper": 0.2495177187547282,
      "confidence": 0.95
    },
    "mean_goal_mae": {
      "lower": 0.6806225260494295,
      "upper": 1.3568621438419302,
      "confidence": 0.95
    },
    "mean_goal_rmse": {
      "lower": 0.8322733965026651,
      "upper": 2.008830822289357,
      "confidence": 0.95
    },
    "mean_goal_difference_abs_error": {
      "lower": 0.8852655864826006,
      "upper": 2.4721866313138983,
      "confidence": 0.95
    },
    "mean_exact_score_log_loss": {
      "lower": 2.4995610388615526,
      "upper": 3.9073319897822834,
      "confidence": 0.95
    }
  },
  "box_event_metrics": {
    "shots": {
      "n_team_observations": 24,
      "mae": 5.160751945448449,
      "rmse": 6.309035994371337,
      "bias": 1.0276882498847524,
      "correlation": 0.39259482517283434
    },
    "shots_on_target": {
      "n_team_observations": 24,
      "mae": 1.9477626706597733,
      "rmse": 2.283263638766824,
      "bias": 0.6940589669560696,
      "correlation": 0.563246663572085
    },
    "possession": {
      "n_team_observations": 24,
      "mae": 7.0263744884039925,
      "rmse": 8.322913064197508,
      "bias": 0.0,
      "correlation": 0.7705431715330301
    },
    "fouls": {
      "n_team_observations": 24,
      "mae": 5.054467201745639,
      "rmse": 5.859921275049367,
      "bias": 3.175300535078972,
      "correlation": 0.10655435338291877
    },
    "yellow_cards": {
      "n_team_observations": 24,
      "mae": 1.1390808566840762,
      "rmse": 1.2952502602132685,
      "bias": 0.35322683562361634,
      "correlation": 0.3147553254789815
    },
    "red_cards": {
      "n_team_observations": 24,
      "mae": 0.2941857003762903,
      "rmse": 0.7337525544326471,
      "bias": -0.17664763295704303,
      "correlation": 0.16762736067097506
    }
  },
  "box_event_mae": {
    "shots": 5.160751945448449,
    "shots_on_target": 1.9477626706597733,
    "possession": 7.0263744884039925,
    "fouls": 5.054467201745639,
    "yellow_cards": 1.1390808566840762,
    "red_cards": 0.2941857003762903
  }
}