observed_order,match_id,team_a,team_b,actual_score,top_1_scoreline,top_1_probability,top_2_scoreline,top_2_probability,actual_is_top_1,actual_is_top_2,actual_in_top_2,actual_score_probability,team_a_win_probability,draw_probability,team_b_win_probability
1,wc2026_group_a_mexico_south_africa,Mexico,South Africa,2-0,1-1,0.10774529330159702,2-1,0.09781524150063522,False,False,False,0.09136806905272052,0.522618375222535,0.2265358646295894,0.25084576014787574
2,wc2026_group_a_south_korea_czechia,South Korea,Czechia,2-1,1-1,0.10626571689924932,2-1,0.08847342863643316,False,True,True,0.08847342863643316,0.39555464327484113,0.22609918108480256,0.37834617564035633
3,wc2026_group_b_canada_bosnia_and_herzegovina,Canada,Bosnia and Herzegovina,1-1,1-1,0.10079017667239792,2-1,0.09279352725894262,True,False,True,0.10079017667239792,0.4372383779656365,0.22106550723104818,0.34169611480331535
5,wc2026_group_b_qatar_switzerland,Qatar,Switzerland,1-1,0-2,0.11432492300874977,1-1,0.09848007914534539,False,True,True,0.09848007914534539,0.10888649907161914,0.20696910977699712,0.6841443911513837
6,wc2026_group_c_brazil_morocco,Brazil,Morocco,1-1,1-1,0.10653525742919574,1-0,0.10365721997931633,True,False,True,0.10653525742919574,0.5587294255328626,0.22352158591270824,0.21774898855442915
7,wc2026_group_c_haiti_scotland,Haiti,Scotland,0-1,0-1,0.11191090539520303,0-2,0.11149185397277389,True,False,True,0.11191090539520303,0.17996957485531145,0.2189057229920588,0.6011247021526298
8,wc2026_group_d_australia_turkiye,Australia,Türkiye,2-0,1-1,0.10050248453609627,2-1,0.08901070741288687,False,False,False,0.05749328147333147,0.4005971537513934,0.22130507243241043,0.3780977738161962
10,wc2026_group_f_netherlands_japan,Netherlands,Japan,2-2,1-1,0.10295482368296804,2-1,0.09601023571635917,False,False,False,0.05648197484474895,0.4619329970912895,0.22458619672835872,0.3134808061803518
11,wc2026_group_e_ivory_coast_ecuador,Ivory Coast,Ecuador,1-0,1-1,0.10884314782820327,0-1,0.09598409766941664,False,False,False,0.07889100314000373,0.33722873527259384,0.22838524685235578,0.4343860178750505
