country,fifa_country,fcratings_country,group,fcratings_country_url,rank_in_country,player_name,player_url,position,club,club_url,ovr,pac,sho,pas,dri,def,phy,source_url
Czechia,Czechia,Czech Republic,A,https://www.fcratings.com/nations/czech-republic-12,1,Patrik Schick,https://www.fcratings.com/patrik-schick-234236,ST,Bayer 04 Leverkusen,https://www.fcratings.com/clubs/bayer-04-leverkusen-32,85,72,83,71,81,38,77,https://www.fcratings.com/nations/czech-republic-12
Czechia,Czechia,Czech Republic,A,https://www.fcratings.com/nations/czech-republic-12,2,Lukáš Provod,https://www.fcratings.com/lukas-provod-253727,CAM,SK Slavia Prague,https://www.fcratings.com/clubs/sk-slavia-prague-266,79,77,75,79,78,65,83,https://www.fcratings.com/nations/czech-republic-12
Czechia,Czechia,Czech Republic,A,https://www.fcratings.com/nations/czech-republic-12,3,Kateřina Svitková,https://www.fcratings.com/katerina-svitkova-265304,CAM,SK Slavia Prague,https://www.fcratings.com/clubs/sk-slavia-prague-131360,78,74,78,76,82,71,69,https://www.fcratings.com/nations/czech-republic-12
Czechia,Czechia,Czech Republic,A,https://www.fcratings.com/nations/czech-republic-12,4,Ladislav Krejčí,https://www.fcratings.com/ladislav-krejci-252064,CB,Wolverhampton Wanderers F.C.,https://www.fcratings.com/clubs/wolverhampton-wanderers-fc-110,78,72,68,68,69,76,84,https://www.fcratings.com/nations/czech-republic-12
Czechia,Czechia,Czech Republic,A,https://www.fcratings.com/nations/czech-republic-12,5,Pavel Šulc,https://www.fcratings.com/pavel-sulc-247050,CAM,Olympique Lyonnais,https://www.fcratings.com/clubs/olympique-lyonnais-66,78,74,77,75,78,47,73,https://www.fcratings.com/nations/czech-republic-12
Czechia,Czechia,Czech Republic,A,https://www.fcratings.com/nations/czech-republic-12,6,Vladimír Coufal,https://www.fcratings.com/vladimir-coufal-244470,RB,TSG 1899 Hoffenheim,https://www.fcratings.com/clubs/tsg-1899-hoffenheim-10029,78,71,57,73,72,75,74,https://www.fcratings.com/nations/czech-republic-12
Czechia,Czechia,Czech Republic,A,https://www.fcratings.com/nations/czech-republic-12,7,Barbora Votíková,https://www.fcratings.com/barbora-votikova-265040,GK,SK Slavia Prague,https://www.fcratings.com/clubs/sk-slavia-prague-131360,77,80,69,70,81,50,79,https://www.fcratings.com/nations/czech-republic-12
Czechia,Czechia,Czech Republic,A,https://www.fcratings.com/nations/czech-republic-12,8,Adam Hložek,https://www.fcratings.com/adam-hlozek-246618,ST,TSG 1899 Hoffenheim,https://www.fcratings.com/clubs/tsg-1899-hoffenheim-10029,77,78,78,72,77,31,79,https://www.fcratings.com/nations/czech-republic-12
Czechia,Czechia,Czech Republic,A,https://www.fcratings.com/nations/czech-republic-12,9,Václav Černý,https://www.fcratings.com/vaclav-cerny-216860,RM,Beşiktaş J.K.,https://www.fcratings.com/clubs/besiktas-jk-327,77,85,72,71,77,39,65,https://www.fcratings.com/nations/czech-republic-12
Czechia,Czechia,Czech Republic,A,https://www.fcratings.com/nations/czech-republic-12,10,Michal Sadílek,https://www.fcratings.com/michal-sadilek-245209,CDM,SK Slavia Prague,https://www.fcratings.com/clubs/sk-slavia-prague-266,77,58,61,75,72,73,79,https://www.fcratings.com/nations/czech-republic-12
Czechia,Czechia,Czech Republic,A,https://www.fcratings.com/nations/czech-republic-12,11,Matěj Kovář,https://www.fcratings.com/matej-kovar-242948,GK,,,77,76,76,78,77,30,77,https://www.fcratings.com/nations/czech-republic-12
Czechia,Czechia,Czech Republic,A,https://www.fcratings.com/nations/czech-republic-12,12,Tomáš Souček,https://www.fcratings.com/tomas-soucek-236792,CDM,West Ham United F.C.,https://www.fcratings.com/clubs/west-ham-united-fc-19,76,45,72,71,67,77,79,https://www.fcratings.com/nations/czech-republic-12
Czechia,Czechia,Czech Republic,A,https://www.fcratings.com/nations/czech-republic-12,13,Tomáš Holeš,https://www.fcratings.com/tomas-holes-251116,CB,SK Slavia Prague,https://www.fcratings.com/clubs/sk-slavia-prague-266,76,74,58,69,69,75,80,https://www.fcratings.com/nations/czech-republic-12
Czechia,Czechia,Czech Republic,A,https://www.fcratings.com/nations/czech-republic-12,14,Jindřich Staněk,https://www.fcratings.com/jindrich-stanek-221909,GK,SK Slavia Prague,https://www.fcratings.com/clubs/sk-slavia-prague-266,76,75,72,78,79,36,77,https://www.fcratings.com/nations/czech-republic-12
Czechia,Czechia,Czech Republic,A,https://www.fcratings.com/nations/czech-republic-12,15,Klára Cahynová,https://www.fcratings.com/klara-cahynova-272054,CDM,Real Sociedad B,https://www.fcratings.com/clubs/real-sociedad-b-116336,76,61,37,71,72,77,78,https://www.fcratings.com/nations/czech-republic-12
Czechia,Czechia,Czech Republic,A,https://www.fcratings.com/nations/czech-republic-12,16,Václav Jemelka,https://www.fcratings.com/vaclav-jemelka-259188,CB,FC Viktoria Plzeň,https://www.fcratings.com/clubs/fc-viktoria-plzen-110468,76,66,49,65,68,76,78,https://www.fcratings.com/nations/czech-republic-12
Czechia,Czechia,Czech Republic,A,https://www.fcratings.com/nations/czech-republic-12,17,Vasil Kušej,https://www.fcratings.com/vasil-kusej-241186,LW,SK Slavia Prague,https://www.fcratings.com/clubs/sk-slavia-prague-266,76,79,72,70,79,28,66,https://www.fcratings.com/nations/czech-republic-12
Czechia,Czechia,Czech Republic,A,https://www.fcratings.com/nations/czech-republic-12,18,Robin Hranáč,https://www.fcratings.com/robin-hranac-276646,CB,TSG 1899 Hoffenheim,https://www.fcratings.com/clubs/tsg-1899-hoffenheim-10029,76,73,38,52,53,76,77,https://www.fcratings.com/nations/czech-republic-12
Czechia,Czechia,Czech Republic,A,https://www.fcratings.com/nations/czech-republic-12,19,Martin Jedlička,https://www.fcratings.com/martin-jedlicka-269511,GK,FC Viktoria Plzeň,https://www.fcratings.com/clubs/fc-viktoria-plzen-110468,75,74,76,70,77,35,73,https://www.fcratings.com/nations/czech-republic-12
Czechia,Czechia,Czech Republic,A,https://www.fcratings.com/nations/czech-republic-12,20,Olivie Lukášová,https://www.fcratings.com/olivie-lukasova-275811,GK,AS Roma Women,https://www.fcratings.com/clubs/as-roma-women-116282,75,71,71,70,76,41,75,https://www.fcratings.com/nations/czech-republic-12
Czechia,Czechia,Czech Republic,A,https://www.fcratings.com/nations/czech-republic-12,21,Antonín Kinský,https://www.fcratings.com/antonin-kinsky-73580,GK,Tottenham Hotspur F.C.,https://www.fcratings.com/clubs/tottenham-hotspur-fc-18,75,76,76,76,75,45,74,https://www.fcratings.com/nations/czech-republic-12
Czechia,Czechia,Czech Republic,A,https://www.fcratings.com/nations/czech-republic-12,22,Tomáš Chorý,https://www.fcratings.com/tomas-chory-244793,ST,SK Slavia Prague,https://www.fcratings.com/clubs/sk-slavia-prague-266,75,57,75,60,64,32,88,https://www.fcratings.com/nations/czech-republic-12
Czechia,Czechia,Czech Republic,A,https://www.fcratings.com/nations/czech-republic-12,23,David Zima,https://www.fcratings.com/david-zima-255687,CB,SK Slavia Prague,https://www.fcratings.com/clubs/sk-slavia-prague-266,75,76,39,56,66,77,75,https://www.fcratings.com/nations/czech-republic-12
Czechia,Czechia,Czech Republic,A,https://www.fcratings.com/nations/czech-republic-12,24,Lukas Hornicek,https://www.fcratings.com/lukas-hornicek-258936,GK,S.C. Braga,https://www.fcratings.com/clubs/sc-braga-1896,75,74,74,73,77,28,75,https://www.fcratings.com/nations/czech-republic-12
Czechia,Czechia,Czech Republic,A,https://www.fcratings.com/nations/czech-republic-12,25,Pavel Bucha,https://www.fcratings.com/pavel-bucha-244788,CM,FC Cincinnati,https://www.fcratings.com/clubs/fc-cincinnati-113149,74,71,70,72,74,69,71,https://www.fcratings.com/nations/czech-republic-12
Czechia,Czechia,Czech Republic,A,https://www.fcratings.com/nations/czech-republic-12,26,Lukáš Červ,https://www.fcratings.com/lukas-cerv-71259,CDM,FC Viktoria Plzeň,https://www.fcratings.com/clubs/fc-viktoria-plzen-110468,74,69,68,67,68,71,78,https://www.fcratings.com/nations/czech-republic-12
Czechia,Czechia,Czech Republic,A,https://www.fcratings.com/nations/czech-republic-12,27,Tereza Szewieczková,https://www.fcratings.com/tereza-szewieczkova-275808,LM,SK Slavia Prague,https://www.fcratings.com/clubs/sk-slavia-prague-131360,74,67,72,73,74,63,70,https://www.fcratings.com/nations/czech-republic-12
Czechia,Czechia,Czech Republic,A,https://www.fcratings.com/nations/czech-republic-12,28,Filip Panák,https://www.fcratings.com/filip-panak-247643,CB,AC Sparta Prague,https://www.fcratings.com/clubs/ac-sparta-prague-267,74,70,53,68,69,73,77,https://www.fcratings.com/nations/czech-republic-12
Czechia,Czechia,Czech Republic,A,https://www.fcratings.com/nations/czech-republic-12,29,Pavel Kadeřábek,https://www.fcratings.com/pavel-kaderabek-203605,RB,AC Sparta Prague,https://www.fcratings.com/clubs/ac-sparta-prague-267,74,64,47,71,70,71,75,https://www.fcratings.com/nations/czech-republic-12
Czechia,Czechia,Czech Republic,A,https://www.fcratings.com/nations/czech-republic-12,30,Matěj Vydra,https://www.fcratings.com/matej-vydra-198331,ST,FC Viktoria Plzeň,https://www.fcratings.com/clubs/fc-viktoria-plzen-110468,74,76,75,66,71,36,68,https://www.fcratings.com/nations/czech-republic-12
Czechia,Czechia,Czech Republic,A,https://www.fcratings.com/nations/czech-republic-12,31,Martin Vitík,https://www.fcratings.com/martin-vitik-259748,CB,Bologna FC 1909,https://www.fcratings.com/clubs/bologna-fc-1909-189,74,73,39,56,62,74,75,https://www.fcratings.com/nations/czech-republic-12
Czechia,Czechia,Czech Republic,A,https://www.fcratings.com/nations/czech-republic-12,32,Mojmír Chytil,https://www.fcratings.com/mojmir-chytil-274906,ST,SK Slavia Prague,https://www.fcratings.com/clubs/sk-slavia-prague-266,74,73,73,55,68,29,81,https://www.fcratings.com/nations/czech-republic-12
Czechia,Czechia,Czech Republic,A,https://www.fcratings.com/nations/czech-republic-12,33,Matěj Ryneš,https://www.fcratings.com/matej-rynes-266374,LM,AC Sparta Prague,https://www.fcratings.com/clubs/ac-sparta-prague-267,74,77,69,74,73,67,76,https://www.fcratings.com/nations/czech-republic-12
Czechia,Czechia,Czech Republic,A,https://www.fcratings.com/nations/czech-republic-12,34,Jiří Pavlenka,https://www.fcratings.com/jiri-pavlenka-236583,GK,PAOK FC,https://www.fcratings.com/clubs/paok-fc-393,74,77,70,67,77,35,70,https://www.fcratings.com/nations/czech-republic-12
Czechia,Czechia,Czech Republic,A,https://www.fcratings.com/nations/czech-republic-12,35,Štěpán Chaloupek,https://www.fcratings.com/stepan-chaloupek-73456,CB,SK Slavia Prague,https://www.fcratings.com/clubs/sk-slavia-prague-266,74,74,45,58,66,73,78,https://www.fcratings.com/nations/czech-republic-12
Czechia,Czechia,Czech Republic,A,https://www.fcratings.com/nations/czech-republic-12,36,Alex Král,https://www.fcratings.com/alex-kral-247028,CM,1. FC Union Berlin,https://www.fcratings.com/clubs/1-fc-union-berlin-1831,73,71,66,71,74,73,78,https://www.fcratings.com/nations/czech-republic-12
Czechia,Czechia,Czech Republic,A,https://www.fcratings.com/nations/czech-republic-12,37,David Douděra,https://www.fcratings.com/david-doudera-269509,RM,SK Slavia Prague,https://www.fcratings.com/clubs/sk-slavia-prague-266,73,89,69,65,71,65,67,https://www.fcratings.com/nations/czech-republic-12
Czechia,Czechia,Czech Republic,A,https://www.fcratings.com/nations/czech-republic-12,38,Jan Bořil,https://www.fcratings.com/jan-boril-204125,CB,SK Slavia Prague,https://www.fcratings.com/clubs/sk-slavia-prague-266,73,65,62,69,67,71,79,https://www.fcratings.com/nations/czech-republic-12
Czechia,Czechia,Czech Republic,A,https://www.fcratings.com/nations/czech-republic-12,39,David Jurásek,https://www.fcratings.com/david-jurasek-267594,LB,SK Slavia Prague,https://www.fcratings.com/clubs/sk-slavia-prague-266,73,83,61,69,70,67,74,https://www.fcratings.com/nations/czech-republic-12
Czechia,Czechia,Czech Republic,A,https://www.fcratings.com/nations/czech-republic-12,40,Jan Kuchta,https://www.fcratings.com/jan-kuchta-257536,ST,AC Sparta Prague,https://www.fcratings.com/clubs/ac-sparta-prague-267,73,77,71,65,71,34,80,https://www.fcratings.com/nations/czech-republic-12
Czechia,Czechia,Czech Republic,A,https://www.fcratings.com/nations/czech-republic-12,41,Tereza Krejčiříková,https://www.fcratings.com/tereza-krejcirikova-275820,CDM,SK Slavia Prague,https://www.fcratings.com/clubs/sk-slavia-prague-131360,73,69,47,70,64,71,73,https://www.fcratings.com/nations/czech-republic-12
Czechia,Czechia,Czech Republic,A,https://www.fcratings.com/nations/czech-republic-12,42,Tomáš Vlček,https://www.fcratings.com/tomas-vlcek-248169,CB,SK Slavia Prague,https://www.fcratings.com/clubs/sk-slavia-prague-266,73,75,39,60,67,73,75,https://www.fcratings.com/nations/czech-republic-12
Czechia,Czechia,Czech Republic,A,https://www.fcratings.com/nations/czech-republic-12,43,Jaroslav Zelený,https://www.fcratings.com/jaroslav-zeleny-199323,CB,AC Sparta Prague,https://www.fcratings.com/clubs/ac-sparta-prague-267,73,73,62,71,71,72,75,https://www.fcratings.com/nations/czech-republic-12
Czechia,Czechia,Czech Republic,A,https://www.fcratings.com/nations/czech-republic-12,44,Tomáš Ladra,https://www.fcratings.com/tomas-ladra-79948,CAM,FC Viktoria Plzeň,https://www.fcratings.com/clubs/fc-viktoria-plzen-110468,73,74,71,73,74,51,66,https://www.fcratings.com/nations/czech-republic-12
Czechia,Czechia,Czech Republic,A,https://www.fcratings.com/nations/czech-republic-12,45,Radek Vitek,https://www.fcratings.com/radek-vitek-269694,GK,Bristol City F.C.,https://www.fcratings.com/clubs/bristol-city-fc-1919,73,72,70,68,75,46,71,https://www.fcratings.com/nations/czech-republic-12
Czechia,Czechia,Czech Republic,A,https://www.fcratings.com/nations/czech-republic-12,46,Adam Karabec,https://www.fcratings.com/adam-karabec-256970,CAM,Olympique Lyonnais,https://www.fcratings.com/clubs/olympique-lyonnais-66,73,71,68,74,73,38,64,https://www.fcratings.com/nations/czech-republic-12
Czechia,Czechia,Czech Republic,A,https://www.fcratings.com/nations/czech-republic-12,47,Antonín Barák,https://www.fcratings.com/antonin-barak-236791,CM,UC Sampdoria,https://www.fcratings.com/clubs/uc-sampdoria-1837,72,69,73,74,72,64,72,https://www.fcratings.com/nations/czech-republic-12
Czechia,Czechia,Czech Republic,A,https://www.fcratings.com/nations/czech-republic-12,48,Lukáš Sadílek,https://www.fcratings.com/lukas-sadilek-270046,CM,Górnik Zabrze,https://www.fcratings.com/clubs/gornik-zabrze-420,72,69,63,71,73,67,68,https://www.fcratings.com/nations/czech-republic-12
Czechia,Czechia,Czech Republic,A,https://www.fcratings.com/nations/czech-republic-12,49,Jakub Markovič,https://www.fcratings.com/jakub-markovic-252179,GK,SK Slavia Prague,https://www.fcratings.com/clubs/sk-slavia-prague-266,72,71,72,74,73,42,69,https://www.fcratings.com/nations/czech-republic-12
Czechia,Czechia,Czech Republic,A,https://www.fcratings.com/nations/czech-republic-12,50,Tomáš Čvančara,https://www.fcratings.com/tomas-cvancara-246919,ST,Celtic F.C.,https://www.fcratings.com/clubs/celtic-fc-78,72,81,70,65,69,33,78,https://www.fcratings.com/nations/czech-republic-12
Mexico,Mexico,Mexico,A,https://www.fcratings.com/nations/mexico-83,1,Julian Quiñones,https://www.fcratings.com/julian-quinones-234579,ST,Al Qadsiah FC,https://www.fcratings.com/clubs/al-qadsiah-fc-112391,81,88,79,70,79,36,83,https://www.fcratings.com/nations/mexico-83
Mexico,Mexico,Mexico,A,https://www.fcratings.com/nations/mexico-83,2,Santiago Giménez,https://www.fcratings.com/santiago-gimenez-245152,ST,Inter Milan,https://www.fcratings.com/clubs/inter-milan-131681,79,78,80,70,77,46,69,https://www.fcratings.com/nations/mexico-83
Mexico,Mexico,Mexico,A,https://www.fcratings.com/nations/mexico-83,3,Lizbeth Ovalle,https://www.fcratings.com/lizbeth-ovalle-246059,LM,Orlando City SC,https://www.fcratings.com/clubs/orlando-city-sc-116307,79,72,81,76,80,42,60,https://www.fcratings.com/nations/mexico-83
Mexico,Mexico,Mexico,A,https://www.fcratings.com/nations/mexico-83,4,Edson Álvarez,https://www.fcratings.com/edson-alvarez-235844,CDM,Fenerbahçe S.K.,https://www.fcratings.com/clubs/fenerbahce-sk-326,78,66,59,68,72,79,82,https://www.fcratings.com/nations/mexico-83
Mexico,Mexico,Mexico,A,https://www.fcratings.com/nations/mexico-83,5,Raúl Jiménez,https://www.fcratings.com/raul-jimenez-204838,ST,Fulham,https://www.fcratings.com/clubs/fulham-144,78,57,79,73,74,46,79,https://www.fcratings.com/nations/mexico-83
Mexico,Mexico,Mexico,A,https://www.fcratings.com/nations/mexico-83,6,Hirving Lozano,https://www.fcratings.com/hirving-lozano-221992,LW,San Diego FC,https://www.fcratings.com/clubs/san-diego-fc-131439,77,83,75,71,79,41,58,https://www.fcratings.com/nations/mexico-83
Mexico,Mexico,Mexico,A,https://www.fcratings.com/nations/mexico-83,7,Orbelín Pineda,https://www.fcratings.com/orbelin-pineda-224574,CAM,AEK Athens F.C.,https://www.fcratings.com/clubs/aek-athens-fc-278,77,81,73,72,82,73,70,https://www.fcratings.com/nations/mexico-83
Mexico,Mexico,Mexico,A,https://www.fcratings.com/nations/mexico-83,8,Johan Vásquez,https://www.fcratings.com/johan-vasquez-244349,CB,Genoa CFC,https://www.fcratings.com/clubs/genoa-cfc-110556,75,61,33,58,60,76,74,https://www.fcratings.com/nations/mexico-83
Mexico,Mexico,Mexico,A,https://www.fcratings.com/nations/mexico-83,9,Rebeca Bernal,https://www.fcratings.com/rebeca-bernal-241224,CB,Washington Spirit,https://www.fcratings.com/clubs/washington-spirit-116304,74,74,56,68,73,75,72,https://www.fcratings.com/nations/mexico-83
Mexico,Mexico,Mexico,A,https://www.fcratings.com/nations/mexico-83,10,Julian Araujo,https://www.fcratings.com/julian-araujo-247678,RB,Celtic F.C.,https://www.fcratings.com/clubs/celtic-fc-78,74,83,35,64,70,71,73,https://www.fcratings.com/nations/mexico-83
Mexico,Mexico,Mexico,A,https://www.fcratings.com/nations/mexico-83,11,César Huerta,https://www.fcratings.com/cesar-huerta-246289,LW,RSC Anderlecht,https://www.fcratings.com/clubs/rsc-anderlecht-229,73,84,68,68,75,48,72,https://www.fcratings.com/nations/mexico-83
Mexico,Mexico,Mexico,A,https://www.fcratings.com/nations/mexico-83,12,Rodrigo Huescas,https://www.fcratings.com/rodrigo-huescas-263711,RB,F.C. Copenhagen,https://www.fcratings.com/clubs/fc-copenhagen-819,72,81,63,68,71,67,64,https://www.fcratings.com/nations/mexico-83
Mexico,Mexico,Mexico,A,https://www.fcratings.com/nations/mexico-83,13,Reyna Reyes,https://www.fcratings.com/reyna-reyes-273470,LB,Portland Thorns FC,https://www.fcratings.com/clubs/portland-thorns-fc-116302,72,62,49,66,67,71,61,https://www.fcratings.com/nations/mexico-83
Mexico,Mexico,Mexico,A,https://www.fcratings.com/nations/mexico-83,14,Obed Vargas,https://www.fcratings.com/obed-vargas-263701,CM,Atlético Madrid,https://www.fcratings.com/clubs/atletico-madrid-240,72,74,54,66,72,67,64,https://www.fcratings.com/nations/mexico-83
Mexico,Mexico,Mexico,A,https://www.fcratings.com/nations/mexico-83,15,Mateo Chávez,https://www.fcratings.com/mateo-chavez-78784,LB,,,71,82,45,63,70,64,67,https://www.fcratings.com/nations/mexico-83
Mexico,Mexico,Mexico,A,https://www.fcratings.com/nations/mexico-83,16,Álex Padilla,https://www.fcratings.com/alex-padilla-271034,GK,Athletic club,https://www.fcratings.com/clubs/athletic-club-448,69,71,68,63,71,34,68,https://www.fcratings.com/nations/mexico-83
Mexico,Mexico,Mexico,A,https://www.fcratings.com/nations/mexico-83,17,Luca Martínez Dupuy,https://www.fcratings.com/luca-martinez-dupuy-258081,ST,Godoy Cruz Antonio Tomba,https://www.fcratings.com/clubs/godoy-cruz-antonio-tomba-111706,67,74,66,51,67,25,66,https://www.fcratings.com/nations/mexico-83
Mexico,Mexico,Mexico,A,https://www.fcratings.com/nations/mexico-83,18,Daniel Aguilar,https://www.fcratings.com/daniel-aguilar-248548,CM,,,66,75,53,67,66,59,61,https://www.fcratings.com/nations/mexico-83
Mexico,Mexico,Mexico,A,https://www.fcratings.com/nations/mexico-83,19,Heriberto Jurado,https://www.fcratings.com/heriberto-jurado-264863,LM,Cercle Brugge KSV,https://www.fcratings.com/clubs/cercle-brugge-ksv-1750,65,74,57,60,66,29,58,https://www.fcratings.com/nations/mexico-83
Mexico,Mexico,Mexico,A,https://www.fcratings.com/nations/mexico-83,20,Daniel Ríos,https://www.fcratings.com/daniel-rios-235184,ST,CF Montréal,https://www.fcratings.com/clubs/cf-montreal-111139,65,48,72,47,59,26,61,https://www.fcratings.com/nations/mexico-83
Mexico,Mexico,Mexico,A,https://www.fcratings.com/nations/mexico-83,21,Jonathan Germán Gómez,https://www.fcratings.com/jonathan-german-gomez-266118,LB,Albacete Balompié,https://www.fcratings.com/clubs/albacete-balompie-1854,65,79,36,51,62,60,56,https://www.fcratings.com/nations/mexico-83
Mexico,Mexico,Mexico,A,https://www.fcratings.com/nations/mexico-83,22,Pablo Sisniega,https://www.fcratings.com/pablo-sisniega-235590,GK,San Diego FC,https://www.fcratings.com/clubs/san-diego-fc-131439,63,63,62,64,62,44,65,https://www.fcratings.com/nations/mexico-83
Mexico,Mexico,Mexico,A,https://www.fcratings.com/nations/mexico-83,23,Santiago Muñoz,https://www.fcratings.com/santiago-munoz-259406,ST,Sporting Kansas City,https://www.fcratings.com/clubs/sporting-kansas-city-696,63,71,62,58,67,25,59,https://www.fcratings.com/nations/mexico-83
Mexico,Mexico,Mexico,A,https://www.fcratings.com/nations/mexico-83,24,David Ochoa,https://www.fcratings.com/david-ochoa-247428,GK,Los Angeles FC,https://www.fcratings.com/clubs/los-angeles-fc-112996,62,60,62,60,62,27,60,https://www.fcratings.com/nations/mexico-83
Mexico,Mexico,Mexico,A,https://www.fcratings.com/nations/mexico-83,25,Abraham Romero,https://www.fcratings.com/abraham-romero-239993,GK,Columbus Crew,https://www.fcratings.com/clubs/columbus-crew-687,61,64,61,60,62,51,63,https://www.fcratings.com/nations/mexico-83
Mexico,Mexico,Mexico,A,https://www.fcratings.com/nations/mexico-83,26,César Garza,https://www.fcratings.com/cesar-garza-76105,CDM,Dundee F.C.,https://www.fcratings.com/clubs/dundee-fc-180,61,62,53,55,60,60,60,https://www.fcratings.com/nations/mexico-83
Mexico,Mexico,Mexico,A,https://www.fcratings.com/nations/mexico-83,27,Alán Montes,https://www.fcratings.com/alan-montes-257482,CB,Sporting Kansas City,https://www.fcratings.com/clubs/sporting-kansas-city-696,60,54,33,48,51,60,65,https://www.fcratings.com/nations/mexico-83
Mexico,Mexico,Mexico,A,https://www.fcratings.com/nations/mexico-83,28,Érik Dueñas,https://www.fcratings.com/erik-duenas-262209,CM,Houston Dynamo FC,https://www.fcratings.com/clubs/houston-dynamo-fc-698,59,70,35,55,69,55,38,https://www.fcratings.com/nations/mexico-83
Mexico,Mexico,Mexico,A,https://www.fcratings.com/nations/mexico-83,29,Anthony Ramírez,https://www.fcratings.com/anthony-ramirez-77460,RW,FC Dallas,https://www.fcratings.com/clubs/fc-dallas-695,56,66,56,53,57,29,52,https://www.fcratings.com/nations/mexico-83
Mexico,Mexico,Mexico,A,https://www.fcratings.com/nations/mexico-83,30,Jonathan Pérez,https://www.fcratings.com/jonathan-perez-256039,RM,Nashville SC,https://www.fcratings.com/clubs/nashville-sc-114162,56,73,50,49,60,26,38,https://www.fcratings.com/nations/mexico-83
South Africa,South Africa,South Africa,A,https://www.fcratings.com/nations/south-africa-140,1,Gift Links,https://www.fcratings.com/gift-links-253409,LB,Aarhus Gymnastikforening,https://www.fcratings.com/clubs/aarhus-gymnastikforening-271,75,89,64,72,74,68,70,https://www.fcratings.com/nations/south-africa-140
South Africa,South Africa,South Africa,A,https://www.fcratings.com/nations/south-africa-140,2,Lyle Foster,https://www.fcratings.com/lyle-foster-241173,ST,Burnley F.C.,https://www.fcratings.com/clubs/burnley-fc-1796,73,81,72,61,70,36,74,https://www.fcratings.com/nations/south-africa-140
South Africa,South Africa,South Africa,A,https://www.fcratings.com/nations/south-africa-140,3,Linda Motlhalo,https://www.fcratings.com/linda-motlhalo-246899,CM,Glasgow City F.C.,https://www.fcratings.com/clubs/glasgow-city-fc-131363,71,76,66,71,73,67,63,https://www.fcratings.com/nations/south-africa-140
South Africa,South Africa,South Africa,A,https://www.fcratings.com/nations/south-africa-140,4,Bongokuhle Hlongwane,https://www.fcratings.com/bongokuhle-hlongwane-264516,RB,Minnesota United FC,https://www.fcratings.com/clubs/minnesota-united-fc-111138,70,80,67,59,72,65,70,https://www.fcratings.com/nations/south-africa-140
South Africa,South Africa,South Africa,A,https://www.fcratings.com/nations/south-africa-140,5,Yusuf Maart,https://www.fcratings.com/yusuf-maart-238086,CM,SV Ried,https://www.fcratings.com/clubs/sv-ried-780,69,73,57,66,67,64,52,https://www.fcratings.com/nations/south-africa-140
South Africa,South Africa,South Africa,A,https://www.fcratings.com/nations/south-africa-140,6,Siyabonga Ngezana,https://www.fcratings.com/siyabonga-ngezana-235442,CB,FCSB,https://www.fcratings.com/clubs/fcsb-100761,68,71,37,47,58,67,77,https://www.fcratings.com/nations/south-africa-140
South Africa,South Africa,South Africa,A,https://www.fcratings.com/nations/south-africa-140,7,Kobamelo Kodisang,https://www.fcratings.com/kobamelo-kodisang-264304,RM,AVS Futebol SAD,https://www.fcratings.com/clubs/avs-futebol-sad-131463,68,84,67,61,70,28,47,https://www.fcratings.com/nations/south-africa-140
South Africa,South Africa,South Africa,A,https://www.fcratings.com/nations/south-africa-140,8,Ime Okon,https://www.fcratings.com/ime-okon-79280,CB,Hannover 96,https://www.fcratings.com/clubs/hannover-96-485,68,77,30,46,59,68,71,https://www.fcratings.com/nations/south-africa-140
South Africa,South Africa,South Africa,A,https://www.fcratings.com/nations/south-africa-140,9,Luke Le Roux,https://www.fcratings.com/luke-le-roux-255703,CM,Portsmouth,https://www.fcratings.com/clubs/portsmouth-1790,66,65,59,62,66,60,70,https://www.fcratings.com/nations/south-africa-140
South Africa,South Africa,South Africa,A,https://www.fcratings.com/nations/south-africa-140,10,Sphephelo Sithole,https://www.fcratings.com/sphephelo-sithole-257293,CDM,C.D. Tondela,https://www.fcratings.com/clubs/cd-tondela-112516,66,64,55,59,61,64,75,https://www.fcratings.com/nations/south-africa-140
South Africa,South Africa,South Africa,A,https://www.fcratings.com/nations/south-africa-140,11,Shandre Campbell,https://www.fcratings.com/shandre-campbell-77170,LW,Club Brugge KV,https://www.fcratings.com/clubs/club-brugge-kv-231,65,80,59,58,71,27,52,https://www.fcratings.com/nations/south-africa-140
South Africa,South Africa,South Africa,A,https://www.fcratings.com/nations/south-africa-140,12,Samukele Kabini,https://www.fcratings.com/samukele-kabini-77951,LB,Molde FK,https://www.fcratings.com/clubs/molde-fk-417,65,71,34,54,60,62,63,https://www.fcratings.com/nations/south-africa-140
South Africa,South Africa,South Africa,A,https://www.fcratings.com/nations/south-africa-140,13,Olwethu Makhanya,https://www.fcratings.com/olwethu-makhanya-278688,CB,Philadelphia Eagles,https://www.fcratings.com/clubs/philadelphia-eagles-112134,65,74,33,44,49,66,68,https://www.fcratings.com/nations/south-africa-140
South Africa,South Africa,South Africa,A,https://www.fcratings.com/nations/south-africa-140,14,Antonio van Wyk,https://www.fcratings.com/antonio-van-wyk-78797,LW,SV Ried,https://www.fcratings.com/clubs/sv-ried-780,64,76,62,60,64,32,54,https://www.fcratings.com/nations/south-africa-140
South Africa,South Africa,South Africa,A,https://www.fcratings.com/nations/south-africa-140,15,Kegs Chauke,https://www.fcratings.com/kegs-chauke-260927,CM,Burton Albion F.C.,https://www.fcratings.com/clubs/burton-albion-fc-15015,61,71,56,58,64,56,62,https://www.fcratings.com/nations/south-africa-140
South Korea,South Korea,Korea Republic,A,https://www.fcratings.com/nations/korea-republic-167,1,Heung Min Son,https://www.fcratings.com/heung-min-son-200104,LW,Los Angeles FC,https://www.fcratings.com/clubs/los-angeles-fc-112996,84,83,84,81,83,42,73,https://www.fcratings.com/nations/korea-republic-167
South Korea,South Korea,Korea Republic,A,https://www.fcratings.com/nations/korea-republic-167,2,Kim Min Jae,https://www.fcratings.com/kim-min-jae-237086,CB,FC Bayern Munich,https://www.fcratings.com/clubs/fc-bayern-munich-21,82,73,32,58,63,83,84,https://www.fcratings.com/nations/korea-republic-167
South Korea,South Korea,Korea Republic,A,https://www.fcratings.com/nations/korea-republic-167,3,Lee Kang In,https://www.fcratings.com/lee-kang-in-243780,RW,Paris Saint-Germain FC,https://www.fcratings.com/clubs/paris-saint-germain-fc-73,80,72,76,81,83,52,64,https://www.fcratings.com/nations/korea-republic-167
South Korea,South Korea,Korea Republic,A,https://www.fcratings.com/nations/korea-republic-167,4,Lee Jae Sung,https://www.fcratings.com/lee-jae-sung-221671,CAM,1. FSV Mainz 05,https://www.fcratings.com/clubs/1-fsv-mainz-05-169,76,71,71,73,78,66,66,https://www.fcratings.com/nations/korea-republic-167
South Korea,South Korea,Korea Republic,A,https://www.fcratings.com/nations/korea-republic-167,5,Hwang In Beom,https://www.fcratings.com/hwang-in-beom-228010,CM,,,76,62,70,76,77,63,64,https://www.fcratings.com/nations/korea-republic-167
South Korea,South Korea,Korea Republic,A,https://www.fcratings.com/nations/korea-republic-167,6,Lee Dong Kyeong,https://www.fcratings.com/lee-dong-kyeong-245054,CAM,Ulsan HD FC,https://www.fcratings.com/clubs/ulsan-hd-fc-1473,75,77,74,73,75,59,73,https://www.fcratings.com/nations/korea-republic-167
South Korea,South Korea,Korea Republic,A,https://www.fcratings.com/nations/korea-republic-167,7,Jo Hyeon Woo,https://www.fcratings.com/jo-hyeon-woo-212432,GK,Ulsan HD FC,https://www.fcratings.com/clubs/ulsan-hd-fc-1473,74,77,71,62,77,51,73,https://www.fcratings.com/nations/korea-republic-167
South Korea,South Korea,Korea Republic,A,https://www.fcratings.com/nations/korea-republic-167,8,Hwang Hee Chan,https://www.fcratings.com/hwang-hee-chan-226380,ST,Wolverhampton Wanderers F.C.,https://www.fcratings.com/clubs/wolverhampton-wanderers-fc-110,74,80,75,69,74,39,68,https://www.fcratings.com/nations/korea-republic-167
South Korea,South Korea,Korea Republic,A,https://www.fcratings.com/nations/korea-republic-167,9,Joo Min Kyu,https://www.fcratings.com/joo-min-kyu-213189,ST,Daejeon Hana Citizen,https://www.fcratings.com/clubs/daejeon-hana-citizen-980,74,62,75,56,69,46,79,https://www.fcratings.com/nations/korea-republic-167
South Korea,South Korea,Korea Republic,A,https://www.fcratings.com/nations/korea-republic-167,10,Song Bum Keun,https://www.fcratings.com/song-bum-keun-238570,GK,Jeonbuk Hyundai Motors,https://www.fcratings.com/clubs/jeonbuk-hyundai-motors-1477,74,76,69,67,76,25,72,https://www.fcratings.com/nations/korea-republic-167
South Korea,South Korea,Korea Republic,A,https://www.fcratings.com/nations/korea-republic-167,11,Park Jin Seob,https://www.fcratings.com/park-jin-seob-243673,CB,Jeonbuk Hyundai Motors,https://www.fcratings.com/clubs/jeonbuk-hyundai-motors-1477,74,70,54,62,63,73,84,https://www.fcratings.com/nations/korea-republic-167
South Korea,South Korea,Korea Republic,A,https://www.fcratings.com/nations/korea-republic-167,12,Jens Castrop,https://www.fcratings.com/jens-castrop-264194,CM,Borussia Mönchengladbach,https://www.fcratings.com/clubs/borussia-monchengladbach-23,74,80,66,71,77,66,71,https://www.fcratings.com/nations/korea-republic-167
South Korea,South Korea,Korea Republic,A,https://www.fcratings.com/nations/korea-republic-167,13,Lee Chang Geun,https://www.fcratings.com/lee-chang-geun-210941,GK,Daejeon Hana Citizen,https://www.fcratings.com/clubs/daejeon-hana-citizen-980,73,73,74,67,75,45,72,https://www.fcratings.com/nations/korea-republic-167
South Korea,South Korea,Korea Republic,A,https://www.fcratings.com/nations/korea-republic-167,14,Jeong Woo Yeong,https://www.fcratings.com/jeong-woo-yeong-239138,CAM,1. FC Union Berlin,https://www.fcratings.com/clubs/1-fc-union-berlin-1831,73,76,62,68,78,36,60,https://www.fcratings.com/nations/korea-republic-167
South Korea,South Korea,Korea Republic,A,https://www.fcratings.com/nations/korea-republic-167,15,Kim Jin Kyu,https://www.fcratings.com/kim-jin-kyu-227659,CM,Jeonbuk Hyundai Motors,https://www.fcratings.com/clubs/jeonbuk-hyundai-motors-1477,73,70,68,72,72,52,70,https://www.fcratings.com/nations/korea-republic-167
South Korea,South Korea,Korea Republic,A,https://www.fcratings.com/nations/korea-republic-167,16,Oh Hyeon Gyu,https://www.fcratings.com/oh-hyeon-gyu-248712,ST,Beşiktaş J.K.,https://www.fcratings.com/clubs/besiktas-jk-327,73,78,75,54,69,43,81,https://www.fcratings.com/nations/korea-republic-167
South Korea,South Korea,Korea Republic,A,https://www.fcratings.com/nations/korea-republic-167,17,Hong Hyeon Seok,https://www.fcratings.com/hong-hyeon-seok-244108,CAM,KAA Gent,https://www.fcratings.com/clubs/kaa-gent-674,72,71,70,71,74,65,60,https://www.fcratings.com/nations/korea-republic-167
South Korea,South Korea,Korea Republic,A,https://www.fcratings.com/nations/korea-republic-167,18,Paik Seung Ho,https://www.fcratings.com/paik-seung-ho-237424,CDM,Birmingham City F.C.,https://www.fcratings.com/clubs/birmingham-city-fc-88,72,67,67,70,74,66,75,https://www.fcratings.com/nations/korea-republic-167
South Korea,South Korea,Korea Republic,A,https://www.fcratings.com/nations/korea-republic-167,19,Yang Hyun Jun,https://www.fcratings.com/yang-hyun-jun-260397,RW,Celtic F.C.,https://www.fcratings.com/clubs/celtic-fc-78,72,82,68,69,74,39,69,https://www.fcratings.com/nations/korea-republic-167
South Korea,South Korea,Korea Republic,A,https://www.fcratings.com/nations/korea-republic-167,20,Kim Bong Soo,https://www.fcratings.com/kim-bong-soo-260474,CDM,Daejeon Hana Citizen,https://www.fcratings.com/clubs/daejeon-hana-citizen-980,71,67,59,64,67,68,79,https://www.fcratings.com/nations/korea-republic-167
South Korea,South Korea,Korea Republic,A,https://www.fcratings.com/nations/korea-republic-167,21,Jeon Jin Woo,https://www.fcratings.com/jeon-jin-woo-242004,RW,Oxford United F.C.,https://www.fcratings.com/clubs/oxford-united-fc-1951,71,89,66,60,74,35,61,https://www.fcratings.com/nations/korea-republic-167
South Korea,South Korea,Korea Republic,A,https://www.fcratings.com/nations/korea-republic-167,22,Ko Seung Beom,https://www.fcratings.com/ko-seung-beom-232595,CM,Ulsan HD FC,https://www.fcratings.com/clubs/ulsan-hd-fc-1473,71,73,60,68,72,67,78,https://www.fcratings.com/nations/korea-republic-167
South Korea,South Korea,Korea Republic,A,https://www.fcratings.com/nations/korea-republic-167,23,Park Seung Wook,https://www.fcratings.com/park-seung-wook-263845,CB,Pohang Steelers,https://www.fcratings.com/clubs/pohang-steelers-1474,71,76,42,64,64,69,81,https://www.fcratings.com/nations/korea-republic-167
South Korea,South Korea,Korea Republic,A,https://www.fcratings.com/nations/korea-republic-167,24,Eom Ji Sung,https://www.fcratings.com/eom-ji-sung-260492,LM,Swansea City A.F.C.,https://www.fcratings.com/clubs/swansea-city-afc-1960,71,85,64,63,73,36,65,https://www.fcratings.com/nations/korea-republic-167
South Korea,South Korea,Korea Republic,A,https://www.fcratings.com/nations/korea-republic-167,25,Bae Jun Ho,https://www.fcratings.com/bae-jun-ho-266774,LM,Stoke City F.C.,https://www.fcratings.com/clubs/stoke-city-fc-1806,71,74,62,69,73,36,55,https://www.fcratings.com/nations/korea-republic-167
South Korea,South Korea,Korea Republic,A,https://www.fcratings.com/nations/korea-republic-167,26,Lee Ho Jae,https://www.fcratings.com/lee-ho-jae-261115,ST,Pohang Steelers,https://www.fcratings.com/clubs/pohang-steelers-1474,71,53,74,46,61,26,80,https://www.fcratings.com/nations/korea-republic-167
South Korea,South Korea,Korea Republic,A,https://www.fcratings.com/nations/korea-republic-167,27,Ki Sung Yueng,https://www.fcratings.com/ki-sung-yueng-180283,CM,Pohang Steelers,https://www.fcratings.com/clubs/pohang-steelers-1474,71,52,61,74,64,62,74,https://www.fcratings.com/nations/korea-republic-167
South Korea,South Korea,Korea Republic,A,https://www.fcratings.com/nations/korea-republic-167,28,Lee Han Beom,https://www.fcratings.com/lee-han-beom-261062,CB,FC Midtjylland,https://www.fcratings.com/clubs/fc-midtjylland-1516,71,72,29,53,60,71,72,https://www.fcratings.com/nations/korea-republic-167
South Korea,South Korea,Korea Republic,A,https://www.fcratings.com/nations/korea-republic-167,29,Hwang Ui Jo,https://www.fcratings.com/hwang-ui-jo-212260,ST,Alanyaspor,https://www.fcratings.com/clubs/alanyaspor-113142,70,77,72,64,72,42,71,https://www.fcratings.com/nations/korea-republic-167
South Korea,South Korea,Korea Republic,A,https://www.fcratings.com/nations/korea-republic-167,30,Lee Chang Min,https://www.fcratings.com/lee-chang-min-221467,CM,Jeju SK FC,https://www.fcratings.com/clubs/jeju-sk-fc-1478,70,68,67,70,68,61,75,https://www.fcratings.com/nations/korea-republic-167
South Korea,South Korea,Korea Republic,A,https://www.fcratings.com/nations/korea-republic-167,31,Hwang Jae Won,https://www.fcratings.com/hwang-jae-won-266789,RB,Daegu FC,https://www.fcratings.com/clubs/daegu-fc-2056,70,79,49,64,70,65,80,https://www.fcratings.com/nations/korea-republic-167
South Korea,South Korea,Korea Republic,A,https://www.fcratings.com/nations/korea-republic-167,32,Song Min Kyu,https://www.fcratings.com/song-min-kyu-248188,LM,FC Seoul,https://www.fcratings.com/clubs/fc-seoul-982,70,72,65,66,71,39,75,https://www.fcratings.com/nations/korea-republic-167
South Korea,South Korea,Korea Republic,A,https://www.fcratings.com/nations/korea-republic-167,33,Jung Ho Yeon,https://www.fcratings.com/jung-ho-yeon-266751,CM,Minnesota United FC,https://www.fcratings.com/clubs/minnesota-united-fc-111138,70,66,54,63,72,61,76,https://www.fcratings.com/nations/korea-republic-167
South Korea,South Korea,Korea Republic,A,https://www.fcratings.com/nations/korea-republic-167,34,Jeon Min Gwang,https://www.fcratings.com/jeon-min-gwang-227632,CB,Pohang Steelers,https://www.fcratings.com/clubs/pohang-steelers-1474,70,75,51,58,57,68,80,https://www.fcratings.com/nations/korea-republic-167
South Korea,South Korea,Korea Republic,A,https://www.fcratings.com/nations/korea-republic-167,35,Seo Min Woo,https://www.fcratings.com/seo-min-woo-255500,CDM,Gangwon FC,https://www.fcratings.com/clubs/gangwon-fc-112115,70,61,58,62,66,66,79,https://www.fcratings.com/nations/korea-republic-167
South Korea,South Korea,Korea Republic,A,https://www.fcratings.com/nations/korea-republic-167,36,Lee Myung Jae,https://www.fcratings.com/lee-myung-jae-222052,LB,Daejeon Hana Citizen,https://www.fcratings.com/clubs/daejeon-hana-citizen-980,70,77,62,64,69,64,67,https://www.fcratings.com/nations/korea-republic-167
South Korea,South Korea,Korea Republic,A,https://www.fcratings.com/nations/korea-republic-167,37,Park Ji Soo,https://www.fcratings.com/park-ji-soo-212912,CB,Jeonbuk Hyundai Motors,https://www.fcratings.com/clubs/jeonbuk-hyundai-motors-1477,70,69,48,55,59,70,75,https://www.fcratings.com/nations/korea-republic-167
South Korea,South Korea,Korea Republic,A,https://www.fcratings.com/nations/korea-republic-167,38,Kim Young Gwon,https://www.fcratings.com/kim-young-gwon-201528,CB,Ulsan HD FC,https://www.fcratings.com/clubs/ulsan-hd-fc-1473,70,64,44,65,58,68,76,https://www.fcratings.com/nations/korea-republic-167
South Korea,South Korea,Korea Republic,A,https://www.fcratings.com/nations/korea-republic-167,39,Kwon Kyung Won,https://www.fcratings.com/kwon-kyung-won-212778,CB,FC Anyang,https://www.fcratings.com/clubs/fc-anyang-112555,70,64,41,62,61,68,79,https://www.fcratings.com/nations/korea-republic-167
South Korea,South Korea,Korea Republic,A,https://www.fcratings.com/nations/korea-republic-167,40,Lee Gi Hyeok,https://www.fcratings.com/lee-gi-hyeok-261128,CB,Gangwon FC,https://www.fcratings.com/clubs/gangwon-fc-112115,70,82,56,61,68,67,77,https://www.fcratings.com/nations/korea-republic-167
South Korea,South Korea,Korea Republic,A,https://www.fcratings.com/nations/korea-republic-167,41,Kang Sang Yoon,https://www.fcratings.com/kang-sang-yoon-268895,CM,Jeonbuk Hyundai Motors,https://www.fcratings.com/clubs/jeonbuk-hyundai-motors-1477,70,80,57,66,70,59,65,https://www.fcratings.com/nations/korea-republic-167
South Korea,South Korea,Korea Republic,A,https://www.fcratings.com/nations/korea-republic-167,42,Kim Jin Su,https://www.fcratings.com/kim-jin-su-213317,LB,FC Seoul,https://www.fcratings.com/clubs/fc-seoul-982,70,77,45,64,64,64,75,https://www.fcratings.com/nations/korea-republic-167
South Korea,South Korea,Korea Republic,A,https://www.fcratings.com/nations/korea-republic-167,43,Lee Hyun Ju,https://www.fcratings.com/lee-hyun-ju-276600,CAM,F.C. Arouca,https://www.fcratings.com/clubs/fc-arouca-112513,70,69,59,65,74,32,53,https://www.fcratings.com/nations/korea-republic-167
South Korea,South Korea,Korea Republic,A,https://www.fcratings.com/nations/korea-republic-167,44,Minsu,https://www.fcratings.com/minsu-75437,LM,FC Andorra,https://www.fcratings.com/clubs/fc-andorra-114554,70,80,65,64,73,26,47,https://www.fcratings.com/nations/korea-republic-167
South Korea,South Korea,Korea Republic,A,https://www.fcratings.com/nations/korea-republic-167,45,Um Won Sang,https://www.fcratings.com/um-won-sang-246937,RM,Daejeon Hana Citizen,https://www.fcratings.com/clubs/daejeon-hana-citizen-980,69,91,64,60,70,37,67,https://www.fcratings.com/nations/korea-republic-167
South Korea,South Korea,Korea Republic,A,https://www.fcratings.com/nations/korea-republic-167,46,Yang Min Hyeok,https://www.fcratings.com/yang-min-hyeok-71106,RM,Coventry City F.C.,https://www.fcratings.com/clubs/coventry-city-fc-1800,69,79,66,62,73,31,51,https://www.fcratings.com/nations/korea-republic-167
South Korea,South Korea,Korea Republic,A,https://www.fcratings.com/nations/korea-republic-167,47,Jeong Seung Hyun,https://www.fcratings.com/jeong-seung-hyun-227790,CB,Ulsan HD FC,https://www.fcratings.com/clubs/ulsan-hd-fc-1473,69,44,33,52,45,70,77,https://www.fcratings.com/nations/korea-republic-167
South Korea,South Korea,Korea Republic,A,https://www.fcratings.com/nations/korea-republic-167,48,Choi Jun,https://www.fcratings.com/choi-jun-251161,RB,FC Seoul,https://www.fcratings.com/clubs/fc-seoul-982,69,82,50,62,68,63,75,https://www.fcratings.com/nations/korea-republic-167
South Korea,South Korea,Korea Republic,A,https://www.fcratings.com/nations/korea-republic-167,49,Kim Moon Hwan,https://www.fcratings.com/kim-moon-hwan-244800,RB,Daejeon Hana Citizen,https://www.fcratings.com/clubs/daejeon-hana-citizen-980,69,83,53,60,69,62,68,https://www.fcratings.com/nations/korea-republic-167
South Korea,South Korea,Korea Republic,A,https://www.fcratings.com/nations/korea-republic-167,50,Kim Gyeong Min,https://www.fcratings.com/kim-gyeong-min-221759,GK,Gwangju FC,https://www.fcratings.com/clubs/gwangju-fc-112258,69,68,68,66,69,49,70,https://www.fcratings.com/nations/korea-republic-167
Bosnia and Herzegovina,Bosnia and Herzegovina,Bosnia and Herzegovina,B,https://www.fcratings.com/nations/bosnia-and-herzegovina-8,1,Ermedin Demirović,https://www.fcratings.com/ermedin-demirovic-238900,ST,VfB Stuttgart,https://www.fcratings.com/clubs/vfb-stuttgart-36,80,72,81,73,78,42,78,https://www.fcratings.com/nations/bosnia-and-herzegovina-8
Bosnia and Herzegovina,Bosnia and Herzegovina,Bosnia and Herzegovina,B,https://www.fcratings.com/nations/bosnia-and-herzegovina-8,2,Edin Džeko,https://www.fcratings.com/edin-dzeko-180930,ST,FC Schalke 04,https://www.fcratings.com/clubs/fc-schalke-04-34,79,47,81,74,76,40,72,https://www.fcratings.com/nations/bosnia-and-herzegovina-8
Bosnia and Herzegovina,Bosnia and Herzegovina,Bosnia and Herzegovina,B,https://www.fcratings.com/nations/bosnia-and-herzegovina-8,3,Didi Haračić,https://www.fcratings.com/didi-haracic-267368,GK,San Diego FC,https://www.fcratings.com/clubs/san-diego-fc-116312,79,78,77,73,80,43,77,https://www.fcratings.com/nations/bosnia-and-herzegovina-8
Bosnia and Herzegovina,Bosnia and Herzegovina,Bosnia and Herzegovina,B,https://www.fcratings.com/nations/bosnia-and-herzegovina-8,4,Sead Kolašinac,https://www.fcratings.com/sead-kolasinac-207993,CB,Atalanta BC,https://www.fcratings.com/clubs/atalanta-bc-115845,78,61,62,68,67,79,81,https://www.fcratings.com/nations/bosnia-and-herzegovina-8
Bosnia and Herzegovina,Bosnia and Herzegovina,Bosnia and Herzegovina,B,https://www.fcratings.com/nations/bosnia-and-herzegovina-8,5,Nikola Vasilj,https://www.fcratings.com/nikola-vasilj-262956,GK,FC St. Pauli,https://www.fcratings.com/clubs/fc-st-pauli-110329,78,79,75,65,81,34,78,https://www.fcratings.com/nations/bosnia-and-herzegovina-8
Bosnia and Herzegovina,Bosnia and Herzegovina,Bosnia and Herzegovina,B,https://www.fcratings.com/nations/bosnia-and-herzegovina-8,6,Amar Dedić,https://www.fcratings.com/amar-dedic-257345,RB,S.L. Benfica,https://www.fcratings.com/clubs/sl-benfica-234,76,83,62,72,80,68,77,https://www.fcratings.com/nations/bosnia-and-herzegovina-8
Bosnia and Herzegovina,Bosnia and Herzegovina,Bosnia and Herzegovina,B,https://www.fcratings.com/nations/bosnia-and-herzegovina-8,7,Anel Ahmedhodžić,https://www.fcratings.com/anel-ahmedhodzic-236524,CB,,,75,72,41,59,61,75,79,https://www.fcratings.com/nations/bosnia-and-herzegovina-8
Bosnia and Herzegovina,Bosnia and Herzegovina,Bosnia and Herzegovina,B,https://www.fcratings.com/nations/bosnia-and-herzegovina-8,8,Haris Tabaković,https://www.fcratings.com/haris-tabakovic-212002,ST,Borussia Mönchengladbach,https://www.fcratings.com/clubs/borussia-monchengladbach-23,75,60,74,52,67,33,80,https://www.fcratings.com/nations/bosnia-and-herzegovina-8
Bosnia and Herzegovina,Bosnia and Herzegovina,Bosnia and Herzegovina,B,https://www.fcratings.com/nations/bosnia-and-herzegovina-8,9,Amar Memić,https://www.fcratings.com/amar-memic-76602,RM,FC Viktoria Plzeň,https://www.fcratings.com/clubs/fc-viktoria-plzen-110468,75,89,69,71,73,62,68,https://www.fcratings.com/nations/bosnia-and-herzegovina-8
Bosnia and Herzegovina,Bosnia and Herzegovina,Bosnia and Herzegovina,B,https://www.fcratings.com/nations/bosnia-and-herzegovina-8,10,Edin Višća,https://www.fcratings.com/edin-visca-205678,RM,Trabzonspor,https://www.fcratings.com/clubs/trabzonspor-436,74,76,73,73,77,47,61,https://www.fcratings.com/nations/bosnia-and-herzegovina-8
Bosnia and Herzegovina,Bosnia and Herzegovina,Bosnia and Herzegovina,B,https://www.fcratings.com/nations/bosnia-and-herzegovina-8,11,Miroslav Stevanović,https://www.fcratings.com/miroslav-stevanovic-206254,RM,Servette FC,https://www.fcratings.com/clubs/servette-fc-324,74,73,70,75,72,39,69,https://www.fcratings.com/nations/bosnia-and-herzegovina-8
Bosnia and Herzegovina,Bosnia and Herzegovina,Bosnia and Herzegovina,B,https://www.fcratings.com/nations/bosnia-and-herzegovina-8,12,Tarik Muharemović,https://www.fcratings.com/tarik-muharemovic-262027,CB,US Sassuolo Calcio,https://www.fcratings.com/clubs/us-sassuolo-calcio-111974,74,62,23,53,60,76,74,https://www.fcratings.com/nations/bosnia-and-herzegovina-8
Bosnia and Herzegovina,Bosnia and Herzegovina,Bosnia and Herzegovina,B,https://www.fcratings.com/nations/bosnia-and-herzegovina-8,13,Haris Hajradinović,https://www.fcratings.com/haris-hajradinovic-226517,CM,Kasımpaşa S.K.,https://www.fcratings.com/clubs/kasimpasa-sk-111339,73,72,73,76,74,56,66,https://www.fcratings.com/nations/bosnia-and-herzegovina-8
Bosnia and Herzegovina,Bosnia and Herzegovina,Bosnia and Herzegovina,B,https://www.fcratings.com/nations/bosnia-and-herzegovina-8,14,Denis Huseinbašić,https://www.fcratings.com/denis-huseinbasic-269922,CM,1. FC Köln,https://www.fcratings.com/clubs/1-fc-koln-31,72,67,62,65,73,64,71,https://www.fcratings.com/nations/bosnia-and-herzegovina-8
Bosnia and Herzegovina,Bosnia and Herzegovina,Bosnia and Herzegovina,B,https://www.fcratings.com/nations/bosnia-and-herzegovina-8,15,Adrian Barišić,https://www.fcratings.com/adrian-barisic-268468,CB,S.C. Braga,https://www.fcratings.com/clubs/sc-braga-1896,72,56,27,45,41,74,77,https://www.fcratings.com/nations/bosnia-and-herzegovina-8
Bosnia and Herzegovina,Bosnia and Herzegovina,Bosnia and Herzegovina,B,https://www.fcratings.com/nations/bosnia-and-herzegovina-8,16,Nikola Katić,https://www.fcratings.com/nikola-katic-244204,CB,FC Schalke 04,https://www.fcratings.com/clubs/fc-schalke-04-34,72,58,35,46,53,70,86,https://www.fcratings.com/nations/bosnia-and-herzegovina-8
Bosnia and Herzegovina,Bosnia and Herzegovina,Bosnia and Herzegovina,B,https://www.fcratings.com/nations/bosnia-and-herzegovina-8,17,Esmir Bajraktarević,https://www.fcratings.com/esmir-bajraktarevic-269823,RW,,,72,77,61,67,79,44,61,https://www.fcratings.com/nations/bosnia-and-herzegovina-8
Bosnia and Herzegovina,Bosnia and Herzegovina,Bosnia and Herzegovina,B,https://www.fcratings.com/nations/bosnia-and-herzegovina-8,18,Amir Hadžiahmetović,https://www.fcratings.com/amir-hadziahmetovic-233053,CDM,Hull City A.F.C.,https://www.fcratings.com/clubs/hull-city-afc-1952,71,52,60,72,68,68,70,https://www.fcratings.com/nations/bosnia-and-herzegovina-8
Bosnia and Herzegovina,Bosnia and Herzegovina,Bosnia and Herzegovina,B,https://www.fcratings.com/nations/bosnia-and-herzegovina-8,19,Armin Gigović,https://www.fcratings.com/armin-gigovic-251617,CM,BSC Young Boys,https://www.fcratings.com/clubs/bsc-young-boys-900,71,65,60,70,74,63,75,https://www.fcratings.com/nations/bosnia-and-herzegovina-8
Bosnia and Herzegovina,Bosnia and Herzegovina,Bosnia and Herzegovina,B,https://www.fcratings.com/nations/bosnia-and-herzegovina-8,20,Elvis Sarić,https://www.fcratings.com/elvis-saric-244517,CM,Qingdao Hainiu F.C.,https://www.fcratings.com/clubs/qingdao-hainiu-fc-131173,71,64,63,71,70,63,75,https://www.fcratings.com/nations/bosnia-and-herzegovina-8
Bosnia and Herzegovina,Bosnia and Herzegovina,Bosnia and Herzegovina,B,https://www.fcratings.com/nations/bosnia-and-herzegovina-8,21,Vladan Kovacević,https://www.fcratings.com/vladan-kovacevic-263032,GK,Norwich City F.C.,https://www.fcratings.com/clubs/norwich-city-fc-1792,71,74,70,69,73,38,70,https://www.fcratings.com/nations/bosnia-and-herzegovina-8
Bosnia and Herzegovina,Bosnia and Herzegovina,Bosnia and Herzegovina,B,https://www.fcratings.com/nations/bosnia-and-herzegovina-8,22,Milan Đurić,https://www.fcratings.com/milan-duric-192840,ST,US Cremonese,https://www.fcratings.com/clubs/us-cremonese-111434,70,33,70,55,61,32,82,https://www.fcratings.com/nations/bosnia-and-herzegovina-8
Bosnia and Herzegovina,Bosnia and Herzegovina,Bosnia and Herzegovina,B,https://www.fcratings.com/nations/bosnia-and-herzegovina-8,23,Ajdin Hasić,https://www.fcratings.com/ajdin-hasic-254333,RM,KS Cracovia,https://www.fcratings.com/clubs/ks-cracovia-110747,70,81,59,68,73,38,56,https://www.fcratings.com/nations/bosnia-and-herzegovina-8
Bosnia and Herzegovina,Bosnia and Herzegovina,Bosnia and Herzegovina,B,https://www.fcratings.com/nations/bosnia-and-herzegovina-8,24,Jovo Lukić,https://www.fcratings.com/jovo-lukic-75209,ST,FC Universitatea Cluj,https://www.fcratings.com/clubs/fc-universitatea-cluj-110751,70,67,69,59,64,29,76,https://www.fcratings.com/nations/bosnia-and-herzegovina-8
Bosnia and Herzegovina,Bosnia and Herzegovina,Bosnia and Herzegovina,B,https://www.fcratings.com/nations/bosnia-and-herzegovina-8,25,Jusuf Gazibegović,https://www.fcratings.com/jusuf-gazibegovic-259101,RB,SK Sturm Graz,https://www.fcratings.com/clubs/sk-sturm-graz-209,69,73,43,66,70,68,65,https://www.fcratings.com/nations/bosnia-and-herzegovina-8
Bosnia and Herzegovina,Bosnia and Herzegovina,Bosnia and Herzegovina,B,https://www.fcratings.com/nations/bosnia-and-herzegovina-8,26,Asmir Begović,https://www.fcratings.com/asmir-begovic-172723,GK,Leicester City F.C.,https://www.fcratings.com/clubs/leicester-city-fc-95,69,69,69,64,67,26,71,https://www.fcratings.com/nations/bosnia-and-herzegovina-8
Bosnia and Herzegovina,Bosnia and Herzegovina,Bosnia and Herzegovina,B,https://www.fcratings.com/nations/bosnia-and-herzegovina-8,27,Kenan Kodro,https://www.fcratings.com/kenan-kodro-211068,ST,Real Zaragoza,https://www.fcratings.com/clubs/real-zaragoza-244,69,48,70,69,65,37,71,https://www.fcratings.com/nations/bosnia-and-herzegovina-8
Bosnia and Herzegovina,Bosnia and Herzegovina,Bosnia and Herzegovina,B,https://www.fcratings.com/nations/bosnia-and-herzegovina-8,28,Dženis Burnić,https://www.fcratings.com/dzenis-burnic-228082,CM,Karlsruher SC,https://www.fcratings.com/clubs/karlsruher-sc-1832,69,76,59,66,71,64,68,https://www.fcratings.com/nations/bosnia-and-herzegovina-8
Bosnia and Herzegovina,Bosnia and Herzegovina,Bosnia and Herzegovina,B,https://www.fcratings.com/nations/bosnia-and-herzegovina-8,29,Rifet Kapić,https://www.fcratings.com/rifet-kapic-242350,CM,Lechia Gdańsk,https://www.fcratings.com/clubs/lechia-gdansk-111091,69,65,60,69,68,57,66,https://www.fcratings.com/nations/bosnia-and-herzegovina-8
Bosnia and Herzegovina,Bosnia and Herzegovina,Bosnia and Herzegovina,B,https://www.fcratings.com/nations/bosnia-and-herzegovina-8,30,Nidal Čelik,https://www.fcratings.com/nidal-celik-77056,CB,RC Lens,https://www.fcratings.com/clubs/rc-lens-64,69,60,35,52,53,67,72,https://www.fcratings.com/nations/bosnia-and-herzegovina-8
Bosnia and Herzegovina,Bosnia and Herzegovina,Bosnia and Herzegovina,B,https://www.fcratings.com/nations/bosnia-and-herzegovina-8,31,Luka Kulenović,https://www.fcratings.com/luka-kulenovic-73949,ST,,,68,62,66,48,62,26,74,https://www.fcratings.com/nations/bosnia-and-herzegovina-8
Bosnia and Herzegovina,Bosnia and Herzegovina,Bosnia and Herzegovina,B,https://www.fcratings.com/nations/bosnia-and-herzegovina-8,32,Kerim Alajbegović,https://www.fcratings.com/kerim-alajbegovic-75533,LM,FC Red Bull Salzburg,https://www.fcratings.com/clubs/fc-red-bull-salzburg-191,68,70,70,66,71,39,58,https://www.fcratings.com/nations/bosnia-and-herzegovina-8
Bosnia and Herzegovina,Bosnia and Herzegovina,Bosnia and Herzegovina,B,https://www.fcratings.com/nations/bosnia-and-herzegovina-8,33,Samed Baždar,https://www.fcratings.com/samed-bazdar-72360,ST,Jagiellonia Białystok,https://www.fcratings.com/clubs/jagiellonia-bialystok-110745,67,61,65,69,73,40,59,https://www.fcratings.com/nations/bosnia-and-herzegovina-8
Bosnia and Herzegovina,Bosnia and Herzegovina,Bosnia and Herzegovina,B,https://www.fcratings.com/nations/bosnia-and-herzegovina-8,34,Dario Šarić,https://www.fcratings.com/dario-saric-240628,CM,Antalyaspor,https://www.fcratings.com/clubs/antalyaspor-741,67,72,65,64,68,62,67,https://www.fcratings.com/nations/bosnia-and-herzegovina-8
Bosnia and Herzegovina,Bosnia and Herzegovina,Bosnia and Herzegovina,B,https://www.fcratings.com/nations/bosnia-and-herzegovina-8,35,Nihad Mujakić,https://www.fcratings.com/nihad-mujakic-251168,CB,Gaziantep F.K.,https://www.fcratings.com/clubs/gaziantep-fk-110776,67,71,28,50,55,66,77,https://www.fcratings.com/nations/bosnia-and-herzegovina-8
Bosnia and Herzegovina,Bosnia and Herzegovina,Bosnia and Herzegovina,B,https://www.fcratings.com/nations/bosnia-and-herzegovina-8,36,Dino Beširović,https://www.fcratings.com/dino-besirovic-276189,CAM,AIK Fotboll,https://www.fcratings.com/clubs/aik-fotboll-433,67,64,59,65,66,57,74,https://www.fcratings.com/nations/bosnia-and-herzegovina-8
Bosnia and Herzegovina,Bosnia and Herzegovina,Bosnia and Herzegovina,B,https://www.fcratings.com/nations/bosnia-and-herzegovina-8,37,Benjamin Tahirović,https://www.fcratings.com/benjamin-tahirovic-272596,CDM,Brøndby IF,https://www.fcratings.com/clubs/brondby-if-269,66,51,50,62,65,61,70,https://www.fcratings.com/nations/bosnia-and-herzegovina-8
Bosnia and Herzegovina,Bosnia and Herzegovina,Bosnia and Herzegovina,B,https://www.fcratings.com/nations/bosnia-and-herzegovina-8,38,Imad Rondić,https://www.fcratings.com/imad-rondic-276735,ST,SC Preußen Münster,https://www.fcratings.com/clubs/sc-preusen-munster-531,66,58,65,47,61,28,70,https://www.fcratings.com/nations/bosnia-and-herzegovina-8
Bosnia and Herzegovina,Bosnia and Herzegovina,Bosnia and Herzegovina,B,https://www.fcratings.com/nations/bosnia-and-herzegovina-8,39,Elvir Koljić,https://www.fcratings.com/elvir-koljic-242494,ST,FC Rapid București,https://www.fcratings.com/clubs/fc-rapid-bucuresti-310,66,53,65,52,58,33,72,https://www.fcratings.com/nations/bosnia-and-herzegovina-8
Bosnia and Herzegovina,Bosnia and Herzegovina,Bosnia and Herzegovina,B,https://www.fcratings.com/nations/bosnia-and-herzegovina-8,40,Daniel Graovac,https://www.fcratings.com/daniel-graovac-236307,CB,FCSB,https://www.fcratings.com/clubs/fcsb-100761,66,40,40,57,50,67,72,https://www.fcratings.com/nations/bosnia-and-herzegovina-8
Bosnia and Herzegovina,Bosnia and Herzegovina,Bosnia and Herzegovina,B,https://www.fcratings.com/nations/bosnia-and-herzegovina-8,41,Jasmin Burić,https://www.fcratings.com/jasmin-buric-190698,GK,Zagłębie Lubin,https://www.fcratings.com/clubs/zaglebie-lubin-110749,66,66,64,62,65,24,67,https://www.fcratings.com/nations/bosnia-and-herzegovina-8
Bosnia and Herzegovina,Bosnia and Herzegovina,Bosnia and Herzegovina,B,https://www.fcratings.com/nations/bosnia-and-herzegovina-8,42,Dal Varešanović,https://www.fcratings.com/dal-varesanovic-277627,CAM,Gençlerbirliği S.K.,https://www.fcratings.com/clubs/genclerbirligi-sk-101025,65,65,62,64,67,40,54,https://www.fcratings.com/nations/bosnia-and-herzegovina-8
Bosnia and Herzegovina,Bosnia and Herzegovina,Bosnia and Herzegovina,B,https://www.fcratings.com/nations/bosnia-and-herzegovina-8,43,Josip Ćorluka,https://www.fcratings.com/josip-corluka-77296,RB,Zagłębie Lubin,https://www.fcratings.com/clubs/zaglebie-lubin-110749,65,68,27,59,60,61,69,https://www.fcratings.com/nations/bosnia-and-herzegovina-8
Bosnia and Herzegovina,Bosnia and Herzegovina,Bosnia and Herzegovina,B,https://www.fcratings.com/nations/bosnia-and-herzegovina-8,44,Arjan Malić,https://www.fcratings.com/arjan-malic-73113,RB,SK Sturm Graz,https://www.fcratings.com/clubs/sk-sturm-graz-209,65,62,36,54,55,63,67,https://www.fcratings.com/nations/bosnia-and-herzegovina-8
Bosnia and Herzegovina,Bosnia and Herzegovina,Bosnia and Herzegovina,B,https://www.fcratings.com/nations/bosnia-and-herzegovina-8,45,Saša Strujić,https://www.fcratings.com/sasa-strujic-72775,LM,Alemannia Aachen,https://www.fcratings.com/clubs/alemannia-aachen-1826,64,73,58,60,62,60,70,https://www.fcratings.com/nations/bosnia-and-herzegovina-8
Bosnia and Herzegovina,Bosnia and Herzegovina,Bosnia and Herzegovina,B,https://www.fcratings.com/nations/bosnia-and-herzegovina-8,46,Avdo Spahić,https://www.fcratings.com/avdo-spahic-243735,GK,1. FC Kaiserslautern,https://www.fcratings.com/clubs/1-fc-kaiserslautern-29,63,60,61,61,63,31,66,https://www.fcratings.com/nations/bosnia-and-herzegovina-8
Bosnia and Herzegovina,Bosnia and Herzegovina,Bosnia and Herzegovina,B,https://www.fcratings.com/nations/bosnia-and-herzegovina-8,47,Bojan Nastić,https://www.fcratings.com/bojan-nastic-235751,LB,Wisła Płock,https://www.fcratings.com/clubs/wisla-plock-1569,63,71,48,59,61,59,71,https://www.fcratings.com/nations/bosnia-and-herzegovina-8
Bosnia and Herzegovina,Bosnia and Herzegovina,Bosnia and Herzegovina,B,https://www.fcratings.com/nations/bosnia-and-herzegovina-8,48,Luka Kukić,https://www.fcratings.com/luka-kukic-250950,GK,FC Botoșani,https://www.fcratings.com/clubs/fc-botosani-110752,63,64,62,58,62,24,64,https://www.fcratings.com/nations/bosnia-and-herzegovina-8
Bosnia and Herzegovina,Bosnia and Herzegovina,Bosnia and Herzegovina,B,https://www.fcratings.com/nations/bosnia-and-herzegovina-8,49,Riad Šuta,https://www.fcratings.com/riad-suta-79168,CB,FC Botoșani,https://www.fcratings.com/clubs/fc-botosani-110752,63,62,30,52,55,63,70,https://www.fcratings.com/nations/bosnia-and-herzegovina-8
Bosnia and Herzegovina,Bosnia and Herzegovina,Bosnia and Herzegovina,B,https://www.fcratings.com/nations/bosnia-and-herzegovina-8,50,Rijad Sadiku,https://www.fcratings.com/rijad-sadiku-242358,CB,FC Botoșani,https://www.fcratings.com/clubs/fc-botosani-110752,62,55,32,47,51,60,74,https://www.fcratings.com/nations/bosnia-and-herzegovina-8
Canada,Canada,Canada,B,https://www.fcratings.com/nations/canada-70,1,Ashley Lawrence,https://www.fcratings.com/ashley-lawrence-227392,RB,OL Lyonnes,https://www.fcratings.com/clubs/ol-lyonnes-116033,84,82,67,82,80,82,76,https://www.fcratings.com/nations/canada-70
Canada,Canada,Canada,B,https://www.fcratings.com/nations/canada-70,2,Alphonso Davies,https://www.fcratings.com/alphonso-davies-234396,LB,FC Bayern Munich,https://www.fcratings.com/clubs/fc-bayern-munich-21,83,93,66,78,84,74,76,https://www.fcratings.com/nations/canada-70
Canada,Canada,Canada,B,https://www.fcratings.com/nations/canada-70,3,Kailen Sheridan,https://www.fcratings.com/kailen-sheridan-237673,GK,San Diego FC,https://www.fcratings.com/clubs/san-diego-fc-116312,83,81,80,79,85,41,82,https://www.fcratings.com/nations/canada-70
Canada,Canada,Canada,B,https://www.fcratings.com/nations/canada-70,4,Kadeisha Buchanan,https://www.fcratings.com/kadeisha-buchanan-227383,CB,Chelsea F.C. Women,https://www.fcratings.com/clubs/chelsea-fc-women-116010,83,67,44,58,65,85,84,https://www.fcratings.com/nations/canada-70
Canada,Canada,Canada,B,https://www.fcratings.com/nations/canada-70,5,Vanessa Gilles,https://www.fcratings.com/vanessa-gilles-247513,CB,FC Bayern Munich Women,https://www.fcratings.com/clubs/fc-bayern-munich-women-115995,83,58,38,54,55,86,81,https://www.fcratings.com/nations/canada-70
Canada,Canada,Canada,B,https://www.fcratings.com/nations/canada-70,6,Jonathan David,https://www.fcratings.com/jonathan-david-243630,ST,Juventus FC,https://www.fcratings.com/clubs/juventus-fc-45,81,81,81,71,80,34,77,https://www.fcratings.com/nations/canada-70
Canada,Canada,Canada,B,https://www.fcratings.com/nations/canada-70,7,Jessie Fleming,https://www.fcratings.com/jessie-fleming-227387,CM,Portland Thorns FC,https://www.fcratings.com/clubs/portland-thorns-fc-116302,80,82,74,78,82,68,51,https://www.fcratings.com/nations/canada-70
Canada,Canada,Canada,B,https://www.fcratings.com/nations/canada-70,8,Évelyne Viens,https://www.fcratings.com/evelyne-viens-261514,ST,AS Roma Women,https://www.fcratings.com/clubs/as-roma-women-116282,80,81,79,62,80,28,63,https://www.fcratings.com/nations/canada-70
Canada,Canada,Canada,B,https://www.fcratings.com/nations/canada-70,9,Julia Grosso,https://www.fcratings.com/julia-grosso-247724,LM,Chicago Stars FC,https://www.fcratings.com/clubs/chicago-stars-fc-116305,79,75,68,79,80,71,75,https://www.fcratings.com/nations/canada-70
Canada,Canada,Canada,B,https://www.fcratings.com/nations/canada-70,10,Marie Levasseur,https://www.fcratings.com/marie-levasseur-264807,RB,Montpellier HSC Women,https://www.fcratings.com/clubs/montpellier-hsc-women-116037,79,77,66,65,74,76,78,https://www.fcratings.com/nations/canada-70
Canada,Canada,Canada,B,https://www.fcratings.com/nations/canada-70,11,Sophie Schmidt,https://www.fcratings.com/sophie-schmidt-227405,CDM,Shell Energy Stadium,https://www.fcratings.com/clubs/shell-energy-stadium-116306,79,44,74,75,78,77,72,https://www.fcratings.com/nations/canada-70
Canada,Canada,Canada,B,https://www.fcratings.com/nations/canada-70,12,Olivia Smith,https://www.fcratings.com/olivia-smith-276552,ST,Arsenal W.F.C.,https://www.fcratings.com/clubs/arsenal-wfc-116009,79,79,78,68,82,24,66,https://www.fcratings.com/nations/canada-70
Canada,Canada,Canada,B,https://www.fcratings.com/nations/canada-70,13,Alistair Johnston,https://www.fcratings.com/alistair-johnston-256107,RB,Celtic F.C.,https://www.fcratings.com/clubs/celtic-fc-78,78,82,59,73,72,73,80,https://www.fcratings.com/nations/canada-70
Canada,Canada,Canada,B,https://www.fcratings.com/nations/canada-70,14,Janine Sonis,https://www.fcratings.com/janine-sonis-227381,LM,Racing Louisville FC,https://www.fcratings.com/clubs/racing-louisville-fc-116308,78,84,73,75,78,44,64,https://www.fcratings.com/nations/canada-70
Canada,Canada,Canada,B,https://www.fcratings.com/nations/canada-70,15,Nichelle Prince,https://www.fcratings.com/nichelle-prince-235962,ST,Temwa Chawinga,https://www.fcratings.com/clubs/temwa-chawinga-116309,78,83,74,72,80,40,69,https://www.fcratings.com/nations/canada-70
Canada,Canada,Canada,B,https://www.fcratings.com/nations/canada-70,16,Jayde Riviere,https://www.fcratings.com/jayde-riviere-250751,RB,Manchester United W.F.C.,https://www.fcratings.com/clubs/manchester-united-wfc-116012,78,74,51,70,71,77,68,https://www.fcratings.com/nations/canada-70
Canada,Canada,Canada,B,https://www.fcratings.com/nations/canada-70,17,Shelina Zadorsky,https://www.fcratings.com/shelina-zadorsky-235594,CB,West Ham United F.C. Women,https://www.fcratings.com/clubs/west-ham-united-fc-women-116014,78,71,48,69,64,79,78,https://www.fcratings.com/nations/canada-70
Canada,Canada,Canada,B,https://www.fcratings.com/nations/canada-70,18,Adriana Leon,https://www.fcratings.com/adriana-leon-227397,ST,San Diego FC,https://www.fcratings.com/clubs/san-diego-fc-116312,78,81,77,69,79,35,65,https://www.fcratings.com/nations/canada-70
Canada,Canada,Canada,B,https://www.fcratings.com/nations/canada-70,19,Milan Borjan,https://www.fcratings.com/milan-borjan-205211,GK,Al-Riyadh SC,https://www.fcratings.com/clubs/al-riyadh-sc-113037,77,71,77,75,75,46,81,https://www.fcratings.com/nations/canada-70
Canada,Canada,Canada,B,https://www.fcratings.com/nations/canada-70,20,Cloé Lacasse,https://www.fcratings.com/cloe-lacasse-265571,LM,Utah Royals,https://www.fcratings.com/clubs/utah-royals-131478,77,81,75,72,76,26,55,https://www.fcratings.com/nations/canada-70
Canada,Canada,Canada,B,https://www.fcratings.com/nations/canada-70,21,Gabrielle Carle,https://www.fcratings.com/gabrielle-carle-247725,RB,Washington Spirit,https://www.fcratings.com/clubs/washington-spirit-116304,76,73,49,66,67,76,66,https://www.fcratings.com/nations/canada-70
Canada,Canada,Canada,B,https://www.fcratings.com/nations/canada-70,22,Jordyn Huitema,https://www.fcratings.com/jordyn-huitema-247512,ST,Seattle Sounders FC,https://www.fcratings.com/clubs/seattle-sounders-fc-116300,76,77,72,66,73,42,64,https://www.fcratings.com/nations/canada-70
Canada,Canada,Canada,B,https://www.fcratings.com/nations/canada-70,23,Tajon Buchanan,https://www.fcratings.com/tajon-buchanan-246800,RM,Villarreal CF,https://www.fcratings.com/clubs/villarreal-cf-483,76,90,70,68,77,67,73,https://www.fcratings.com/nations/canada-70
Canada,Canada,Canada,B,https://www.fcratings.com/nations/canada-70,24,Stephen Eustáquio,https://www.fcratings.com/stephen-eustaquio-242380,CDM,Los Angeles FC,https://www.fcratings.com/clubs/los-angeles-fc-112996,75,66,67,74,73,72,73,https://www.fcratings.com/nations/canada-70
Canada,Canada,Canada,B,https://www.fcratings.com/nations/canada-70,25,Moïse Bombito,https://www.fcratings.com/moise-bombito-274536,CB,OGC Nice,https://www.fcratings.com/clubs/ogc-nice-72,75,93,49,58,64,74,76,https://www.fcratings.com/nations/canada-70
Canada,Canada,Canada,B,https://www.fcratings.com/nations/canada-70,26,Bianca St-Georges,https://www.fcratings.com/bianca-st-georges-267277,RM,Utah Royals,https://www.fcratings.com/clubs/utah-royals-131478,75,69,64,74,74,70,78,https://www.fcratings.com/nations/canada-70
Canada,Canada,Canada,B,https://www.fcratings.com/nations/canada-70,27,Allysha Chapman,https://www.fcratings.com/allysha-chapman-227384,LB,Shell Energy Stadium,https://www.fcratings.com/clubs/shell-energy-stadium-116306,75,71,51,62,73,75,73,https://www.fcratings.com/nations/canada-70
Canada,Canada,Canada,B,https://www.fcratings.com/nations/canada-70,28,Promise David,https://www.fcratings.com/promise-david-73070,ST,Gerald Ford,https://www.fcratings.com/clubs/gerald-ford-2014,75,62,78,59,64,29,84,https://www.fcratings.com/nations/canada-70
Canada,Canada,Canada,B,https://www.fcratings.com/nations/canada-70,29,Ismaël Koné,https://www.fcratings.com/ismael-kone-264207,CM,US Sassuolo Calcio,https://www.fcratings.com/clubs/us-sassuolo-calcio-111974,75,78,66,70,75,67,71,https://www.fcratings.com/nations/canada-70
Canada,Canada,Canada,B,https://www.fcratings.com/nations/canada-70,30,Cyle Larin,https://www.fcratings.com/cyle-larin-226777,ST,Southampton F.C.,https://www.fcratings.com/clubs/southampton-fc-17,74,70,75,66,70,28,77,https://www.fcratings.com/nations/canada-70
Canada,Canada,Canada,B,https://www.fcratings.com/nations/canada-70,31,Sabrina D'Angelo,https://www.fcratings.com/sabrina-dangelo-235593,GK,Aston Villa W.F.C.,https://www.fcratings.com/clubs/aston-villa-wfc-116015,74,73,72,74,73,46,73,https://www.fcratings.com/nations/canada-70
Canada,Canada,Canada,B,https://www.fcratings.com/nations/canada-70,32,Alexandria Lamontagne,https://www.fcratings.com/alexandria-lamontagne-268649,ST,AS Saint-Étienne Women,https://www.fcratings.com/clubs/as-saint-etienne-women-116044,74,83,73,62,72,35,78,https://www.fcratings.com/nations/canada-70
Canada,Canada,Canada,B,https://www.fcratings.com/nations/canada-70,33,Marie-Yasmine Alidou,https://www.fcratings.com/marie-yasmine-alidou-267529,CAM,Portland Thorns FC,https://www.fcratings.com/clubs/portland-thorns-fc-116302,74,73,73,72,75,42,62,https://www.fcratings.com/nations/canada-70
Canada,Canada,Canada,B,https://www.fcratings.com/nations/canada-70,34,Derek Cornelius,https://www.fcratings.com/derek-cornelius-243009,CB,Rangers F.C.,https://www.fcratings.com/clubs/rangers-fc-86,74,67,45,55,57,71,85,https://www.fcratings.com/nations/canada-70
Canada,Canada,Canada,B,https://www.fcratings.com/nations/canada-70,35,Megan Reid,https://www.fcratings.com/megan-reid-268908,CB,Angel City FC,https://www.fcratings.com/clubs/angel-city-fc-116311,74,55,40,49,59,78,66,https://www.fcratings.com/nations/canada-70
Canada,Canada,Canada,B,https://www.fcratings.com/nations/canada-70,36,Emily Burns,https://www.fcratings.com/emily-burns-265970,GK,FC Nantes Women,https://www.fcratings.com/clubs/fc-nantes-women-116417,73,71,68,67,78,43,74,https://www.fcratings.com/nations/canada-70
Canada,Canada,Canada,B,https://www.fcratings.com/nations/canada-70,37,Caroline Kehrer,https://www.fcratings.com/caroline-kehrer-73028,ST,Bayer 04 Leverkusen Women,https://www.fcratings.com/clubs/bayer-04-leverkusen-women-115996,73,72,73,58,69,45,69,https://www.fcratings.com/nations/canada-70
Canada,Canada,Canada,B,https://www.fcratings.com/nations/canada-70,38,Jade Rose,https://www.fcratings.com/jade-rose-279532,CB,Manchester City W.F.C.,https://www.fcratings.com/clubs/manchester-city-wfc-116017,73,74,23,46,60,73,72,https://www.fcratings.com/nations/canada-70
Canada,Canada,Canada,B,https://www.fcratings.com/nations/canada-70,39,Richie Laryea,https://www.fcratings.com/richie-laryea-232081,RM,Toronto FC,https://www.fcratings.com/clubs/toronto-fc-111651,73,90,61,65,73,64,71,https://www.fcratings.com/nations/canada-70
Canada,Canada,Canada,B,https://www.fcratings.com/nations/canada-70,40,Dayne St. Clair,https://www.fcratings.com/dayne-st-clair-247228,GK,Inter Miami CF,https://www.fcratings.com/clubs/inter-miami-cf-112893,72,72,68,60,75,27,71,https://www.fcratings.com/nations/canada-70
Canada,Canada,Canada,B,https://www.fcratings.com/nations/canada-70,41,Liam Millar,https://www.fcratings.com/liam-millar-240925,LM,Hull City A.F.C.,https://www.fcratings.com/clubs/hull-city-afc-1952,72,85,66,66,75,52,59,https://www.fcratings.com/nations/canada-70
Canada,Canada,Canada,B,https://www.fcratings.com/nations/canada-70,42,Chandra Davidson,https://www.fcratings.com/chandra-davidson-70851,LW,S.L. Benfica Women,https://www.fcratings.com/clubs/sl-benfica-women-131358,72,74,70,67,72,51,66,https://www.fcratings.com/nations/canada-70
Canada,Canada,Canada,B,https://www.fcratings.com/nations/canada-70,43,Niko Sigur,https://www.fcratings.com/niko-sigur-275238,RB,HNK Hajduk Split,https://www.fcratings.com/clubs/hnk-hajduk-split-263,72,71,61,69,73,65,68,https://www.fcratings.com/nations/canada-70
Canada,Canada,Canada,B,https://www.fcratings.com/nations/canada-70,44,Ali Ahmed,https://www.fcratings.com/ali-ahmed-272604,CM,Norwich City F.C.,https://www.fcratings.com/clubs/norwich-city-fc-1792,72,84,61,67,73,61,64,https://www.fcratings.com/nations/canada-70
Canada,Canada,Canada,B,https://www.fcratings.com/nations/canada-70,45,Jonathan Osorio,https://www.fcratings.com/jonathan-osorio-213439,CM,Toronto FC,https://www.fcratings.com/clubs/toronto-fc-111651,71,50,67,70,72,61,65,https://www.fcratings.com/nations/canada-70
Canada,Canada,Canada,B,https://www.fcratings.com/nations/canada-70,46,Tani Oluwaseyi,https://www.fcratings.com/tani-oluwaseyi-271108,ST,Villarreal CF,https://www.fcratings.com/clubs/villarreal-cf-483,71,85,72,56,66,31,69,https://www.fcratings.com/nations/canada-70
Canada,Canada,Canada,B,https://www.fcratings.com/nations/canada-70,47,Kamal Miller,https://www.fcratings.com/kamal-miller-247648,CB,Portland Timbers,https://www.fcratings.com/clubs/portland-timbers-111140,70,75,48,58,59,67,80,https://www.fcratings.com/nations/canada-70
Canada,Canada,Canada,B,https://www.fcratings.com/nations/canada-70,48,Lysianne Proulx,https://www.fcratings.com/lysianne-proulx-272534,GK,Juventus FC Women,https://www.fcratings.com/clubs/juventus-fc-women-116280,70,72,67,71,68,34,70,https://www.fcratings.com/nations/canada-70
Canada,Canada,Canada,B,https://www.fcratings.com/nations/canada-70,49,Élisabeth Tsé,https://www.fcratings.com/elisabeth-tse-276797,CB,Le Havre AC Women,https://www.fcratings.com/clubs/le-havre-ac-women-116416,70,58,39,51,58,69,74,https://www.fcratings.com/nations/canada-70
Canada,Canada,Canada,B,https://www.fcratings.com/nations/canada-70,50,Clarissa Larisey,https://www.fcratings.com/clarissa-larisey-275981,ST,Shell Energy Stadium,https://www.fcratings.com/clubs/shell-energy-stadium-116306,70,77,70,52,70,20,59,https://www.fcratings.com/nations/canada-70
Switzerland,Switzerland,Switzerland,B,https://www.fcratings.com/nations/switzerland-47,1,Yann Sommer,https://www.fcratings.com/yann-sommer-177683,GK,Brescia Calcio,https://www.fcratings.com/clubs/brescia-calcio-131682,86,83,81,85,88,50,87,https://www.fcratings.com/nations/switzerland-47
Switzerland,Switzerland,Switzerland,B,https://www.fcratings.com/nations/switzerland-47,2,Gregor Kobel,https://www.fcratings.com/gregor-kobel-235073,GK,Borussia Dortmund,https://www.fcratings.com/clubs/borussia-dortmund-22,86,87,83,64,87,44,86,https://www.fcratings.com/nations/switzerland-47
Switzerland,Switzerland,Switzerland,B,https://www.fcratings.com/nations/switzerland-47,3,Granit Xhaka,https://www.fcratings.com/granit-xhaka-199503,CDM,Sunderland A.F.C.,https://www.fcratings.com/clubs/sunderland-afc-106,85,47,75,85,74,78,82,https://www.fcratings.com/nations/switzerland-47
Switzerland,Switzerland,Switzerland,B,https://www.fcratings.com/nations/switzerland-47,4,Géraldine Reuteler,https://www.fcratings.com/geraldine-reuteler-264936,ST,Eintracht Frankfurt Women,https://www.fcratings.com/clubs/eintracht-frankfurt-women-115997,84,90,82,81,85,59,75,https://www.fcratings.com/nations/switzerland-47
Switzerland,Switzerland,Switzerland,B,https://www.fcratings.com/nations/switzerland-47,5,Manuel Akanji,https://www.fcratings.com/manuel-akanji-229237,CB,Brescia Calcio,https://www.fcratings.com/clubs/brescia-calcio-131682,83,78,48,70,74,83,82,https://www.fcratings.com/nations/switzerland-47
Switzerland,Switzerland,Switzerland,B,https://www.fcratings.com/nations/switzerland-47,6,Fabian Schär,https://www.fcratings.com/fabian-schar-210047,CB,Newcastle United F.C.,https://www.fcratings.com/clubs/newcastle-united-fc-13,82,51,68,76,73,84,79,https://www.fcratings.com/nations/switzerland-47
Switzerland,Switzerland,Switzerland,B,https://www.fcratings.com/nations/switzerland-47,7,Remo Freuler,https://www.fcratings.com/remo-freuler-202024,CDM,Bologna FC 1909,https://www.fcratings.com/clubs/bologna-fc-1909-189,82,58,72,76,77,78,74,https://www.fcratings.com/nations/switzerland-47
Switzerland,Switzerland,Switzerland,B,https://www.fcratings.com/nations/switzerland-47,8,Denis Zakaria,https://www.fcratings.com/denis-zakaria-229261,CDM,AS Monaco FC,https://www.fcratings.com/clubs/as-monaco-fc-69,81,80,67,74,77,80,85,https://www.fcratings.com/nations/switzerland-47
Switzerland,Switzerland,Switzerland,B,https://www.fcratings.com/nations/switzerland-47,9,Ana-Maria Crnogorčević,https://www.fcratings.com/ana-maria-crnogorcevic-268940,RM,Seattle Sounders FC,https://www.fcratings.com/clubs/seattle-sounders-fc-116300,79,78,78,75,82,72,79,https://www.fcratings.com/nations/switzerland-47
Switzerland,Switzerland,Switzerland,B,https://www.fcratings.com/nations/switzerland-47,10,Viola Calligaris,https://www.fcratings.com/viola-calligaris-272010,CB,Juventus FC Women,https://www.fcratings.com/clubs/juventus-fc-women-116280,79,79,59,72,75,80,80,https://www.fcratings.com/nations/switzerland-47
Switzerland,Switzerland,Switzerland,B,https://www.fcratings.com/nations/switzerland-47,11,Ramona Bachmann,https://www.fcratings.com/ramona-bachmann-264892,LM,Shell Energy Stadium,https://www.fcratings.com/clubs/shell-energy-stadium-116306,79,72,78,77,81,53,78,https://www.fcratings.com/nations/switzerland-47
Switzerland,Switzerland,Switzerland,B,https://www.fcratings.com/nations/switzerland-47,12,Noëlle Maritz,https://www.fcratings.com/noelle-maritz-265243,LB,Aston Villa W.F.C.,https://www.fcratings.com/clubs/aston-villa-wfc-116015,78,76,47,74,71,78,73,https://www.fcratings.com/nations/switzerland-47
Switzerland,Switzerland,Switzerland,B,https://www.fcratings.com/nations/switzerland-47,13,Ruben Vargas,https://www.fcratings.com/ruben-vargas-238581,LM,Sevilla FC,https://www.fcratings.com/clubs/sevilla-fc-481,78,88,72,73,80,56,67,https://www.fcratings.com/nations/switzerland-47
Switzerland,Switzerland,Switzerland,B,https://www.fcratings.com/nations/switzerland-47,14,Dan Ndoye,https://www.fcratings.com/dan-ndoye-257980,LM,Nottingham Forest F.C.,https://www.fcratings.com/clubs/nottingham-forest-fc-14,77,89,72,70,79,62,66,https://www.fcratings.com/nations/switzerland-47
Switzerland,Switzerland,Switzerland,B,https://www.fcratings.com/nations/switzerland-47,15,Xherdan Shaqiri,https://www.fcratings.com/xherdan-shaqiri-193348,CAM,FC Basel,https://www.fcratings.com/clubs/fc-basel-896,77,67,80,79,79,40,71,https://www.fcratings.com/nations/switzerland-47
Switzerland,Switzerland,Switzerland,B,https://www.fcratings.com/nations/switzerland-47,16,Ardon Jashari,https://www.fcratings.com/ardon-jashari-257186,CDM,Inter Milan,https://www.fcratings.com/clubs/inter-milan-131681,77,75,67,75,73,72,81,https://www.fcratings.com/nations/switzerland-47
Switzerland,Switzerland,Switzerland,B,https://www.fcratings.com/nations/switzerland-47,17,Breel Embolo,https://www.fcratings.com/breel-embolo-222357,ST,Stade Rennais FC,https://www.fcratings.com/clubs/stade-rennais-fc-74,77,78,75,70,74,52,80,https://www.fcratings.com/nations/switzerland-47
Switzerland,Switzerland,Switzerland,B,https://www.fcratings.com/nations/switzerland-47,18,Elvira Herzog,https://www.fcratings.com/elvira-herzog-265086,GK,RB Leipzig Women,https://www.fcratings.com/clubs/rb-leipzig-women-116021,77,76,75,73,77,47,76,https://www.fcratings.com/nations/switzerland-47
Switzerland,Switzerland,Switzerland,B,https://www.fcratings.com/nations/switzerland-47,19,Philipp Köhn,https://www.fcratings.com/philipp-kohn-239364,GK,AS Monaco FC,https://www.fcratings.com/clubs/as-monaco-fc-69,77,78,74,69,78,46,75,https://www.fcratings.com/nations/switzerland-47
Switzerland,Switzerland,Switzerland,B,https://www.fcratings.com/nations/switzerland-47,20,Eseosa Aigbogun,https://www.fcratings.com/eseosa-aigbogun-264987,LB,RC Strasbourg Alsace Women,https://www.fcratings.com/clubs/rc-strasbourg-alsace-women-131724,77,78,56,69,71,75,67,https://www.fcratings.com/nations/switzerland-47
Switzerland,Switzerland,Switzerland,B,https://www.fcratings.com/nations/switzerland-47,21,Roman Bürki,https://www.fcratings.com/roman-burki-189117,GK,St. Louis City SC,https://www.fcratings.com/clubs/st-louis-city-sc-113018,77,79,75,60,79,46,73,https://www.fcratings.com/nations/switzerland-47
Switzerland,Switzerland,Switzerland,B,https://www.fcratings.com/nations/switzerland-47,22,Johan Manzambi,https://www.fcratings.com/johan-manzambi-276694,CAM,SC Freiburg,https://www.fcratings.com/clubs/sc-freiburg-25,77,78,71,70,82,69,71,https://www.fcratings.com/nations/switzerland-47
Switzerland,Switzerland,Switzerland,B,https://www.fcratings.com/nations/switzerland-47,23,Nico Elvedi,https://www.fcratings.com/nico-elvedi-221491,CB,Borussia Mönchengladbach,https://www.fcratings.com/clubs/borussia-monchengladbach-23,76,70,39,62,63,77,76,https://www.fcratings.com/nations/switzerland-47
Switzerland,Switzerland,Switzerland,B,https://www.fcratings.com/nations/switzerland-47,24,Luana Bühler,https://www.fcratings.com/luana-buhler-264998,CB,Tottenham Hotspur F.C. Women,https://www.fcratings.com/clubs/tottenham-hotspur-fc-women-116011,76,72,56,70,67,77,74,https://www.fcratings.com/nations/switzerland-47
Switzerland,Switzerland,Switzerland,B,https://www.fcratings.com/nations/switzerland-47,25,Svenja Fölmli,https://www.fcratings.com/svenja-folmli-265080,ST,SC Freiburg Women,https://www.fcratings.com/clubs/sc-freiburg-women-116002,76,75,74,70,76,53,67,https://www.fcratings.com/nations/switzerland-47
Switzerland,Switzerland,Switzerland,B,https://www.fcratings.com/nations/switzerland-47,26,Noah Okafor,https://www.fcratings.com/noah-okafor-242530,ST,Leeds United F.C.,https://www.fcratings.com/clubs/leeds-united-fc-8,76,88,76,71,80,31,69,https://www.fcratings.com/nations/switzerland-47
Switzerland,Switzerland,Switzerland,B,https://www.fcratings.com/nations/switzerland-47,27,Livia Peng,https://www.fcratings.com/livia-peng-273411,GK,Chelsea F.C. Women,https://www.fcratings.com/clubs/chelsea-fc-women-116010,76,74,71,76,77,22,76,https://www.fcratings.com/nations/switzerland-47
Switzerland,Switzerland,Switzerland,B,https://www.fcratings.com/nations/switzerland-47,28,Seraina Piubel,https://www.fcratings.com/seraina-piubel-273404,RM,West Ham United F.C. Women,https://www.fcratings.com/clubs/west-ham-united-fc-women-116014,76,67,70,74,76,43,56,https://www.fcratings.com/nations/switzerland-47
Switzerland,Switzerland,Switzerland,B,https://www.fcratings.com/nations/switzerland-47,29,Djibril Sow,https://www.fcratings.com/djibril-sow-229752,CM,Sevilla FC,https://www.fcratings.com/clubs/sevilla-fc-481,75,78,70,73,75,74,78,https://www.fcratings.com/nations/switzerland-47
Switzerland,Switzerland,Switzerland,B,https://www.fcratings.com/nations/switzerland-47,30,Filip Ugrinić,https://www.fcratings.com/filip-ugrinic-236657,CM,Valencia CF,https://www.fcratings.com/clubs/valencia-cf-461,75,77,73,75,75,70,85,https://www.fcratings.com/nations/switzerland-47
Switzerland,Switzerland,Switzerland,B,https://www.fcratings.com/nations/switzerland-47,31,Miro Muheim,https://www.fcratings.com/miro-muheim-232839,LB,Hamburger SV,https://www.fcratings.com/clubs/hamburger-sv-28,75,73,66,73,73,71,73,https://www.fcratings.com/nations/switzerland-47
Switzerland,Switzerland,Switzerland,B,https://www.fcratings.com/nations/switzerland-47,32,Alayah Pilgrim,https://www.fcratings.com/alayah-pilgrim-275887,LW,AS Roma Women,https://www.fcratings.com/clubs/as-roma-women-116282,75,71,73,72,73,48,68,https://www.fcratings.com/nations/switzerland-47
Switzerland,Switzerland,Switzerland,B,https://www.fcratings.com/nations/switzerland-47,33,Albian Hajdari,https://www.fcratings.com/albian-hajdari-259074,CB,TSG 1899 Hoffenheim,https://www.fcratings.com/clubs/tsg-1899-hoffenheim-10029,75,60,32,54,52,76,79,https://www.fcratings.com/nations/switzerland-47
Switzerland,Switzerland,Switzerland,B,https://www.fcratings.com/nations/switzerland-47,34,Cédric Zesiger,https://www.fcratings.com/cedric-zesiger-236369,CB,FC Augsburg,https://www.fcratings.com/clubs/fc-augsburg-100409,74,66,43,55,59,71,85,https://www.fcratings.com/nations/switzerland-47
Switzerland,Switzerland,Switzerland,B,https://www.fcratings.com/nations/switzerland-47,35,Renato Steffen,https://www.fcratings.com/renato-steffen-210537,RW,FC Lugano,https://www.fcratings.com/clubs/fc-lugano-10032,74,80,70,72,75,49,64,https://www.fcratings.com/nations/switzerland-47
Switzerland,Switzerland,Switzerland,B,https://www.fcratings.com/nations/switzerland-47,36,Vincent Sierro,https://www.fcratings.com/vincent-sierro-228593,CM,Al Shabab Club,https://www.fcratings.com/clubs/al-shabab-club-111674,74,57,67,75,71,69,74,https://www.fcratings.com/nations/switzerland-47
Switzerland,Switzerland,Switzerland,B,https://www.fcratings.com/nations/switzerland-47,37,Ulisses Garcia,https://www.fcratings.com/ulisses-garcia-223143,LB,US Sassuolo Calcio,https://www.fcratings.com/clubs/us-sassuolo-calcio-111974,74,79,49,64,70,70,74,https://www.fcratings.com/nations/switzerland-47
Switzerland,Switzerland,Switzerland,B,https://www.fcratings.com/nations/switzerland-47,38,Zeki Amdouni,https://www.fcratings.com/zeki-amdouni-262642,ST,Burnley F.C.,https://www.fcratings.com/clubs/burnley-fc-1796,74,71,76,69,76,46,67,https://www.fcratings.com/nations/switzerland-47
Switzerland,Switzerland,Switzerland,B,https://www.fcratings.com/nations/switzerland-47,39,Simon Sohm,https://www.fcratings.com/simon-sohm-244634,CM,Bologna FC 1909,https://www.fcratings.com/clubs/bologna-fc-1909-189,74,75,69,70,71,70,80,https://www.fcratings.com/nations/switzerland-47
Switzerland,Switzerland,Switzerland,B,https://www.fcratings.com/nations/switzerland-47,40,Steven Zuber,https://www.fcratings.com/steven-zuber-190059,ST,FC Zürich,https://www.fcratings.com/clubs/fc-zurich-894,74,75,75,73,75,60,75,https://www.fcratings.com/nations/switzerland-47
Switzerland,Switzerland,Switzerland,B,https://www.fcratings.com/nations/switzerland-47,41,Amira Arfaoui,https://www.fcratings.com/amira-arfaoui-264907,CM,SV Werder Bremen Women,https://www.fcratings.com/clubs/sv-werder-bremen-women-116004,74,79,70,72,77,59,70,https://www.fcratings.com/nations/switzerland-47
Switzerland,Switzerland,Switzerland,B,https://www.fcratings.com/nations/switzerland-47,42,Michel Aebischer,https://www.fcratings.com/michel-aebischer-236898,CM,Pisa SC,https://www.fcratings.com/clubs/pisa-sc-110738,74,66,67,72,75,74,70,https://www.fcratings.com/nations/switzerland-47
Switzerland,Switzerland,Switzerland,B,https://www.fcratings.com/nations/switzerland-47,43,Dominik Schmid,https://www.fcratings.com/dominik-schmid-239016,LB,FC Basel,https://www.fcratings.com/clubs/fc-basel-896,74,77,58,75,73,67,73,https://www.fcratings.com/nations/switzerland-47
Switzerland,Switzerland,Switzerland,B,https://www.fcratings.com/nations/switzerland-47,44,Edimilson Fernandes,https://www.fcratings.com/edimilson-fernandes-215556,CDM,BSC Young Boys,https://www.fcratings.com/clubs/bsc-young-boys-900,74,67,64,69,71,75,67,https://www.fcratings.com/nations/switzerland-47
Switzerland,Switzerland,Switzerland,B,https://www.fcratings.com/nations/switzerland-47,45,Marwin Hitz,https://www.fcratings.com/marwin-hitz-190243,GK,FC Basel,https://www.fcratings.com/clubs/fc-basel-896,74,72,73,75,73,42,77,https://www.fcratings.com/nations/switzerland-47
Switzerland,Switzerland,Switzerland,B,https://www.fcratings.com/nations/switzerland-47,46,Sydney Schertenleib,https://www.fcratings.com/sydney-schertenleib-277699,CAM,FC Barcelona Femení,https://www.fcratings.com/clubs/fc-barcelona-femeni-116325,74,77,62,70,76,53,68,https://www.fcratings.com/nations/switzerland-47
Switzerland,Switzerland,Switzerland,B,https://www.fcratings.com/nations/switzerland-47,47,Meriame Terchoun,https://www.fcratings.com/meriame-terchoun-271165,LM,Dijon FCO,https://www.fcratings.com/clubs/dijon-fco-116039,74,75,68,72,75,52,61,https://www.fcratings.com/nations/switzerland-47
Switzerland,Switzerland,Switzerland,B,https://www.fcratings.com/nations/switzerland-47,48,Lydia Andrade,https://www.fcratings.com/lydia-andrade-272274,RM,1. FC Köln Women,https://www.fcratings.com/clubs/1-fc-koln-women-116003,74,77,66,70,74,48,68,https://www.fcratings.com/nations/switzerland-47
Switzerland,Switzerland,Switzerland,B,https://www.fcratings.com/nations/switzerland-47,49,Fabian Rieder,https://www.fcratings.com/fabian-rieder-259306,CAM,FC Augsburg,https://www.fcratings.com/clubs/fc-augsburg-100409,74,74,70,71,75,51,62,https://www.fcratings.com/nations/switzerland-47
Switzerland,Switzerland,Switzerland,B,https://www.fcratings.com/nations/switzerland-47,50,Nadine Riesen,https://www.fcratings.com/nadine-riesen-273405,LB,Eintracht Frankfurt Women,https://www.fcratings.com/clubs/eintracht-frankfurt-women-115997,74,70,59,65,69,73,64,https://www.fcratings.com/nations/switzerland-47
Brazil,Brazil,Brazil,C,https://www.fcratings.com/nations/brazil-54,1,Raphinha,https://www.fcratings.com/raphinha-233419,LM,FC Barcelona,https://www.fcratings.com/clubs/fc-barcelona-241,89,91,85,85,88,53,76,https://www.fcratings.com/nations/brazil-54
Brazil,Brazil,Brazil,C,https://www.fcratings.com/nations/brazil-54,2,Vini Jr.,https://www.fcratings.com/vini-jr-238794,LW,Real Madrid CF,https://www.fcratings.com/clubs/real-madrid-cf-243,89,93,84,81,91,29,71,https://www.fcratings.com/nations/brazil-54
Brazil,Brazil,Brazil,C,https://www.fcratings.com/nations/brazil-54,3,Gabriel,https://www.fcratings.com/gabriel-232580,CB,Arsenal F.C.,https://www.fcratings.com/clubs/arsenal-fc-1,89,64,44,64,65,89,84,https://www.fcratings.com/nations/brazil-54
Brazil,Brazil,Brazil,C,https://www.fcratings.com/nations/brazil-54,4,Alisson,https://www.fcratings.com/alisson-212831,GK,Liverpool,https://www.fcratings.com/clubs/liverpool-9,88,86,87,83,87,56,88,https://www.fcratings.com/nations/brazil-54
Brazil,Brazil,Brazil,C,https://www.fcratings.com/nations/brazil-54,5,Debinha,https://www.fcratings.com/debinha-226893,CAM,Temwa Chawinga,https://www.fcratings.com/clubs/temwa-chawinga-116309,88,85,79,86,91,46,75,https://www.fcratings.com/nations/brazil-54
Brazil,Brazil,Brazil,C,https://www.fcratings.com/nations/brazil-54,6,Marquinhos,https://www.fcratings.com/marquinhos-207865,CB,Paris Saint-Germain FC,https://www.fcratings.com/clubs/paris-saint-germain-fc-73,87,78,56,75,74,89,80,https://www.fcratings.com/nations/brazil-54
Brazil,Brazil,Brazil,C,https://www.fcratings.com/nations/brazil-54,7,Bruno Guimarães,https://www.fcratings.com/bruno-guimaraes-247851,CM,Newcastle United F.C.,https://www.fcratings.com/clubs/newcastle-united-fc-13,86,66,75,84,84,79,81,https://www.fcratings.com/nations/brazil-54
Brazil,Brazil,Brazil,C,https://www.fcratings.com/nations/brazil-54,8,Bremer,https://www.fcratings.com/bremer-239580,CB,Juventus FC,https://www.fcratings.com/clubs/juventus-fc-45,86,82,51,62,67,86,81,https://www.fcratings.com/nations/brazil-54
Brazil,Brazil,Brazil,C,https://www.fcratings.com/nations/brazil-54,9,Marta,https://www.fcratings.com/marta-226890,CAM,Orlando City SC,https://www.fcratings.com/clubs/orlando-city-sc-116307,85,70,83,84,88,44,75,https://www.fcratings.com/nations/brazil-54
Brazil,Brazil,Brazil,C,https://www.fcratings.com/nations/brazil-54,10,Rodrygo,https://www.fcratings.com/rodrygo-243812,RW,Real Madrid CF,https://www.fcratings.com/clubs/real-madrid-cf-243,84,87,77,79,87,33,63,https://www.fcratings.com/nations/brazil-54
Brazil,Brazil,Brazil,C,https://www.fcratings.com/nations/brazil-54,11,Éder Militão,https://www.fcratings.com/eder-militao-240130,CB,Real Madrid CF,https://www.fcratings.com/clubs/real-madrid-cf-243,84,82,53,71,72,85,82,https://www.fcratings.com/nations/brazil-54
Brazil,Brazil,Brazil,C,https://www.fcratings.com/nations/brazil-54,12,Ederson,https://www.fcratings.com/ederson-210257,GK,Fenerbahçe S.K.,https://www.fcratings.com/clubs/fenerbahce-sk-326,83,80,81,91,81,64,83,https://www.fcratings.com/nations/brazil-54
Brazil,Brazil,Brazil,C,https://www.fcratings.com/nations/brazil-54,13,Matheus Cunha,https://www.fcratings.com/matheus-cunha-240243,CAM,Manchester United F.C.,https://www.fcratings.com/clubs/manchester-united-fc-11,83,78,85,79,84,44,75,https://www.fcratings.com/nations/brazil-54
Brazil,Brazil,Brazil,C,https://www.fcratings.com/nations/brazil-54,14,Murillo,https://www.fcratings.com/murillo-278016,CB,Nottingham Forest F.C.,https://www.fcratings.com/clubs/nottingham-forest-fc-14,82,80,49,66,71,82,83,https://www.fcratings.com/nations/brazil-54
Brazil,Brazil,Brazil,C,https://www.fcratings.com/nations/brazil-54,15,Éderson,https://www.fcratings.com/ederson-266866,CM,Atalanta BC,https://www.fcratings.com/clubs/atalanta-bc-115845,82,78,72,77,80,79,81,https://www.fcratings.com/nations/brazil-54
Brazil,Brazil,Brazil,C,https://www.fcratings.com/nations/brazil-54,16,Malcom,https://www.fcratings.com/malcom-222737,CAM,Al Hilal SFC,https://www.fcratings.com/clubs/al-hilal-sfc-605,82,88,78,79,84,43,73,https://www.fcratings.com/nations/brazil-54
Brazil,Brazil,Brazil,C,https://www.fcratings.com/nations/brazil-54,17,Bia Zaneratto,https://www.fcratings.com/bia-zaneratto-226897,ST,Temwa Chawinga,https://www.fcratings.com/clubs/temwa-chawinga-116309,82,72,81,73,83,50,83,https://www.fcratings.com/nations/brazil-54
Brazil,Brazil,Brazil,C,https://www.fcratings.com/nations/brazil-54,18,Fabinho,https://www.fcratings.com/fabinho-209499,CDM,Al-Ittihad Club,https://www.fcratings.com/clubs/al-ittihad-club-607,82,53,69,77,75,81,83,https://www.fcratings.com/nations/brazil-54
Brazil,Brazil,Brazil,C,https://www.fcratings.com/nations/brazil-54,19,Lorena,https://www.fcratings.com/lorena-273136,GK,Temwa Chawinga,https://www.fcratings.com/clubs/temwa-chawinga-116309,82,79,81,78,82,29,80,https://www.fcratings.com/nations/brazil-54
Brazil,Brazil,Brazil,C,https://www.fcratings.com/nations/brazil-54,20,Ibañez,https://www.fcratings.com/ibanez-247257,CB,Al-Ahli Saudi FC,https://www.fcratings.com/clubs/al-ahli-saudi-fc-112387,82,87,34,55,65,82,85,https://www.fcratings.com/nations/brazil-54
Brazil,Brazil,Brazil,C,https://www.fcratings.com/nations/brazil-54,21,Casemiro,https://www.fcratings.com/casemiro-200145,CDM,Manchester United F.C.,https://www.fcratings.com/clubs/manchester-united-fc-11,82,36,74,78,69,81,79,https://www.fcratings.com/nations/brazil-54
Brazil,Brazil,Brazil,C,https://www.fcratings.com/nations/brazil-54,22,João Pedro,https://www.fcratings.com/joao-pedro-252042,ST,Chelsea,https://www.fcratings.com/clubs/chelsea-5,82,79,82,73,83,38,74,https://www.fcratings.com/nations/brazil-54
Brazil,Brazil,Brazil,C,https://www.fcratings.com/nations/brazil-54,23,Joelinton,https://www.fcratings.com/joelinton-223334,CM,Newcastle United F.C.,https://www.fcratings.com/clubs/newcastle-united-fc-13,81,74,73,75,80,82,90,https://www.fcratings.com/nations/brazil-54
Brazil,Brazil,Brazil,C,https://www.fcratings.com/nations/brazil-54,24,Savinho,https://www.fcratings.com/savinho-270409,RW,Manchester City F.C.,https://www.fcratings.com/clubs/manchester-city-fc-10,81,87,71,77,85,30,53,https://www.fcratings.com/nations/brazil-54
Brazil,Brazil,Brazil,C,https://www.fcratings.com/nations/brazil-54,25,Carlos Augusto,https://www.fcratings.com/carlos-augusto-258648,LB,Brescia Calcio,https://www.fcratings.com/clubs/brescia-calcio-131682,81,78,72,77,79,79,77,https://www.fcratings.com/nations/brazil-54
Brazil,Brazil,Brazil,C,https://www.fcratings.com/nations/brazil-54,26,Geyse,https://www.fcratings.com/geyse-248794,RM,Gotham FC,https://www.fcratings.com/clubs/gotham-fc-116310,81,91,78,73,85,34,87,https://www.fcratings.com/nations/brazil-54
Brazil,Brazil,Brazil,C,https://www.fcratings.com/nations/brazil-54,27,Gabriel Martinelli,https://www.fcratings.com/gabriel-martinelli-251566,LW,Arsenal F.C.,https://www.fcratings.com/clubs/arsenal-fc-1,81,90,77,75,83,46,72,https://www.fcratings.com/nations/brazil-54
Brazil,Brazil,Brazil,C,https://www.fcratings.com/nations/brazil-54,28,Anderson Talisca,https://www.fcratings.com/anderson-talisca-212523,CAM,Fenerbahçe S.K.,https://www.fcratings.com/clubs/fenerbahce-sk-326,81,76,83,80,81,40,73,https://www.fcratings.com/nations/brazil-54
Brazil,Brazil,Brazil,C,https://www.fcratings.com/nations/brazil-54,29,Antônia Silva,https://www.fcratings.com/antonia-silva-272009,RB,Real Madrid Femenino,https://www.fcratings.com/clubs/real-madrid-femenino-116326,81,80,50,71,79,80,80,https://www.fcratings.com/nations/brazil-54
Brazil,Brazil,Brazil,C,https://www.fcratings.com/nations/brazil-54,30,Antony,https://www.fcratings.com/antony-255475,RW,Real Betis,https://www.fcratings.com/clubs/real-betis-449,81,85,80,79,83,48,72,https://www.fcratings.com/nations/brazil-54
Brazil,Brazil,Brazil,C,https://www.fcratings.com/nations/brazil-54,31,David Neres,https://www.fcratings.com/david-neres-236632,LW,SSC Napoli,https://www.fcratings.com/clubs/ssc-napoli-48,81,86,76,75,86,46,61,https://www.fcratings.com/nations/brazil-54
Brazil,Brazil,Brazil,C,https://www.fcratings.com/nations/brazil-54,32,Lauren,https://www.fcratings.com/lauren-272084,CB,Atlético Madrid Femenino,https://www.fcratings.com/clubs/atletico-madrid-femenino-116327,81,72,33,58,64,82,83,https://www.fcratings.com/nations/brazil-54
Brazil,Brazil,Brazil,C,https://www.fcratings.com/nations/brazil-54,33,Igor Thiago,https://www.fcratings.com/igor-thiago-275771,ST,Brentford F.C.,https://www.fcratings.com/clubs/brentford-fc-1925,81,74,81,64,75,44,83,https://www.fcratings.com/nations/brazil-54
Brazil,Brazil,Brazil,C,https://www.fcratings.com/nations/brazil-54,34,Galeno,https://www.fcratings.com/galeno-239482,LM,Al-Ahli Saudi FC,https://www.fcratings.com/clubs/al-ahli-saudi-fc-112387,80,91,77,73,82,45,69,https://www.fcratings.com/nations/brazil-54
Brazil,Brazil,Brazil,C,https://www.fcratings.com/nations/brazil-54,35,Gabriel Sara,https://www.fcratings.com/gabriel-sara-270571,CM,Galatasaray S.K.,https://www.fcratings.com/clubs/galatasaray-sk-325,80,75,75,83,81,67,76,https://www.fcratings.com/nations/brazil-54
Brazil,Brazil,Brazil,C,https://www.fcratings.com/nations/brazil-54,36,Andrey Santos,https://www.fcratings.com/andrey-santos-273018,CM,Chelsea,https://www.fcratings.com/clubs/chelsea-5,80,74,70,74,79,80,80,https://www.fcratings.com/nations/brazil-54
Brazil,Brazil,Brazil,C,https://www.fcratings.com/nations/brazil-54,37,Gabi Nunes,https://www.fcratings.com/gabi-nunes-238422,ST,Aston Villa W.F.C.,https://www.fcratings.com/clubs/aston-villa-wfc-116015,80,85,79,74,81,39,83,https://www.fcratings.com/nations/brazil-54
Brazil,Brazil,Brazil,C,https://www.fcratings.com/nations/brazil-54,38,Gabriel Jesus,https://www.fcratings.com/gabriel-jesus-230666,ST,Arsenal F.C.,https://www.fcratings.com/clubs/arsenal-fc-1,80,81,79,74,86,39,69,https://www.fcratings.com/nations/brazil-54
Brazil,Brazil,Brazil,C,https://www.fcratings.com/nations/brazil-54,39,Kerolin Nicoli,https://www.fcratings.com/kerolin-nicoli-267234,RM,Manchester City W.F.C.,https://www.fcratings.com/clubs/manchester-city-wfc-116017,80,81,74,76,81,42,75,https://www.fcratings.com/nations/brazil-54
Brazil,Brazil,Brazil,C,https://www.fcratings.com/nations/brazil-54,40,Igor Paixão,https://www.fcratings.com/igor-paixao-271400,LM,Olympique de Marseille,https://www.fcratings.com/clubs/olympique-de-marseille-219,80,86,80,75,81,32,70,https://www.fcratings.com/nations/brazil-54
Brazil,Brazil,Brazil,C,https://www.fcratings.com/nations/brazil-54,41,Mauro Júnior,https://www.fcratings.com/mauro-junior-241509,LB,,,80,83,66,76,82,76,61,https://www.fcratings.com/nations/brazil-54
Brazil,Brazil,Brazil,C,https://www.fcratings.com/nations/brazil-54,42,Lucas Paquetá,https://www.fcratings.com/lucas-paqueta-233927,CM,West Ham United F.C.,https://www.fcratings.com/clubs/west-ham-united-fc-19,79,68,78,78,84,69,75,https://www.fcratings.com/nations/brazil-54
Brazil,Brazil,Brazil,C,https://www.fcratings.com/nations/brazil-54,43,Douglas Luiz,https://www.fcratings.com/douglas-luiz-236499,CM,Aston Villa F.C.,https://www.fcratings.com/clubs/aston-villa-fc-2,79,67,75,81,80,75,70,https://www.fcratings.com/nations/brazil-54
Brazil,Brazil,Brazil,C,https://www.fcratings.com/nations/brazil-54,44,Evanilson,https://www.fcratings.com/evanilson-256612,ST,AFC Bournemouth,https://www.fcratings.com/clubs/afc-bournemouth-1943,79,76,79,66,77,37,76,https://www.fcratings.com/nations/brazil-54
Brazil,Brazil,Brazil,C,https://www.fcratings.com/nations/brazil-54,45,Alexsandro,https://www.fcratings.com/alexsandro-269493,CB,Lille OSC,https://www.fcratings.com/clubs/lille-osc-65,79,66,40,63,59,79,79,https://www.fcratings.com/nations/brazil-54
Brazil,Brazil,Brazil,C,https://www.fcratings.com/nations/brazil-54,46,Rodinei,https://www.fcratings.com/rodinei-212091,RB,Olympiacos F.C.,https://www.fcratings.com/clubs/olympiacos-fc-280,79,81,66,73,79,74,77,https://www.fcratings.com/nations/brazil-54
Brazil,Brazil,Brazil,C,https://www.fcratings.com/nations/brazil-54,47,Evander,https://www.fcratings.com/evander-234505,CAM,FC Cincinnati,https://www.fcratings.com/clubs/fc-cincinnati-113149,79,72,78,79,81,66,71,https://www.fcratings.com/nations/brazil-54
Brazil,Brazil,Brazil,C,https://www.fcratings.com/nations/brazil-54,48,Angelina,https://www.fcratings.com/angelina-267199,LM,Orlando City SC,https://www.fcratings.com/clubs/orlando-city-sc-116307,79,72,69,78,80,59,65,https://www.fcratings.com/nations/brazil-54
Brazil,Brazil,Brazil,C,https://www.fcratings.com/nations/brazil-54,49,Luana,https://www.fcratings.com/luana-253175,CM,Orlando City SC,https://www.fcratings.com/clubs/orlando-city-sc-116307,79,50,72,78,81,66,65,https://www.fcratings.com/nations/brazil-54
Brazil,Brazil,Brazil,C,https://www.fcratings.com/nations/brazil-54,50,Rafaelle,https://www.fcratings.com/rafaelle-227421,CB,Orlando City SC,https://www.fcratings.com/clubs/orlando-city-sc-116307,79,55,39,68,65,81,79,https://www.fcratings.com/nations/brazil-54
Haiti,Haiti,Haiti,C,https://www.fcratings.com/nations/haiti-80,1,Melchie Dumornay,https://www.fcratings.com/melchie-dumornay-265898,ST,OL Lyonnes,https://www.fcratings.com/clubs/ol-lyonnes-116033,86,93,85,78,87,60,71,https://www.fcratings.com/nations/haiti-80
Haiti,Haiti,Haiti,C,https://www.fcratings.com/nations/haiti-80,2,Nérilia Mondésir,https://www.fcratings.com/nerilia-mondesir-265853,LM,Seattle Sounders FC,https://www.fcratings.com/clubs/seattle-sounders-fc-116300,78,87,75,70,81,40,69,https://www.fcratings.com/nations/haiti-80
Haiti,Haiti,Haiti,C,https://www.fcratings.com/nations/haiti-80,3,Kethna Louis,https://www.fcratings.com/kethna-louis-265894,LB,Montpellier HSC Women,https://www.fcratings.com/clubs/montpellier-hsc-women-116037,76,87,70,68,78,72,82,https://www.fcratings.com/nations/haiti-80
Haiti,Haiti,Haiti,C,https://www.fcratings.com/nations/haiti-80,4,Carlens Arcus,https://www.fcratings.com/carlens-arcus-228591,RB,Angers SCO,https://www.fcratings.com/clubs/angers-sco-1530,72,75,44,66,68,67,75,https://www.fcratings.com/nations/haiti-80
Haiti,Haiti,Haiti,C,https://www.fcratings.com/nations/haiti-80,5,Jean-Kévin Duverne,https://www.fcratings.com/jean-kevin-duverne-229705,LB,KAA Gent,https://www.fcratings.com/clubs/kaa-gent-674,72,60,38,62,67,72,73,https://www.fcratings.com/nations/haiti-80
Haiti,Haiti,Haiti,C,https://www.fcratings.com/nations/haiti-80,6,Amandine Pierre-Louis,https://www.fcratings.com/amandine-pierre-louis-246038,RM,AS Saint-Étienne Women,https://www.fcratings.com/clubs/as-saint-etienne-women-116044,70,71,65,68,70,64,77,https://www.fcratings.com/nations/haiti-80
Haiti,Haiti,Haiti,C,https://www.fcratings.com/nations/haiti-80,7,Danley Jean Jacques,https://www.fcratings.com/danley-jean-jacques-268805,CM,Philadelphia Eagles,https://www.fcratings.com/clubs/philadelphia-eagles-112134,70,69,56,66,70,67,74,https://www.fcratings.com/nations/haiti-80
Haiti,Haiti,Haiti,C,https://www.fcratings.com/nations/haiti-80,8,Tabita Joseph,https://www.fcratings.com/tabita-joseph-273196,CB,Olympique de Marseille,https://www.fcratings.com/clubs/olympique-de-marseille-132370,70,61,31,55,61,72,65,https://www.fcratings.com/nations/haiti-80
Haiti,Haiti,Haiti,C,https://www.fcratings.com/nations/haiti-80,9,Frantzdy Pierrot,https://www.fcratings.com/frantzdy-pierrot-244949,ST,Çaykur Rizespor,https://www.fcratings.com/clubs/caykur-rizespor-101037,69,63,70,54,60,32,81,https://www.fcratings.com/nations/haiti-80
Haiti,Haiti,Haiti,C,https://www.fcratings.com/nations/haiti-80,10,Sherly Jeudy,https://www.fcratings.com/sherly-jeudy-273202,RM,RC Lens Féminin,https://www.fcratings.com/clubs/rc-lens-feminin-132588,69,75,67,65,73,63,65,https://www.fcratings.com/nations/haiti-80
Haiti,Haiti,Haiti,C,https://www.fcratings.com/nations/haiti-80,11,Johny Placide,https://www.fcratings.com/johny-placide-178363,GK,SC Bastia,https://www.fcratings.com/clubs/sc-bastia-58,69,65,68,67,68,54,71,https://www.fcratings.com/nations/haiti-80
Haiti,Haiti,Haiti,C,https://www.fcratings.com/nations/haiti-80,12,Roseline Éloissaint,https://www.fcratings.com/roseline-eloissaint-269812,ST,FC Nantes Women,https://www.fcratings.com/clubs/fc-nantes-women-116417,69,72,68,67,74,41,59,https://www.fcratings.com/nations/haiti-80
Haiti,Haiti,Haiti,C,https://www.fcratings.com/nations/haiti-80,13,Fafà Picault,https://www.fcratings.com/fafa-picault-230991,LW,Atlanta United FC,https://www.fcratings.com/clubs/atlanta-united-fc-112885,69,86,66,61,71,38,49,https://www.fcratings.com/nations/haiti-80
Haiti,Haiti,Haiti,C,https://www.fcratings.com/nations/haiti-80,14,Dayana Pierre-Louis,https://www.fcratings.com/dayana-pierre-louis-273180,CAM,RC Lens Féminin,https://www.fcratings.com/clubs/rc-lens-feminin-132588,68,71,62,68,68,43,69,https://www.fcratings.com/nations/haiti-80
Haiti,Haiti,Haiti,C,https://www.fcratings.com/nations/haiti-80,15,Jennyfer Limage,https://www.fcratings.com/jennyfer-limage-273194,CDM,RC Lens Féminin,https://www.fcratings.com/clubs/rc-lens-feminin-132588,67,70,54,58,68,65,76,https://www.fcratings.com/nations/haiti-80
Haiti,Haiti,Haiti,C,https://www.fcratings.com/nations/haiti-80,16,Maudeline Moryl,https://www.fcratings.com/maudeline-moryl-273199,CDM,Olympique de Marseille,https://www.fcratings.com/clubs/olympique-de-marseille-132370,66,65,48,58,67,65,62,https://www.fcratings.com/nations/haiti-80
Haiti,Haiti,Haiti,C,https://www.fcratings.com/nations/haiti-80,17,Derrick Etienne Jr.,https://www.fcratings.com/derrick-etienne-jr-166539,LM,Toronto FC,https://www.fcratings.com/clubs/toronto-fc-111651,65,81,60,60,68,40,60,https://www.fcratings.com/nations/haiti-80
Haiti,Haiti,Haiti,C,https://www.fcratings.com/nations/haiti-80,18,Don Deedson Louicius,https://www.fcratings.com/don-deedson-louicius-252416,RW,FC Dallas,https://www.fcratings.com/clubs/fc-dallas-695,64,82,62,54,66,22,57,https://www.fcratings.com/nations/haiti-80
Haiti,Haiti,Haiti,C,https://www.fcratings.com/nations/haiti-80,19,Martin Expérience,https://www.fcratings.com/martin-experience-78651,LB,AS Nancy Lorraine,https://www.fcratings.com/clubs/as-nancy-lorraine-1823,63,68,52,55,62,58,66,https://www.fcratings.com/nations/haiti-80
Haiti,Haiti,Haiti,C,https://www.fcratings.com/nations/haiti-80,20,Wilguens Paugain,https://www.fcratings.com/wilguens-paugain-78421,RB,SV Zulte Waregem,https://www.fcratings.com/clubs/sv-zulte-waregem-15005,61,62,36,55,61,58,64,https://www.fcratings.com/nations/haiti-80
Haiti,Haiti,Haiti,C,https://www.fcratings.com/nations/haiti-80,21,Aleksandr Guboglo,https://www.fcratings.com/aleksandr-guboglo-77609,RM,CF Montréal,https://www.fcratings.com/clubs/cf-montreal-111139,60,80,38,53,67,51,61,https://www.fcratings.com/nations/haiti-80
Haiti,Haiti,Haiti,C,https://www.fcratings.com/nations/haiti-80,22,Joseph Belmar,https://www.fcratings.com/joseph-belmar-74646,CM,FC Sion,https://www.fcratings.com/clubs/fc-sion-110770,56,64,49,51,56,50,48,https://www.fcratings.com/nations/haiti-80
Morocco,Morocco,Morocco,C,https://www.fcratings.com/nations/morocco-129,1,Achraf Hakimi,https://www.fcratings.com/achraf-hakimi-235212,RB,Paris Saint-Germain FC,https://www.fcratings.com/clubs/paris-saint-germain-fc-73,89,92,79,82,83,82,79,https://www.fcratings.com/nations/morocco-129
Morocco,Morocco,Morocco,C,https://www.fcratings.com/nations/morocco-129,2,Yassine Bounou,https://www.fcratings.com/yassine-bounou-209981,GK,Al Hilal SFC,https://www.fcratings.com/clubs/al-hilal-sfc-605,82,81,82,76,85,38,82,https://www.fcratings.com/nations/morocco-129
Morocco,Morocco,Morocco,C,https://www.fcratings.com/nations/morocco-129,3,Brahim,https://www.fcratings.com/brahim-231410,RM,Real Madrid CF,https://www.fcratings.com/clubs/real-madrid-cf-243,81,81,73,78,84,33,63,https://www.fcratings.com/nations/morocco-129
Morocco,Morocco,Morocco,C,https://www.fcratings.com/nations/morocco-129,4,Nayef Aguerd,https://www.fcratings.com/nayef-aguerd-244749,CB,Olympique de Marseille,https://www.fcratings.com/clubs/olympique-de-marseille-219,81,75,50,67,66,82,81,https://www.fcratings.com/nations/morocco-129
Morocco,Morocco,Morocco,C,https://www.fcratings.com/nations/morocco-129,5,Youssef En-Nesyri,https://www.fcratings.com/youssef-en-nesyri-235410,ST,Al-Ittihad Club,https://www.fcratings.com/clubs/al-ittihad-club-607,80,78,81,62,70,35,80,https://www.fcratings.com/nations/morocco-129
Morocco,Morocco,Morocco,C,https://www.fcratings.com/nations/morocco-129,6,Noussair Mazraoui,https://www.fcratings.com/noussair-mazraoui-236401,RB,Manchester United F.C.,https://www.fcratings.com/clubs/manchester-united-fc-11,80,75,66,76,80,77,72,https://www.fcratings.com/nations/morocco-129
Morocco,Morocco,Morocco,C,https://www.fcratings.com/nations/morocco-129,7,Ayoub El Kaabi,https://www.fcratings.com/ayoub-el-kaabi-243586,ST,Olympiacos F.C.,https://www.fcratings.com/clubs/olympiacos-fc-280,80,81,82,62,75,46,77,https://www.fcratings.com/nations/morocco-129
Morocco,Morocco,Morocco,C,https://www.fcratings.com/nations/morocco-129,8,Ismael Saibari,https://www.fcratings.com/ismael-saibari-259480,CAM,,,80,78,77,75,82,54,80,https://www.fcratings.com/nations/morocco-129
Morocco,Morocco,Morocco,C,https://www.fcratings.com/nations/morocco-129,9,Abdessamad Ezzalzouli,https://www.fcratings.com/abdessamad-ezzalzouli-264432,LM,Real Betis,https://www.fcratings.com/clubs/real-betis-449,80,88,74,72,84,29,70,https://www.fcratings.com/nations/morocco-129
Morocco,Morocco,Morocco,C,https://www.fcratings.com/nations/morocco-129,10,Sofyan Amrabat,https://www.fcratings.com/sofyan-amrabat-224158,CDM,Real Betis,https://www.fcratings.com/clubs/real-betis-449,79,74,70,74,76,76,84,https://www.fcratings.com/nations/morocco-129
Morocco,Morocco,Morocco,C,https://www.fcratings.com/nations/morocco-129,11,Azzedine Ounahi,https://www.fcratings.com/azzedine-ounahi-255125,CM,Girona FC,https://www.fcratings.com/clubs/girona-fc-110062,79,78,72,78,81,68,73,https://www.fcratings.com/nations/morocco-129
Morocco,Morocco,Morocco,C,https://www.fcratings.com/nations/morocco-129,12,Zakaria El Ouahdi,https://www.fcratings.com/zakaria-el-ouahdi-275353,RB,KRC Genk,https://www.fcratings.com/clubs/krc-genk-673,78,80,66,71,78,69,71,https://www.fcratings.com/nations/morocco-129
Morocco,Morocco,Morocco,C,https://www.fcratings.com/nations/morocco-129,13,Bilal El Khannouss,https://www.fcratings.com/bilal-el-khannouss-257504,CAM,VfB Stuttgart,https://www.fcratings.com/clubs/vfb-stuttgart-36,78,78,66,76,83,38,56,https://www.fcratings.com/nations/morocco-129
Morocco,Morocco,Morocco,C,https://www.fcratings.com/nations/morocco-129,14,Abderrazak Hamdallah,https://www.fcratings.com/abderrazak-hamdallah-213761,ST,Al Shabab Club,https://www.fcratings.com/clubs/al-shabab-club-111674,77,59,79,70,75,31,78,https://www.fcratings.com/nations/morocco-129
Morocco,Morocco,Morocco,C,https://www.fcratings.com/nations/morocco-129,15,Amine Adli,https://www.fcratings.com/amine-adli-255223,ST,AFC Bournemouth,https://www.fcratings.com/clubs/afc-bournemouth-1943,77,84,75,70,81,42,69,https://www.fcratings.com/nations/morocco-129
Morocco,Morocco,Morocco,C,https://www.fcratings.com/nations/morocco-129,16,Soufiane Rahimi,https://www.fcratings.com/soufiane-rahimi-264348,LM,Al Ain FC,https://www.fcratings.com/clubs/al-ain-fc-111701,77,87,77,72,78,38,68,https://www.fcratings.com/nations/morocco-129
Morocco,Morocco,Morocco,C,https://www.fcratings.com/nations/morocco-129,17,Neil El Aynaoui,https://www.fcratings.com/neil-el-aynaoui-262745,CM,AS Roma,https://www.fcratings.com/clubs/as-roma-52,76,62,63,76,74,73,75,https://www.fcratings.com/nations/morocco-129
Morocco,Morocco,Morocco,C,https://www.fcratings.com/nations/morocco-129,18,Fayçal Fajr,https://www.fcratings.com/faycal-fajr-205083,CM,Al Taawoun FC,https://www.fcratings.com/clubs/al-taawoun-fc-112393,76,54,71,79,74,67,73,https://www.fcratings.com/nations/morocco-129
Morocco,Morocco,Morocco,C,https://www.fcratings.com/nations/morocco-129,19,Sofiane Diop,https://www.fcratings.com/sofiane-diop-244892,LW,OGC Nice,https://www.fcratings.com/clubs/ogc-nice-72,76,77,71,75,80,54,52,https://www.fcratings.com/nations/morocco-129
Morocco,Morocco,Morocco,C,https://www.fcratings.com/nations/morocco-129,20,Osame Sahraoui,https://www.fcratings.com/osame-sahraoui-246548,LM,Lille OSC,https://www.fcratings.com/clubs/lille-osc-65,76,83,63,68,82,45,54,https://www.fcratings.com/nations/morocco-129
Morocco,Morocco,Morocco,C,https://www.fcratings.com/nations/morocco-129,21,Souffian El Karouani,https://www.fcratings.com/souffian-el-karouani-262473,LB,,,76,72,58,77,74,70,72,https://www.fcratings.com/nations/morocco-129
Morocco,Morocco,Morocco,C,https://www.fcratings.com/nations/morocco-129,22,Chemsdine Talbi,https://www.fcratings.com/chemsdine-talbi-275048,RM,Sunderland A.F.C.,https://www.fcratings.com/clubs/sunderland-afc-106,76,90,68,68,79,47,57,https://www.fcratings.com/nations/morocco-129
Morocco,Morocco,Morocco,C,https://www.fcratings.com/nations/morocco-129,23,Omar El Hilali,https://www.fcratings.com/omar-el-hilali-261654,RB,RCD Espanyol,https://www.fcratings.com/clubs/rcd-espanyol-452,75,82,41,65,67,72,78,https://www.fcratings.com/nations/morocco-129
Morocco,Morocco,Morocco,C,https://www.fcratings.com/nations/morocco-129,24,Eliesse Ben Seghir,https://www.fcratings.com/eliesse-ben-seghir-272781,LM,Bayer 04 Leverkusen,https://www.fcratings.com/clubs/bayer-04-leverkusen-32,75,77,73,72,79,28,61,https://www.fcratings.com/nations/morocco-129
Morocco,Morocco,Morocco,C,https://www.fcratings.com/nations/morocco-129,25,Ilias Akhomach,https://www.fcratings.com/ilias-akhomach-265578,RM,Rayo Vallecano,https://www.fcratings.com/clubs/rayo-vallecano-480,75,78,72,71,77,32,61,https://www.fcratings.com/nations/morocco-129
Morocco,Morocco,Morocco,C,https://www.fcratings.com/nations/morocco-129,26,Hamza Igamane,https://www.fcratings.com/hamza-igamane-73449,ST,Lille OSC,https://www.fcratings.com/clubs/lille-osc-65,75,80,73,63,77,34,77,https://www.fcratings.com/nations/morocco-129
Morocco,Morocco,Morocco,C,https://www.fcratings.com/nations/morocco-129,27,Oussama Targhalline,https://www.fcratings.com/oussama-targhalline-263603,CM,,,75,49,63,71,74,71,69,https://www.fcratings.com/nations/morocco-129
Morocco,Morocco,Morocco,C,https://www.fcratings.com/nations/morocco-129,28,Amine Harit,https://www.fcratings.com/amine-harit-232097,CAM,İstanbul Başakşehir F.K.,https://www.fcratings.com/clubs/istanbul-basaksehir-fk-101014,74,74,64,74,79,59,57,https://www.fcratings.com/nations/morocco-129
Morocco,Morocco,Morocco,C,https://www.fcratings.com/nations/morocco-129,29,Zakaria Aboukhlal,https://www.fcratings.com/zakaria-aboukhlal-248564,CAM,Turin,https://www.fcratings.com/clubs/turin-54,74,82,72,69,75,41,75,https://www.fcratings.com/nations/morocco-129
Morocco,Morocco,Morocco,C,https://www.fcratings.com/nations/morocco-129,30,Anass Zaroury,https://www.fcratings.com/anass-zaroury-260843,LW,Panathinaikos F.C.,https://www.fcratings.com/clubs/panathinaikos-fc-1884,74,84,70,69,77,27,61,https://www.fcratings.com/nations/morocco-129
Morocco,Morocco,Morocco,C,https://www.fcratings.com/nations/morocco-129,31,Sofiane Boufal,https://www.fcratings.com/sofiane-boufal-211381,CAM,Le Havre AC,https://www.fcratings.com/clubs/le-havre-ac-1738,74,74,69,73,79,29,58,https://www.fcratings.com/nations/morocco-129
Morocco,Morocco,Morocco,C,https://www.fcratings.com/nations/morocco-129,32,Adam Masina,https://www.fcratings.com/adam-masina-225410,CB,Turin,https://www.fcratings.com/clubs/turin-54,74,62,42,66,68,77,65,https://www.fcratings.com/nations/morocco-129
Morocco,Morocco,Morocco,C,https://www.fcratings.com/nations/morocco-129,33,Imane Saoud,https://www.fcratings.com/imane-saoud-273255,RW,FC Nantes Women,https://www.fcratings.com/clubs/fc-nantes-women-116417,74,77,68,70,76,33,54,https://www.fcratings.com/nations/morocco-129
Morocco,Morocco,Morocco,C,https://www.fcratings.com/nations/morocco-129,34,Abdelkabir Abqar,https://www.fcratings.com/abdelkabir-abqar-245628,CB,Getafe CF,https://www.fcratings.com/clubs/getafe-cf-1860,74,54,31,53,59,74,76,https://www.fcratings.com/nations/morocco-129
Morocco,Morocco,Morocco,C,https://www.fcratings.com/nations/morocco-129,35,Imrân Louza,https://www.fcratings.com/imran-louza-242794,CM,Watford F.C.,https://www.fcratings.com/clubs/watford-fc-1795,74,60,69,74,75,65,67,https://www.fcratings.com/nations/morocco-129
Morocco,Morocco,Morocco,C,https://www.fcratings.com/nations/morocco-129,36,Ilias Chair,https://www.fcratings.com/ilias-chair-238490,LM,Queens Park Rangers F.C.,https://www.fcratings.com/clubs/queens-park-rangers-fc-15,73,78,66,71,77,32,51,https://www.fcratings.com/nations/morocco-129
Morocco,Morocco,Morocco,C,https://www.fcratings.com/nations/morocco-129,37,Yassine Kechta,https://www.fcratings.com/yassine-kechta-263468,CM,Le Havre AC,https://www.fcratings.com/clubs/le-havre-ac-1738,73,58,60,72,75,67,63,https://www.fcratings.com/nations/morocco-129
Morocco,Morocco,Morocco,C,https://www.fcratings.com/nations/morocco-129,38,Ilyas Chaira,https://www.fcratings.com/ilyas-chaira-262300,LM,Real Oviedo,https://www.fcratings.com/clubs/real-oviedo-110827,73,80,69,69,73,40,63,https://www.fcratings.com/nations/morocco-129
Morocco,Morocco,Morocco,C,https://www.fcratings.com/nations/morocco-129,39,Yanis Begraoui,https://www.fcratings.com/yanis-begraoui-243169,ST,G.D. Estoril Praia,https://www.fcratings.com/clubs/gd-estoril-praia-10020,73,75,72,63,75,32,65,https://www.fcratings.com/nations/morocco-129
Morocco,Morocco,Morocco,C,https://www.fcratings.com/nations/morocco-129,40,Bilal Nadir,https://www.fcratings.com/bilal-nadir-263602,CM,Olympique de Marseille,https://www.fcratings.com/clubs/olympique-de-marseille-219,73,56,64,69,74,61,66,https://www.fcratings.com/nations/morocco-129
Morocco,Morocco,Morocco,C,https://www.fcratings.com/nations/morocco-129,41,Mohamed Ihattaren,https://www.fcratings.com/mohamed-ihattaren-246960,CAM,,,73,57,69,75,76,41,69,https://www.fcratings.com/nations/morocco-129
Morocco,Morocco,Morocco,C,https://www.fcratings.com/nations/morocco-129,42,Samir El Mourabet,https://www.fcratings.com/samir-el-mourabet-279702,CM,RC Strasbourg Alsace,https://www.fcratings.com/clubs/rc-strasbourg-alsace-76,73,60,63,66,73,69,65,https://www.fcratings.com/nations/morocco-129
Morocco,Morocco,Morocco,C,https://www.fcratings.com/nations/morocco-129,43,Abdelhamid Sabiri,https://www.fcratings.com/abdelhamid-sabiri-237499,CAM,ACF Fiorentina,https://www.fcratings.com/clubs/acf-fiorentina-110374,72,59,71,71,75,59,74,https://www.fcratings.com/nations/morocco-129
Morocco,Morocco,Morocco,C,https://www.fcratings.com/nations/morocco-129,44,Maroan Sannadi,https://www.fcratings.com/maroan-sannadi-76945,ST,Athletic club,https://www.fcratings.com/clubs/athletic-club-448,72,69,71,58,67,33,81,https://www.fcratings.com/nations/morocco-129
Morocco,Morocco,Morocco,C,https://www.fcratings.com/nations/morocco-129,45,Youssef El Arabi,https://www.fcratings.com/youssef-el-arabi-194209,ST,FC Nantes,https://www.fcratings.com/clubs/fc-nantes-71,72,53,76,65,70,36,64,https://www.fcratings.com/nations/morocco-129
Morocco,Morocco,Morocco,C,https://www.fcratings.com/nations/morocco-129,46,Walid Cheddira,https://www.fcratings.com/walid-cheddira-268511,ST,US Lecce,https://www.fcratings.com/clubs/us-lecce-347,72,79,72,64,67,41,75,https://www.fcratings.com/nations/morocco-129
Morocco,Morocco,Morocco,C,https://www.fcratings.com/nations/morocco-129,47,Marwane Saadane,https://www.fcratings.com/marwane-saadane-235890,CB,Al Fateh SC,https://www.fcratings.com/clubs/al-fateh-sc-112390,72,54,52,63,62,70,85,https://www.fcratings.com/nations/morocco-129
Morocco,Morocco,Morocco,C,https://www.fcratings.com/nations/morocco-129,48,Sarah Kassi,https://www.fcratings.com/sarah-kassi-264961,CDM,Le Havre AC Women,https://www.fcratings.com/clubs/le-havre-ac-women-116416,72,35,58,66,70,70,67,https://www.fcratings.com/nations/morocco-129
Morocco,Morocco,Morocco,C,https://www.fcratings.com/nations/morocco-129,49,Chadi Riad,https://www.fcratings.com/chadi-riad-258490,CB,Crystal Palace F.C.,https://www.fcratings.com/clubs/crystal-palace-fc-1799,72,60,32,61,61,71,72,https://www.fcratings.com/nations/morocco-129
Morocco,Morocco,Morocco,C,https://www.fcratings.com/nations/morocco-129,50,Couhaib Driouech,https://www.fcratings.com/couhaib-driouech-258753,LW,,,72,92,65,61,75,26,65,https://www.fcratings.com/nations/morocco-129
Scotland,Scotland,Scotland,C,https://www.fcratings.com/nations/scotland-42,1,Scott McTominay,https://www.fcratings.com/scott-mctominay-237238,CM,SSC Napoli,https://www.fcratings.com/clubs/ssc-napoli-48,86,76,83,78,83,80,85,https://www.fcratings.com/nations/scotland-42
Scotland,Scotland,Scotland,C,https://www.fcratings.com/nations/scotland-42,2,Erin Cuthbert,https://www.fcratings.com/erin-cuthbert-245882,CDM,Chelsea F.C. Women,https://www.fcratings.com/clubs/chelsea-fc-women-116010,85,79,80,84,83,80,73,https://www.fcratings.com/nations/scotland-42
Scotland,Scotland,Scotland,C,https://www.fcratings.com/nations/scotland-42,3,Kim Little,https://www.fcratings.com/kim-little-245872,CDM,Arsenal W.F.C.,https://www.fcratings.com/clubs/arsenal-wfc-116009,85,76,75,85,88,78,70,https://www.fcratings.com/nations/scotland-42
Scotland,Scotland,Scotland,C,https://www.fcratings.com/nations/scotland-42,4,Caroline Weir,https://www.fcratings.com/caroline-weir-245879,CAM,Real Madrid Femenino,https://www.fcratings.com/clubs/real-madrid-femenino-116326,85,72,83,84,84,69,69,https://www.fcratings.com/nations/scotland-42
Scotland,Scotland,Scotland,C,https://www.fcratings.com/nations/scotland-42,5,Andrew Robertson,https://www.fcratings.com/andrew-robertson-216267,LB,Liverpool,https://www.fcratings.com/clubs/liverpool-9,81,74,61,79,77,78,74,https://www.fcratings.com/nations/scotland-42
Scotland,Scotland,Scotland,C,https://www.fcratings.com/nations/scotland-42,6,John McGinn,https://www.fcratings.com/john-mcginn-210881,LM,Aston Villa F.C.,https://www.fcratings.com/clubs/aston-villa-fc-2,81,69,77,78,80,77,83,https://www.fcratings.com/nations/scotland-42
Scotland,Scotland,Scotland,C,https://www.fcratings.com/nations/scotland-42,7,Callum McGregor,https://www.fcratings.com/callum-mcgregor-211093,CDM,Celtic F.C.,https://www.fcratings.com/clubs/celtic-fc-78,79,75,76,78,80,72,78,https://www.fcratings.com/nations/scotland-42
Scotland,Scotland,Scotland,C,https://www.fcratings.com/nations/scotland-42,8,Ryan Christie,https://www.fcratings.com/ryan-christie-213884,CDM,AFC Bournemouth,https://www.fcratings.com/clubs/afc-bournemouth-1943,78,69,70,76,77,73,76,https://www.fcratings.com/nations/scotland-42
Scotland,Scotland,Scotland,C,https://www.fcratings.com/nations/scotland-42,9,Lewis Ferguson,https://www.fcratings.com/lewis-ferguson-242280,CM,Bologna FC 1909,https://www.fcratings.com/clubs/bologna-fc-1909-189,78,72,78,75,77,73,76,https://www.fcratings.com/nations/scotland-42
Scotland,Scotland,Scotland,C,https://www.fcratings.com/nations/scotland-42,10,Kirsty Hanson,https://www.fcratings.com/kirsty-hanson-265274,LM,Aston Villa W.F.C.,https://www.fcratings.com/clubs/aston-villa-wfc-116015,78,81,74,77,77,57,72,https://www.fcratings.com/nations/scotland-42
Scotland,Scotland,Scotland,C,https://www.fcratings.com/nations/scotland-42,11,Claire Emslie,https://www.fcratings.com/claire-emslie-243403,RM,Angel City FC,https://www.fcratings.com/clubs/angel-city-fc-116311,78,75,72,79,76,45,68,https://www.fcratings.com/nations/scotland-42
Scotland,Scotland,Scotland,C,https://www.fcratings.com/nations/scotland-42,12,Ché Adams,https://www.fcratings.com/che-adams-226093,ST,Turin,https://www.fcratings.com/clubs/turin-54,78,82,80,64,78,43,72,https://www.fcratings.com/nations/scotland-42
Scotland,Scotland,Scotland,C,https://www.fcratings.com/nations/scotland-42,13,Ryan Gauld,https://www.fcratings.com/ryan-gauld-208919,LW,Vancouver Whitecaps FC,https://www.fcratings.com/clubs/vancouver-whitecaps-fc-101112,77,81,67,77,80,51,54,https://www.fcratings.com/nations/scotland-42
Scotland,Scotland,Scotland,C,https://www.fcratings.com/nations/scotland-42,14,Kieran Tierney,https://www.fcratings.com/kieran-tierney-226491,LB,Celtic F.C.,https://www.fcratings.com/clubs/celtic-fc-78,77,76,60,75,76,75,73,https://www.fcratings.com/nations/scotland-42
Scotland,Scotland,Scotland,C,https://www.fcratings.com/nations/scotland-42,15,Martha Thomas,https://www.fcratings.com/martha-thomas-265277,ST,Tottenham Hotspur F.C. Women,https://www.fcratings.com/clubs/tottenham-hotspur-fc-women-116011,77,77,78,61,77,39,72,https://www.fcratings.com/nations/scotland-42
Scotland,Scotland,Scotland,C,https://www.fcratings.com/nations/scotland-42,16,Lawrence Shankland,https://www.fcratings.com/lawrence-shankland-216218,ST,Heart of Midlothian F.C.,https://www.fcratings.com/clubs/heart-of-midlothian-fc-80,76,63,77,68,75,28,80,https://www.fcratings.com/nations/scotland-42
Scotland,Scotland,Scotland,C,https://www.fcratings.com/nations/scotland-42,17,Lisa Evans,https://www.fcratings.com/lisa-evans-265305,RB,Glasgow City F.C.,https://www.fcratings.com/clubs/glasgow-city-fc-131363,75,77,69,74,77,71,58,https://www.fcratings.com/nations/scotland-42
Scotland,Scotland,Scotland,C,https://www.fcratings.com/nations/scotland-42,18,Rachel McLauchlan,https://www.fcratings.com/rachel-mclauchlan-266393,RB,Brighton & Hove Albion W.F.C.,https://www.fcratings.com/clubs/brighton-hove-albion-wfc-116013,75,75,53,69,69,72,74,https://www.fcratings.com/nations/scotland-42
Scotland,Scotland,Scotland,C,https://www.fcratings.com/nations/scotland-42,19,Lee Gibson,https://www.fcratings.com/lee-gibson-245871,GK,Glasgow City F.C.,https://www.fcratings.com/clubs/glasgow-city-fc-131363,75,76,71,73,77,32,76,https://www.fcratings.com/nations/scotland-42
Scotland,Scotland,Scotland,C,https://www.fcratings.com/nations/scotland-42,20,Scott McKenna,https://www.fcratings.com/scott-mckenna-225974,CB,GNK Dinamo Zagreb,https://www.fcratings.com/clubs/gnk-dinamo-zagreb-211,75,60,32,51,56,76,80,https://www.fcratings.com/nations/scotland-42
Scotland,Scotland,Scotland,C,https://www.fcratings.com/nations/scotland-42,21,Aaron Hickey,https://www.fcratings.com/aaron-hickey-248808,RB,Brentford F.C.,https://www.fcratings.com/clubs/brentford-fc-1925,75,71,56,70,74,74,64,https://www.fcratings.com/nations/scotland-42
Scotland,Scotland,Scotland,C,https://www.fcratings.com/nations/scotland-42,22,Billy Gilmour,https://www.fcratings.com/billy-gilmour-245992,CM,SSC Napoli,https://www.fcratings.com/clubs/ssc-napoli-48,75,60,59,76,77,71,59,https://www.fcratings.com/nations/scotland-42
Scotland,Scotland,Scotland,C,https://www.fcratings.com/nations/scotland-42,23,Jordan Holsgrove,https://www.fcratings.com/jordan-holsgrove-237871,CM,G.D. Estoril Praia,https://www.fcratings.com/clubs/gd-estoril-praia-10020,75,71,65,74,75,66,72,https://www.fcratings.com/nations/scotland-42
Scotland,Scotland,Scotland,C,https://www.fcratings.com/nations/scotland-42,24,Craig Halkett,https://www.fcratings.com/craig-halkett-222045,CB,Heart of Midlothian F.C.,https://www.fcratings.com/clubs/heart-of-midlothian-fc-80,75,54,51,60,62,75,78,https://www.fcratings.com/nations/scotland-42
Scotland,Scotland,Scotland,C,https://www.fcratings.com/nations/scotland-42,25,Tom Cairney,https://www.fcratings.com/tom-cairney-195202,CM,Fulham,https://www.fcratings.com/clubs/fulham-144,74,48,71,76,73,66,62,https://www.fcratings.com/nations/scotland-42
Scotland,Scotland,Scotland,C,https://www.fcratings.com/nations/scotland-42,26,Oli McBurnie,https://www.fcratings.com/oli-mcburnie-220031,ST,Hull City A.F.C.,https://www.fcratings.com/clubs/hull-city-afc-1952,74,61,74,64,71,36,84,https://www.fcratings.com/nations/scotland-42
Scotland,Scotland,Scotland,C,https://www.fcratings.com/nations/scotland-42,27,John Souttar,https://www.fcratings.com/john-souttar-212516,CB,Rangers F.C.,https://www.fcratings.com/clubs/rangers-fc-86,74,73,48,64,72,73,77,https://www.fcratings.com/nations/scotland-42
Scotland,Scotland,Scotland,C,https://www.fcratings.com/nations/scotland-42,28,Stuart Findlay,https://www.fcratings.com/stuart-findlay-227945,CB,Heart of Midlothian F.C.,https://www.fcratings.com/clubs/heart-of-midlothian-fc-80,74,59,41,58,52,75,78,https://www.fcratings.com/nations/scotland-42
Scotland,Scotland,Scotland,C,https://www.fcratings.com/nations/scotland-42,29,Greg Taylor,https://www.fcratings.com/greg-taylor-226508,LB,PAOK FC,https://www.fcratings.com/clubs/paok-fc-393,73,71,55,71,72,70,72,https://www.fcratings.com/nations/scotland-42
Scotland,Scotland,Scotland,C,https://www.fcratings.com/nations/scotland-42,30,Luke McCowan,https://www.fcratings.com/luke-mccowan-262525,CM,Celtic F.C.,https://www.fcratings.com/clubs/celtic-fc-78,73,75,74,72,74,64,67,https://www.fcratings.com/nations/scotland-42
Scotland,Scotland,Scotland,C,https://www.fcratings.com/nations/scotland-42,31,Josh Doig,https://www.fcratings.com/josh-doig-255561,LB,US Sassuolo Calcio,https://www.fcratings.com/clubs/us-sassuolo-calcio-111974,73,79,63,66,70,67,71,https://www.fcratings.com/nations/scotland-42
Scotland,Scotland,Scotland,C,https://www.fcratings.com/nations/scotland-42,32,Oliver Burke,https://www.fcratings.com/oliver-burke-225632,ST,1. FC Union Berlin,https://www.fcratings.com/clubs/1-fc-union-berlin-1831,73,93,70,64,67,41,74,https://www.fcratings.com/nations/scotland-42
Scotland,Scotland,Scotland,C,https://www.fcratings.com/nations/scotland-42,33,Barry Bannan,https://www.fcratings.com/barry-bannan-183540,CM,Millwall F.C.,https://www.fcratings.com/clubs/millwall-fc-97,73,57,63,75,75,60,61,https://www.fcratings.com/nations/scotland-42
Scotland,Scotland,Scotland,C,https://www.fcratings.com/nations/scotland-42,34,Kenny McLean,https://www.fcratings.com/kenny-mclean-201368,CDM,Norwich City F.C.,https://www.fcratings.com/clubs/norwich-city-fc-1792,73,61,67,69,71,67,75,https://www.fcratings.com/nations/scotland-42
Scotland,Scotland,Scotland,C,https://www.fcratings.com/nations/scotland-42,35,Harry Milne,https://www.fcratings.com/harry-milne-77043,LB,Heart of Midlothian F.C.,https://www.fcratings.com/clubs/heart-of-midlothian-fc-80,73,84,27,68,71,67,72,https://www.fcratings.com/nations/scotland-42
Scotland,Scotland,Scotland,C,https://www.fcratings.com/nations/scotland-42,36,Jack Hendry,https://www.fcratings.com/jack-hendry-225316,CB,Al-Ettifaq Club,https://www.fcratings.com/clubs/al-ettifaq-club-112096,72,75,56,65,65,67,82,https://www.fcratings.com/nations/scotland-42
Scotland,Scotland,Scotland,C,https://www.fcratings.com/nations/scotland-42,37,Lewis Morgan,https://www.fcratings.com/lewis-morgan-221908,ST,San Diego FC,https://www.fcratings.com/clubs/san-diego-fc-131439,72,79,74,70,74,55,65,https://www.fcratings.com/nations/scotland-42
Scotland,Scotland,Scotland,C,https://www.fcratings.com/nations/scotland-42,38,Hayley Lauder,https://www.fcratings.com/hayley-lauder-245891,CM,Glasgow City F.C.,https://www.fcratings.com/clubs/glasgow-city-fc-131363,72,71,65,72,72,68,65,https://www.fcratings.com/nations/scotland-42
Scotland,Scotland,Scotland,C,https://www.fcratings.com/nations/scotland-42,39,Connor Barron,https://www.fcratings.com/connor-barron-253970,CDM,Rangers F.C.,https://www.fcratings.com/clubs/rangers-fc-86,72,70,61,72,69,66,75,https://www.fcratings.com/nations/scotland-42
Scotland,Scotland,Scotland,C,https://www.fcratings.com/nations/scotland-42,40,Samantha Kerr,https://www.fcratings.com/samantha-kerr-268488,CDM,Liverpool F.C. Women,https://www.fcratings.com/clubs/liverpool-fc-women-116343,72,65,69,68,75,67,65,https://www.fcratings.com/nations/scotland-42
Scotland,Scotland,Scotland,C,https://www.fcratings.com/nations/scotland-42,41,Lucy Hope,https://www.fcratings.com/lucy-hope-246968,RB,Everton F.C. Women,https://www.fcratings.com/clubs/everton-fc-women-116016,72,61,62,69,72,71,72,https://www.fcratings.com/nations/scotland-42
Scotland,Scotland,Scotland,C,https://www.fcratings.com/nations/scotland-42,42,Angus Gunn,https://www.fcratings.com/angus-gunn-216325,GK,Nottingham Forest F.C.,https://www.fcratings.com/clubs/nottingham-forest-fc-14,72,73,71,70,74,48,70,https://www.fcratings.com/nations/scotland-42
Scotland,Scotland,Scotland,C,https://www.fcratings.com/nations/scotland-42,43,Sandy MacIver,https://www.fcratings.com/sandy-maciver-258979,GK,Washington Spirit,https://www.fcratings.com/clubs/washington-spirit-116304,72,70,72,73,72,35,75,https://www.fcratings.com/nations/scotland-42
Scotland,Scotland,Scotland,C,https://www.fcratings.com/nations/scotland-42,44,Eartha Cumings,https://www.fcratings.com/eartha-cumings-266451,GK,Manchester City W.F.C.,https://www.fcratings.com/clubs/manchester-city-wfc-116017,72,71,69,69,72,41,73,https://www.fcratings.com/nations/scotland-42
Scotland,Scotland,Scotland,C,https://www.fcratings.com/nations/scotland-42,45,James Forrest,https://www.fcratings.com/james-forrest-200630,RW,Celtic F.C.,https://www.fcratings.com/clubs/celtic-fc-78,72,77,69,69,73,49,53,https://www.fcratings.com/nations/scotland-42
Scotland,Scotland,Scotland,C,https://www.fcratings.com/nations/scotland-42,46,George Hirst,https://www.fcratings.com/george-hirst-233602,ST,Ipswich Town F.C.,https://www.fcratings.com/clubs/ipswich-town-fc-94,72,73,71,55,66,43,74,https://www.fcratings.com/nations/scotland-42
Scotland,Scotland,Scotland,C,https://www.fcratings.com/nations/scotland-42,47,Abigail Harrison,https://www.fcratings.com/abigail-harrison-247415,ST,Glasgow City F.C.,https://www.fcratings.com/clubs/glasgow-city-fc-131363,72,74,76,61,71,24,65,https://www.fcratings.com/nations/scotland-42
Scotland,Scotland,Scotland,C,https://www.fcratings.com/nations/scotland-42,48,Andy Irving,https://www.fcratings.com/andy-irving-242271,CM,AC Sparta Prague,https://www.fcratings.com/clubs/ac-sparta-prague-267,72,57,67,73,72,65,73,https://www.fcratings.com/nations/scotland-42
Scotland,Scotland,Scotland,C,https://www.fcratings.com/nations/scotland-42,49,Nathan Patterson,https://www.fcratings.com/nathan-patterson-257896,RB,Everton F.C.,https://www.fcratings.com/clubs/everton-fc-7,71,71,46,63,70,70,68,https://www.fcratings.com/nations/scotland-42
Scotland,Scotland,Scotland,C,https://www.fcratings.com/nations/scotland-42,50,Ryan Porteous,https://www.fcratings.com/ryan-porteous-240439,CB,Los Angeles FC,https://www.fcratings.com/clubs/los-angeles-fc-112996,71,65,42,63,60,69,80,https://www.fcratings.com/nations/scotland-42
Australia,Australia,Australia,D,https://www.fcratings.com/nations/australia-195,1,Sam Kerr,https://www.fcratings.com/sam-kerr-227125,ST,Chelsea F.C. Women,https://www.fcratings.com/clubs/chelsea-fc-women-116010,87,80,87,74,89,42,83,https://www.fcratings.com/nations/australia-195
Australia,Australia,Australia,D,https://www.fcratings.com/nations/australia-195,2,Caitlin Foord,https://www.fcratings.com/caitlin-foord-227110,LM,Arsenal W.F.C.,https://www.fcratings.com/clubs/arsenal-wfc-116009,85,87,77,81,82,45,70,https://www.fcratings.com/nations/australia-195
Australia,Australia,Australia,D,https://www.fcratings.com/nations/australia-195,3,Steph Catley,https://www.fcratings.com/steph-catley-227119,CB,Arsenal W.F.C.,https://www.fcratings.com/clubs/arsenal-wfc-116009,84,81,66,80,80,84,83,https://www.fcratings.com/nations/australia-195
Australia,Australia,Australia,D,https://www.fcratings.com/nations/australia-195,4,Ellie Carpenter,https://www.fcratings.com/ellie-carpenter-240030,RB,Chelsea F.C. Women,https://www.fcratings.com/clubs/chelsea-fc-women-116010,84,82,51,79,77,82,79,https://www.fcratings.com/nations/australia-195
Australia,Australia,Australia,D,https://www.fcratings.com/nations/australia-195,5,Katrina Gorry,https://www.fcratings.com/katrina-gorry-227115,CM,West Ham United F.C. Women,https://www.fcratings.com/clubs/west-ham-united-fc-women-116014,79,75,74,78,80,68,70,https://www.fcratings.com/nations/australia-195
Australia,Australia,Australia,D,https://www.fcratings.com/nations/australia-195,6,Mackenzie Arnold,https://www.fcratings.com/mackenzie-arnold-227925,GK,Portland Thorns FC,https://www.fcratings.com/clubs/portland-thorns-fc-116302,79,78,73,77,81,51,78,https://www.fcratings.com/nations/australia-195
Australia,Australia,Australia,D,https://www.fcratings.com/nations/australia-195,7,Mary Fowler,https://www.fcratings.com/mary-fowler-248799,RW,Manchester City W.F.C.,https://www.fcratings.com/clubs/manchester-city-wfc-116017,79,80,77,73,81,47,62,https://www.fcratings.com/nations/australia-195
Australia,Australia,Australia,D,https://www.fcratings.com/nations/australia-195,8,Alanna Kennedy,https://www.fcratings.com/alanna-kennedy-227109,CDM,London City Lionesses,https://www.fcratings.com/clubs/london-city-lionesses-132176,79,44,46,70,64,79,75,https://www.fcratings.com/nations/australia-195
Australia,Australia,Australia,D,https://www.fcratings.com/nations/australia-195,9,Clare Hunt,https://www.fcratings.com/clare-hunt-274644,CB,Tottenham Hotspur F.C. Women,https://www.fcratings.com/clubs/tottenham-hotspur-fc-women-116011,78,63,45,61,63,79,74,https://www.fcratings.com/nations/australia-195
Australia,Australia,Australia,D,https://www.fcratings.com/nations/australia-195,10,Kyra Cooney-Cross,https://www.fcratings.com/kyra-cooney-cross-262866,CDM,Arsenal W.F.C.,https://www.fcratings.com/clubs/arsenal-wfc-116009,77,75,75,77,76,70,71,https://www.fcratings.com/nations/australia-195
Australia,Australia,Australia,D,https://www.fcratings.com/nations/australia-195,11,Hayley Raso,https://www.fcratings.com/hayley-raso-227137,RM,Eintracht Frankfurt Women,https://www.fcratings.com/clubs/eintracht-frankfurt-women-115997,76,90,70,67,80,34,60,https://www.fcratings.com/nations/australia-195
Australia,Australia,Australia,D,https://www.fcratings.com/nations/australia-195,12,Jackson Irvine,https://www.fcratings.com/jackson-irvine-211378,CM,FC St. Pauli,https://www.fcratings.com/clubs/fc-st-pauli-110329,74,66,68,71,70,72,80,https://www.fcratings.com/nations/australia-195
Australia,Australia,Australia,D,https://www.fcratings.com/nations/australia-195,13,Sharn Freier,https://www.fcratings.com/sharn-freier-79446,LW,VfL Wolfsburg Women,https://www.fcratings.com/clubs/vfl-wolfsburg-women-115998,74,83,68,70,76,35,59,https://www.fcratings.com/nations/australia-195
Australia,Australia,Australia,D,https://www.fcratings.com/nations/australia-195,14,Cortnee Vine,https://www.fcratings.com/cortnee-vine-266240,LW,North Carolina Courage,https://www.fcratings.com/clubs/north-carolina-courage-116303,74,79,67,66,76,33,45,https://www.fcratings.com/nations/australia-195
Australia,Australia,Australia,D,https://www.fcratings.com/nations/australia-195,15,Cameron Devlin,https://www.fcratings.com/cameron-devlin-246006,CDM,Heart of Midlothian F.C.,https://www.fcratings.com/clubs/heart-of-midlothian-fc-80,74,68,53,65,73,70,72,https://www.fcratings.com/nations/australia-195
Australia,Australia,Australia,D,https://www.fcratings.com/nations/australia-195,16,Jordan Bos,https://www.fcratings.com/jordan-bos-260521,LB,,,74,87,65,68,73,67,79,https://www.fcratings.com/nations/australia-195
Australia,Australia,Australia,D,https://www.fcratings.com/nations/australia-195,17,Teagan Micah,https://www.fcratings.com/teagan-micah-248751,GK,OL Lyonnes,https://www.fcratings.com/clubs/ol-lyonnes-116033,73,71,72,76,73,30,73,https://www.fcratings.com/nations/australia-195
Australia,Australia,Australia,D,https://www.fcratings.com/nations/australia-195,18,Cameron Burgess,https://www.fcratings.com/cameron-burgess-216744,CB,Swansea City A.F.C.,https://www.fcratings.com/clubs/swansea-city-afc-1960,73,48,37,57,54,73,80,https://www.fcratings.com/nations/australia-195
Australia,Australia,Australia,D,https://www.fcratings.com/nations/australia-195,19,Harry Souttar,https://www.fcratings.com/harry-souttar-229901,CB,Leicester City F.C.,https://www.fcratings.com/clubs/leicester-city-fc-95,72,46,28,51,54,72,75,https://www.fcratings.com/nations/australia-195
Australia,Australia,Australia,D,https://www.fcratings.com/nations/australia-195,20,Riley McGree,https://www.fcratings.com/riley-mcgree-233487,LM,Middlesbrough F.C.,https://www.fcratings.com/clubs/middlesbrough-fc-12,72,78,67,69,73,63,73,https://www.fcratings.com/nations/australia-195
Australia,Australia,Australia,D,https://www.fcratings.com/nations/australia-195,21,Massimo Luongo,https://www.fcratings.com/massimo-luongo-205347,CDM,Millwall F.C.,https://www.fcratings.com/clubs/millwall-fc-97,72,52,65,67,69,70,71,https://www.fcratings.com/nations/australia-195
Australia,Australia,Australia,D,https://www.fcratings.com/nations/australia-195,22,Alessandro Circati,https://www.fcratings.com/alessandro-circati-268913,CB,Parma Calcio 1913,https://www.fcratings.com/clubs/parma-calcio-1913-50,72,59,35,53,49,72,77,https://www.fcratings.com/nations/australia-195
Australia,Australia,Australia,D,https://www.fcratings.com/nations/australia-195,23,Paul Izzo,https://www.fcratings.com/paul-izzo-204424,GK,Randers FC,https://www.fcratings.com/clubs/randers-fc-1786,72,73,70,69,73,55,71,https://www.fcratings.com/nations/australia-195
Australia,Australia,Australia,D,https://www.fcratings.com/nations/australia-195,24,Martin Boyle,https://www.fcratings.com/martin-boyle-211221,ST,Hibernian F.C.,https://www.fcratings.com/clubs/hibernian-fc-81,71,88,73,65,74,42,58,https://www.fcratings.com/nations/australia-195
Australia,Australia,Australia,D,https://www.fcratings.com/nations/australia-195,25,Clare Wheeler,https://www.fcratings.com/clare-wheeler-264831,CM,Everton F.C. Women,https://www.fcratings.com/clubs/everton-fc-women-116016,71,62,61,68,69,69,64,https://www.fcratings.com/nations/australia-195
Australia,Australia,Australia,D,https://www.fcratings.com/nations/australia-195,26,Jamie Maclaren,https://www.fcratings.com/jamie-maclaren-212232,ST,Mohun Bagan Super Giant,https://www.fcratings.com/clubs/mohun-bagan-super-giant-113146,71,77,70,61,69,35,70,https://www.fcratings.com/nations/australia-195
Australia,Australia,Australia,D,https://www.fcratings.com/nations/australia-195,27,Craig Goodwin,https://www.fcratings.com/craig-goodwin-209888,LM,,,70,79,70,68,69,55,72,https://www.fcratings.com/nations/australia-195
Australia,Australia,Australia,D,https://www.fcratings.com/nations/australia-195,28,Alex Grant,https://www.fcratings.com/alex-grant-209210,CB,,,70,53,46,53,56,69,83,https://www.fcratings.com/nations/australia-195
Australia,Australia,Australia,D,https://www.fcratings.com/nations/australia-195,29,Kye Rowles,https://www.fcratings.com/kye-rowles-233931,CB,D.C. United,https://www.fcratings.com/clubs/dc-united-688,70,64,24,46,47,71,75,https://www.fcratings.com/nations/australia-195
Australia,Australia,Australia,D,https://www.fcratings.com/nations/australia-195,30,Mathew Leckie,https://www.fcratings.com/mathew-leckie-195033,CM,,,70,77,68,68,73,63,76,https://www.fcratings.com/nations/australia-195
Australia,Australia,Australia,D,https://www.fcratings.com/nations/australia-195,31,Aiden O'Neill,https://www.fcratings.com/aiden-oneill-230888,CDM,New York City FC,https://www.fcratings.com/clubs/new-york-city-fc-112828,70,76,61,65,68,66,77,https://www.fcratings.com/nations/australia-195
Australia,Australia,Australia,D,https://www.fcratings.com/nations/australia-195,32,Charlotte Grant,https://www.fcratings.com/charlotte-grant-262868,RB,Tottenham Hotspur F.C. Women,https://www.fcratings.com/clubs/tottenham-hotspur-fc-women-116011,70,69,46,63,62,68,65,https://www.fcratings.com/nations/australia-195
Australia,Australia,Australia,D,https://www.fcratings.com/nations/australia-195,33,Anthony Carter,https://www.fcratings.com/anthony-carter-271522,ST,C.D. Santa Clara,https://www.fcratings.com/clubs/cd-santa-clara-1438,70,65,68,47,66,26,76,https://www.fcratings.com/nations/australia-195
Australia,Australia,Australia,D,https://www.fcratings.com/nations/australia-195,34,Nicolas Milanović,https://www.fcratings.com/nicolas-milanovic-257326,LM,Aberdeen F.C.,https://www.fcratings.com/clubs/aberdeen-fc-77,69,85,65,60,70,36,72,https://www.fcratings.com/nations/australia-195
Australia,Australia,Australia,D,https://www.fcratings.com/nations/australia-195,35,Nick D'Agostino,https://www.fcratings.com/nick-dagostino-231582,ST,Viking FK,https://www.fcratings.com/clubs/viking-fk-300,69,84,66,61,68,43,80,https://www.fcratings.com/nations/australia-195
Australia,Australia,Australia,D,https://www.fcratings.com/nations/australia-195,36,Anthony Caceres,https://www.fcratings.com/anthony-caceres-209886,CAM,,,69,69,65,70,71,58,75,https://www.fcratings.com/nations/australia-195
Australia,Australia,Australia,D,https://www.fcratings.com/nations/australia-195,37,Connor Metcalfe,https://www.fcratings.com/connor-metcalfe-240648,CM,FC St. Pauli,https://www.fcratings.com/clubs/fc-st-pauli-110329,69,72,60,66,70,62,75,https://www.fcratings.com/nations/australia-195
Australia,Australia,Australia,D,https://www.fcratings.com/nations/australia-195,38,Ryan Williams,https://www.fcratings.com/ryan-williams-204882,RW,Bengaluru FC,https://www.fcratings.com/clubs/bengaluru-fc-113302,69,80,67,63,71,50,66,https://www.fcratings.com/nations/australia-195
Australia,Australia,Australia,D,https://www.fcratings.com/nations/australia-195,39,Kaitlyn Torpey,https://www.fcratings.com/kaitlyn-torpey-71489,RB,Portland Thorns FC,https://www.fcratings.com/clubs/portland-thorns-fc-116302,69,65,60,66,67,68,69,https://www.fcratings.com/nations/australia-195
Australia,Australia,Australia,D,https://www.fcratings.com/nations/australia-195,40,Ryan Teague,https://www.fcratings.com/ryan-teague-246007,CDM,KV Mechelen,https://www.fcratings.com/clubs/kv-mechelen-110724,69,58,56,62,66,63,81,https://www.fcratings.com/nations/australia-195
Australia,Australia,Australia,D,https://www.fcratings.com/nations/australia-195,41,Charlize Rule,https://www.fcratings.com/charlize-rule-265691,RB,Brighton & Hove Albion W.F.C.,https://www.fcratings.com/clubs/brighton-hove-albion-wfc-116013,69,76,55,58,64,68,63,https://www.fcratings.com/nations/australia-195
Australia,Australia,Australia,D,https://www.fcratings.com/nations/australia-195,42,Kai Trewin,https://www.fcratings.com/kai-trewin-252700,CB,New York City FC,https://www.fcratings.com/clubs/new-york-city-fc-112828,69,66,43,58,59,69,79,https://www.fcratings.com/nations/australia-195
Australia,Australia,Australia,D,https://www.fcratings.com/nations/australia-195,43,Gianni Stensness,https://www.fcratings.com/gianni-stensness-247754,CB,Viking FK,https://www.fcratings.com/clubs/viking-fk-300,69,67,42,57,60,66,80,https://www.fcratings.com/nations/australia-195
Australia,Australia,Australia,D,https://www.fcratings.com/nations/australia-195,44,Jamilla Rankin,https://www.fcratings.com/jamilla-rankin-264830,LB,TSG 1899 Hoffenheim Women,https://www.fcratings.com/clubs/tsg-1899-hoffenheim-women-115999,69,71,34,58,56,67,55,https://www.fcratings.com/nations/australia-195
Australia,Australia,Australia,D,https://www.fcratings.com/nations/australia-195,45,Mohamed Touré,https://www.fcratings.com/mohamed-toure-255767,ST,Norwich City F.C.,https://www.fcratings.com/clubs/norwich-city-fc-1792,69,88,67,57,66,33,73,https://www.fcratings.com/nations/australia-195
Australia,Australia,Australia,D,https://www.fcratings.com/nations/australia-195,46,Nestory Irankunda,https://www.fcratings.com/nestory-irankunda-266245,RM,Watford F.C.,https://www.fcratings.com/clubs/watford-fc-1795,69,92,72,63,72,43,74,https://www.fcratings.com/nations/australia-195
Australia,Australia,Australia,D,https://www.fcratings.com/nations/australia-195,47,Callum Elder,https://www.fcratings.com/callum-elder-215412,LB,Derby County F.C.,https://www.fcratings.com/clubs/derby-county-fc-91,69,63,45,64,64,65,71,https://www.fcratings.com/nations/australia-195
Australia,Australia,Australia,D,https://www.fcratings.com/nations/australia-195,48,Brandon Borrello,https://www.fcratings.com/brandon-borrello-220708,ST,,,68,73,69,65,70,43,76,https://www.fcratings.com/nations/australia-195
Australia,Australia,Australia,D,https://www.fcratings.com/nations/australia-195,49,Daniel Arzani,https://www.fcratings.com/daniel-arzani-234867,RM,Ferencvárosi TC,https://www.fcratings.com/clubs/ferencvarosi-tc-1874,68,93,60,60,73,34,73,https://www.fcratings.com/nations/australia-195
Australia,Australia,Australia,D,https://www.fcratings.com/nations/australia-195,50,Adam Taggart,https://www.fcratings.com/adam-taggart-202676,ST,,,68,80,67,63,68,38,72,https://www.fcratings.com/nations/australia-195
Paraguay,Paraguay,Paraguay,D,https://www.fcratings.com/nations/paraguay-58,1,Omar Alderete,https://www.fcratings.com/omar-alderete-240359,CB,Sunderland A.F.C.,https://www.fcratings.com/clubs/sunderland-afc-106,80,60,61,62,69,81,80,https://www.fcratings.com/nations/paraguay-58
Paraguay,Paraguay,Paraguay,D,https://www.fcratings.com/nations/paraguay-58,2,Kaku,https://www.fcratings.com/kaku-226376,CAM,Al Ain FC,https://www.fcratings.com/clubs/al-ain-fc-111701,79,81,74,81,80,52,65,https://www.fcratings.com/nations/paraguay-58
Paraguay,Paraguay,Paraguay,D,https://www.fcratings.com/nations/paraguay-58,3,Diego Gómez,https://www.fcratings.com/diego-gomez-269278,CM,Brighton & Hove Albion F.C.,https://www.fcratings.com/clubs/brighton-hove-albion-fc-1808,77,72,76,75,77,72,76,https://www.fcratings.com/nations/paraguay-58
Paraguay,Paraguay,Paraguay,D,https://www.fcratings.com/nations/paraguay-58,4,Miguel Almirón,https://www.fcratings.com/miguel-almiron-230977,RW,Atlanta United FC,https://www.fcratings.com/clubs/atlanta-united-fc-112885,76,85,72,69,79,57,63,https://www.fcratings.com/nations/paraguay-58
Paraguay,Paraguay,Paraguay,D,https://www.fcratings.com/nations/paraguay-58,5,Antonio Sanabria,https://www.fcratings.com/antonio-sanabria-219932,ST,US Cremonese,https://www.fcratings.com/clubs/us-cremonese-111434,75,75,75,68,78,32,57,https://www.fcratings.com/nations/paraguay-58
Paraguay,Paraguay,Paraguay,D,https://www.fcratings.com/nations/paraguay-58,6,Alex Arce,https://www.fcratings.com/alex-arce-273843,ST,Independiente Rivadavia,https://www.fcratings.com/clubs/independiente-rivadavia-111020,75,61,78,51,71,23,74,https://www.fcratings.com/nations/paraguay-58
Paraguay,Paraguay,Paraguay,D,https://www.fcratings.com/nations/paraguay-58,7,Julio César Enciso,https://www.fcratings.com/julio-cesar-enciso-255434,CAM,RC Strasbourg Alsace,https://www.fcratings.com/clubs/rc-strasbourg-alsace-76,75,74,74,70,79,33,51,https://www.fcratings.com/nations/paraguay-58
Paraguay,Paraguay,Paraguay,D,https://www.fcratings.com/nations/paraguay-58,8,Richard Sánchez,https://www.fcratings.com/richard-sanchez-248872,CM,Racing Club de Avellaneda,https://www.fcratings.com/clubs/racing-club-de-avellaneda-101085,74,75,68,73,75,71,77,https://www.fcratings.com/nations/paraguay-58
Paraguay,Paraguay,Paraguay,D,https://www.fcratings.com/nations/paraguay-58,9,Gabriel Ávalos,https://www.fcratings.com/gabriel-avalos-226286,ST,Club Atlético Independiente,https://www.fcratings.com/clubs/club-atletico-independiente-110093,74,67,71,63,73,45,82,https://www.fcratings.com/nations/paraguay-58
Paraguay,Paraguay,Paraguay,D,https://www.fcratings.com/nations/paraguay-58,10,Lice Chamorro,https://www.fcratings.com/lice-chamorro-272266,ST,FC Badalona Women,https://www.fcratings.com/clubs/fc-badalona-women-131125,74,80,74,65,72,46,78,https://www.fcratings.com/nations/paraguay-58
Paraguay,Paraguay,Paraguay,D,https://www.fcratings.com/nations/paraguay-58,11,Andrés Cubas,https://www.fcratings.com/andres-cubas-222429,CDM,Vancouver Whitecaps FC,https://www.fcratings.com/clubs/vancouver-whitecaps-fc-101112,74,69,47,66,71,73,56,https://www.fcratings.com/nations/paraguay-58
Paraguay,Paraguay,Paraguay,D,https://www.fcratings.com/nations/paraguay-58,12,Lorenzo Melgarejo,https://www.fcratings.com/lorenzo-melgarejo-204699,LW,,,73,78,75,69,74,56,67,https://www.fcratings.com/nations/paraguay-58
Paraguay,Paraguay,Paraguay,D,https://www.fcratings.com/nations/paraguay-58,13,Matías Rojas,https://www.fcratings.com/matias-rojas-237183,RW,Portland Timbers,https://www.fcratings.com/clubs/portland-timbers-111140,73,70,75,74,77,56,63,https://www.fcratings.com/nations/paraguay-58
Paraguay,Paraguay,Paraguay,D,https://www.fcratings.com/nations/paraguay-58,14,Cecilio Domínguez,https://www.fcratings.com/cecilio-dominguez-225878,LM,,,73,79,71,69,74,44,70,https://www.fcratings.com/nations/paraguay-58
Paraguay,Paraguay,Paraguay,D,https://www.fcratings.com/nations/paraguay-58,15,Agustín Sández,https://www.fcratings.com/agustin-sandez-263518,LB,Rosario Central,https://www.fcratings.com/clubs/rosario-central-110580,73,81,44,59,63,70,84,https://www.fcratings.com/nations/paraguay-58
Paraguay,Paraguay,Paraguay,D,https://www.fcratings.com/nations/paraguay-58,16,Gustavo Velázquez,https://www.fcratings.com/gustavo-velazquez-246696,CB,,,73,74,31,47,55,72,78,https://www.fcratings.com/nations/paraguay-58
Paraguay,Paraguay,Paraguay,D,https://www.fcratings.com/nations/paraguay-58,17,José Florentín,https://www.fcratings.com/jose-florentin-253249,CM,Independiente Rivadavia,https://www.fcratings.com/clubs/independiente-rivadavia-111020,73,66,67,65,67,69,78,https://www.fcratings.com/nations/paraguay-58
Paraguay,Paraguay,Paraguay,D,https://www.fcratings.com/nations/paraguay-58,18,Juan Iturbe,https://www.fcratings.com/juan-iturbe-199151,RM,,,73,84,76,67,76,31,67,https://www.fcratings.com/nations/paraguay-58
Paraguay,Paraguay,Paraguay,D,https://www.fcratings.com/nations/paraguay-58,19,Diego Viera,https://www.fcratings.com/diego-viera-227550,CB,,,72,30,27,42,46,72,81,https://www.fcratings.com/nations/paraguay-58
Paraguay,Paraguay,Paraguay,D,https://www.fcratings.com/nations/paraguay-58,20,Santiago Arzamendia,https://www.fcratings.com/santiago-arzamendia-248053,LB,Estudiantes de La Plata,https://www.fcratings.com/clubs/estudiantes-de-la-plata-101083,72,81,66,67,72,67,74,https://www.fcratings.com/nations/paraguay-58
Paraguay,Paraguay,Paraguay,D,https://www.fcratings.com/nations/paraguay-58,21,Carlos González,https://www.fcratings.com/carlos-gonzalez-227394,ST,Newell’s Old Boys,https://www.fcratings.com/clubs/newells-old-boys-110396,72,62,72,54,66,35,75,https://www.fcratings.com/nations/paraguay-58
Paraguay,Paraguay,Paraguay,D,https://www.fcratings.com/nations/paraguay-58,22,Carlos Miguel Coronel,https://www.fcratings.com/carlos-miguel-coronel-242084,GK,New York Red Bulls,https://www.fcratings.com/clubs/new-york-red-bulls-689,72,71,70,73,73,39,71,https://www.fcratings.com/nations/paraguay-58
Paraguay,Paraguay,Paraguay,D,https://www.fcratings.com/nations/paraguay-58,23,Iván Leguizamón,https://www.fcratings.com/ivan-leguizamon-267784,LW,,,72,88,64,66,70,36,60,https://www.fcratings.com/nations/paraguay-58
Paraguay,Paraguay,Paraguay,D,https://www.fcratings.com/nations/paraguay-58,24,Williams Riveros,https://www.fcratings.com/williams-riveros-240138,CB,,,72,49,39,50,52,73,78,https://www.fcratings.com/nations/paraguay-58
Paraguay,Paraguay,Paraguay,D,https://www.fcratings.com/nations/paraguay-58,25,Blás Riveros,https://www.fcratings.com/blas-riveros-233476,LB,,,72,80,53,69,74,66,70,https://www.fcratings.com/nations/paraguay-58
Paraguay,Paraguay,Paraguay,D,https://www.fcratings.com/nations/paraguay-58,26,Derlis González,https://www.fcratings.com/derlis-gonzalez-209523,ST,,,71,77,71,68,73,45,60,https://www.fcratings.com/nations/paraguay-58
Paraguay,Paraguay,Paraguay,D,https://www.fcratings.com/nations/paraguay-58,27,Matías Espinoza,https://www.fcratings.com/matias-espinoza-253239,LB,,,71,76,45,63,64,66,69,https://www.fcratings.com/nations/paraguay-58
Paraguay,Paraguay,Paraguay,D,https://www.fcratings.com/nations/paraguay-58,28,Jessica Martínez,https://www.fcratings.com/jessica-martinez-272046,ST,FC Badalona Women,https://www.fcratings.com/clubs/fc-badalona-women-131125,71,63,76,69,70,46,72,https://www.fcratings.com/nations/paraguay-58
Paraguay,Paraguay,Paraguay,D,https://www.fcratings.com/nations/paraguay-58,29,Óscar Cardozo,https://www.fcratings.com/oscar-cardozo-179752,ST,,,71,37,77,64,63,27,66,https://www.fcratings.com/nations/paraguay-58
Paraguay,Paraguay,Paraguay,D,https://www.fcratings.com/nations/paraguay-58,30,Matías Galarza,https://www.fcratings.com/matias-galarza-278020,CM,Atlanta United FC,https://www.fcratings.com/clubs/atlanta-united-fc-112885,70,79,69,63,74,67,78,https://www.fcratings.com/nations/paraguay-58
Paraguay,Paraguay,Paraguay,D,https://www.fcratings.com/nations/paraguay-58,31,Juan Espínola,https://www.fcratings.com/juan-espinola-254714,GK,Barracas Central,https://www.fcratings.com/clubs/barracas-central-113044,70,71,70,69,70,40,71,https://www.fcratings.com/nations/paraguay-58
Paraguay,Paraguay,Paraguay,D,https://www.fcratings.com/nations/paraguay-58,32,Álvaro Campuzano,https://www.fcratings.com/alvaro-campuzano-259410,CDM,,,70,71,47,58,64,65,83,https://www.fcratings.com/nations/paraguay-58
Paraguay,Paraguay,Paraguay,D,https://www.fcratings.com/nations/paraguay-58,33,Richard Ortiz,https://www.fcratings.com/richard-ortiz-216385,CDM,,,70,73,68,67,70,65,81,https://www.fcratings.com/nations/paraguay-58
Paraguay,Paraguay,Paraguay,D,https://www.fcratings.com/nations/paraguay-58,34,Rodney Redes,https://www.fcratings.com/rodney-redes-253250,RW,,,70,83,65,64,71,45,61,https://www.fcratings.com/nations/paraguay-58
Paraguay,Paraguay,Paraguay,D,https://www.fcratings.com/nations/paraguay-58,35,Fernando Fernández,https://www.fcratings.com/fernando-fernandez-228748,ST,,,70,64,71,57,65,31,65,https://www.fcratings.com/nations/paraguay-58
Paraguay,Paraguay,Paraguay,D,https://www.fcratings.com/nations/paraguay-58,36,Jorge Morel,https://www.fcratings.com/jorge-morel-253251,CB,,,70,67,59,61,60,68,78,https://www.fcratings.com/nations/paraguay-58
Paraguay,Paraguay,Paraguay,D,https://www.fcratings.com/nations/paraguay-58,37,Junior Marabel,https://www.fcratings.com/junior-marabel-260030,ST,Club Atlético Sarmiento,https://www.fcratings.com/clubs/club-atletico-sarmiento-112713,70,65,75,48,64,31,77,https://www.fcratings.com/nations/paraguay-58
Paraguay,Paraguay,Paraguay,D,https://www.fcratings.com/nations/paraguay-58,38,José Canale,https://www.fcratings.com/jose-canale-253238,CB,Club Atlético Lanús,https://www.fcratings.com/clubs/club-atletico-lanus-110395,70,64,32,49,49,70,74,https://www.fcratings.com/nations/paraguay-58
Paraguay,Paraguay,Paraguay,D,https://www.fcratings.com/nations/paraguay-58,39,Enzo Giménez,https://www.fcratings.com/enzo-gimenez-260138,RB,Rosario Central,https://www.fcratings.com/clubs/rosario-central-110580,70,78,57,65,67,64,62,https://www.fcratings.com/nations/paraguay-58
Paraguay,Paraguay,Paraguay,D,https://www.fcratings.com/nations/paraguay-58,40,Ronaldo Dejesús,https://www.fcratings.com/ronaldo-dejesus-268431,CB,Club Atlético Lanús,https://www.fcratings.com/clubs/club-atletico-lanus-110395,70,55,38,49,48,71,71,https://www.fcratings.com/nations/paraguay-58
Paraguay,Paraguay,Paraguay,D,https://www.fcratings.com/nations/paraguay-58,41,Alcides Benítez,https://www.fcratings.com/alcides-benitez-71546,RM,Club Atlético Belgrano,https://www.fcratings.com/clubs/club-atletico-belgrano-111022,70,89,46,58,73,63,59,https://www.fcratings.com/nations/paraguay-58
Paraguay,Paraguay,Paraguay,D,https://www.fcratings.com/nations/paraguay-58,42,Robert Rojas,https://www.fcratings.com/robert-rojas-246914,RB,,,69,75,57,63,63,67,74,https://www.fcratings.com/nations/paraguay-58
Paraguay,Paraguay,Paraguay,D,https://www.fcratings.com/nations/paraguay-58,43,Iván Ramírez,https://www.fcratings.com/ivan-ramirez-244946,RB,,,69,69,48,68,66,65,69,https://www.fcratings.com/nations/paraguay-58
Paraguay,Paraguay,Paraguay,D,https://www.fcratings.com/nations/paraguay-58,44,Iván Franco,https://www.fcratings.com/ivan-franco-253240,RW,,,69,81,65,64,70,36,61,https://www.fcratings.com/nations/paraguay-58
Paraguay,Paraguay,Paraguay,D,https://www.fcratings.com/nations/paraguay-58,45,Rodrigo Morínigo,https://www.fcratings.com/rodrigo-morinigo-256156,GK,,,69,68,68,64,70,29,68,https://www.fcratings.com/nations/paraguay-58
Paraguay,Paraguay,Paraguay,D,https://www.fcratings.com/nations/paraguay-58,46,Saúl Salcedo,https://www.fcratings.com/saul-salcedo-228730,CB,Newell’s Old Boys,https://www.fcratings.com/clubs/newells-old-boys-110396,69,54,33,47,54,69,75,https://www.fcratings.com/nations/paraguay-58
Paraguay,Paraguay,Paraguay,D,https://www.fcratings.com/nations/paraguay-58,47,Gastón Giménez,https://www.fcratings.com/gaston-gimenez-227772,CDM,,,69,61,59,67,68,64,77,https://www.fcratings.com/nations/paraguay-58
Paraguay,Paraguay,Paraguay,D,https://www.fcratings.com/nations/paraguay-58,48,Braian Ojeda,https://www.fcratings.com/braian-ojeda-248870,CDM,Orlando City SC,https://www.fcratings.com/clubs/orlando-city-sc-112606,69,67,54,63,71,64,73,https://www.fcratings.com/nations/paraguay-58
Paraguay,Paraguay,Paraguay,D,https://www.fcratings.com/nations/paraguay-58,49,Lucas Sanabria,https://www.fcratings.com/lucas-sanabria-255436,CAM,,,69,67,56,70,69,56,58,https://www.fcratings.com/nations/paraguay-58
Paraguay,Paraguay,Paraguay,D,https://www.fcratings.com/nations/paraguay-58,50,Juan Escobar,https://www.fcratings.com/juan-escobar-247881,RB,Godoy Cruz Antonio Tomba,https://www.fcratings.com/clubs/godoy-cruz-antonio-tomba-111706,69,74,61,62,69,67,76,https://www.fcratings.com/nations/paraguay-58
Turkey,Turkey,Turkey,D,https://www.fcratings.com/nations/turkey-48,1,Hakan Çalhanoğlu,https://www.fcratings.com/hakan-calhanoglu-208128,CDM,Brescia Calcio,https://www.fcratings.com/clubs/brescia-calcio-131682,86,71,81,87,82,80,73,https://www.fcratings.com/nations/turkey-48
Turkey,Turkey,Turkey,D,https://www.fcratings.com/nations/turkey-48,2,Arda Güler,https://www.fcratings.com/arda-guler-264309,RM,Real Madrid CF,https://www.fcratings.com/clubs/real-madrid-cf-243,83,77,79,85,84,55,57,https://www.fcratings.com/nations/turkey-48
Turkey,Turkey,Turkey,D,https://www.fcratings.com/nations/turkey-48,3,Orkun Kökçü,https://www.fcratings.com/orkun-kokcu-243245,CM,Beşiktaş J.K.,https://www.fcratings.com/clubs/besiktas-jk-327,82,72,80,84,80,70,79,https://www.fcratings.com/nations/turkey-48
Turkey,Turkey,Turkey,D,https://www.fcratings.com/nations/turkey-48,4,Kenan Yıldız,https://www.fcratings.com/kenan-y-ld-z-277954,CAM,Juventus FC,https://www.fcratings.com/clubs/juventus-fc-45,82,84,79,77,85,51,66,https://www.fcratings.com/nations/turkey-48
Turkey,Turkey,Turkey,D,https://www.fcratings.com/nations/turkey-48,5,Barış Alper Yılmaz,https://www.fcratings.com/bar-s-alper-y-lmaz-263205,LM,Galatasaray S.K.,https://www.fcratings.com/clubs/galatasaray-sk-325,80,93,75,72,80,69,90,https://www.fcratings.com/nations/turkey-48
Turkey,Turkey,Turkey,D,https://www.fcratings.com/nations/turkey-48,6,Uğurcan Çakır,https://www.fcratings.com/ugurcan-cak-r-226300,GK,Galatasaray S.K.,https://www.fcratings.com/clubs/galatasaray-sk-325,80,80,76,81,82,54,80,https://www.fcratings.com/nations/turkey-48
Turkey,Turkey,Turkey,D,https://www.fcratings.com/nations/turkey-48,7,Abdülkerim Bardakcı,https://www.fcratings.com/abdulkerim-bardakc-229905,CB,Galatasaray S.K.,https://www.fcratings.com/clubs/galatasaray-sk-325,80,58,50,70,69,81,85,https://www.fcratings.com/nations/turkey-48
Turkey,Turkey,Turkey,D,https://www.fcratings.com/nations/turkey-48,8,Kerem Aktürkoğlu,https://www.fcratings.com/kerem-akturkoglu-258580,LW,Fenerbahçe S.K.,https://www.fcratings.com/clubs/fenerbahce-sk-326,79,85,76,76,80,42,58,https://www.fcratings.com/nations/turkey-48
Turkey,Turkey,Turkey,D,https://www.fcratings.com/nations/turkey-48,9,Ferdi Kadıoğlu,https://www.fcratings.com/ferdi-kad-oglu-235152,RB,Brighton & Hove Albion F.C.,https://www.fcratings.com/clubs/brighton-hove-albion-fc-1808,79,84,68,74,80,76,65,https://www.fcratings.com/nations/turkey-48
Turkey,Turkey,Turkey,D,https://www.fcratings.com/nations/turkey-48,10,Yunus Akgün,https://www.fcratings.com/yunus-akgun-239892,RM,Galatasaray S.K.,https://www.fcratings.com/clubs/galatasaray-sk-325,79,85,76,76,82,37,57,https://www.fcratings.com/nations/turkey-48
Turkey,Turkey,Turkey,D,https://www.fcratings.com/nations/turkey-48,11,Merih Demiral,https://www.fcratings.com/merih-demiral-238160,CB,Al-Ahli Saudi FC,https://www.fcratings.com/clubs/al-ahli-saudi-fc-112387,79,70,41,52,60,80,81,https://www.fcratings.com/nations/turkey-48
Turkey,Turkey,Turkey,D,https://www.fcratings.com/nations/turkey-48,12,Berke Özer,https://www.fcratings.com/berke-ozer-239254,GK,Lille OSC,https://www.fcratings.com/clubs/lille-osc-65,78,78,73,71,80,44,78,https://www.fcratings.com/nations/turkey-48
Turkey,Turkey,Turkey,D,https://www.fcratings.com/nations/turkey-48,13,Zeki Çelik,https://www.fcratings.com/zeki-celik-224490,RB,AS Roma,https://www.fcratings.com/clubs/as-roma-52,78,72,59,71,75,75,76,https://www.fcratings.com/nations/turkey-48
Turkey,Turkey,Turkey,D,https://www.fcratings.com/nations/turkey-48,14,Can Uzun,https://www.fcratings.com/can-uzun-275328,CAM,Eintracht Frankfurt,https://www.fcratings.com/clubs/eintracht-frankfurt-1824,78,69,80,72,81,38,64,https://www.fcratings.com/nations/turkey-48
Turkey,Turkey,Turkey,D,https://www.fcratings.com/nations/turkey-48,15,İsmail Yüksek,https://www.fcratings.com/ismail-yuksek-260466,CDM,Fenerbahçe S.K.,https://www.fcratings.com/clubs/fenerbahce-sk-326,77,74,59,70,74,76,79,https://www.fcratings.com/nations/turkey-48
Turkey,Turkey,Turkey,D,https://www.fcratings.com/nations/turkey-48,16,Enes Ünal,https://www.fcratings.com/enes-unal-223197,ST,AFC Bournemouth,https://www.fcratings.com/clubs/afc-bournemouth-1943,76,66,78,68,74,40,71,https://www.fcratings.com/nations/turkey-48
Turkey,Turkey,Turkey,D,https://www.fcratings.com/nations/turkey-48,17,Atakan Karazor,https://www.fcratings.com/atakan-karazor-239096,CDM,VfB Stuttgart,https://www.fcratings.com/clubs/vfb-stuttgart-36,76,45,36,63,68,77,74,https://www.fcratings.com/nations/turkey-48
Turkey,Turkey,Turkey,D,https://www.fcratings.com/nations/turkey-48,18,Ozan Kabak,https://www.fcratings.com/ozan-kabak-239890,CB,TSG 1899 Hoffenheim,https://www.fcratings.com/clubs/tsg-1899-hoffenheim-10029,76,60,37,59,66,74,79,https://www.fcratings.com/nations/turkey-48
Turkey,Turkey,Turkey,D,https://www.fcratings.com/nations/turkey-48,19,Doğucan Haspolat,https://www.fcratings.com/dogucan-haspolat-235661,CDM,KVC Westerlo,https://www.fcratings.com/clubs/kvc-westerlo-681,76,63,56,73,72,70,71,https://www.fcratings.com/nations/turkey-48
Turkey,Turkey,Turkey,D,https://www.fcratings.com/nations/turkey-48,20,Aral Şimşir,https://www.fcratings.com/aral-simsir-256933,LW,FC Midtjylland,https://www.fcratings.com/clubs/fc-midtjylland-1516,76,81,69,74,77,36,68,https://www.fcratings.com/nations/turkey-48
Turkey,Turkey,Turkey,D,https://www.fcratings.com/nations/turkey-48,21,Mert Günok,https://www.fcratings.com/mert-gunok-190113,GK,Fenerbahçe S.K.,https://www.fcratings.com/clubs/fenerbahce-sk-326,75,75,75,75,74,56,75,https://www.fcratings.com/nations/turkey-48
Turkey,Turkey,Turkey,D,https://www.fcratings.com/nations/turkey-48,22,Çağlar Söyüncü,https://www.fcratings.com/caglar-soyuncu-232119,CB,Fenerbahçe S.K.,https://www.fcratings.com/clubs/fenerbahce-sk-326,75,69,47,58,64,75,79,https://www.fcratings.com/nations/turkey-48
Turkey,Turkey,Turkey,D,https://www.fcratings.com/nations/turkey-48,23,Cengiz Ünder,https://www.fcratings.com/cengiz-under-235889,RW,Beşiktaş J.K.,https://www.fcratings.com/clubs/besiktas-jk-327,75,76,74,75,76,38,56,https://www.fcratings.com/nations/turkey-48
Turkey,Turkey,Turkey,D,https://www.fcratings.com/nations/turkey-48,24,Eren Elmalı,https://www.fcratings.com/eren-elmal-259754,LB,Galatasaray S.K.,https://www.fcratings.com/clubs/galatasaray-sk-325,75,83,58,72,72,69,78,https://www.fcratings.com/nations/turkey-48
Turkey,Turkey,Turkey,D,https://www.fcratings.com/nations/turkey-48,25,Altay Bayındır,https://www.fcratings.com/altay-bay-nd-r-243647,GK,Manchester United F.C.,https://www.fcratings.com/clubs/manchester-united-fc-11,75,77,72,70,77,30,75,https://www.fcratings.com/nations/turkey-48
Turkey,Turkey,Turkey,D,https://www.fcratings.com/nations/turkey-48,26,İrfan Can Kahveci,https://www.fcratings.com/irfan-can-kahveci-225403,RW,Kasımpaşa S.K.,https://www.fcratings.com/clubs/kasimpasa-sk-111339,74,71,74,75,75,58,67,https://www.fcratings.com/nations/turkey-48
Turkey,Turkey,Turkey,D,https://www.fcratings.com/nations/turkey-48,27,Oğuz Aydın,https://www.fcratings.com/oguz-ayd-n-264001,LW,Fenerbahçe S.K.,https://www.fcratings.com/clubs/fenerbahce-sk-326,74,84,70,69,76,56,67,https://www.fcratings.com/nations/turkey-48
Turkey,Turkey,Turkey,D,https://www.fcratings.com/nations/turkey-48,28,Okay Yokuşlu,https://www.fcratings.com/okay-yokuslu-205201,CDM,Trabzonspor,https://www.fcratings.com/clubs/trabzonspor-436,74,64,69,69,68,73,82,https://www.fcratings.com/nations/turkey-48
Turkey,Turkey,Turkey,D,https://www.fcratings.com/nations/turkey-48,29,Salih Özcan,https://www.fcratings.com/salih-ozcan-235407,CDM,Borussia Dortmund,https://www.fcratings.com/clubs/borussia-dortmund-22,74,70,59,67,73,75,78,https://www.fcratings.com/nations/turkey-48
Turkey,Turkey,Turkey,D,https://www.fcratings.com/nations/turkey-48,30,Yusuf Yazıcı,https://www.fcratings.com/yusuf-yaz-c-231887,CAM,Olympiacos F.C.,https://www.fcratings.com/clubs/olympiacos-fc-280,74,62,75,76,77,46,71,https://www.fcratings.com/nations/turkey-48
Turkey,Turkey,Turkey,D,https://www.fcratings.com/nations/turkey-48,31,Mert Müldür,https://www.fcratings.com/mert-muldur-243526,RB,Fenerbahçe S.K.,https://www.fcratings.com/clubs/fenerbahce-sk-326,74,76,54,65,73,71,75,https://www.fcratings.com/nations/turkey-48
Turkey,Turkey,Turkey,D,https://www.fcratings.com/nations/turkey-48,32,Emirhan Topçu,https://www.fcratings.com/emirhan-topcu-256033,CB,Beşiktaş J.K.,https://www.fcratings.com/clubs/besiktas-jk-327,74,73,33,57,65,75,76,https://www.fcratings.com/nations/turkey-48
Turkey,Turkey,Turkey,D,https://www.fcratings.com/nations/turkey-48,33,Semih Kılıçsoy,https://www.fcratings.com/semih-k-l-csoy-274616,ST,Cagliari Calcio,https://www.fcratings.com/clubs/cagliari-calcio-1842,74,73,75,68,78,32,73,https://www.fcratings.com/nations/turkey-48
Turkey,Turkey,Turkey,D,https://www.fcratings.com/nations/turkey-48,34,Kaan Ayhan,https://www.fcratings.com/kaan-ayhan-207790,RB,Galatasaray S.K.,https://www.fcratings.com/clubs/galatasaray-sk-325,73,51,63,72,64,73,72,https://www.fcratings.com/nations/turkey-48
Turkey,Turkey,Turkey,D,https://www.fcratings.com/nations/turkey-48,35,Yusuf Sarı,https://www.fcratings.com/yusuf-sar-241389,RM,İstanbul Başakşehir F.K.,https://www.fcratings.com/clubs/istanbul-basaksehir-fk-101014,73,84,69,70,78,33,54,https://www.fcratings.com/nations/turkey-48
Turkey,Turkey,Turkey,D,https://www.fcratings.com/nations/turkey-48,36,Eren Dinkçi,https://www.fcratings.com/eren-dinkci-258316,CAM,1. FC Heidenheim,https://www.fcratings.com/clubs/1-fc-heidenheim-111235,73,85,73,68,74,31,60,https://www.fcratings.com/nations/turkey-48
Turkey,Turkey,Turkey,D,https://www.fcratings.com/nations/turkey-48,37,Emre Mor,https://www.fcratings.com/emre-mor-231240,RM,Fenerbahçe S.K.,https://www.fcratings.com/clubs/fenerbahce-sk-326,73,85,67,66,80,38,56,https://www.fcratings.com/nations/turkey-48
Turkey,Turkey,Turkey,D,https://www.fcratings.com/nations/turkey-48,38,Kenan Karaman,https://www.fcratings.com/kenan-karaman-212240,CAM,FC Schalke 04,https://www.fcratings.com/clubs/fc-schalke-04-34,73,73,72,67,74,28,73,https://www.fcratings.com/nations/turkey-48
Turkey,Turkey,Turkey,D,https://www.fcratings.com/nations/turkey-48,39,Emin Bayram,https://www.fcratings.com/emin-bayram-255558,CB,KVC Westerlo,https://www.fcratings.com/clubs/kvc-westerlo-681,73,60,42,60,70,74,73,https://www.fcratings.com/nations/turkey-48
Turkey,Turkey,Turkey,D,https://www.fcratings.com/nations/turkey-48,40,Ersin Destanoğlu,https://www.fcratings.com/ersin-destanoglu-245370,GK,Beşiktaş J.K.,https://www.fcratings.com/clubs/besiktas-jk-327,73,70,74,69,72,38,74,https://www.fcratings.com/nations/turkey-48
Turkey,Turkey,Turkey,D,https://www.fcratings.com/nations/turkey-48,41,Levent Mercan,https://www.fcratings.com/levent-mercan-252544,LB,Fenerbahçe S.K.,https://www.fcratings.com/clubs/fenerbahce-sk-326,73,74,63,74,74,68,68,https://www.fcratings.com/nations/turkey-48
Turkey,Turkey,Turkey,D,https://www.fcratings.com/nations/turkey-48,42,Günay Güvenç,https://www.fcratings.com/gunay-guvenc-211908,GK,Galatasaray S.K.,https://www.fcratings.com/clubs/galatasaray-sk-325,72,72,72,74,72,57,70,https://www.fcratings.com/nations/turkey-48
Turkey,Turkey,Turkey,D,https://www.fcratings.com/nations/turkey-48,43,Ozan Tufan,https://www.fcratings.com/ozan-tufan-223154,CDM,Trabzonspor,https://www.fcratings.com/clubs/trabzonspor-436,72,75,76,71,74,69,79,https://www.fcratings.com/nations/turkey-48
Turkey,Turkey,Turkey,D,https://www.fcratings.com/nations/turkey-48,44,Rıdvan Yılmaz,https://www.fcratings.com/r-dvan-y-lmaz-252208,LB,Beşiktaş J.K.,https://www.fcratings.com/clubs/besiktas-jk-327,72,86,56,66,74,65,59,https://www.fcratings.com/nations/turkey-48
Turkey,Turkey,Turkey,D,https://www.fcratings.com/nations/turkey-48,45,Okan Kocuk,https://www.fcratings.com/okan-kocuk-223175,GK,Samsunspor,https://www.fcratings.com/clubs/samsunspor-748,72,75,71,66,75,33,70,https://www.fcratings.com/nations/turkey-48
Turkey,Turkey,Turkey,D,https://www.fcratings.com/nations/turkey-48,46,Demir Ege Tıknaz,https://www.fcratings.com/demir-ege-t-knaz-277871,CDM,S.C. Braga,https://www.fcratings.com/clubs/sc-braga-1896,72,69,65,66,69,68,75,https://www.fcratings.com/nations/turkey-48
Turkey,Turkey,Turkey,D,https://www.fcratings.com/nations/turkey-48,47,Mustafa Eskihellaç,https://www.fcratings.com/mustafa-eskihellac-244486,LB,Trabzonspor,https://www.fcratings.com/clubs/trabzonspor-436,72,86,60,67,72,66,65,https://www.fcratings.com/nations/turkey-48
Turkey,Turkey,Turkey,D,https://www.fcratings.com/nations/turkey-48,48,Ahmetcan Kaplan,https://www.fcratings.com/ahmetcan-kaplan-264728,CB,,,72,63,30,57,59,72,76,https://www.fcratings.com/nations/turkey-48
Turkey,Turkey,Turkey,D,https://www.fcratings.com/nations/turkey-48,49,Samet Akaydın,https://www.fcratings.com/samet-akayd-n-263021,CB,Çaykur Rizespor,https://www.fcratings.com/clubs/caykur-rizespor-101037,72,55,37,43,48,73,76,https://www.fcratings.com/nations/turkey-48
Turkey,Turkey,Turkey,D,https://www.fcratings.com/nations/turkey-48,50,Başar Önal,https://www.fcratings.com/basar-onal-73355,LM,,,72,81,66,66,74,30,63,https://www.fcratings.com/nations/turkey-48
United States,United States,United States,D,https://www.fcratings.com/nations/united-states-95,1,Sophia Wilson,https://www.fcratings.com/sophia-wilson-264012,ST,Portland Thorns FC,https://www.fcratings.com/clubs/portland-thorns-fc-116302,88,92,87,79,89,45,81,https://www.fcratings.com/nations/united-states-95
United States,United States,United States,D,https://www.fcratings.com/nations/united-states-95,2,Lindsey Heaps,https://www.fcratings.com/lindsey-heaps-231432,CAM,OL Lyonnes,https://www.fcratings.com/clubs/ol-lyonnes-116033,87,76,84,87,84,64,80,https://www.fcratings.com/nations/united-states-95
United States,United States,United States,D,https://www.fcratings.com/nations/united-states-95,3,Rose Lavelle,https://www.fcratings.com/rose-lavelle-232075,CM,Gotham FC,https://www.fcratings.com/clubs/gotham-fc-116310,87,85,81,84,87,60,64,https://www.fcratings.com/nations/united-states-95
United States,United States,United States,D,https://www.fcratings.com/nations/united-states-95,4,Mallory Swanson,https://www.fcratings.com/mallory-swanson-232073,LM,Chicago Stars FC,https://www.fcratings.com/clubs/chicago-stars-fc-116305,87,88,82,81,85,42,70,https://www.fcratings.com/nations/united-states-95
United States,United States,United States,D,https://www.fcratings.com/nations/united-states-95,5,Trinity Rodman,https://www.fcratings.com/trinity-rodman-266928,RM,Washington Spirit,https://www.fcratings.com/clubs/washington-spirit-116304,85,91,81,78,83,43,82,https://www.fcratings.com/nations/united-states-95
United States,United States,United States,D,https://www.fcratings.com/nations/united-states-95,6,Naomi Girma,https://www.fcratings.com/naomi-girma-267382,CB,Chelsea F.C. Women,https://www.fcratings.com/clubs/chelsea-fc-women-116010,85,80,51,70,74,85,79,https://www.fcratings.com/nations/united-states-95
United States,United States,United States,D,https://www.fcratings.com/nations/united-states-95,7,Christian Pulisic,https://www.fcratings.com/christian-pulisic-227796,RW,Inter Milan,https://www.fcratings.com/clubs/inter-milan-131681,85,88,82,80,86,46,65,https://www.fcratings.com/nations/united-states-95
United States,United States,United States,D,https://www.fcratings.com/nations/united-states-95,8,Emily Fox,https://www.fcratings.com/emily-fox-248343,RB,Arsenal W.F.C.,https://www.fcratings.com/clubs/arsenal-wfc-116009,84,73,47,71,79,83,74,https://www.fcratings.com/nations/united-states-95
United States,United States,United States,D,https://www.fcratings.com/nations/united-states-95,9,Catarina Macario,https://www.fcratings.com/catarina-macario-262330,CAM,Chelsea F.C. Women,https://www.fcratings.com/clubs/chelsea-fc-women-116010,83,83,82,80,86,57,72,https://www.fcratings.com/nations/united-states-95
United States,United States,United States,D,https://www.fcratings.com/nations/united-states-95,10,Phallon Tullis-Joyce,https://www.fcratings.com/phallon-tullis-joyce-267212,GK,Manchester United W.F.C.,https://www.fcratings.com/clubs/manchester-united-wfc-116012,83,82,81,80,84,44,83,https://www.fcratings.com/nations/united-states-95
United States,United States,United States,D,https://www.fcratings.com/nations/united-states-95,11,Vanessa DiBernardo,https://www.fcratings.com/vanessa-dibernardo-267268,CAM,Temwa Chawinga,https://www.fcratings.com/clubs/temwa-chawinga-116309,83,75,76,81,84,65,73,https://www.fcratings.com/nations/united-states-95
United States,United States,United States,D,https://www.fcratings.com/nations/united-states-95,12,Emily Sonnett,https://www.fcratings.com/emily-sonnett-232074,CB,Gotham FC,https://www.fcratings.com/clubs/gotham-fc-116310,83,76,57,75,74,84,83,https://www.fcratings.com/nations/united-states-95
United States,United States,United States,D,https://www.fcratings.com/nations/united-states-95,13,Aubrey Kingsbury,https://www.fcratings.com/aubrey-kingsbury-266816,GK,Washington Spirit,https://www.fcratings.com/clubs/washington-spirit-116304,83,84,82,72,85,41,83,https://www.fcratings.com/nations/united-states-95
United States,United States,United States,D,https://www.fcratings.com/nations/united-states-95,14,Crystal Dunn,https://www.fcratings.com/crystal-dunn-226336,CM,Paris Saint-Germain FC Women,https://www.fcratings.com/clubs/paris-saint-germain-fc-women-116034,82,85,76,80,82,75,79,https://www.fcratings.com/nations/united-states-95
United States,United States,United States,D,https://www.fcratings.com/nations/united-states-95,15,Lo'eau LaBonta,https://www.fcratings.com/loeau-labonta-267336,CM,Temwa Chawinga,https://www.fcratings.com/clubs/temwa-chawinga-116309,82,84,78,79,81,73,78,https://www.fcratings.com/nations/united-states-95
United States,United States,United States,D,https://www.fcratings.com/nations/united-states-95,16,Sam Coffey,https://www.fcratings.com/sam-coffey-267217,CM,Portland Thorns FC,https://www.fcratings.com/clubs/portland-thorns-fc-116302,82,73,72,82,78,77,79,https://www.fcratings.com/nations/united-states-95
United States,United States,United States,D,https://www.fcratings.com/nations/united-states-95,17,Alyssa Naeher,https://www.fcratings.com/alyssa-naeher-226335,GK,Chicago Stars FC,https://www.fcratings.com/clubs/chicago-stars-fc-116305,82,83,81,83,80,46,87,https://www.fcratings.com/nations/united-states-95
United States,United States,United States,D,https://www.fcratings.com/nations/united-states-95,18,Lynn Biyendolo,https://www.fcratings.com/lynn-biyendolo-236640,ST,Seattle Sounders FC,https://www.fcratings.com/clubs/seattle-sounders-fc-116300,82,89,80,75,82,53,75,https://www.fcratings.com/nations/united-states-95
United States,United States,United States,D,https://www.fcratings.com/nations/united-states-95,19,Korbin Shrader,https://www.fcratings.com/korbin-shrader-273946,CM,OL Lyonnes,https://www.fcratings.com/clubs/ol-lyonnes-116033,82,74,76,78,80,71,74,https://www.fcratings.com/nations/united-states-95
United States,United States,United States,D,https://www.fcratings.com/nations/united-states-95,20,Sofia Huerta,https://www.fcratings.com/sofia-huerta-242024,RB,Seattle Sounders FC,https://www.fcratings.com/clubs/seattle-sounders-fc-116300,82,83,58,75,78,77,78,https://www.fcratings.com/nations/united-states-95
United States,United States,United States,D,https://www.fcratings.com/nations/united-states-95,21,Casey Murphy,https://www.fcratings.com/casey-murphy-243775,GK,North Carolina Courage,https://www.fcratings.com/clubs/north-carolina-courage-116303,82,84,78,78,82,40,86,https://www.fcratings.com/nations/united-states-95
United States,United States,United States,D,https://www.fcratings.com/nations/united-states-95,22,Hailie Mace,https://www.fcratings.com/hailie-mace-267339,RB,Temwa Chawinga,https://www.fcratings.com/clubs/temwa-chawinga-116309,82,76,60,75,74,82,75,https://www.fcratings.com/nations/united-states-95
United States,United States,United States,D,https://www.fcratings.com/nations/united-states-95,23,Ashley Sanchez,https://www.fcratings.com/ashley-sanchez-266091,RW,North Carolina Courage,https://www.fcratings.com/clubs/north-carolina-courage-116303,82,83,75,81,84,38,70,https://www.fcratings.com/nations/united-states-95
United States,United States,United States,D,https://www.fcratings.com/nations/united-states-95,24,Ashley Hatch,https://www.fcratings.com/ashley-hatch-243263,ST,Washington Spirit,https://www.fcratings.com/clubs/washington-spirit-116304,82,70,83,73,80,47,69,https://www.fcratings.com/nations/united-states-95
United States,United States,United States,D,https://www.fcratings.com/nations/united-states-95,25,Antonee Robinson,https://www.fcratings.com/antonee-robinson-229348,LB,Fulham,https://www.fcratings.com/clubs/fulham-144,81,88,48,75,77,77,78,https://www.fcratings.com/nations/united-states-95
United States,United States,United States,D,https://www.fcratings.com/nations/united-states-95,26,Danielle Colaprico,https://www.fcratings.com/danielle-colaprico-231736,CM,Shell Energy Stadium,https://www.fcratings.com/clubs/shell-energy-stadium-116306,81,81,76,78,81,76,73,https://www.fcratings.com/nations/united-states-95
United States,United States,United States,D,https://www.fcratings.com/nations/united-states-95,27,Taylor Flint,https://www.fcratings.com/taylor-flint-267384,CDM,Racing Louisville FC,https://www.fcratings.com/clubs/racing-louisville-fc-116308,81,69,74,74,77,79,86,https://www.fcratings.com/nations/united-states-95
United States,United States,United States,D,https://www.fcratings.com/nations/united-states-95,28,Jane Campbell,https://www.fcratings.com/jane-campbell-238212,GK,Shell Energy Stadium,https://www.fcratings.com/clubs/shell-energy-stadium-116306,81,79,78,83,82,40,84,https://www.fcratings.com/nations/united-states-95
United States,United States,United States,D,https://www.fcratings.com/nations/united-states-95,29,Bella Bixby,https://www.fcratings.com/bella-bixby-267215,GK,Portland Thorns FC,https://www.fcratings.com/clubs/portland-thorns-fc-116302,81,81,79,74,84,42,80,https://www.fcratings.com/nations/united-states-95
United States,United States,United States,D,https://www.fcratings.com/nations/united-states-95,30,Andi Sullivan,https://www.fcratings.com/andi-sullivan-243261,CDM,Washington Spirit,https://www.fcratings.com/clubs/washington-spirit-116304,81,63,64,78,75,79,79,https://www.fcratings.com/nations/united-states-95
United States,United States,United States,D,https://www.fcratings.com/nations/united-states-95,31,Alyssa Thompson,https://www.fcratings.com/alyssa-thompson-273466,LM,Chelsea F.C. Women,https://www.fcratings.com/clubs/chelsea-fc-women-116010,81,86,74,74,82,41,62,https://www.fcratings.com/nations/united-states-95
United States,United States,United States,D,https://www.fcratings.com/nations/united-states-95,32,Johnny Cardoso,https://www.fcratings.com/johnny-cardoso-259516,CDM,Atlético Madrid,https://www.fcratings.com/clubs/atletico-madrid-240,80,74,67,75,77,79,78,https://www.fcratings.com/nations/united-states-95
United States,United States,United States,D,https://www.fcratings.com/nations/united-states-95,33,Yazmeen Ryan,https://www.fcratings.com/yazmeen-ryan-267227,LM,Shell Energy Stadium,https://www.fcratings.com/clubs/shell-energy-stadium-116306,80,82,75,76,78,52,79,https://www.fcratings.com/nations/united-states-95
United States,United States,United States,D,https://www.fcratings.com/nations/united-states-95,34,Carson Pickett,https://www.fcratings.com/carson-pickett-267240,LB,Orlando City SC,https://www.fcratings.com/clubs/orlando-city-sc-116307,80,81,57,75,72,77,77,https://www.fcratings.com/nations/united-states-95
United States,United States,United States,D,https://www.fcratings.com/nations/united-states-95,35,Christen Press,https://www.fcratings.com/christen-press-226327,ST,Angel City FC,https://www.fcratings.com/clubs/angel-city-fc-116311,80,79,75,80,83,46,72,https://www.fcratings.com/nations/united-states-95
United States,United States,United States,D,https://www.fcratings.com/nations/united-states-95,36,Sydney Leroux,https://www.fcratings.com/sydney-leroux-226316,ST,Angel City FC,https://www.fcratings.com/clubs/angel-city-fc-116311,80,75,80,78,77,44,77,https://www.fcratings.com/nations/united-states-95
United States,United States,United States,D,https://www.fcratings.com/nations/united-states-95,37,Midge Purce,https://www.fcratings.com/midge-purce-243769,RM,Gotham FC,https://www.fcratings.com/clubs/gotham-fc-116310,80,86,74,76,79,42,73,https://www.fcratings.com/nations/united-states-95
United States,United States,United States,D,https://www.fcratings.com/nations/united-states-95,38,Savannah DeMelo,https://www.fcratings.com/savannah-demelo-267318,CM,Racing Louisville FC,https://www.fcratings.com/clubs/racing-louisville-fc-116308,80,66,76,81,80,59,67,https://www.fcratings.com/nations/united-states-95
United States,United States,United States,D,https://www.fcratings.com/nations/united-states-95,39,Abby Dahlkemper,https://www.fcratings.com/abby-dahlkemper-236641,CB,Bay FC,https://www.fcratings.com/clubs/bay-fc-131477,80,41,50,62,63,83,74,https://www.fcratings.com/nations/united-states-95
United States,United States,United States,D,https://www.fcratings.com/nations/united-states-95,40,Malik Tillman,https://www.fcratings.com/malik-tillman-256853,CAM,Bayer 04 Leverkusen,https://www.fcratings.com/clubs/bayer-04-leverkusen-32,79,76,75,75,80,65,75,https://www.fcratings.com/nations/united-states-95
United States,United States,United States,D,https://www.fcratings.com/nations/united-states-95,41,Sergiño Dest,https://www.fcratings.com/sergino-dest-251804,RB,,,79,87,60,75,83,72,72,https://www.fcratings.com/nations/united-states-95
United States,United States,United States,D,https://www.fcratings.com/nations/united-states-95,42,Lauren Barnes,https://www.fcratings.com/lauren-barnes-233246,CB,Seattle Sounders FC,https://www.fcratings.com/clubs/seattle-sounders-fc-116300,79,74,53,73,76,81,80,https://www.fcratings.com/nations/united-states-95
United States,United States,United States,D,https://www.fcratings.com/nations/united-states-95,43,Tyler Adams,https://www.fcratings.com/tyler-adams-232999,CDM,AFC Bournemouth,https://www.fcratings.com/clubs/afc-bournemouth-1943,79,79,59,72,76,79,75,https://www.fcratings.com/nations/united-states-95
United States,United States,United States,D,https://www.fcratings.com/nations/united-states-95,44,Katie Lund,https://www.fcratings.com/katie-lund-267321,GK,Racing Louisville FC,https://www.fcratings.com/clubs/racing-louisville-fc-116308,79,78,78,73,80,40,79,https://www.fcratings.com/nations/united-states-95
United States,United States,United States,D,https://www.fcratings.com/nations/united-states-95,45,Cameron Carter-Vickers,https://www.fcratings.com/cameron-carter-vickers-228174,CB,Celtic F.C.,https://www.fcratings.com/clubs/celtic-fc-78,79,78,33,59,72,77,84,https://www.fcratings.com/nations/united-states-95
United States,United States,United States,D,https://www.fcratings.com/nations/united-states-95,46,Tierna Davidson,https://www.fcratings.com/tierna-davidson-244045,CB,Gotham FC,https://www.fcratings.com/clubs/gotham-fc-116310,79,63,50,66,65,82,76,https://www.fcratings.com/nations/united-states-95
United States,United States,United States,D,https://www.fcratings.com/nations/united-states-95,47,Katie Stengel,https://www.fcratings.com/katie-stengel-226350,ST,Gotham FC,https://www.fcratings.com/clubs/gotham-fc-116310,79,72,80,62,74,33,74,https://www.fcratings.com/nations/united-states-95
United States,United States,United States,D,https://www.fcratings.com/nations/united-states-95,48,Alana Cook,https://www.fcratings.com/alana-cook-264011,CB,Temwa Chawinga,https://www.fcratings.com/clubs/temwa-chawinga-116309,79,40,44,61,61,82,78,https://www.fcratings.com/nations/united-states-95
United States,United States,United States,D,https://www.fcratings.com/nations/united-states-95,49,Katie Lind,https://www.fcratings.com/katie-lind-267289,CB,Shell Energy Stadium,https://www.fcratings.com/clubs/shell-energy-stadium-116306,79,50,43,57,63,83,69,https://www.fcratings.com/nations/united-states-95
United States,United States,United States,D,https://www.fcratings.com/nations/united-states-95,50,Weston McKennie,https://www.fcratings.com/weston-mckennie-238744,CM,Juventus FC,https://www.fcratings.com/clubs/juventus-fc-45,79,77,71,78,77,79,80,https://www.fcratings.com/nations/united-states-95
Curaçao,Curaçao,Curaçao,E,https://www.fcratings.com/nations/curacao-85,1,Daijiro Chirino,https://www.fcratings.com/daijiro-chirino-260098,CB,UD Almería,https://www.fcratings.com/clubs/ud-almeria-1861,71,85,55,62,68,65,76,https://www.fcratings.com/nations/curacao-85
Curaçao,Curaçao,Curaçao,E,https://www.fcratings.com/nations/curacao-85,2,Tahith Chong,https://www.fcratings.com/tahith-chong-233510,CAM,Sheffield United F.C.,https://www.fcratings.com/clubs/sheffield-united-fc-1794,70,77,65,70,71,54,63,https://www.fcratings.com/nations/curacao-85
Curaçao,Curaçao,Curaçao,E,https://www.fcratings.com/nations/curacao-85,3,Juninho Bacuna,https://www.fcratings.com/juninho-bacuna-226677,CDM,Gaziantep F.K.,https://www.fcratings.com/clubs/gaziantep-fk-110776,69,73,68,69,72,63,76,https://www.fcratings.com/nations/curacao-85
Curaçao,Curaçao,Curaçao,E,https://www.fcratings.com/nations/curacao-85,4,Shurandy Sambo,https://www.fcratings.com/shurandy-sambo-260099,RB,,,67,78,45,59,66,61,71,https://www.fcratings.com/nations/curacao-85
Curaçao,Curaçao,Curaçao,E,https://www.fcratings.com/nations/curacao-85,5,Brandley Kuwas,https://www.fcratings.com/brandley-kuwas-228666,LM,,,67,71,69,65,70,34,63,https://www.fcratings.com/nations/curacao-85
Curaçao,Curaçao,Curaçao,E,https://www.fcratings.com/nations/curacao-85,6,Sherel Floranus,https://www.fcratings.com/sherel-floranus-233098,RB,,,65,82,42,54,66,60,72,https://www.fcratings.com/nations/curacao-85
Curaçao,Curaçao,Curaçao,E,https://www.fcratings.com/nations/curacao-85,7,Ar'jany Martha,https://www.fcratings.com/arjany-martha-264221,LB,Rotherham United F.C.,https://www.fcratings.com/clubs/rotherham-united-fc-1797,64,82,51,58,67,55,53,https://www.fcratings.com/nations/curacao-85
Curaçao,Curaçao,Curaçao,E,https://www.fcratings.com/nations/curacao-85,8,Tyrique Mercera,https://www.fcratings.com/tyrique-mercera-79814,RB,,,64,76,44,55,61,59,62,https://www.fcratings.com/nations/curacao-85
Curaçao,Curaçao,Curaçao,E,https://www.fcratings.com/nations/curacao-85,9,Livano Comenencia,https://www.fcratings.com/livano-comenencia-275206,RB,FC Zürich,https://www.fcratings.com/clubs/fc-zurich-894,62,74,43,55,61,57,61,https://www.fcratings.com/nations/curacao-85
Curaçao,Curaçao,Curaçao,E,https://www.fcratings.com/nations/curacao-85,10,Rayvien Rosario,https://www.fcratings.com/rayvien-rosario-274490,LM,,,60,74,53,54,63,31,54,https://www.fcratings.com/nations/curacao-85
Curaçao,Curaçao,Curaçao,E,https://www.fcratings.com/nations/curacao-85,11,Isaiah Ahmed,https://www.fcratings.com/isaiah-ahmed-74337,CDM,,,58,61,44,52,58,56,61,https://www.fcratings.com/nations/curacao-85
Curaçao,Curaçao,Curaçao,E,https://www.fcratings.com/nations/curacao-85,12,Giandro Sambo,https://www.fcratings.com/giandro-sambo-73433,LW,,,57,66,48,51,65,33,42,https://www.fcratings.com/nations/curacao-85
Côte d'Ivoire,Côte d'Ivoire,Côte d’Ivoire,E,https://www.fcratings.com/nations/cote-divoire-108,1,Evan Ndicka,https://www.fcratings.com/evan-ndicka-236403,CB,AS Roma,https://www.fcratings.com/clubs/as-roma-52,81,74,53,69,69,82,82,https://www.fcratings.com/nations/cote-divoire-108
Côte d'Ivoire,Côte d'Ivoire,Côte d’Ivoire,E,https://www.fcratings.com/nations/cote-divoire-108,2,Nicolas Pépé,https://www.fcratings.com/nicolas-pepe-226110,RM,Villarreal CF,https://www.fcratings.com/clubs/villarreal-cf-483,81,87,80,75,84,37,69,https://www.fcratings.com/nations/cote-divoire-108
Côte d'Ivoire,Côte d'Ivoire,Côte d’Ivoire,E,https://www.fcratings.com/nations/cote-divoire-108,3,Yan Diomande,https://www.fcratings.com/yan-diomande-78012,LM,RB Leipzig,https://www.fcratings.com/clubs/rb-leipzig-112172,81,92,75,73,85,43,62,https://www.fcratings.com/nations/cote-divoire-108
Côte d'Ivoire,Côte d'Ivoire,Côte d’Ivoire,E,https://www.fcratings.com/nations/cote-divoire-108,4,Rosemonde Kouassi,https://www.fcratings.com/rosemonde-kouassi-268262,LM,Washington Spirit,https://www.fcratings.com/clubs/washington-spirit-116304,80,94,79,71,80,37,75,https://www.fcratings.com/nations/cote-divoire-108
Côte d'Ivoire,Côte d'Ivoire,Côte d’Ivoire,E,https://www.fcratings.com/nations/cote-divoire-108,5,Odilon Kossounou,https://www.fcratings.com/odilon-kossounou-246875,CB,Atalanta BC,https://www.fcratings.com/clubs/atalanta-bc-115845,80,80,32,64,67,81,78,https://www.fcratings.com/nations/cote-divoire-108
Côte d'Ivoire,Côte d'Ivoire,Côte d’Ivoire,E,https://www.fcratings.com/nations/cote-divoire-108,6,Ousmane Diomande,https://www.fcratings.com/ousmane-diomande-270531,CB,Sporting CP,https://www.fcratings.com/clubs/sporting-cp-237,80,80,26,51,70,79,86,https://www.fcratings.com/nations/cote-divoire-108
Côte d'Ivoire,Côte d'Ivoire,Côte d’Ivoire,E,https://www.fcratings.com/nations/cote-divoire-108,7,Amad,https://www.fcratings.com/amad-254088,CAM,Manchester United F.C.,https://www.fcratings.com/clubs/manchester-united-fc-11,80,85,75,75,84,54,53,https://www.fcratings.com/nations/cote-divoire-108
Côte d'Ivoire,Côte d'Ivoire,Côte d’Ivoire,E,https://www.fcratings.com/nations/cote-divoire-108,8,Franck Yannick Kessié,https://www.fcratings.com/franck-yannick-kessie-230938,CDM,Al-Ahli Saudi FC,https://www.fcratings.com/clubs/al-ahli-saudi-fc-112387,79,73,77,72,76,77,86,https://www.fcratings.com/nations/cote-divoire-108
Côte d'Ivoire,Côte d'Ivoire,Côte d’Ivoire,E,https://www.fcratings.com/nations/cote-divoire-108,9,Wilfried Singo,https://www.fcratings.com/wilfried-singo-252802,CB,Galatasaray S.K.,https://www.fcratings.com/clubs/galatasaray-sk-325,78,82,61,68,74,77,84,https://www.fcratings.com/nations/cote-divoire-108
Côte d'Ivoire,Côte d'Ivoire,Côte d’Ivoire,E,https://www.fcratings.com/nations/cote-divoire-108,10,Evann Guessand,https://www.fcratings.com/evann-guessand-258444,RW,Crystal Palace F.C.,https://www.fcratings.com/clubs/crystal-palace-fc-1799,78,83,76,72,78,36,78,https://www.fcratings.com/nations/cote-divoire-108
Côte d'Ivoire,Côte d'Ivoire,Côte d’Ivoire,E,https://www.fcratings.com/nations/cote-divoire-108,11,Ibrahim Sangaré,https://www.fcratings.com/ibrahim-sangare-235173,CDM,Nottingham Forest F.C.,https://www.fcratings.com/clubs/nottingham-forest-fc-14,78,58,66,73,72,77,80,https://www.fcratings.com/nations/cote-divoire-108
Côte d'Ivoire,Côte d'Ivoire,Côte d’Ivoire,E,https://www.fcratings.com/nations/cote-divoire-108,12,Wilfried Zaha,https://www.fcratings.com/wilfried-zaha-198717,LW,Charlotte FC,https://www.fcratings.com/clubs/charlotte-fc-114640,78,80,77,72,80,37,70,https://www.fcratings.com/nations/cote-divoire-108
Côte d'Ivoire,Côte d'Ivoire,Côte d’Ivoire,E,https://www.fcratings.com/nations/cote-divoire-108,13,Emmanuel Agbadou,https://www.fcratings.com/emmanuel-agbadou-258575,CB,Beşiktaş J.K.,https://www.fcratings.com/clubs/besiktas-jk-327,77,80,50,63,66,76,82,https://www.fcratings.com/nations/cote-divoire-108
Côte d'Ivoire,Côte d'Ivoire,Côte d’Ivoire,E,https://www.fcratings.com/nations/cote-divoire-108,14,Seko Fofana,https://www.fcratings.com/seko-fofana-216320,CM,FC Porto,https://www.fcratings.com/clubs/fc-porto-236,77,65,77,73,76,71,79,https://www.fcratings.com/nations/cote-divoire-108
Côte d'Ivoire,Côte d'Ivoire,Côte d’Ivoire,E,https://www.fcratings.com/nations/cote-divoire-108,15,Hamed Junior Traoré,https://www.fcratings.com/hamed-junior-traore-240787,LM,Olympique de Marseille,https://www.fcratings.com/clubs/olympique-de-marseille-219,77,81,70,72,80,57,61,https://www.fcratings.com/nations/cote-divoire-108
Côte d'Ivoire,Côte d'Ivoire,Côte d’Ivoire,E,https://www.fcratings.com/nations/cote-divoire-108,16,Guéla Doué,https://www.fcratings.com/guela-doue-275208,RB,RC Strasbourg Alsace,https://www.fcratings.com/clubs/rc-strasbourg-alsace-76,77,72,52,71,72,75,78,https://www.fcratings.com/nations/cote-divoire-108
Côte d'Ivoire,Côte d'Ivoire,Côte d’Ivoire,E,https://www.fcratings.com/nations/cote-divoire-108,17,Bazoumana Touré,https://www.fcratings.com/bazoumana-toure-71418,LM,TSG 1899 Hoffenheim,https://www.fcratings.com/clubs/tsg-1899-hoffenheim-10029,77,91,64,69,80,29,52,https://www.fcratings.com/nations/cote-divoire-108
Côte d'Ivoire,Côte d'Ivoire,Côte d’Ivoire,E,https://www.fcratings.com/nations/cote-divoire-108,18,Jonathan Bamba,https://www.fcratings.com/jonathan-bamba-225085,LM,Chicago Fire FC,https://www.fcratings.com/clubs/chicago-fire-fc-693,76,83,72,72,78,39,67,https://www.fcratings.com/nations/cote-divoire-108
Côte d'Ivoire,Côte d'Ivoire,Côte d’Ivoire,E,https://www.fcratings.com/nations/cote-divoire-108,19,Bernadette Amani,https://www.fcratings.com/bernadette-amani-276519,CDM,UD Tenerife,https://www.fcratings.com/clubs/ud-tenerife-116332,76,70,53,68,72,76,81,https://www.fcratings.com/nations/cote-divoire-108
Côte d'Ivoire,Côte d'Ivoire,Côte d’Ivoire,E,https://www.fcratings.com/nations/cote-divoire-108,20,Jérémie Boga,https://www.fcratings.com/jeremie-boga-224422,LW,Juventus FC,https://www.fcratings.com/clubs/juventus-fc-45,76,84,70,72,81,39,64,https://www.fcratings.com/nations/cote-divoire-108
Côte d'Ivoire,Côte d'Ivoire,Côte d’Ivoire,E,https://www.fcratings.com/nations/cote-divoire-108,21,Simon Adingra,https://www.fcratings.com/simon-adingra-260779,RM,AS Monaco FC,https://www.fcratings.com/clubs/as-monaco-fc-69,76,87,70,70,80,30,54,https://www.fcratings.com/nations/cote-divoire-108
Côte d'Ivoire,Côte d'Ivoire,Côte d’Ivoire,E,https://www.fcratings.com/nations/cote-divoire-108,22,Bamo Meïté,https://www.fcratings.com/bamo-meite-264401,CB,FC Lorient,https://www.fcratings.com/clubs/fc-lorient-217,75,61,33,47,58,76,75,https://www.fcratings.com/nations/cote-divoire-108
Côte d'Ivoire,Côte d'Ivoire,Côte d’Ivoire,E,https://www.fcratings.com/nations/cote-divoire-108,23,Sébastien Haller,https://www.fcratings.com/sebastien-haller-205693,ST,,,74,44,74,61,71,51,75,https://www.fcratings.com/nations/cote-divoire-108
Côte d'Ivoire,Côte d'Ivoire,Côte d’Ivoire,E,https://www.fcratings.com/nations/cote-divoire-108,24,Alban Lafont,https://www.fcratings.com/alban-lafont-231691,GK,Panathinaikos F.C.,https://www.fcratings.com/clubs/panathinaikos-fc-1884,74,71,70,69,79,47,75,https://www.fcratings.com/nations/cote-divoire-108
Côte d'Ivoire,Côte d'Ivoire,Côte d’Ivoire,E,https://www.fcratings.com/nations/cote-divoire-108,25,Bénie Traoré,https://www.fcratings.com/benie-traore-260651,LM,FC Basel,https://www.fcratings.com/clubs/fc-basel-896,74,86,74,64,79,32,67,https://www.fcratings.com/nations/cote-divoire-108
Côte d'Ivoire,Côte d'Ivoire,Côte d’Ivoire,E,https://www.fcratings.com/nations/cote-divoire-108,26,Mohammed Diomande,https://www.fcratings.com/mohammed-diomande-255928,CDM,Rangers F.C.,https://www.fcratings.com/clubs/rangers-fc-86,74,76,68,71,78,68,71,https://www.fcratings.com/nations/cote-divoire-108
Côte d'Ivoire,Côte d'Ivoire,Côte d’Ivoire,E,https://www.fcratings.com/nations/cote-divoire-108,27,Clément Akpa,https://www.fcratings.com/clement-akpa-277503,CB,AJ Auxerre,https://www.fcratings.com/clubs/aj-auxerre-57,74,70,42,61,67,74,72,https://www.fcratings.com/nations/cote-divoire-108
Côte d'Ivoire,Côte d'Ivoire,Côte d’Ivoire,E,https://www.fcratings.com/nations/cote-divoire-108,28,Cédric Kipré,https://www.fcratings.com/cedric-kipre-235458,CB,Ipswich Town F.C.,https://www.fcratings.com/clubs/ipswich-town-fc-94,74,68,35,49,55,72,87,https://www.fcratings.com/nations/cote-divoire-108
Côte d'Ivoire,Côte d'Ivoire,Côte d’Ivoire,E,https://www.fcratings.com/nations/cote-divoire-108,29,Parfait Guiagon,https://www.fcratings.com/parfait-guiagon-277975,LM,Núrio Fortuna,https://www.fcratings.com/clubs/nurio-fortuna-670,74,72,67,69,78,26,59,https://www.fcratings.com/nations/cote-divoire-108
Côte d'Ivoire,Côte d'Ivoire,Côte d’Ivoire,E,https://www.fcratings.com/nations/cote-divoire-108,30,Martial Godo,https://www.fcratings.com/martial-godo-271940,RM,RC Strasbourg Alsace,https://www.fcratings.com/clubs/rc-strasbourg-alsace-76,74,85,63,66,79,37,57,https://www.fcratings.com/nations/cote-divoire-108
Côte d'Ivoire,Côte d'Ivoire,Côte d’Ivoire,E,https://www.fcratings.com/nations/cote-divoire-108,31,Yahia Fofana,https://www.fcratings.com/yahia-fofana-242179,GK,Çaykur Rizespor,https://www.fcratings.com/clubs/caykur-rizespor-101037,73,73,71,70,74,41,71,https://www.fcratings.com/nations/cote-divoire-108
Côte d'Ivoire,Côte d'Ivoire,Côte d’Ivoire,E,https://www.fcratings.com/nations/cote-divoire-108,32,Maxwel Cornet,https://www.fcratings.com/maxwel-cornet-215798,LM,Genoa CFC,https://www.fcratings.com/clubs/genoa-cfc-110556,73,84,74,69,74,66,65,https://www.fcratings.com/nations/cote-divoire-108
Côte d'Ivoire,Côte d'Ivoire,Côte d’Ivoire,E,https://www.fcratings.com/nations/cote-divoire-108,33,Christopher Operi,https://www.fcratings.com/christopher-operi-236629,LB,İstanbul Başakşehir F.K.,https://www.fcratings.com/clubs/istanbul-basaksehir-fk-101014,73,78,61,70,72,68,71,https://www.fcratings.com/nations/cote-divoire-108
Côte d'Ivoire,Côte d'Ivoire,Côte d’Ivoire,E,https://www.fcratings.com/nations/cote-divoire-108,34,Eric Bailly,https://www.fcratings.com/eric-bailly-225508,CB,Real Oviedo,https://www.fcratings.com/clubs/real-oviedo-110827,73,63,42,59,65,73,70,https://www.fcratings.com/nations/cote-divoire-108
Côte d'Ivoire,Côte d'Ivoire,Côte d’Ivoire,E,https://www.fcratings.com/nations/cote-divoire-108,35,Jean-Philippe Krasso,https://www.fcratings.com/jean-philippe-krasso-256731,ST,Paris FC,https://www.fcratings.com/clubs/paris-fc-111817,73,65,72,64,72,21,70,https://www.fcratings.com/nations/cote-divoire-108
Côte d'Ivoire,Côte d'Ivoire,Côte d’Ivoire,E,https://www.fcratings.com/nations/cote-divoire-108,36,Sinaly Diomandé,https://www.fcratings.com/sinaly-diomande-257204,CB,AJ Auxerre,https://www.fcratings.com/clubs/aj-auxerre-57,73,62,50,61,58,73,75,https://www.fcratings.com/nations/cote-divoire-108
Côte d'Ivoire,Côte d'Ivoire,Côte d’Ivoire,E,https://www.fcratings.com/nations/cote-divoire-108,37,Willy Boly,https://www.fcratings.com/willy-boly-202750,CB,Nottingham Forest F.C.,https://www.fcratings.com/clubs/nottingham-forest-fc-14,73,34,36,59,55,74,71,https://www.fcratings.com/nations/cote-divoire-108
Côte d'Ivoire,Côte d'Ivoire,Côte d’Ivoire,E,https://www.fcratings.com/nations/cote-divoire-108,38,Ghislain Konan,https://www.fcratings.com/ghislain-konan-235634,LB,Gil Vicente F.C.,https://www.fcratings.com/clubs/gil-vicente-fc-1888,73,79,51,66,69,69,74,https://www.fcratings.com/nations/cote-divoire-108
Côte d'Ivoire,Côte d'Ivoire,Côte d’Ivoire,E,https://www.fcratings.com/nations/cote-divoire-108,39,Hassane Kamara,https://www.fcratings.com/hassane-kamara-220421,LB,Udinese Calcio,https://www.fcratings.com/clubs/udinese-calcio-55,72,82,62,67,74,66,68,https://www.fcratings.com/nations/cote-divoire-108
Côte d'Ivoire,Côte d'Ivoire,Côte d’Ivoire,E,https://www.fcratings.com/nations/cote-divoire-108,40,Oumar Diakité,https://www.fcratings.com/oumar-diakite-277178,ST,Cercle Brugge KSV,https://www.fcratings.com/clubs/cercle-brugge-ksv-1750,72,82,71,57,70,21,71,https://www.fcratings.com/nations/cote-divoire-108
Côte d'Ivoire,Côte d'Ivoire,Côte d’Ivoire,E,https://www.fcratings.com/nations/cote-divoire-108,41,Junior Diaz,https://www.fcratings.com/junior-diaz-271691,CB,Stade Brestois 29,https://www.fcratings.com/clubs/stade-brestois-29-378,72,79,29,52,51,72,76,https://www.fcratings.com/nations/cote-divoire-108
Côte d'Ivoire,Côte d'Ivoire,Côte d’Ivoire,E,https://www.fcratings.com/nations/cote-divoire-108,42,Ibrahim Diabate,https://www.fcratings.com/ibrahim-diabate-259747,ST,Deportivo Alavés,https://www.fcratings.com/clubs/deportivo-alaves-463,72,84,72,55,65,31,75,https://www.fcratings.com/nations/cote-divoire-108
Côte d'Ivoire,Côte d'Ivoire,Côte d’Ivoire,E,https://www.fcratings.com/nations/cote-divoire-108,43,Emmanuel Latte Lath,https://www.fcratings.com/emmanuel-latte-lath-237295,ST,Atlanta United FC,https://www.fcratings.com/clubs/atlanta-united-fc-112885,71,86,69,62,73,37,68,https://www.fcratings.com/nations/cote-divoire-108
Côte d'Ivoire,Côte d'Ivoire,Côte d’Ivoire,E,https://www.fcratings.com/nations/cote-divoire-108,44,Karim Konaté,https://www.fcratings.com/karim-konate-274445,ST,FC Red Bull Salzburg,https://www.fcratings.com/clubs/fc-red-bull-salzburg-191,71,83,70,56,73,40,62,https://www.fcratings.com/nations/cote-divoire-108
Côte d'Ivoire,Côte d'Ivoire,Côte d’Ivoire,E,https://www.fcratings.com/nations/cote-divoire-108,45,Ismaila Soro,https://www.fcratings.com/ismaila-soro-255380,CDM,Al-Riyadh SC,https://www.fcratings.com/clubs/al-riyadh-sc-113037,71,67,52,60,65,69,72,https://www.fcratings.com/nations/cote-divoire-108
Côte d'Ivoire,Côte d'Ivoire,Côte d’Ivoire,E,https://www.fcratings.com/nations/cote-divoire-108,46,Koffi Kouao,https://www.fcratings.com/koffi-kouao-239919,RB,FC Metz,https://www.fcratings.com/clubs/fc-metz-68,71,79,39,58,68,65,74,https://www.fcratings.com/nations/cote-divoire-108
Côte d'Ivoire,Côte d'Ivoire,Côte d’Ivoire,E,https://www.fcratings.com/nations/cote-divoire-108,47,Chris Bedia,https://www.fcratings.com/chris-bedia-225533,ST,BSC Young Boys,https://www.fcratings.com/clubs/bsc-young-boys-900,71,70,71,54,66,36,80,https://www.fcratings.com/nations/cote-divoire-108
Côte d'Ivoire,Côte d'Ivoire,Côte d’Ivoire,E,https://www.fcratings.com/nations/cote-divoire-108,48,Jean-Philippe Gbamin,https://www.fcratings.com/jean-philippe-gbamin-214947,CDM,FC Metz,https://www.fcratings.com/clubs/fc-metz-68,71,69,58,67,66,70,73,https://www.fcratings.com/nations/cote-divoire-108
Côte d'Ivoire,Côte d'Ivoire,Côte d’Ivoire,E,https://www.fcratings.com/nations/cote-divoire-108,49,Abdoul Ouattara,https://www.fcratings.com/abdoul-ouattara-75318,RM,RC Strasbourg Alsace,https://www.fcratings.com/clubs/rc-strasbourg-alsace-76,71,76,58,66,72,47,64,https://www.fcratings.com/nations/cote-divoire-108
Côte d'Ivoire,Côte d'Ivoire,Côte d’Ivoire,E,https://www.fcratings.com/nations/cote-divoire-108,50,Abakar Sylla,https://www.fcratings.com/abakar-sylla-269003,CB,FC Nantes,https://www.fcratings.com/clubs/fc-nantes-71,70,66,30,56,68,69,71,https://www.fcratings.com/nations/cote-divoire-108
Ecuador,Ecuador,Ecuador,E,https://www.fcratings.com/nations/ecuador-57,1,Moisés Caicedo,https://www.fcratings.com/moises-caicedo-256079,CDM,Chelsea,https://www.fcratings.com/clubs/chelsea-5,88,71,67,78,81,85,82,https://www.fcratings.com/nations/ecuador-57
Ecuador,Ecuador,Ecuador,E,https://www.fcratings.com/nations/ecuador-57,2,Willian Pacho,https://www.fcratings.com/willian-pacho-256196,CB,Paris Saint-Germain FC,https://www.fcratings.com/clubs/paris-saint-germain-fc-73,88,80,34,63,63,88,86,https://www.fcratings.com/nations/ecuador-57
Ecuador,Ecuador,Ecuador,E,https://www.fcratings.com/nations/ecuador-57,3,Piero Hincapié,https://www.fcratings.com/piero-hincapie-256197,CB,Arsenal F.C.,https://www.fcratings.com/clubs/arsenal-fc-1,83,84,41,68,72,84,82,https://www.fcratings.com/nations/ecuador-57
Ecuador,Ecuador,Ecuador,E,https://www.fcratings.com/nations/ecuador-57,4,Pervis Estupiñán,https://www.fcratings.com/pervis-estupinan-237942,LB,Inter Milan,https://www.fcratings.com/clubs/inter-milan-131681,79,76,57,77,78,75,72,https://www.fcratings.com/nations/ecuador-57
Ecuador,Ecuador,Ecuador,E,https://www.fcratings.com/nations/ecuador-57,5,Joel Ordoñez,https://www.fcratings.com/joel-ordonez-268611,CB,Club Brugge KV,https://www.fcratings.com/clubs/club-brugge-kv-231,76,74,26,55,57,75,80,https://www.fcratings.com/nations/ecuador-57
Ecuador,Ecuador,Ecuador,E,https://www.fcratings.com/nations/ecuador-57,6,Ángelo Preciado,https://www.fcratings.com/angelo-preciado-246055,RM,AC Sparta Prague,https://www.fcratings.com/clubs/ac-sparta-prague-267,75,87,62,70,76,66,71,https://www.fcratings.com/nations/ecuador-57
Ecuador,Ecuador,Ecuador,E,https://www.fcratings.com/nations/ecuador-57,7,Hernán Galíndez,https://www.fcratings.com/hernan-galindez-253354,GK,Club Atlético Huracán,https://www.fcratings.com/clubs/club-atletico-huracan-111711,74,74,73,70,74,32,76,https://www.fcratings.com/nations/ecuador-57
Ecuador,Ecuador,Ecuador,E,https://www.fcratings.com/nations/ecuador-57,8,Patrik Mercado,https://www.fcratings.com/patrik-mercado-271741,CM,,,74,75,64,72,74,63,62,https://www.fcratings.com/nations/ecuador-57
Ecuador,Ecuador,Ecuador,E,https://www.fcratings.com/nations/ecuador-57,9,Kendry Páez,https://www.fcratings.com/kendry-paez-274559,CAM,Club Atlético River Plate,https://www.fcratings.com/clubs/club-atletico-river-plate-1876,73,78,69,71,77,47,54,https://www.fcratings.com/nations/ecuador-57
Ecuador,Ecuador,Ecuador,E,https://www.fcratings.com/nations/ecuador-57,10,Gonzalo Valle,https://www.fcratings.com/gonzalo-valle-259904,GK,,,73,73,71,70,74,26,73,https://www.fcratings.com/nations/ecuador-57
Ecuador,Ecuador,Ecuador,E,https://www.fcratings.com/nations/ecuador-57,11,José Cifuentes,https://www.fcratings.com/jose-cifuentes-255137,CM,Toronto FC,https://www.fcratings.com/clubs/toronto-fc-111651,72,71,61,68,73,70,78,https://www.fcratings.com/nations/ecuador-57
Ecuador,Ecuador,Ecuador,E,https://www.fcratings.com/nations/ecuador-57,12,Carlos Gruezo,https://www.fcratings.com/carlos-gruezo-221860,CDM,,,72,58,46,62,70,67,75,https://www.fcratings.com/nations/ecuador-57
Ecuador,Ecuador,Ecuador,E,https://www.fcratings.com/nations/ecuador-57,13,Junior Sornoza,https://www.fcratings.com/junior-sornoza-220739,CAM,,,72,68,73,73,73,41,49,https://www.fcratings.com/nations/ecuador-57
Ecuador,Ecuador,Ecuador,E,https://www.fcratings.com/nations/ecuador-57,14,John Yeboah,https://www.fcratings.com/john-yeboah-242755,ST,Venezia FC,https://www.fcratings.com/clubs/venezia-fc-205,72,92,68,66,79,26,57,https://www.fcratings.com/nations/ecuador-57
Ecuador,Ecuador,Ecuador,E,https://www.fcratings.com/nations/ecuador-57,15,John Mercado,https://www.fcratings.com/john-mercado-72656,LW,AC Sparta Prague,https://www.fcratings.com/clubs/ac-sparta-prague-267,72,87,68,66,72,36,71,https://www.fcratings.com/nations/ecuador-57
Ecuador,Ecuador,Ecuador,E,https://www.fcratings.com/nations/ecuador-57,16,Jhoanner Chávez,https://www.fcratings.com/jhoanner-chavez-259027,LB,AC Sparta Prague,https://www.fcratings.com/clubs/ac-sparta-prague-267,71,84,60,65,72,65,66,https://www.fcratings.com/nations/ecuador-57
Ecuador,Ecuador,Ecuador,E,https://www.fcratings.com/nations/ecuador-57,17,Leonardo Campana,https://www.fcratings.com/leonardo-campana-253568,ST,New England Revolution,https://www.fcratings.com/clubs/new-england-revolution-691,71,65,71,51,65,32,71,https://www.fcratings.com/nations/ecuador-57
Ecuador,Ecuador,Ecuador,E,https://www.fcratings.com/nations/ecuador-57,18,Leonel Quiñonez,https://www.fcratings.com/leonel-quinonez-253322,LB,,,71,72,63,69,67,67,71,https://www.fcratings.com/nations/ecuador-57
Ecuador,Ecuador,Ecuador,E,https://www.fcratings.com/nations/ecuador-57,19,Fernando Gaibor,https://www.fcratings.com/fernando-gaibor-233529,CM,,,71,65,67,72,70,66,69,https://www.fcratings.com/nations/ecuador-57
Ecuador,Ecuador,Ecuador,E,https://www.fcratings.com/nations/ecuador-57,20,Janner Corozo,https://www.fcratings.com/janner-corozo-253327,LM,,,71,84,65,65,71,51,64,https://www.fcratings.com/nations/ecuador-57
Ecuador,Ecuador,Ecuador,E,https://www.fcratings.com/nations/ecuador-57,21,Byron Palacios,https://www.fcratings.com/byron-palacios-254449,ST,,,71,75,73,57,66,33,66,https://www.fcratings.com/nations/ecuador-57
Ecuador,Ecuador,Ecuador,E,https://www.fcratings.com/nations/ecuador-57,22,Carlos Garcés,https://www.fcratings.com/carlos-garces-241499,ST,,,71,62,72,52,66,32,77,https://www.fcratings.com/nations/ecuador-57
Ecuador,Ecuador,Ecuador,E,https://www.fcratings.com/nations/ecuador-57,23,Kevin Rodríguez,https://www.fcratings.com/kevin-rodriguez-272569,ST,Gerald Ford,https://www.fcratings.com/clubs/gerald-ford-2014,71,84,68,58,70,32,71,https://www.fcratings.com/nations/ecuador-57
Ecuador,Ecuador,Ecuador,E,https://www.fcratings.com/nations/ecuador-57,24,Nilson Angulo,https://www.fcratings.com/nilson-angulo-264205,LM,Sunderland A.F.C.,https://www.fcratings.com/clubs/sunderland-afc-106,71,80,62,64,73,38,59,https://www.fcratings.com/nations/ecuador-57
Ecuador,Ecuador,Ecuador,E,https://www.fcratings.com/nations/ecuador-57,25,Renato Ibarra,https://www.fcratings.com/renato-ibarra-204738,RM,,,70,85,67,65,68,54,70,https://www.fcratings.com/nations/ecuador-57
Ecuador,Ecuador,Ecuador,E,https://www.fcratings.com/nations/ecuador-57,26,Yaimar Medina,https://www.fcratings.com/yaimar-medina-271417,LB,KRC Genk,https://www.fcratings.com/clubs/krc-genk-673,70,91,58,64,67,61,64,https://www.fcratings.com/nations/ecuador-57
Ecuador,Ecuador,Ecuador,E,https://www.fcratings.com/nations/ecuador-57,27,Jhegson Méndez,https://www.fcratings.com/jhegson-mendez-246057,CM,,,70,68,57,66,69,65,67,https://www.fcratings.com/nations/ecuador-57
Ecuador,Ecuador,Ecuador,E,https://www.fcratings.com/nations/ecuador-57,28,Alan Minda,https://www.fcratings.com/alan-minda-263397,RM,Cercle Brugge KSV,https://www.fcratings.com/clubs/cercle-brugge-ksv-1750,70,84,68,63,72,53,59,https://www.fcratings.com/nations/ecuador-57
Ecuador,Ecuador,Ecuador,E,https://www.fcratings.com/nations/ecuador-57,29,Jeremy Sarmiento,https://www.fcratings.com/jeremy-sarmiento-263522,LM,Middlesbrough F.C.,https://www.fcratings.com/clubs/middlesbrough-fc-12,70,79,65,65,74,37,59,https://www.fcratings.com/nations/ecuador-57
Ecuador,Ecuador,Ecuador,E,https://www.fcratings.com/nations/ecuador-57,30,Gabriel Cortez,https://www.fcratings.com/gabriel-cortez-241992,CAM,,,70,55,73,72,71,39,65,https://www.fcratings.com/nations/ecuador-57
Ecuador,Ecuador,Ecuador,E,https://www.fcratings.com/nations/ecuador-57,31,Luis Cangá,https://www.fcratings.com/luis-canga-225679,CB,,,70,59,61,55,50,69,79,https://www.fcratings.com/nations/ecuador-57
Ecuador,Ecuador,Ecuador,E,https://www.fcratings.com/nations/ecuador-57,32,José Carabalí,https://www.fcratings.com/jose-carabali-255098,LB,,,70,87,55,63,69,62,66,https://www.fcratings.com/nations/ecuador-57
Ecuador,Ecuador,Ecuador,E,https://www.fcratings.com/nations/ecuador-57,33,Jordy Alcívar,https://www.fcratings.com/jordy-alcivar-254039,CDM,,,70,68,65,67,68,64,71,https://www.fcratings.com/nations/ecuador-57
Ecuador,Ecuador,Ecuador,E,https://www.fcratings.com/nations/ecuador-57,34,Bryan Carabalí,https://www.fcratings.com/bryan-carabali-254238,RB,,,70,79,41,64,69,64,67,https://www.fcratings.com/nations/ecuador-57
Ecuador,Ecuador,Ecuador,E,https://www.fcratings.com/nations/ecuador-57,35,Gustavo Vallecilla,https://www.fcratings.com/gustavo-vallecilla-254172,CB,,,70,67,35,56,64,68,76,https://www.fcratings.com/nations/ecuador-57
Ecuador,Ecuador,Ecuador,E,https://www.fcratings.com/nations/ecuador-57,36,Alexander Domínguez,https://www.fcratings.com/alexander-dominguez-199103,GK,,,69,66,70,68,67,34,69,https://www.fcratings.com/nations/ecuador-57
Ecuador,Ecuador,Ecuador,E,https://www.fcratings.com/nations/ecuador-57,37,Javier Burrai,https://www.fcratings.com/javier-burrai-215048,GK,Club Atlético Sarmiento,https://www.fcratings.com/clubs/club-atletico-sarmiento-112713,69,69,67,70,69,44,68,https://www.fcratings.com/nations/ecuador-57
Ecuador,Ecuador,Ecuador,E,https://www.fcratings.com/nations/ecuador-57,38,José Quintero,https://www.fcratings.com/jose-quintero-231550,RB,,,69,82,59,63,67,65,70,https://www.fcratings.com/nations/ecuador-57
Ecuador,Ecuador,Ecuador,E,https://www.fcratings.com/nations/ecuador-57,39,Alexander Alvarado,https://www.fcratings.com/alexander-alvarado-254206,LW,,,69,78,65,68,69,61,63,https://www.fcratings.com/nations/ecuador-57
Ecuador,Ecuador,Ecuador,E,https://www.fcratings.com/nations/ecuador-57,40,Eryc Castillo,https://www.fcratings.com/eryc-castillo-244464,LM,,,69,85,61,58,71,33,79,https://www.fcratings.com/nations/ecuador-57
Ecuador,Ecuador,Ecuador,E,https://www.fcratings.com/nations/ecuador-57,41,Ayrton Preciado,https://www.fcratings.com/ayrton-preciado-241412,LM,Club Atlético Aldosivi,https://www.fcratings.com/clubs/club-atletico-aldosivi-111707,69,80,69,64,72,31,64,https://www.fcratings.com/nations/ecuador-57
Ecuador,Ecuador,Ecuador,E,https://www.fcratings.com/nations/ecuador-57,42,Arón Rodríguez,https://www.fcratings.com/aron-rodriguez-259825,LM,,,69,89,56,60,68,42,58,https://www.fcratings.com/nations/ecuador-57
Ecuador,Ecuador,Ecuador,E,https://www.fcratings.com/nations/ecuador-57,43,Felipe Caicedo,https://www.fcratings.com/felipe-caicedo-175254,ST,,,69,57,71,65,64,43,70,https://www.fcratings.com/nations/ecuador-57
Ecuador,Ecuador,Ecuador,E,https://www.fcratings.com/nations/ecuador-57,44,Billy Arce,https://www.fcratings.com/billy-arce-245231,CAM,,,69,75,69,65,69,34,56,https://www.fcratings.com/nations/ecuador-57
Ecuador,Ecuador,Ecuador,E,https://www.fcratings.com/nations/ecuador-57,45,Jairo Vélez,https://www.fcratings.com/jairo-velez-222065,CAM,,,69,64,67,69,69,36,55,https://www.fcratings.com/nations/ecuador-57
Ecuador,Ecuador,Ecuador,E,https://www.fcratings.com/nations/ecuador-57,46,Michael Estrada,https://www.fcratings.com/michael-estrada-240944,ST,,,69,76,63,51,66,24,77,https://www.fcratings.com/nations/ecuador-57
Ecuador,Ecuador,Ecuador,E,https://www.fcratings.com/nations/ecuador-57,47,Denil Castillo,https://www.fcratings.com/denil-castillo-277197,CM,FC Midtjylland,https://www.fcratings.com/clubs/fc-midtjylland-1516,69,77,61,68,66,67,76,https://www.fcratings.com/nations/ecuador-57
Ecuador,Ecuador,Ecuador,E,https://www.fcratings.com/nations/ecuador-57,48,Joao Ortiz,https://www.fcratings.com/joao-ortiz-254887,CDM,Portland Timbers,https://www.fcratings.com/clubs/portland-timbers-111140,68,72,68,63,68,66,73,https://www.fcratings.com/nations/ecuador-57
Ecuador,Ecuador,Ecuador,E,https://www.fcratings.com/nations/ecuador-57,49,Xavier Arreaga,https://www.fcratings.com/xavier-arreaga-246406,CB,,,68,62,28,49,59,67,72,https://www.fcratings.com/nations/ecuador-57
Ecuador,Ecuador,Ecuador,E,https://www.fcratings.com/nations/ecuador-57,50,Layan Loor,https://www.fcratings.com/layan-loor-266668,LB,,,68,83,57,64,65,60,65,https://www.fcratings.com/nations/ecuador-57
Germany,Germany,Germany,E,https://www.fcratings.com/nations/germany-21,1,Joshua Kimmich,https://www.fcratings.com/joshua-kimmich-212622,CDM,FC Bayern Munich,https://www.fcratings.com/clubs/fc-bayern-munich-21,89,72,73,89,84,83,79,https://www.fcratings.com/nations/germany-21
Germany,Germany,Germany,E,https://www.fcratings.com/nations/germany-21,2,Florian Wirtz,https://www.fcratings.com/florian-wirtz-256630,CAM,Liverpool,https://www.fcratings.com/clubs/liverpool-9,87,80,80,87,88,54,67,https://www.fcratings.com/nations/germany-21
Germany,Germany,Germany,E,https://www.fcratings.com/nations/germany-21,3,Jamal Musiala,https://www.fcratings.com/jamal-musiala-256790,CAM,FC Bayern Munich,https://www.fcratings.com/clubs/fc-bayern-munich-21,87,80,81,80,90,65,65,https://www.fcratings.com/nations/germany-21
Germany,Germany,Germany,E,https://www.fcratings.com/nations/germany-21,4,Jonathan Tah,https://www.fcratings.com/jonathan-tah-213331,CB,FC Bayern Munich,https://www.fcratings.com/clubs/fc-bayern-munich-21,87,63,38,60,63,87,86,https://www.fcratings.com/nations/germany-21
Germany,Germany,Germany,E,https://www.fcratings.com/nations/germany-21,5,Ann-Katrin Berger,https://www.fcratings.com/ann-katrin-berger-258310,GK,Gotham FC,https://www.fcratings.com/clubs/gotham-fc-116310,86,86,84,81,87,45,81,https://www.fcratings.com/nations/germany-21
Germany,Germany,Germany,E,https://www.fcratings.com/nations/germany-21,6,Klara Bühl,https://www.fcratings.com/klara-buhl-248822,LM,FC Bayern Munich Women,https://www.fcratings.com/clubs/fc-bayern-munich-women-115995,86,84,84,81,84,34,74,https://www.fcratings.com/nations/germany-21
Germany,Germany,Germany,E,https://www.fcratings.com/nations/germany-21,7,Lea Schüller,https://www.fcratings.com/lea-schuller-244302,ST,FC Bayern Munich Women,https://www.fcratings.com/clubs/fc-bayern-munich-women-115995,86,87,83,71,82,33,74,https://www.fcratings.com/nations/germany-21
Germany,Germany,Germany,E,https://www.fcratings.com/nations/germany-21,8,Nico Schlotterbeck,https://www.fcratings.com/nico-schlotterbeck-247819,CB,Borussia Dortmund,https://www.fcratings.com/clubs/borussia-dortmund-22,86,74,60,76,73,87,84,https://www.fcratings.com/nations/germany-21
Germany,Germany,Germany,E,https://www.fcratings.com/nations/germany-21,9,Alexandra Popp,https://www.fcratings.com/alexandra-popp-226302,ST,VfL Wolfsburg Women,https://www.fcratings.com/clubs/vfl-wolfsburg-women-115998,85,74,84,76,78,52,89,https://www.fcratings.com/nations/germany-21
Germany,Germany,Germany,E,https://www.fcratings.com/nations/germany-21,10,Svenja Huth,https://www.fcratings.com/svenja-huth-227337,CM,VfL Wolfsburg Women,https://www.fcratings.com/clubs/vfl-wolfsburg-women-115998,85,82,76,84,86,58,67,https://www.fcratings.com/nations/germany-21
Germany,Germany,Germany,E,https://www.fcratings.com/nations/germany-21,11,Laura Freigang,https://www.fcratings.com/laura-freigang-261773,CAM,Eintracht Frankfurt Women,https://www.fcratings.com/clubs/eintracht-frankfurt-women-115997,85,84,83,77,83,37,79,https://www.fcratings.com/nations/germany-21
Germany,Germany,Germany,E,https://www.fcratings.com/nations/germany-21,12,Antonio Rüdiger,https://www.fcratings.com/antonio-rudiger-205452,CB,Real Madrid CF,https://www.fcratings.com/clubs/real-madrid-cf-243,84,77,54,71,68,83,84,https://www.fcratings.com/nations/germany-21
Germany,Germany,Germany,E,https://www.fcratings.com/nations/germany-21,13,Marc-André ter Stegen,https://www.fcratings.com/marc-andre-ter-stegen-192448,GK,Girona FC,https://www.fcratings.com/clubs/girona-fc-110062,84,82,82,86,82,44,83,https://www.fcratings.com/nations/germany-21
Germany,Germany,Germany,E,https://www.fcratings.com/nations/germany-21,14,Sara Däbritz,https://www.fcratings.com/sara-dabritz-227327,CM,Real Madrid Femenino,https://www.fcratings.com/clubs/real-madrid-femenino-116326,84,77,81,84,86,74,73,https://www.fcratings.com/nations/germany-21
Germany,Germany,Germany,E,https://www.fcratings.com/nations/germany-21,15,Janina Minge,https://www.fcratings.com/janina-minge-265063,CM,VfL Wolfsburg Women,https://www.fcratings.com/clubs/vfl-wolfsburg-women-115998,84,70,79,80,81,77,80,https://www.fcratings.com/nations/germany-21
Germany,Germany,Germany,E,https://www.fcratings.com/nations/germany-21,16,Giulia Gwinn,https://www.fcratings.com/giulia-gwinn-247788,RB,FC Bayern Munich Women,https://www.fcratings.com/clubs/fc-bayern-munich-women-115995,84,83,68,79,84,82,70,https://www.fcratings.com/nations/germany-21
Germany,Germany,Germany,E,https://www.fcratings.com/nations/germany-21,17,Merle Frohms,https://www.fcratings.com/merle-frohms-247789,GK,Real Madrid Femenino,https://www.fcratings.com/clubs/real-madrid-femenino-116326,84,81,82,76,84,51,85,https://www.fcratings.com/nations/germany-21
Germany,Germany,Germany,E,https://www.fcratings.com/nations/germany-21,18,Sjoeke Nüsken,https://www.fcratings.com/sjoeke-nusken-262093,CDM,Chelsea F.C. Women,https://www.fcratings.com/clubs/chelsea-fc-women-116010,84,70,73,78,80,82,76,https://www.fcratings.com/nations/germany-21
Germany,Germany,Germany,E,https://www.fcratings.com/nations/germany-21,19,Sara Doorsoun,https://www.fcratings.com/sara-doorsoun-238470,CB,Angel City FC,https://www.fcratings.com/clubs/angel-city-fc-116311,84,77,62,74,76,85,82,https://www.fcratings.com/nations/germany-21
Germany,Germany,Germany,E,https://www.fcratings.com/nations/germany-21,20,Lena Oberdorf,https://www.fcratings.com/lena-oberdorf-248717,CDM,FC Bayern Munich Women,https://www.fcratings.com/clubs/fc-bayern-munich-women-115995,84,61,62,77,75,85,85,https://www.fcratings.com/nations/germany-21
Germany,Germany,Germany,E,https://www.fcratings.com/nations/germany-21,21,Oliver Baumann,https://www.fcratings.com/oliver-baumann-193698,GK,TSG 1899 Hoffenheim,https://www.fcratings.com/clubs/tsg-1899-hoffenheim-10029,84,85,81,80,84,39,81,https://www.fcratings.com/nations/germany-21
Germany,Germany,Germany,E,https://www.fcratings.com/nations/germany-21,22,Felix Nmecha,https://www.fcratings.com/felix-nmecha-246863,CDM,Borussia Dortmund,https://www.fcratings.com/clubs/borussia-dortmund-22,84,82,77,77,83,82,86,https://www.fcratings.com/nations/germany-21
Germany,Germany,Germany,E,https://www.fcratings.com/nations/germany-21,23,Lena Lattwein,https://www.fcratings.com/lena-lattwein-247790,CM,VfL Wolfsburg Women,https://www.fcratings.com/clubs/vfl-wolfsburg-women-115998,83,69,74,80,82,78,83,https://www.fcratings.com/nations/germany-21
Germany,Germany,Germany,E,https://www.fcratings.com/nations/germany-21,24,Nicole Anyomi,https://www.fcratings.com/nicole-anyomi-264947,ST,Eintracht Frankfurt Women,https://www.fcratings.com/clubs/eintracht-frankfurt-women-115997,83,90,79,73,84,55,83,https://www.fcratings.com/nations/germany-21
Germany,Germany,Germany,E,https://www.fcratings.com/nations/germany-21,25,Jule Brand,https://www.fcratings.com/jule-brand-261740,LW,OL Lyonnes,https://www.fcratings.com/clubs/ol-lyonnes-116033,83,91,75,78,82,56,74,https://www.fcratings.com/nations/germany-21
Germany,Germany,Germany,E,https://www.fcratings.com/nations/germany-21,26,Selina Cerci,https://www.fcratings.com/selina-cerci-265025,ST,TSG 1899 Hoffenheim Women,https://www.fcratings.com/clubs/tsg-1899-hoffenheim-women-115999,83,82,82,75,81,53,79,https://www.fcratings.com/nations/germany-21
Germany,Germany,Germany,E,https://www.fcratings.com/nations/germany-21,27,Angelo Stiller,https://www.fcratings.com/angelo-stiller-250959,CDM,VfB Stuttgart,https://www.fcratings.com/clubs/vfb-stuttgart-36,83,56,59,84,84,76,71,https://www.fcratings.com/nations/germany-21
Germany,Germany,Germany,E,https://www.fcratings.com/nations/germany-21,28,Linda Dallmann,https://www.fcratings.com/linda-dallmann-239345,RM,FC Bayern Munich Women,https://www.fcratings.com/clubs/fc-bayern-munich-women-115995,83,77,76,80,87,46,58,https://www.fcratings.com/nations/germany-21
Germany,Germany,Germany,E,https://www.fcratings.com/nations/germany-21,29,David Raum,https://www.fcratings.com/david-raum-236703,LB,RB Leipzig,https://www.fcratings.com/clubs/rb-leipzig-112172,83,86,61,81,80,76,80,https://www.fcratings.com/nations/germany-21
Germany,Germany,Germany,E,https://www.fcratings.com/nations/germany-21,30,Maximilian Mittelstädt,https://www.fcratings.com/maximilian-mittelstadt-227647,LB,VfB Stuttgart,https://www.fcratings.com/clubs/vfb-stuttgart-36,83,79,63,79,78,80,74,https://www.fcratings.com/nations/germany-21
Germany,Germany,Germany,E,https://www.fcratings.com/nations/germany-21,31,Serge Gnabry,https://www.fcratings.com/serge-gnabry-206113,LM,FC Bayern Munich,https://www.fcratings.com/clubs/fc-bayern-munich-21,83,79,82,79,84,43,66,https://www.fcratings.com/nations/germany-21
Germany,Germany,Germany,E,https://www.fcratings.com/nations/germany-21,32,Waldemar Anton,https://www.fcratings.com/waldemar-anton-229476,CB,Borussia Dortmund,https://www.fcratings.com/clubs/borussia-dortmund-22,83,69,47,67,67,84,84,https://www.fcratings.com/nations/germany-21
Germany,Germany,Germany,E,https://www.fcratings.com/nations/germany-21,33,Matthias Ginter,https://www.fcratings.com/matthias-ginter-207862,CB,SC Freiburg,https://www.fcratings.com/clubs/sc-freiburg-25,83,55,58,71,66,86,76,https://www.fcratings.com/nations/germany-21
Germany,Germany,Germany,E,https://www.fcratings.com/nations/germany-21,34,Manuel Neuer,https://www.fcratings.com/manuel-neuer-167495,GK,FC Bayern Munich,https://www.fcratings.com/clubs/fc-bayern-munich-21,82,80,80,88,79,31,84,https://www.fcratings.com/nations/germany-21
Germany,Germany,Germany,E,https://www.fcratings.com/nations/germany-21,35,Julian Brandt,https://www.fcratings.com/julian-brandt-212194,CAM,Borussia Dortmund,https://www.fcratings.com/clubs/borussia-dortmund-22,82,74,77,83,84,44,70,https://www.fcratings.com/nations/germany-21
Germany,Germany,Germany,E,https://www.fcratings.com/nations/germany-21,36,Emre Can,https://www.fcratings.com/emre-can-208333,CB,Borussia Dortmund,https://www.fcratings.com/clubs/borussia-dortmund-22,82,71,76,72,73,82,83,https://www.fcratings.com/nations/germany-21
Germany,Germany,Germany,E,https://www.fcratings.com/nations/germany-21,37,Elisa Senß,https://www.fcratings.com/elisa-senss-265035,CM,Eintracht Frankfurt Women,https://www.fcratings.com/clubs/eintracht-frankfurt-women-115997,82,80,71,77,84,76,71,https://www.fcratings.com/nations/germany-21
Germany,Germany,Germany,E,https://www.fcratings.com/nations/germany-21,38,Vanessa Fudalla,https://www.fcratings.com/vanessa-fudalla-265377,CAM,Bayer 04 Leverkusen Women,https://www.fcratings.com/clubs/bayer-04-leverkusen-women-115996,82,85,84,74,79,55,71,https://www.fcratings.com/nations/germany-21
Germany,Germany,Germany,E,https://www.fcratings.com/nations/germany-21,39,Carolin Simon,https://www.fcratings.com/carolin-simon-239344,LB,FC Bayern Munich Women,https://www.fcratings.com/clubs/fc-bayern-munich-women-115995,82,75,57,75,79,80,73,https://www.fcratings.com/nations/germany-21
Germany,Germany,Germany,E,https://www.fcratings.com/nations/germany-21,40,Kristin Kögel,https://www.fcratings.com/kristin-kogel-264922,LM,Bayer 04 Leverkusen Women,https://www.fcratings.com/clubs/bayer-04-leverkusen-women-115996,82,86,79,77,80,46,69,https://www.fcratings.com/nations/germany-21
Germany,Germany,Germany,E,https://www.fcratings.com/nations/germany-21,41,Jonathan Burkardt,https://www.fcratings.com/jonathan-burkardt-244257,ST,Eintracht Frankfurt,https://www.fcratings.com/clubs/eintracht-frankfurt-1824,82,83,83,67,81,44,76,https://www.fcratings.com/nations/germany-21
Germany,Germany,Germany,E,https://www.fcratings.com/nations/germany-21,42,Kai Havertz,https://www.fcratings.com/kai-havertz-235790,ST,Arsenal F.C.,https://www.fcratings.com/clubs/arsenal-fc-1,82,72,79,78,81,48,74,https://www.fcratings.com/nations/germany-21
Germany,Germany,Germany,E,https://www.fcratings.com/nations/germany-21,43,Sophia Kleinherne,https://www.fcratings.com/sophia-kleinherne-257530,CB,VfL Wolfsburg Women,https://www.fcratings.com/clubs/vfl-wolfsburg-women-115998,82,79,46,73,73,84,74,https://www.fcratings.com/nations/germany-21
Germany,Germany,Germany,E,https://www.fcratings.com/nations/germany-21,44,Kathrin Hendrich,https://www.fcratings.com/kathrin-hendrich-226375,CB,Chicago Stars FC,https://www.fcratings.com/clubs/chicago-stars-fc-116305,82,73,44,70,72,83,76,https://www.fcratings.com/nations/germany-21
Germany,Germany,Germany,E,https://www.fcratings.com/nations/germany-21,45,Karim Adeyemi,https://www.fcratings.com/karim-adeyemi-251852,RM,Borussia Dortmund,https://www.fcratings.com/clubs/borussia-dortmund-22,82,96,80,72,82,36,69,https://www.fcratings.com/nations/germany-21
Germany,Germany,Germany,E,https://www.fcratings.com/nations/germany-21,46,Deniz Undav,https://www.fcratings.com/deniz-undav-244176,ST,VfB Stuttgart,https://www.fcratings.com/clubs/vfb-stuttgart-36,82,67,83,76,81,33,80,https://www.fcratings.com/nations/germany-21
Germany,Germany,Germany,E,https://www.fcratings.com/nations/germany-21,47,Aleksandar Pavlović,https://www.fcratings.com/aleksandar-pavlovic-275298,CDM,FC Bayern Munich,https://www.fcratings.com/clubs/fc-bayern-munich-21,82,62,67,82,80,78,75,https://www.fcratings.com/nations/germany-21
Germany,Germany,Germany,E,https://www.fcratings.com/nations/germany-21,48,Leon Goretzka,https://www.fcratings.com/leon-goretzka-209658,CM,FC Bayern Munich,https://www.fcratings.com/clubs/fc-bayern-munich-21,81,76,78,79,79,80,80,https://www.fcratings.com/nations/germany-21
Germany,Germany,Germany,E,https://www.fcratings.com/nations/germany-21,49,Leroy Sané,https://www.fcratings.com/leroy-sane-222492,RM,Galatasaray S.K.,https://www.fcratings.com/clubs/galatasaray-sk-325,81,85,81,79,83,30,63,https://www.fcratings.com/nations/germany-21
Germany,Germany,Germany,E,https://www.fcratings.com/nations/germany-21,50,Rafaela Borggräfe,https://www.fcratings.com/rafaela-borggrafe-265076,GK,Liverpool F.C. Women,https://www.fcratings.com/clubs/liverpool-fc-women-116343,81,82,77,79,82,47,81,https://www.fcratings.com/nations/germany-21
Japan,Japan,Japan,F,https://www.fcratings.com/nations/japan-163,1,Yui Hasegawa,https://www.fcratings.com/yui-hasegawa-245830,CDM,Manchester City W.F.C.,https://www.fcratings.com/clubs/manchester-city-wfc-116017,85,77,71,85,86,81,63,https://www.fcratings.com/nations/japan-163
Japan,Japan,Japan,F,https://www.fcratings.com/nations/japan-163,2,Hina Sugita,https://www.fcratings.com/hina-sugita-245839,CDM,Portland Thorns FC,https://www.fcratings.com/clubs/portland-thorns-fc-116302,82,75,78,82,84,77,77,https://www.fcratings.com/nations/japan-163
Japan,Japan,Japan,F,https://www.fcratings.com/nations/japan-163,3,Saki Kumagai,https://www.fcratings.com/saki-kumagai-226997,CB,London City Lionesses,https://www.fcratings.com/clubs/london-city-lionesses-132176,82,45,70,76,79,84,78,https://www.fcratings.com/nations/japan-163
Japan,Japan,Japan,F,https://www.fcratings.com/nations/japan-163,4,Kaoru Mitoma,https://www.fcratings.com/kaoru-mitoma-255565,LM,Brighton & Hove Albion F.C.,https://www.fcratings.com/clubs/brighton-hove-albion-fc-1808,81,85,76,76,86,57,63,https://www.fcratings.com/nations/japan-163
Japan,Japan,Japan,F,https://www.fcratings.com/nations/japan-163,5,Takefusa Kubo,https://www.fcratings.com/takefusa-kubo-237681,RM,Real Sociedad,https://www.fcratings.com/clubs/real-sociedad-457,81,85,76,76,84,43,65,https://www.fcratings.com/nations/japan-163
Japan,Japan,Japan,F,https://www.fcratings.com/nations/japan-163,6,Ritsu Doan,https://www.fcratings.com/ritsu-doan-232639,RM,Eintracht Frankfurt,https://www.fcratings.com/clubs/eintracht-frankfurt-1824,81,81,71,77,84,44,65,https://www.fcratings.com/nations/japan-163
Japan,Japan,Japan,F,https://www.fcratings.com/nations/japan-163,7,Kaishū Sano,https://www.fcratings.com/kaishu-sano-73078,CDM,1. FSV Mainz 05,https://www.fcratings.com/clubs/1-fsv-mainz-05-169,80,79,53,67,80,81,75,https://www.fcratings.com/nations/japan-163
Japan,Japan,Japan,F,https://www.fcratings.com/nations/japan-163,8,Wataru Endo,https://www.fcratings.com/wataru-endo-232487,CDM,Liverpool,https://www.fcratings.com/clubs/liverpool-9,79,58,68,71,76,79,73,https://www.fcratings.com/nations/japan-163
Japan,Japan,Japan,F,https://www.fcratings.com/nations/japan-163,9,Honoka Hayashi,https://www.fcratings.com/honoka-hayashi-271739,CM,Everton F.C. Women,https://www.fcratings.com/clubs/everton-fc-women-116016,79,78,71,78,80,62,57,https://www.fcratings.com/nations/japan-163
Japan,Japan,Japan,F,https://www.fcratings.com/nations/japan-163,10,Jun Endo,https://www.fcratings.com/jun-endo-247811,LM,Angel City FC,https://www.fcratings.com/clubs/angel-city-fc-116311,79,78,74,74,78,45,66,https://www.fcratings.com/nations/japan-163
Japan,Japan,Japan,F,https://www.fcratings.com/nations/japan-163,11,Risa Shimizu,https://www.fcratings.com/risa-shimizu-245826,RB,Liverpool F.C. Women,https://www.fcratings.com/clubs/liverpool-fc-women-116343,79,81,53,71,71,78,56,https://www.fcratings.com/nations/japan-163
Japan,Japan,Japan,F,https://www.fcratings.com/nations/japan-163,12,Maika Hamano,https://www.fcratings.com/maika-hamano-273520,CAM,Chelsea F.C. Women,https://www.fcratings.com/clubs/chelsea-fc-women-116010,79,76,72,71,81,51,54,https://www.fcratings.com/nations/japan-163
Japan,Japan,Japan,F,https://www.fcratings.com/nations/japan-163,13,Ayaka Yamashita,https://www.fcratings.com/ayaka-yamashita-245824,GK,Manchester City W.F.C.,https://www.fcratings.com/clubs/manchester-city-wfc-116017,79,78,76,74,80,19,76,https://www.fcratings.com/nations/japan-163
Japan,Japan,Japan,F,https://www.fcratings.com/nations/japan-163,14,Moeka Minami,https://www.fcratings.com/moeka-minami-247805,CB,Brighton & Hove Albion W.F.C.,https://www.fcratings.com/clubs/brighton-hove-albion-wfc-116013,79,64,56,58,70,81,74,https://www.fcratings.com/nations/japan-163
Japan,Japan,Japan,F,https://www.fcratings.com/nations/japan-163,15,Daizen Maeda,https://www.fcratings.com/daizen-maeda-246321,LW,Celtic F.C.,https://www.fcratings.com/clubs/celtic-fc-78,78,92,77,70,76,64,79,https://www.fcratings.com/nations/japan-163
Japan,Japan,Japan,F,https://www.fcratings.com/nations/japan-163,16,Hidemasa Morita,https://www.fcratings.com/hidemasa-morita-242087,CM,Sporting CP,https://www.fcratings.com/clubs/sporting-cp-237,78,68,71,75,78,72,78,https://www.fcratings.com/nations/japan-163
Japan,Japan,Japan,F,https://www.fcratings.com/nations/japan-163,17,Kiko Seike,https://www.fcratings.com/kiko-seike-275923,RW,Brighton & Hove Albion W.F.C.,https://www.fcratings.com/clubs/brighton-hove-albion-wfc-116013,78,77,73,75,77,59,66,https://www.fcratings.com/nations/japan-163
Japan,Japan,Japan,F,https://www.fcratings.com/nations/japan-163,18,Hiroki Ito,https://www.fcratings.com/hiroki-ito-234205,CB,FC Bayern Munich,https://www.fcratings.com/clubs/fc-bayern-munich-21,78,74,57,71,72,80,72,https://www.fcratings.com/nations/japan-163
Japan,Japan,Japan,F,https://www.fcratings.com/nations/japan-163,19,Hinata Miyazawa,https://www.fcratings.com/hinata-miyazawa-273227,CDM,Manchester United W.F.C.,https://www.fcratings.com/clubs/manchester-united-wfc-116012,78,67,63,78,74,71,72,https://www.fcratings.com/nations/japan-163
Japan,Japan,Japan,F,https://www.fcratings.com/nations/japan-163,20,Takumi Minamino,https://www.fcratings.com/takumi-minamino-226627,LM,AS Monaco FC,https://www.fcratings.com/clubs/as-monaco-fc-69,78,77,74,75,81,40,64,https://www.fcratings.com/nations/japan-163
Japan,Japan,Japan,F,https://www.fcratings.com/nations/japan-163,21,Riko Ueki,https://www.fcratings.com/riko-ueki-248728,ST,West Ham United F.C. Women,https://www.fcratings.com/clubs/west-ham-united-fc-women-116014,78,70,78,67,77,46,67,https://www.fcratings.com/nations/japan-163
Japan,Japan,Japan,F,https://www.fcratings.com/nations/japan-163,22,Daichi Kamada,https://www.fcratings.com/daichi-kamada-232730,CM,Crystal Palace F.C.,https://www.fcratings.com/clubs/crystal-palace-fc-1799,78,71,72,78,79,65,66,https://www.fcratings.com/nations/japan-163
Japan,Japan,Japan,F,https://www.fcratings.com/nations/japan-163,23,Ayase Ueda,https://www.fcratings.com/ayase-ueda-252162,ST,,,78,74,78,62,74,30,77,https://www.fcratings.com/nations/japan-163
Japan,Japan,Japan,F,https://www.fcratings.com/nations/japan-163,24,Yuka Momiki,https://www.fcratings.com/yuka-momiki-245834,CAM,Everton F.C. Women,https://www.fcratings.com/clubs/everton-fc-women-116016,77,78,74,73,78,45,57,https://www.fcratings.com/nations/japan-163
Japan,Japan,Japan,F,https://www.fcratings.com/nations/japan-163,25,Aoba Fujino,https://www.fcratings.com/aoba-fujino-275906,RW,Manchester City W.F.C.,https://www.fcratings.com/clubs/manchester-city-wfc-116017,77,77,73,75,77,23,56,https://www.fcratings.com/nations/japan-163
Japan,Japan,Japan,F,https://www.fcratings.com/nations/japan-163,26,Tsuyoshi Watanabe,https://www.fcratings.com/tsuyoshi-watanabe-246826,CB,,,77,76,39,53,61,77,78,https://www.fcratings.com/nations/japan-163
Japan,Japan,Japan,F,https://www.fcratings.com/nations/japan-163,27,Junya Ito,https://www.fcratings.com/junya-ito-232905,RM,KRC Genk,https://www.fcratings.com/clubs/krc-genk-673,76,86,69,72,76,58,70,https://www.fcratings.com/nations/japan-163
Japan,Japan,Japan,F,https://www.fcratings.com/nations/japan-163,28,Ko Itakura,https://www.fcratings.com/ko-itakura-233152,CB,,,76,75,59,61,74,76,76,https://www.fcratings.com/nations/japan-163
Japan,Japan,Japan,F,https://www.fcratings.com/nations/japan-163,29,Reo Hatate,https://www.fcratings.com/reo-hatate-255742,CM,Celtic F.C.,https://www.fcratings.com/clubs/celtic-fc-78,76,70,74,75,76,64,70,https://www.fcratings.com/nations/japan-163
Japan,Japan,Japan,F,https://www.fcratings.com/nations/japan-163,30,Ao Tanaka,https://www.fcratings.com/ao-tanaka-236764,CDM,Leeds United F.C.,https://www.fcratings.com/clubs/leeds-united-fc-8,76,70,68,72,77,72,70,https://www.fcratings.com/nations/japan-163
Japan,Japan,Japan,F,https://www.fcratings.com/nations/japan-163,31,Narumi Miura,https://www.fcratings.com/narumi-miura-245833,CDM,Washington Spirit,https://www.fcratings.com/clubs/washington-spirit-116304,76,62,71,76,75,73,67,https://www.fcratings.com/nations/japan-163
Japan,Japan,Japan,F,https://www.fcratings.com/nations/japan-163,32,Keito Nakamura,https://www.fcratings.com/keito-nakamura-242914,LM,Stade de Reims,https://www.fcratings.com/clubs/stade-de-reims-379,76,79,74,71,77,41,74,https://www.fcratings.com/nations/japan-163
Japan,Japan,Japan,F,https://www.fcratings.com/nations/japan-163,33,Yu Endo,https://www.fcratings.com/yu-endo-80327,RB,West Ham United F.C. Women,https://www.fcratings.com/clubs/west-ham-united-fc-women-116014,76,67,33,67,62,75,52,https://www.fcratings.com/nations/japan-163
Japan,Japan,Japan,F,https://www.fcratings.com/nations/japan-163,34,Koki Machida,https://www.fcratings.com/koki-machida-232873,CB,TSG 1899 Hoffenheim,https://www.fcratings.com/clubs/tsg-1899-hoffenheim-10029,75,77,40,60,56,75,80,https://www.fcratings.com/nations/japan-163
Japan,Japan,Japan,F,https://www.fcratings.com/nations/japan-163,35,Fuka Nagano,https://www.fcratings.com/fuka-nagano-270892,CDM,Liverpool F.C. Women,https://www.fcratings.com/clubs/liverpool-fc-women-116343,75,78,60,73,79,69,64,https://www.fcratings.com/nations/japan-163
Japan,Japan,Japan,F,https://www.fcratings.com/nations/japan-163,36,Chika Hirao,https://www.fcratings.com/chika-hirao-245825,GK,Granada CF Women,https://www.fcratings.com/clubs/granada-cf-women-131391,75,74,73,71,76,18,75,https://www.fcratings.com/nations/japan-163
Japan,Japan,Japan,F,https://www.fcratings.com/nations/japan-163,37,Remina Chiba,https://www.fcratings.com/remina-chiba-275904,ST,Eintracht Frankfurt Women,https://www.fcratings.com/clubs/eintracht-frankfurt-women-115997,75,83,77,61,75,23,56,https://www.fcratings.com/nations/japan-163
Japan,Japan,Japan,F,https://www.fcratings.com/nations/japan-163,38,Yukinari Sugawara,https://www.fcratings.com/yukinari-sugawara-242916,RB,SV Werder Bremen,https://www.fcratings.com/clubs/sv-werder-bremen-38,75,75,54,73,72,71,70,https://www.fcratings.com/nations/japan-163
Japan,Japan,Japan,F,https://www.fcratings.com/nations/japan-163,39,Yuito Suzuki,https://www.fcratings.com/yuito-suzuki-255185,CAM,SC Freiburg,https://www.fcratings.com/clubs/sc-freiburg-25,75,83,69,70,78,48,57,https://www.fcratings.com/nations/japan-163
Japan,Japan,Japan,F,https://www.fcratings.com/nations/japan-163,40,Kodai Sano,https://www.fcratings.com/kodai-sano-277809,CM,,,75,67,61,73,79,68,67,https://www.fcratings.com/nations/japan-163
Japan,Japan,Japan,F,https://www.fcratings.com/nations/japan-163,41,Takuma Asano,https://www.fcratings.com/takuma-asano-232610,RM,RCD Mallorca,https://www.fcratings.com/clubs/rcd-mallorca-453,74,83,69,64,78,35,69,https://www.fcratings.com/nations/japan-163
Japan,Japan,Japan,F,https://www.fcratings.com/nations/japan-163,42,Zion Suzuki,https://www.fcratings.com/zion-suzuki-255981,GK,Parma Calcio 1913,https://www.fcratings.com/clubs/parma-calcio-1913-50,74,73,72,71,76,56,74,https://www.fcratings.com/nations/japan-163
Japan,Japan,Japan,F,https://www.fcratings.com/nations/japan-163,43,Mina Tanaka,https://www.fcratings.com/mina-tanaka-245835,CAM,Utah Royals,https://www.fcratings.com/clubs/utah-royals-131478,74,71,69,64,74,52,69,https://www.fcratings.com/nations/japan-163
Japan,Japan,Japan,F,https://www.fcratings.com/nations/japan-163,44,Ryotaro Ito,https://www.fcratings.com/ryotaro-ito-232490,CM,Sint-Truidense VV,https://www.fcratings.com/clubs/sint-truidense-vv-680,74,80,71,72,74,57,67,https://www.fcratings.com/nations/japan-163
Japan,Japan,Japan,F,https://www.fcratings.com/nations/japan-163,45,Shuto Machino,https://www.fcratings.com/shuto-machino-245622,ST,Borussia Mönchengladbach,https://www.fcratings.com/clubs/borussia-monchengladbach-23,73,81,73,68,73,40,73,https://www.fcratings.com/nations/japan-163
Japan,Japan,Japan,F,https://www.fcratings.com/nations/japan-163,46,Seiya Maikuma,https://www.fcratings.com/seiya-maikuma-266071,RB,,,73,73,61,68,72,69,72,https://www.fcratings.com/nations/japan-163
Japan,Japan,Japan,F,https://www.fcratings.com/nations/japan-163,47,Momoko Tanikawa,https://www.fcratings.com/momoko-tanikawa-70145,CAM,FC Bayern Munich Women,https://www.fcratings.com/clubs/fc-bayern-munich-women-115995,73,70,66,70,71,52,66,https://www.fcratings.com/nations/japan-163
Japan,Japan,Japan,F,https://www.fcratings.com/nations/japan-163,48,Tatsuhiro Sakamoto,https://www.fcratings.com/tatsuhiro-sakamoto-254910,RM,Coventry City F.C.,https://www.fcratings.com/clubs/coventry-city-fc-1800,73,76,64,69,76,62,62,https://www.fcratings.com/nations/japan-163
Japan,Japan,Japan,F,https://www.fcratings.com/nations/japan-163,49,Leo Kokubo,https://www.fcratings.com/leo-kokubo-71641,GK,Sint-Truidense VV,https://www.fcratings.com/clubs/sint-truidense-vv-680,73,75,65,64,75,41,71,https://www.fcratings.com/nations/japan-163
Japan,Japan,Japan,F,https://www.fcratings.com/nations/japan-163,50,Kyogo Furuhashi,https://www.fcratings.com/kyogo-furuhashi-245538,ST,Birmingham City F.C.,https://www.fcratings.com/clubs/birmingham-city-fc-88,72,83,71,66,73,48,64,https://www.fcratings.com/nations/japan-163
Netherlands,Netherlands,Holland,F,https://www.fcratings.com/nations/holland-34,1,Virgil van Dijk,https://www.fcratings.com/virgil-van-dijk-203376,CB,Liverpool,https://www.fcratings.com/clubs/liverpool-9,88,73,60,72,71,89,85,https://www.fcratings.com/nations/holland-34
Netherlands,Netherlands,Holland,F,https://www.fcratings.com/nations/holland-34,2,Frenkie de Jong,https://www.fcratings.com/frenkie-de-jong-228702,CM,FC Barcelona,https://www.fcratings.com/clubs/fc-barcelona-241,87,82,71,85,87,78,77,https://www.fcratings.com/nations/holland-34
Netherlands,Netherlands,Holland,F,https://www.fcratings.com/nations/holland-34,3,Ryan Gravenberch,https://www.fcratings.com/ryan-gravenberch-246104,CDM,Liverpool,https://www.fcratings.com/clubs/liverpool-9,86,76,77,81,86,81,81,https://www.fcratings.com/nations/holland-34
Netherlands,Netherlands,Holland,F,https://www.fcratings.com/nations/holland-34,4,Tijjani Reijnders,https://www.fcratings.com/tijjani-reijnders-240638,CM,Manchester City F.C.,https://www.fcratings.com/clubs/manchester-city-fc-10,85,78,79,82,84,72,77,https://www.fcratings.com/nations/holland-34
Netherlands,Netherlands,Holland,F,https://www.fcratings.com/nations/holland-34,5,Vivianne Miedema,https://www.fcratings.com/vivianne-miedema-233746,ST,Manchester City W.F.C.,https://www.fcratings.com/clubs/manchester-city-wfc-116017,85,82,85,70,85,32,80,https://www.fcratings.com/nations/holland-34
Netherlands,Netherlands,Holland,F,https://www.fcratings.com/nations/holland-34,6,Denzel Dumfries,https://www.fcratings.com/denzel-dumfries-233096,RB,Brescia Calcio,https://www.fcratings.com/clubs/brescia-calcio-131682,84,84,70,75,79,79,84,https://www.fcratings.com/nations/holland-34
Netherlands,Netherlands,Holland,F,https://www.fcratings.com/nations/holland-34,7,Damaris Egurrola,https://www.fcratings.com/damaris-egurrola-265536,CM,OL Lyonnes,https://www.fcratings.com/clubs/ol-lyonnes-116033,84,62,71,82,81,81,82,https://www.fcratings.com/nations/holland-34
Netherlands,Netherlands,Holland,F,https://www.fcratings.com/nations/holland-34,8,Lineth Beerensteyn,https://www.fcratings.com/lineth-beerensteyn-240717,LW,VfL Wolfsburg Women,https://www.fcratings.com/clubs/vfl-wolfsburg-women-115998,84,90,80,73,86,52,76,https://www.fcratings.com/nations/holland-34
Netherlands,Netherlands,Holland,F,https://www.fcratings.com/nations/holland-34,9,Jurriën Timber,https://www.fcratings.com/jurrien-timber-251805,RB,Arsenal F.C.,https://www.fcratings.com/clubs/arsenal-fc-1,84,76,48,76,78,83,81,https://www.fcratings.com/nations/holland-34
Netherlands,Netherlands,Holland,F,https://www.fcratings.com/nations/holland-34,10,Cody Gakpo,https://www.fcratings.com/cody-gakpo-242516,LM,Liverpool,https://www.fcratings.com/clubs/liverpool-9,83,83,82,80,83,47,75,https://www.fcratings.com/nations/holland-34
Netherlands,Netherlands,Holland,F,https://www.fcratings.com/nations/holland-34,11,Stefan de Vrij,https://www.fcratings.com/stefan-de-vrij-198176,CB,Brescia Calcio,https://www.fcratings.com/clubs/brescia-calcio-131682,83,62,41,68,69,86,74,https://www.fcratings.com/nations/holland-34
Netherlands,Netherlands,Holland,F,https://www.fcratings.com/nations/holland-34,12,Daniëlle van de Donk,https://www.fcratings.com/danielle-van-de-donk-233751,CM,London City Lionesses,https://www.fcratings.com/clubs/london-city-lionesses-132176,83,72,77,81,86,67,72,https://www.fcratings.com/nations/holland-34
Netherlands,Netherlands,Holland,F,https://www.fcratings.com/nations/holland-34,13,Dominique Janssen,https://www.fcratings.com/dominique-janssen-233756,CDM,Manchester United W.F.C.,https://www.fcratings.com/clubs/manchester-united-wfc-116012,83,77,59,76,76,84,82,https://www.fcratings.com/nations/holland-34
Netherlands,Netherlands,Holland,F,https://www.fcratings.com/nations/holland-34,14,Daphne van Domselaar,https://www.fcratings.com/daphne-van-domselaar-258680,GK,Arsenal W.F.C.,https://www.fcratings.com/clubs/arsenal-wfc-116009,83,82,81,81,82,40,83,https://www.fcratings.com/nations/holland-34
Netherlands,Netherlands,Holland,F,https://www.fcratings.com/nations/holland-34,15,Xavi Simons,https://www.fcratings.com/xavi-simons-245367,CAM,Tottenham Hotspur F.C.,https://www.fcratings.com/clubs/tottenham-hotspur-fc-18,82,77,77,80,86,61,70,https://www.fcratings.com/nations/holland-34
Netherlands,Netherlands,Holland,F,https://www.fcratings.com/nations/holland-34,16,Jeremie Frimpong,https://www.fcratings.com/jeremie-frimpong-253149,RB,Liverpool,https://www.fcratings.com/clubs/liverpool-9,82,94,62,74,84,72,63,https://www.fcratings.com/nations/holland-34
Netherlands,Netherlands,Holland,F,https://www.fcratings.com/nations/holland-34,17,Nathan Aké,https://www.fcratings.com/nathan-ake-208920,CB,Manchester City F.C.,https://www.fcratings.com/clubs/manchester-city-fc-10,82,73,53,71,74,83,74,https://www.fcratings.com/nations/holland-34
Netherlands,Netherlands,Holland,F,https://www.fcratings.com/nations/holland-34,18,Sherida Spitse,https://www.fcratings.com/sherida-spitse-233747,CB,AFC Ajax,https://www.fcratings.com/clubs/afc-ajax-131359,82,67,76,83,75,83,81,https://www.fcratings.com/nations/holland-34
Netherlands,Netherlands,Holland,F,https://www.fcratings.com/nations/holland-34,19,Micky van de Ven,https://www.fcratings.com/micky-van-de-ven-264453,CB,Tottenham Hotspur F.C.,https://www.fcratings.com/clubs/tottenham-hotspur-fc-18,82,90,60,66,73,81,81,https://www.fcratings.com/nations/holland-34
Netherlands,Netherlands,Holland,F,https://www.fcratings.com/nations/holland-34,20,Matthijs de Ligt,https://www.fcratings.com/matthijs-de-ligt-235243,CB,Manchester United F.C.,https://www.fcratings.com/clubs/manchester-united-fc-11,82,62,61,62,67,82,83,https://www.fcratings.com/nations/holland-34
Netherlands,Netherlands,Holland,F,https://www.fcratings.com/nations/holland-34,21,Sven Botman,https://www.fcratings.com/sven-botman-251809,CB,Newcastle United F.C.,https://www.fcratings.com/clubs/newcastle-united-fc-13,81,56,37,62,65,82,81,https://www.fcratings.com/nations/holland-34
Netherlands,Netherlands,Holland,F,https://www.fcratings.com/nations/holland-34,22,Jackie Groenen,https://www.fcratings.com/jackie-groenen-233852,CM,Paris Saint-Germain FC Women,https://www.fcratings.com/clubs/paris-saint-germain-fc-women-116034,81,80,66,81,82,72,74,https://www.fcratings.com/nations/holland-34
Netherlands,Netherlands,Holland,F,https://www.fcratings.com/nations/holland-34,23,Marten de Roon,https://www.fcratings.com/marten-de-roon-208461,CM,Atalanta BC,https://www.fcratings.com/clubs/atalanta-bc-115845,81,61,74,77,76,83,80,https://www.fcratings.com/nations/holland-34
Netherlands,Netherlands,Holland,F,https://www.fcratings.com/nations/holland-34,24,Joey Veerman,https://www.fcratings.com/joey-veerman-253109,CM,,,81,53,74,84,77,66,72,https://www.fcratings.com/nations/holland-34
Netherlands,Netherlands,Holland,F,https://www.fcratings.com/nations/holland-34,25,Teun Koopmeiners,https://www.fcratings.com/teun-koopmeiners-240679,CAM,Juventus FC,https://www.fcratings.com/clubs/juventus-fc-45,80,70,79,83,77,75,75,https://www.fcratings.com/nations/holland-34
Netherlands,Netherlands,Holland,F,https://www.fcratings.com/nations/holland-34,26,Quinten Timber,https://www.fcratings.com/quinten-timber-251806,CM,Olympique de Marseille,https://www.fcratings.com/clubs/olympique-de-marseille-219,80,77,78,76,80,74,83,https://www.fcratings.com/nations/holland-34
Netherlands,Netherlands,Holland,F,https://www.fcratings.com/nations/holland-34,27,Esmee Brugts,https://www.fcratings.com/esmee-brugts-267530,LB,FC Barcelona Femení,https://www.fcratings.com/clubs/fc-barcelona-femeni-116325,80,79,72,76,79,76,70,https://www.fcratings.com/nations/holland-34
Netherlands,Netherlands,Holland,F,https://www.fcratings.com/nations/holland-34,28,Lynn Wilms,https://www.fcratings.com/lynn-wilms-253417,RB,Aston Villa W.F.C.,https://www.fcratings.com/clubs/aston-villa-wfc-116015,80,79,66,77,73,77,77,https://www.fcratings.com/nations/holland-34
Netherlands,Netherlands,Holland,F,https://www.fcratings.com/nations/holland-34,29,Jan Paul van Hecke,https://www.fcratings.com/jan-paul-van-hecke-258908,CB,Brighton & Hove Albion F.C.,https://www.fcratings.com/clubs/brighton-hove-albion-fc-1808,80,67,46,72,70,80,78,https://www.fcratings.com/nations/holland-34
Netherlands,Netherlands,Holland,F,https://www.fcratings.com/nations/holland-34,30,Donyell Malen,https://www.fcratings.com/donyell-malen-231447,RM,AS Roma,https://www.fcratings.com/clubs/as-roma-52,80,86,79,72,83,35,67,https://www.fcratings.com/nations/holland-34
Netherlands,Netherlands,Holland,F,https://www.fcratings.com/nations/holland-34,31,Bart Verbruggen,https://www.fcratings.com/bart-verbruggen-258498,GK,Brighton & Hove Albion F.C.,https://www.fcratings.com/clubs/brighton-hove-albion-fc-1808,80,80,77,81,83,56,79,https://www.fcratings.com/nations/holland-34
Netherlands,Netherlands,Holland,F,https://www.fcratings.com/nations/holland-34,32,Danilho Doekhi,https://www.fcratings.com/danilho-doekhi-232658,CB,1. FC Union Berlin,https://www.fcratings.com/clubs/1-fc-union-berlin-1831,80,63,42,59,65,80,85,https://www.fcratings.com/nations/holland-34
Netherlands,Netherlands,Holland,F,https://www.fcratings.com/nations/holland-34,33,Robin Roefs,https://www.fcratings.com/robin-roefs-263798,GK,Sunderland A.F.C.,https://www.fcratings.com/clubs/sunderland-afc-106,80,80,78,76,82,31,81,https://www.fcratings.com/nations/holland-34
Netherlands,Netherlands,Holland,F,https://www.fcratings.com/nations/holland-34,34,Noa Lang,https://www.fcratings.com/noa-lang-239380,LW,Galatasaray S.K.,https://www.fcratings.com/clubs/galatasaray-sk-325,79,80,77,73,84,50,68,https://www.fcratings.com/nations/holland-34
Netherlands,Netherlands,Holland,F,https://www.fcratings.com/nations/holland-34,35,Steven Bergwijn,https://www.fcratings.com/steven-bergwijn-225953,LM,Al-Ittihad Club,https://www.fcratings.com/clubs/al-ittihad-club-607,79,80,78,76,83,41,71,https://www.fcratings.com/nations/holland-34
Netherlands,Netherlands,Holland,F,https://www.fcratings.com/nations/holland-34,36,Jerdy Schouten,https://www.fcratings.com/jerdy-schouten-235149,CDM,,,79,60,59,73,77,81,75,https://www.fcratings.com/nations/holland-34
Netherlands,Netherlands,Holland,F,https://www.fcratings.com/nations/holland-34,37,Ian Maatsen,https://www.fcratings.com/ian-maatsen-248465,LB,Aston Villa F.C.,https://www.fcratings.com/clubs/aston-villa-fc-2,79,87,65,75,81,73,63,https://www.fcratings.com/nations/holland-34
Netherlands,Netherlands,Holland,F,https://www.fcratings.com/nations/holland-34,38,Justin Kluivert,https://www.fcratings.com/justin-kluivert-236920,CAM,AFC Bournemouth,https://www.fcratings.com/clubs/afc-bournemouth-1943,79,87,78,76,81,42,62,https://www.fcratings.com/nations/holland-34
Netherlands,Netherlands,Holland,F,https://www.fcratings.com/nations/holland-34,39,Kerstin Casparij,https://www.fcratings.com/kerstin-casparij-264875,RB,Manchester City W.F.C.,https://www.fcratings.com/clubs/manchester-city-wfc-116017,79,76,58,72,74,77,62,https://www.fcratings.com/nations/holland-34
Netherlands,Netherlands,Holland,F,https://www.fcratings.com/nations/holland-34,40,Katja Snoeijs,https://www.fcratings.com/katja-snoeijs-244059,ST,Everton F.C. Women,https://www.fcratings.com/clubs/everton-fc-women-116016,79,81,79,66,79,43,70,https://www.fcratings.com/nations/holland-34
Netherlands,Netherlands,Holland,F,https://www.fcratings.com/nations/holland-34,41,Romée Leuchter,https://www.fcratings.com/romee-leuchter-267531,ST,Paris Saint-Germain FC Women,https://www.fcratings.com/clubs/paris-saint-germain-fc-women-116034,79,82,80,67,79,28,70,https://www.fcratings.com/nations/holland-34
Netherlands,Netherlands,Holland,F,https://www.fcratings.com/nations/holland-34,42,Georginio Wijnaldum,https://www.fcratings.com/georginio-wijnaldum-181291,CAM,Al-Ettifaq Club,https://www.fcratings.com/clubs/al-ettifaq-club-112096,79,68,76,77,80,76,76,https://www.fcratings.com/nations/holland-34
Netherlands,Netherlands,Holland,F,https://www.fcratings.com/nations/holland-34,43,Aschraf El Mahdioui,https://www.fcratings.com/aschraf-el-mahdioui-234200,CDM,Al Taawoun FC,https://www.fcratings.com/clubs/al-taawoun-fc-112393,79,66,55,76,75,73,78,https://www.fcratings.com/nations/holland-34
Netherlands,Netherlands,Holland,F,https://www.fcratings.com/nations/holland-34,44,Jordy Clasie,https://www.fcratings.com/jordy-clasie-199422,CDM,,,78,46,63,80,75,71,70,https://www.fcratings.com/nations/holland-34
Netherlands,Netherlands,Holland,F,https://www.fcratings.com/nations/holland-34,45,Kenneth Taylor,https://www.fcratings.com/kenneth-taylor-255009,CM,,,78,73,77,78,80,67,74,https://www.fcratings.com/nations/holland-34
Netherlands,Netherlands,Holland,F,https://www.fcratings.com/nations/holland-34,46,Mats Wieffer,https://www.fcratings.com/mats-wieffer-248793,CDM,Brighton & Hove Albion F.C.,https://www.fcratings.com/clubs/brighton-hove-albion-fc-1808,78,67,66,75,74,76,78,https://www.fcratings.com/nations/holland-34
Netherlands,Netherlands,Holland,F,https://www.fcratings.com/nations/holland-34,47,Lutsharel Geertruida,https://www.fcratings.com/lutsharel-geertruida-241187,CB,Sunderland A.F.C.,https://www.fcratings.com/clubs/sunderland-afc-106,78,72,59,70,75,78,78,https://www.fcratings.com/nations/holland-34
Netherlands,Netherlands,Holland,F,https://www.fcratings.com/nations/holland-34,48,Marco Bizot,https://www.fcratings.com/marco-bizot-200110,GK,Aston Villa F.C.,https://www.fcratings.com/clubs/aston-villa-fc-2,78,78,75,72,78,46,79,https://www.fcratings.com/nations/holland-34
Netherlands,Netherlands,Holland,F,https://www.fcratings.com/nations/holland-34,49,Mark Flekken,https://www.fcratings.com/mark-flekken-211738,GK,Bayer 04 Leverkusen,https://www.fcratings.com/clubs/bayer-04-leverkusen-32,78,79,76,80,80,32,76,https://www.fcratings.com/nations/holland-34
Netherlands,Netherlands,Holland,F,https://www.fcratings.com/nations/holland-34,50,Wieke Kaptein,https://www.fcratings.com/wieke-kaptein-276285,CM,Chelsea F.C. Women,https://www.fcratings.com/clubs/chelsea-fc-women-116010,78,67,69,71,76,69,67,https://www.fcratings.com/nations/holland-34
Sweden,Sweden,Sweden,F,https://www.fcratings.com/nations/sweden-46,1,Alexander Isak,https://www.fcratings.com/alexander-isak-233731,ST,Liverpool,https://www.fcratings.com/clubs/liverpool-9,87,83,88,73,84,39,75,https://www.fcratings.com/nations/sweden-46
Sweden,Sweden,Sweden,F,https://www.fcratings.com/nations/sweden-46,2,Viktor Gyökeres,https://www.fcratings.com/viktor-gyokeres-241651,ST,Arsenal F.C.,https://www.fcratings.com/clubs/arsenal-fc-1,86,86,86,72,78,44,90,https://www.fcratings.com/nations/sweden-46
Sweden,Sweden,Sweden,F,https://www.fcratings.com/nations/sweden-46,3,Fridolina Rolfö,https://www.fcratings.com/fridolina-rolfo-227013,LB,Manchester United W.F.C.,https://www.fcratings.com/clubs/manchester-united-wfc-116012,84,81,81,81,82,81,80,https://www.fcratings.com/nations/sweden-46
Sweden,Sweden,Sweden,F,https://www.fcratings.com/nations/sweden-46,4,Dejan Kulusevski,https://www.fcratings.com/dejan-kulusevski-247394,CM,Tottenham Hotspur F.C.,https://www.fcratings.com/clubs/tottenham-hotspur-fc-18,83,74,79,84,85,62,80,https://www.fcratings.com/nations/sweden-46
Sweden,Sweden,Sweden,F,https://www.fcratings.com/nations/sweden-46,5,Johanna Kaneryd,https://www.fcratings.com/johanna-kaneryd-241491,RM,Chelsea F.C. Women,https://www.fcratings.com/clubs/chelsea-fc-women-116010,82,83,75,79,80,49,68,https://www.fcratings.com/nations/sweden-46
Sweden,Sweden,Sweden,F,https://www.fcratings.com/nations/sweden-46,6,Stina Blackstenius,https://www.fcratings.com/stina-blackstenius-233364,ST,Arsenal W.F.C.,https://www.fcratings.com/clubs/arsenal-wfc-116009,82,82,84,62,82,39,75,https://www.fcratings.com/nations/sweden-46
Sweden,Sweden,Sweden,F,https://www.fcratings.com/nations/sweden-46,7,Kosovare Asllani,https://www.fcratings.com/kosovare-asllani-226987,CAM,London City Lionesses,https://www.fcratings.com/clubs/london-city-lionesses-132176,82,76,80,81,79,46,56,https://www.fcratings.com/nations/sweden-46
Sweden,Sweden,Sweden,F,https://www.fcratings.com/nations/sweden-46,8,Magdalena Eriksson,https://www.fcratings.com/magdalena-eriksson-226998,CB,FC Bayern Munich Women,https://www.fcratings.com/clubs/fc-bayern-munich-women-115995,82,58,46,72,66,83,82,https://www.fcratings.com/nations/sweden-46
Sweden,Sweden,Sweden,F,https://www.fcratings.com/nations/sweden-46,9,Filippa Angeldahl,https://www.fcratings.com/filippa-angeldahl-263964,CM,Real Madrid Femenino,https://www.fcratings.com/clubs/real-madrid-femenino-116326,81,74,70,79,78,72,74,https://www.fcratings.com/nations/sweden-46
Sweden,Sweden,Sweden,F,https://www.fcratings.com/nations/sweden-46,10,Amanda Ilestedt,https://www.fcratings.com/amanda-ilestedt-226979,CB,Eintracht Frankfurt Women,https://www.fcratings.com/clubs/eintracht-frankfurt-women-115997,81,66,48,65,63,83,76,https://www.fcratings.com/nations/sweden-46
Sweden,Sweden,Sweden,F,https://www.fcratings.com/nations/sweden-46,11,Sofia Jakobsson,https://www.fcratings.com/sofia-jakobsson-226973,LM,London City Lionesses,https://www.fcratings.com/clubs/london-city-lionesses-132176,80,81,77,78,78,54,70,https://www.fcratings.com/nations/sweden-46
Sweden,Sweden,Sweden,F,https://www.fcratings.com/nations/sweden-46,12,Anthony Elanga,https://www.fcratings.com/anthony-elanga-257470,RW,Newcastle United F.C.,https://www.fcratings.com/clubs/newcastle-united-fc-13,79,92,70,74,80,39,67,https://www.fcratings.com/nations/sweden-46
Sweden,Sweden,Sweden,F,https://www.fcratings.com/nations/sweden-46,13,Nathalie Björn,https://www.fcratings.com/nathalie-bjorn-247461,CB,Chelsea F.C. Women,https://www.fcratings.com/clubs/chelsea-fc-women-116010,79,77,40,71,65,80,78,https://www.fcratings.com/nations/sweden-46
Sweden,Sweden,Sweden,F,https://www.fcratings.com/nations/sweden-46,14,Daniel Svensson,https://www.fcratings.com/daniel-svensson-259716,LB,Borussia Dortmund,https://www.fcratings.com/clubs/borussia-dortmund-22,79,77,60,76,77,75,75,https://www.fcratings.com/nations/sweden-46
Sweden,Sweden,Sweden,F,https://www.fcratings.com/nations/sweden-46,15,Yasin Ayari,https://www.fcratings.com/yasin-ayari-257400,CM,Brighton & Hove Albion F.C.,https://www.fcratings.com/clubs/brighton-hove-albion-fc-1808,79,69,73,76,80,74,64,https://www.fcratings.com/nations/sweden-46
Sweden,Sweden,Sweden,F,https://www.fcratings.com/nations/sweden-46,16,Emil Forsberg,https://www.fcratings.com/emil-forsberg-208448,CAM,New York Red Bulls,https://www.fcratings.com/clubs/new-york-red-bulls-689,78,61,77,80,80,35,61,https://www.fcratings.com/nations/sweden-46
Sweden,Sweden,Sweden,F,https://www.fcratings.com/nations/sweden-46,17,Hanna Glas,https://www.fcratings.com/hanna-glas-239791,RB,Seattle Sounders FC,https://www.fcratings.com/clubs/seattle-sounders-fc-116300,78,71,50,70,70,80,76,https://www.fcratings.com/nations/sweden-46
Sweden,Sweden,Sweden,F,https://www.fcratings.com/nations/sweden-46,18,Carl Starfelt,https://www.fcratings.com/carl-starfelt-220821,CB,RC Celta de Vigo,https://www.fcratings.com/clubs/rc-celta-de-vigo-450,78,74,31,58,69,79,79,https://www.fcratings.com/nations/sweden-46
Sweden,Sweden,Sweden,F,https://www.fcratings.com/nations/sweden-46,19,Isak Hien,https://www.fcratings.com/isak-hien-260697,CB,Atalanta BC,https://www.fcratings.com/clubs/atalanta-bc-115845,78,69,37,49,58,79,82,https://www.fcratings.com/nations/sweden-46
Sweden,Sweden,Sweden,F,https://www.fcratings.com/nations/sweden-46,20,Lucas Bergvall,https://www.fcratings.com/lucas-bergvall-272926,CM,Tottenham Hotspur F.C.,https://www.fcratings.com/clubs/tottenham-hotspur-fc-18,78,75,66,76,78,72,74,https://www.fcratings.com/nations/sweden-46
Sweden,Sweden,Sweden,F,https://www.fcratings.com/nations/sweden-46,21,Hugo Larsson,https://www.fcratings.com/hugo-larsson-268896,CM,Eintracht Frankfurt,https://www.fcratings.com/clubs/eintracht-frankfurt-1824,77,77,72,71,77,71,76,https://www.fcratings.com/nations/sweden-46
Sweden,Sweden,Sweden,F,https://www.fcratings.com/nations/sweden-46,22,Gabriel Gudmundsson,https://www.fcratings.com/gabriel-gudmundsson-236822,LB,Leeds United F.C.,https://www.fcratings.com/clubs/leeds-united-fc-8,77,87,64,70,76,70,76,https://www.fcratings.com/nations/sweden-46
Sweden,Sweden,Sweden,F,https://www.fcratings.com/nations/sweden-46,23,Amanda Nildén,https://www.fcratings.com/amanda-nilden-266939,LB,Tottenham Hotspur F.C. Women,https://www.fcratings.com/clubs/tottenham-hotspur-fc-women-116011,77,83,52,72,71,74,71,https://www.fcratings.com/nations/sweden-46
Sweden,Sweden,Sweden,F,https://www.fcratings.com/nations/sweden-46,24,Hanna Bennison,https://www.fcratings.com/hanna-bennison-263966,CM,Real Madrid Femenino,https://www.fcratings.com/clubs/real-madrid-femenino-116326,77,75,73,77,83,55,57,https://www.fcratings.com/nations/sweden-46
Sweden,Sweden,Sweden,F,https://www.fcratings.com/nations/sweden-46,25,Mattias Svanberg,https://www.fcratings.com/mattias-svanberg-228946,CM,VfL Wolfsburg,https://www.fcratings.com/clubs/vfl-wolfsburg-175,76,73,70,74,76,66,73,https://www.fcratings.com/nations/sweden-46
Sweden,Sweden,Sweden,F,https://www.fcratings.com/nations/sweden-46,26,Hanna Lundkvist,https://www.fcratings.com/hanna-lundkvist-272114,RB,San Diego FC,https://www.fcratings.com/clubs/san-diego-fc-116312,76,77,58,71,70,75,76,https://www.fcratings.com/nations/sweden-46
Sweden,Sweden,Sweden,F,https://www.fcratings.com/nations/sweden-46,27,Julia Zigiotti,https://www.fcratings.com/julia-zigiotti-247477,CDM,Manchester United W.F.C.,https://www.fcratings.com/clubs/manchester-united-wfc-116012,76,67,63,75,76,71,63,https://www.fcratings.com/nations/sweden-46
Sweden,Sweden,Sweden,F,https://www.fcratings.com/nations/sweden-46,28,Emma Kullberg,https://www.fcratings.com/emma-kullberg-258915,CB,Juventus FC Women,https://www.fcratings.com/clubs/juventus-fc-women-116280,76,71,37,65,65,77,69,https://www.fcratings.com/nations/sweden-46
Sweden,Sweden,Sweden,F,https://www.fcratings.com/nations/sweden-46,29,Niclas Eliasson,https://www.fcratings.com/niclas-eliasson-220969,RM,AEK Athens F.C.,https://www.fcratings.com/clubs/aek-athens-fc-278,75,86,65,73,76,41,65,https://www.fcratings.com/nations/sweden-46
Sweden,Sweden,Sweden,F,https://www.fcratings.com/nations/sweden-46,30,Sebastian Nanasi,https://www.fcratings.com/sebastian-nanasi-256782,CAM,RC Strasbourg Alsace,https://www.fcratings.com/clubs/rc-strasbourg-alsace-76,75,70,65,73,79,32,63,https://www.fcratings.com/nations/sweden-46
Sweden,Sweden,Sweden,F,https://www.fcratings.com/nations/sweden-46,31,Jesper Karlström,https://www.fcratings.com/jesper-karlstrom-214658,CDM,Udinese Calcio,https://www.fcratings.com/clubs/udinese-calcio-55,75,64,60,72,71,71,76,https://www.fcratings.com/nations/sweden-46
Sweden,Sweden,Sweden,F,https://www.fcratings.com/nations/sweden-46,32,Emilia Larsson,https://www.fcratings.com/emilia-larsson-275917,LM,FC Rosengård,https://www.fcratings.com/clubs/fc-rosengard-131362,75,67,71,74,76,62,62,https://www.fcratings.com/nations/sweden-46
Sweden,Sweden,Sweden,F,https://www.fcratings.com/nations/sweden-46,33,Julia Roddar,https://www.fcratings.com/julia-roddar-248790,CDM,London City Lionesses,https://www.fcratings.com/clubs/london-city-lionesses-132176,75,49,46,65,66,73,71,https://www.fcratings.com/nations/sweden-46
Sweden,Sweden,Sweden,F,https://www.fcratings.com/nations/sweden-46,34,Emil Holm,https://www.fcratings.com/emil-holm-246656,RB,Juventus FC,https://www.fcratings.com/clubs/juventus-fc-45,75,83,61,67,71,69,80,https://www.fcratings.com/nations/sweden-46
Sweden,Sweden,Sweden,F,https://www.fcratings.com/nations/sweden-46,35,Williot Swedberg,https://www.fcratings.com/williot-swedberg-263227,LW,RC Celta de Vigo,https://www.fcratings.com/clubs/rc-celta-de-vigo-450,75,74,70,75,78,61,62,https://www.fcratings.com/nations/sweden-46
Sweden,Sweden,Sweden,F,https://www.fcratings.com/nations/sweden-46,36,Samuel Dahl,https://www.fcratings.com/samuel-dahl-277252,LB,S.L. Benfica,https://www.fcratings.com/clubs/sl-benfica-234,75,83,52,68,76,68,69,https://www.fcratings.com/nations/sweden-46
Sweden,Sweden,Sweden,F,https://www.fcratings.com/nations/sweden-46,37,Jens-Lys Cajuste,https://www.fcratings.com/jens-lys-cajuste-244472,CDM,Ipswich Town F.C.,https://www.fcratings.com/clubs/ipswich-town-fc-94,74,65,63,69,74,72,75,https://www.fcratings.com/nations/sweden-46
Sweden,Sweden,Sweden,F,https://www.fcratings.com/nations/sweden-46,38,Eric Smith,https://www.fcratings.com/eric-smith-222369,CDM,FC St. Pauli,https://www.fcratings.com/clubs/fc-st-pauli-110329,74,67,59,67,67,73,79,https://www.fcratings.com/nations/sweden-46
Sweden,Sweden,Sweden,F,https://www.fcratings.com/nations/sweden-46,39,Jesper Karlsson,https://www.fcratings.com/jesper-karlsson-231836,LM,Aberdeen F.C.,https://www.fcratings.com/clubs/aberdeen-fc-77,74,77,74,70,78,40,57,https://www.fcratings.com/nations/sweden-46
Sweden,Sweden,Sweden,F,https://www.fcratings.com/nations/sweden-46,40,Mikael Ishak,https://www.fcratings.com/mikael-ishak-206626,ST,Lech Poznań,https://www.fcratings.com/clubs/lech-poznan-873,74,70,74,63,68,54,83,https://www.fcratings.com/nations/sweden-46
Sweden,Sweden,Sweden,F,https://www.fcratings.com/nations/sweden-46,41,Viktor Johansson,https://www.fcratings.com/viktor-johansson-241643,GK,Stoke City F.C.,https://www.fcratings.com/clubs/stoke-city-fc-1806,74,75,71,70,77,40,73,https://www.fcratings.com/nations/sweden-46
Sweden,Sweden,Sweden,F,https://www.fcratings.com/nations/sweden-46,42,Josefine Rybrink,https://www.fcratings.com/josefine-rybrink-76998,CB,Tottenham Hotspur F.C. Women,https://www.fcratings.com/clubs/tottenham-hotspur-fc-women-116011,74,63,48,56,67,76,74,https://www.fcratings.com/nations/sweden-46
Sweden,Sweden,Sweden,F,https://www.fcratings.com/nations/sweden-46,43,Nahir Besara,https://www.fcratings.com/nahir-besara-197240,CAM,Hammarby Fotboll,https://www.fcratings.com/clubs/hammarby-fotboll-708,74,56,74,74,73,44,71,https://www.fcratings.com/nations/sweden-46
Sweden,Sweden,Sweden,F,https://www.fcratings.com/nations/sweden-46,44,Benjamin Nygren,https://www.fcratings.com/benjamin-nygren-243646,CM,Celtic F.C.,https://www.fcratings.com/clubs/celtic-fc-78,74,73,75,75,73,62,73,https://www.fcratings.com/nations/sweden-46
Sweden,Sweden,Sweden,F,https://www.fcratings.com/nations/sweden-46,45,Ludwig Augustinsson,https://www.fcratings.com/ludwig-augustinsson-212678,LB,RSC Anderlecht,https://www.fcratings.com/clubs/rsc-anderlecht-229,74,65,59,74,67,73,73,https://www.fcratings.com/nations/sweden-46
Sweden,Sweden,Sweden,F,https://www.fcratings.com/nations/sweden-46,46,Roony Bardghji,https://www.fcratings.com/roony-bardghji-265600,RM,FC Barcelona,https://www.fcratings.com/clubs/fc-barcelona-241,74,76,71,70,78,27,58,https://www.fcratings.com/nations/sweden-46
Sweden,Sweden,Sweden,F,https://www.fcratings.com/nations/sweden-46,47,Gustaf Nilsson,https://www.fcratings.com/gustaf-nilsson-223933,ST,Club Brugge KV,https://www.fcratings.com/clubs/club-brugge-kv-231,73,70,75,58,63,32,80,https://www.fcratings.com/nations/sweden-46
Sweden,Sweden,Sweden,F,https://www.fcratings.com/nations/sweden-46,48,Kerim Mrabti,https://www.fcratings.com/kerim-mrabti-227689,CAM,KV Mechelen,https://www.fcratings.com/clubs/kv-mechelen-110724,73,79,71,70,74,52,74,https://www.fcratings.com/nations/sweden-46
Sweden,Sweden,Sweden,F,https://www.fcratings.com/nations/sweden-46,49,Anton Salétros,https://www.fcratings.com/anton-saletros-219951,CM,Chicago Fire FC,https://www.fcratings.com/clubs/chicago-fire-fc-693,73,64,66,75,71,66,73,https://www.fcratings.com/nations/sweden-46
Sweden,Sweden,Sweden,F,https://www.fcratings.com/nations/sweden-46,50,Rebecka Blomqvist,https://www.fcratings.com/rebecka-blomqvist-264058,ST,Eintracht Frankfurt Women,https://www.fcratings.com/clubs/eintracht-frankfurt-women-115997,73,77,70,69,78,46,67,https://www.fcratings.com/nations/sweden-46
Tunisia,Tunisia,Tunisia,F,https://www.fcratings.com/nations/tunisia-145,1,Ellyes Skhiri,https://www.fcratings.com/ellyes-skhiri-225126,CDM,Eintracht Frankfurt,https://www.fcratings.com/clubs/eintracht-frankfurt-1824,77,64,72,72,74,76,74,https://www.fcratings.com/nations/tunisia-145
Tunisia,Tunisia,Tunisia,F,https://www.fcratings.com/nations/tunisia-145,2,Ali Abdi,https://www.fcratings.com/ali-abdi-252711,LB,OGC Nice,https://www.fcratings.com/clubs/ogc-nice-72,75,86,62,69,73,68,75,https://www.fcratings.com/nations/tunisia-145
Tunisia,Tunisia,Tunisia,F,https://www.fcratings.com/nations/tunisia-145,3,Hannibal,https://www.fcratings.com/hannibal-258171,CM,Burnley F.C.,https://www.fcratings.com/clubs/burnley-fc-1796,75,76,63,74,76,69,82,https://www.fcratings.com/nations/tunisia-145
Tunisia,Tunisia,Tunisia,F,https://www.fcratings.com/nations/tunisia-145,4,Montassar Talbi,https://www.fcratings.com/montassar-talbi-245410,CB,FC Lorient,https://www.fcratings.com/clubs/fc-lorient-217,75,56,30,44,58,75,78,https://www.fcratings.com/nations/tunisia-145
Tunisia,Tunisia,Tunisia,F,https://www.fcratings.com/nations/tunisia-145,5,Sebastian Tounekti,https://www.fcratings.com/sebastian-tounekti-256383,LM,Celtic F.C.,https://www.fcratings.com/clubs/celtic-fc-78,73,84,66,66,77,24,63,https://www.fcratings.com/nations/tunisia-145
Tunisia,Tunisia,Tunisia,F,https://www.fcratings.com/nations/tunisia-145,6,Ismaël Gharbi,https://www.fcratings.com/ismael-gharbi-263194,LM,FC Augsburg,https://www.fcratings.com/clubs/fc-augsburg-100409,72,78,67,68,77,41,56,https://www.fcratings.com/nations/tunisia-145
Tunisia,Tunisia,Tunisia,F,https://www.fcratings.com/nations/tunisia-145,7,Amor Layouni,https://www.fcratings.com/amor-layouni-242166,RW,BK Häcken,https://www.fcratings.com/clubs/bk-hacken-711,72,92,71,64,70,41,77,https://www.fcratings.com/nations/tunisia-145
Tunisia,Tunisia,Tunisia,F,https://www.fcratings.com/nations/tunisia-145,8,Elias Saad,https://www.fcratings.com/elias-saad-274000,LW,Hannover 96,https://www.fcratings.com/clubs/hannover-96-485,71,73,66,67,76,31,57,https://www.fcratings.com/nations/tunisia-145
Tunisia,Tunisia,Tunisia,F,https://www.fcratings.com/nations/tunisia-145,9,Yan Valery,https://www.fcratings.com/yan-valery-236316,RB,BSC Young Boys,https://www.fcratings.com/clubs/bsc-young-boys-900,71,62,52,63,69,70,74,https://www.fcratings.com/nations/tunisia-145
Tunisia,Tunisia,Tunisia,F,https://www.fcratings.com/nations/tunisia-145,10,Elias Achouri,https://www.fcratings.com/elias-achouri-263672,LM,F.C. Copenhagen,https://www.fcratings.com/clubs/fc-copenhagen-819,70,81,63,64,73,31,61,https://www.fcratings.com/nations/tunisia-145
Tunisia,Tunisia,Tunisia,F,https://www.fcratings.com/nations/tunisia-145,11,Anis Slimane,https://www.fcratings.com/anis-slimane-255210,CM,Norwich City F.C.,https://www.fcratings.com/clubs/norwich-city-fc-1792,69,65,66,66,71,58,73,https://www.fcratings.com/nations/tunisia-145
Tunisia,Tunisia,Tunisia,F,https://www.fcratings.com/nations/tunisia-145,12,Mortadha Ben Ouanes,https://www.fcratings.com/mortadha-ben-ouanes-263432,LB,Kasımpaşa S.K.,https://www.fcratings.com/clubs/kasimpasa-sk-111339,68,72,60,68,67,66,65,https://www.fcratings.com/nations/tunisia-145
Tunisia,Tunisia,Tunisia,F,https://www.fcratings.com/nations/tunisia-145,13,Dylan Bronn,https://www.fcratings.com/dylan-bronn-235565,CB,Servette FC,https://www.fcratings.com/clubs/servette-fc-324,68,60,61,64,61,68,76,https://www.fcratings.com/nations/tunisia-145
Tunisia,Tunisia,Tunisia,F,https://www.fcratings.com/nations/tunisia-145,14,Hamza Rafia,https://www.fcratings.com/hamza-rafia-251790,CM,US Lecce,https://www.fcratings.com/clubs/us-lecce-347,68,60,67,68,74,48,63,https://www.fcratings.com/nations/tunisia-145
Tunisia,Tunisia,Tunisia,F,https://www.fcratings.com/nations/tunisia-145,15,Amin Cherni,https://www.fcratings.com/amin-cherni-276544,LB,Göztepe S.K.,https://www.fcratings.com/clubs/goztepe-sk-101026,68,74,33,56,65,61,67,https://www.fcratings.com/nations/tunisia-145
Tunisia,Tunisia,Tunisia,F,https://www.fcratings.com/nations/tunisia-145,16,Saîf-Eddine Khaoui,https://www.fcratings.com/saif-eddine-khaoui-220029,CAM,Red Star FC,https://www.fcratings.com/clubs/red-star-fc-111273,67,50,61,68,69,49,59,https://www.fcratings.com/nations/tunisia-145
Tunisia,Tunisia,Tunisia,F,https://www.fcratings.com/nations/tunisia-145,17,Sayfallah Ltaief,https://www.fcratings.com/sayfallah-ltaief-269562,LM,SpVgg Greuther Fürth,https://www.fcratings.com/clubs/spvgg-greuther-furth-165,67,84,59,60,70,32,63,https://www.fcratings.com/nations/tunisia-145
Tunisia,Tunisia,Tunisia,F,https://www.fcratings.com/nations/tunisia-145,18,Idris El Mizouni,https://www.fcratings.com/idris-el-mizouni-246681,CM,Leyton Orient F.C.,https://www.fcratings.com/clubs/leyton-orient-fc-1958,67,64,58,64,65,62,73,https://www.fcratings.com/nations/tunisia-145
Tunisia,Tunisia,Tunisia,F,https://www.fcratings.com/nations/tunisia-145,19,Mohamed Belhadj Mahmoud,https://www.fcratings.com/mohamed-belhadj-mahmoud-264705,CDM,FC Lugano,https://www.fcratings.com/clubs/fc-lugano-10032,67,67,58,63,66,64,70,https://www.fcratings.com/nations/tunisia-145
Tunisia,Tunisia,Tunisia,F,https://www.fcratings.com/nations/tunisia-145,20,Alaa Ghram,https://www.fcratings.com/alaa-ghram-72919,CB,FC Shakhtar Donetsk,https://www.fcratings.com/clubs/fc-shakhtar-donetsk-101059,67,72,42,57,63,67,69,https://www.fcratings.com/nations/tunisia-145
Tunisia,Tunisia,Tunisia,F,https://www.fcratings.com/nations/tunisia-145,21,Chiheb Labidi,https://www.fcratings.com/chiheb-labidi-74314,CM,Atlético Nacional,https://www.fcratings.com/clubs/atletico-nacional-1891,67,64,51,62,68,63,71,https://www.fcratings.com/nations/tunisia-145
Tunisia,Tunisia,Tunisia,F,https://www.fcratings.com/nations/tunisia-145,22,Louey Ben Farhat,https://www.fcratings.com/louey-ben-farhat-71474,ST,Karlsruher SC,https://www.fcratings.com/clubs/karlsruher-sc-1832,67,83,67,63,73,35,50,https://www.fcratings.com/nations/tunisia-145
Tunisia,Tunisia,Tunisia,F,https://www.fcratings.com/nations/tunisia-145,23,Mohamed Dräger,https://www.fcratings.com/mohamed-drager-242041,RB,Eintracht Braunschweig,https://www.fcratings.com/clubs/eintracht-braunschweig-110500,65,67,62,61,65,61,61,https://www.fcratings.com/nations/tunisia-145
Tunisia,Tunisia,Tunisia,F,https://www.fcratings.com/nations/tunisia-145,24,Rami Kaib,https://www.fcratings.com/rami-kaib-235516,LB,Halmstads BK,https://www.fcratings.com/clubs/halmstads-bk-321,65,73,46,64,63,57,67,https://www.fcratings.com/nations/tunisia-145
Tunisia,Tunisia,Tunisia,F,https://www.fcratings.com/nations/tunisia-145,25,Adel Bettaieb,https://www.fcratings.com/adel-bettaieb-270104,ST,FC Argeș Pitești,https://www.fcratings.com/clubs/fc-arges-pitesti-100759,65,66,66,58,64,26,60,https://www.fcratings.com/nations/tunisia-145
Tunisia,Tunisia,Tunisia,F,https://www.fcratings.com/nations/tunisia-145,26,Moutaz Neffati,https://www.fcratings.com/moutaz-neffati-279056,RB,IFK Norrköping,https://www.fcratings.com/clubs/ifk-norrkoping-702,64,70,54,59,61,60,58,https://www.fcratings.com/nations/tunisia-145
Tunisia,Tunisia,Tunisia,F,https://www.fcratings.com/nations/tunisia-145,27,Motez Nourani,https://www.fcratings.com/motez-nourani-70065,LM,Atlético Nacional,https://www.fcratings.com/clubs/atletico-nacional-1891,60,69,54,56,64,33,52,https://www.fcratings.com/nations/tunisia-145
Tunisia,Tunisia,Tunisia,F,https://www.fcratings.com/nations/tunisia-145,28,Wael Debbiche,https://www.fcratings.com/wael-debbiche-74444,CDM,FC Annecy,https://www.fcratings.com/clubs/fc-annecy-131447,57,60,34,53,58,56,53,https://www.fcratings.com/nations/tunisia-145
Tunisia,Tunisia,Tunisia,F,https://www.fcratings.com/nations/tunisia-145,29,Anisse Saidi,https://www.fcratings.com/anisse-saidi-77459,ST,San Diego FC,https://www.fcratings.com/clubs/san-diego-fc-131439,48,53,52,34,44,19,41,https://www.fcratings.com/nations/tunisia-145
Belgium,Belgium,Belgium,G,https://www.fcratings.com/nations/belgium-7,1,Thibaut Courtois,https://www.fcratings.com/thibaut-courtois-192119,GK,Real Madrid CF,https://www.fcratings.com/clubs/real-madrid-cf-243,90,86,89,78,90,46,88,https://www.fcratings.com/nations/belgium-7
Belgium,Belgium,Belgium,G,https://www.fcratings.com/nations/belgium-7,2,Kevin De Bruyne,https://www.fcratings.com/kevin-de-bruyne-192985,CM,SSC Napoli,https://www.fcratings.com/clubs/ssc-napoli-48,87,66,83,92,84,65,72,https://www.fcratings.com/nations/belgium-7
Belgium,Belgium,Belgium,G,https://www.fcratings.com/nations/belgium-7,3,Youri Tielemans,https://www.fcratings.com/youri-tielemans-216393,CM,Aston Villa F.C.,https://www.fcratings.com/clubs/aston-villa-fc-2,85,53,79,85,80,75,72,https://www.fcratings.com/nations/belgium-7
Belgium,Belgium,Belgium,G,https://www.fcratings.com/nations/belgium-7,4,Romelu Lukaku,https://www.fcratings.com/romelu-lukaku-192505,ST,SSC Napoli,https://www.fcratings.com/clubs/ssc-napoli-48,83,78,82,75,74,41,83,https://www.fcratings.com/nations/belgium-7
Belgium,Belgium,Belgium,G,https://www.fcratings.com/nations/belgium-7,5,Leandro Trossard,https://www.fcratings.com/leandro-trossard-207421,LW,Arsenal F.C.,https://www.fcratings.com/clubs/arsenal-fc-1,83,80,81,80,85,30,60,https://www.fcratings.com/nations/belgium-7
Belgium,Belgium,Belgium,G,https://www.fcratings.com/nations/belgium-7,6,Jérémy Doku,https://www.fcratings.com/jeremy-doku-246420,LW,Manchester City F.C.,https://www.fcratings.com/clubs/manchester-city-fc-10,83,92,73,77,88,32,71,https://www.fcratings.com/nations/belgium-7
Belgium,Belgium,Belgium,G,https://www.fcratings.com/nations/belgium-7,7,Loïs Openda,https://www.fcratings.com/lois-openda-243580,ST,Juventus FC,https://www.fcratings.com/clubs/juventus-fc-45,82,95,81,69,80,31,79,https://www.fcratings.com/nations/belgium-7
Belgium,Belgium,Belgium,G,https://www.fcratings.com/nations/belgium-7,8,Koen Casteels,https://www.fcratings.com/koen-casteels-192984,GK,Al Qadsiah FC,https://www.fcratings.com/clubs/al-qadsiah-fc-112391,82,82,79,74,85,45,83,https://www.fcratings.com/nations/belgium-7
Belgium,Belgium,Belgium,G,https://www.fcratings.com/nations/belgium-7,9,Charles De Ketelaere,https://www.fcratings.com/charles-de-ketelaere-251470,CAM,Atalanta BC,https://www.fcratings.com/clubs/atalanta-bc-115845,82,71,79,80,83,55,69,https://www.fcratings.com/nations/belgium-7
Belgium,Belgium,Belgium,G,https://www.fcratings.com/nations/belgium-7,10,Matz Sels,https://www.fcratings.com/matz-sels-199641,GK,Nottingham Forest F.C.,https://www.fcratings.com/clubs/nottingham-forest-fc-14,81,82,79,78,82,36,81,https://www.fcratings.com/nations/belgium-7
Belgium,Belgium,Belgium,G,https://www.fcratings.com/nations/belgium-7,11,Dodi Lukébakio,https://www.fcratings.com/dodi-lukebakio-231416,RM,S.L. Benfica,https://www.fcratings.com/clubs/sl-benfica-234,81,87,80,75,83,31,64,https://www.fcratings.com/nations/belgium-7
Belgium,Belgium,Belgium,G,https://www.fcratings.com/nations/belgium-7,12,Yannick Carrasco,https://www.fcratings.com/yannick-carrasco-208418,LW,Al Shabab Club,https://www.fcratings.com/clubs/al-shabab-club-111674,81,87,80,77,84,58,67,https://www.fcratings.com/nations/belgium-7
Belgium,Belgium,Belgium,G,https://www.fcratings.com/nations/belgium-7,13,Hans Vanaken,https://www.fcratings.com/hans-vanaken-200155,CAM,Club Brugge KV,https://www.fcratings.com/clubs/club-brugge-kv-231,81,45,80,85,79,60,78,https://www.fcratings.com/nations/belgium-7
Belgium,Belgium,Belgium,G,https://www.fcratings.com/nations/belgium-7,14,Amadou Onana,https://www.fcratings.com/amadou-onana-257057,CDM,Aston Villa F.C.,https://www.fcratings.com/clubs/aston-villa-fc-2,81,74,64,72,74,81,82,https://www.fcratings.com/nations/belgium-7
Belgium,Belgium,Belgium,G,https://www.fcratings.com/nations/belgium-7,15,Senne Lammens,https://www.fcratings.com/senne-lammens-254803,GK,Manchester United F.C.,https://www.fcratings.com/clubs/manchester-united-fc-11,81,80,83,77,81,45,81,https://www.fcratings.com/nations/belgium-7
Belgium,Belgium,Belgium,G,https://www.fcratings.com/nations/belgium-7,16,Alexis Saelemaekers,https://www.fcratings.com/alexis-saelemaekers-242664,RM,Inter Milan,https://www.fcratings.com/clubs/inter-milan-131681,80,80,67,76,83,69,65,https://www.fcratings.com/nations/belgium-7
Belgium,Belgium,Belgium,G,https://www.fcratings.com/nations/belgium-7,17,Maxim De Cuyper,https://www.fcratings.com/maxim-de-cuyper-251479,LB,Brighton & Hove Albion F.C.,https://www.fcratings.com/clubs/brighton-hove-albion-fc-1808,79,76,73,80,78,75,75,https://www.fcratings.com/nations/belgium-7
Belgium,Belgium,Belgium,G,https://www.fcratings.com/nations/belgium-7,18,Bryan Heynen,https://www.fcratings.com/bryan-heynen-229659,CDM,KRC Genk,https://www.fcratings.com/clubs/krc-genk-673,79,60,73,76,76,74,78,https://www.fcratings.com/nations/belgium-7
Belgium,Belgium,Belgium,G,https://www.fcratings.com/nations/belgium-7,19,Arthur Theate,https://www.fcratings.com/arthur-theate-257278,CB,Eintracht Frankfurt,https://www.fcratings.com/clubs/eintracht-frankfurt-1824,78,67,40,70,71,78,82,https://www.fcratings.com/nations/belgium-7
Belgium,Belgium,Belgium,G,https://www.fcratings.com/nations/belgium-7,20,Zeno Debast,https://www.fcratings.com/zeno-debast-254262,CDM,Sporting CP,https://www.fcratings.com/clubs/sporting-cp-237,78,70,56,76,74,78,76,https://www.fcratings.com/nations/belgium-7
Belgium,Belgium,Belgium,G,https://www.fcratings.com/nations/belgium-7,21,Romeo Lavia,https://www.fcratings.com/romeo-lavia-263620,CDM,Chelsea,https://www.fcratings.com/clubs/chelsea-5,78,69,52,74,78,77,74,https://www.fcratings.com/nations/belgium-7
Belgium,Belgium,Belgium,G,https://www.fcratings.com/nations/belgium-7,22,Malick Fofana,https://www.fcratings.com/malick-fofana-256420,LM,Olympique Lyonnais,https://www.fcratings.com/clubs/olympique-lyonnais-66,78,86,69,70,82,40,48,https://www.fcratings.com/nations/belgium-7
Belgium,Belgium,Belgium,G,https://www.fcratings.com/nations/belgium-7,23,Diego Moreira,https://www.fcratings.com/diego-moreira-270039,LM,RC Strasbourg Alsace,https://www.fcratings.com/clubs/rc-strasbourg-alsace-76,78,90,67,69,82,64,69,https://www.fcratings.com/nations/belgium-7
Belgium,Belgium,Belgium,G,https://www.fcratings.com/nations/belgium-7,24,Nicolas Raskin,https://www.fcratings.com/nicolas-raskin-239810,CDM,Rangers F.C.,https://www.fcratings.com/clubs/rangers-fc-86,78,73,68,74,78,74,74,https://www.fcratings.com/nations/belgium-7
Belgium,Belgium,Belgium,G,https://www.fcratings.com/nations/belgium-7,25,Brandon Mechele,https://www.fcratings.com/brandon-mechele-212204,CB,Club Brugge KV,https://www.fcratings.com/clubs/club-brugge-kv-231,78,49,40,57,59,81,78,https://www.fcratings.com/nations/belgium-7
Belgium,Belgium,Belgium,G,https://www.fcratings.com/nations/belgium-7,26,Johan Bakayoko,https://www.fcratings.com/johan-bakayoko-265450,RW,RB Leipzig,https://www.fcratings.com/clubs/rb-leipzig-112172,77,85,72,69,81,33,63,https://www.fcratings.com/nations/belgium-7
Belgium,Belgium,Belgium,G,https://www.fcratings.com/nations/belgium-7,27,Colin Coosemans,https://www.fcratings.com/colin-coosemans-200059,GK,RSC Anderlecht,https://www.fcratings.com/clubs/rsc-anderlecht-229,77,78,75,74,80,44,77,https://www.fcratings.com/nations/belgium-7
Belgium,Belgium,Belgium,G,https://www.fcratings.com/nations/belgium-7,28,Charles Vanhoutte,https://www.fcratings.com/charles-vanhoutte-244889,CDM,OGC Nice,https://www.fcratings.com/clubs/ogc-nice-72,77,55,65,76,72,73,78,https://www.fcratings.com/nations/belgium-7
Belgium,Belgium,Belgium,G,https://www.fcratings.com/nations/belgium-7,29,Arthur Vermeeren,https://www.fcratings.com/arthur-vermeeren-269859,CM,Olympique de Marseille,https://www.fcratings.com/clubs/olympique-de-marseille-219,77,70,55,78,79,68,66,https://www.fcratings.com/nations/belgium-7
Belgium,Belgium,Belgium,G,https://www.fcratings.com/nations/belgium-7,30,Hugo Cuypers,https://www.fcratings.com/hugo-cuypers-233630,ST,Chicago Fire FC,https://www.fcratings.com/clubs/chicago-fire-fc-693,77,75,77,67,71,44,78,https://www.fcratings.com/nations/belgium-7
Belgium,Belgium,Belgium,G,https://www.fcratings.com/nations/belgium-7,31,Axel Witsel,https://www.fcratings.com/axel-witsel-177413,CB,Girona FC,https://www.fcratings.com/clubs/girona-fc-110062,77,31,63,76,74,79,66,https://www.fcratings.com/nations/belgium-7
Belgium,Belgium,Belgium,G,https://www.fcratings.com/nations/belgium-7,32,Thomas Meunier,https://www.fcratings.com/thomas-meunier-202371,RB,Lille OSC,https://www.fcratings.com/clubs/lille-osc-65,77,65,74,72,71,75,82,https://www.fcratings.com/nations/belgium-7
Belgium,Belgium,Belgium,G,https://www.fcratings.com/nations/belgium-7,33,Maarten Vandevoordt,https://www.fcratings.com/maarten-vandevoordt-242879,GK,RB Leipzig,https://www.fcratings.com/clubs/rb-leipzig-112172,77,79,76,80,78,42,75,https://www.fcratings.com/nations/belgium-7
Belgium,Belgium,Belgium,G,https://www.fcratings.com/nations/belgium-7,34,Mika Godts,https://www.fcratings.com/mika-godts-258378,LW,,,77,81,69,70,83,40,61,https://www.fcratings.com/nations/belgium-7
Belgium,Belgium,Belgium,G,https://www.fcratings.com/nations/belgium-7,35,Mike Penders,https://www.fcratings.com/mike-penders-270821,GK,RC Strasbourg Alsace,https://www.fcratings.com/clubs/rc-strasbourg-alsace-76,77,79,76,79,77,22,74,https://www.fcratings.com/nations/belgium-7
Belgium,Belgium,Belgium,G,https://www.fcratings.com/nations/belgium-7,36,Orel Mangala,https://www.fcratings.com/orel-mangala-234078,CDM,Olympique Lyonnais,https://www.fcratings.com/clubs/olympique-lyonnais-66,76,61,58,71,77,72,72,https://www.fcratings.com/nations/belgium-7
Belgium,Belgium,Belgium,G,https://www.fcratings.com/nations/belgium-7,37,Davy Roef,https://www.fcratings.com/davy-roef-204549,GK,KAA Gent,https://www.fcratings.com/clubs/kaa-gent-674,76,75,73,73,75,51,77,https://www.fcratings.com/nations/belgium-7
Belgium,Belgium,Belgium,G,https://www.fcratings.com/nations/belgium-7,38,Senne Lynen,https://www.fcratings.com/senne-lynen-261659,CDM,SV Werder Bremen,https://www.fcratings.com/clubs/sv-werder-bremen-38,76,68,62,72,67,74,78,https://www.fcratings.com/nations/belgium-7
Belgium,Belgium,Belgium,G,https://www.fcratings.com/nations/belgium-7,39,Rob Schoofs,https://www.fcratings.com/rob-schoofs-205369,CM,Gerald Ford,https://www.fcratings.com/clubs/gerald-ford-2014,76,53,72,76,74,67,68,https://www.fcratings.com/nations/belgium-7
Belgium,Belgium,Belgium,G,https://www.fcratings.com/nations/belgium-7,40,Matte Smets,https://www.fcratings.com/matte-smets-271032,CB,KRC Genk,https://www.fcratings.com/clubs/krc-genk-673,76,65,33,69,67,77,74,https://www.fcratings.com/nations/belgium-7
Belgium,Belgium,Belgium,G,https://www.fcratings.com/nations/belgium-7,41,Albert Sambi Lokonga,https://www.fcratings.com/albert-sambi-lokonga-241928,CM,Hamburger SV,https://www.fcratings.com/clubs/hamburger-sv-28,76,60,64,75,77,69,71,https://www.fcratings.com/nations/belgium-7
Belgium,Belgium,Belgium,G,https://www.fcratings.com/nations/belgium-7,42,Adriano Bertaccini,https://www.fcratings.com/adriano-bertaccini-251156,ST,RSC Anderlecht,https://www.fcratings.com/clubs/rsc-anderlecht-229,76,90,75,63,77,29,72,https://www.fcratings.com/nations/belgium-7
Belgium,Belgium,Belgium,G,https://www.fcratings.com/nations/belgium-7,43,Jarne Steuckers,https://www.fcratings.com/jarne-steuckers-260570,RM,KRC Genk,https://www.fcratings.com/clubs/krc-genk-673,76,70,74,77,75,40,66,https://www.fcratings.com/nations/belgium-7
Belgium,Belgium,Belgium,G,https://www.fcratings.com/nations/belgium-7,44,Largie Ramazani,https://www.fcratings.com/largie-ramazani-243134,LM,Valencia CF,https://www.fcratings.com/clubs/valencia-cf-461,76,91,70,69,79,41,65,https://www.fcratings.com/nations/belgium-7
Belgium,Belgium,Belgium,G,https://www.fcratings.com/nations/belgium-7,45,Alessio Castro-Montes,https://www.fcratings.com/alessio-castro-montes-233965,RM,1. FC Köln,https://www.fcratings.com/clubs/1-fc-koln-31,75,73,70,74,75,71,70,https://www.fcratings.com/nations/belgium-7
Belgium,Belgium,Belgium,G,https://www.fcratings.com/nations/belgium-7,46,Timothy Castagne,https://www.fcratings.com/timothy-castagne-222501,RB,Fulham,https://www.fcratings.com/clubs/fulham-144,75,68,57,70,72,73,71,https://www.fcratings.com/nations/belgium-7
Belgium,Belgium,Belgium,G,https://www.fcratings.com/nations/belgium-7,47,Janice Cayman,https://www.fcratings.com/janice-cayman-261785,CDM,Leicester City W.F.C.,https://www.fcratings.com/clubs/leicester-city-wfc-116020,75,53,75,77,79,74,68,https://www.fcratings.com/nations/belgium-7
Belgium,Belgium,Belgium,G,https://www.fcratings.com/nations/belgium-7,48,Jill Janssens,https://www.fcratings.com/jill-janssens-268451,RB,TSG 1899 Hoffenheim Women,https://www.fcratings.com/clubs/tsg-1899-hoffenheim-women-115999,75,84,72,69,75,68,53,https://www.fcratings.com/nations/belgium-7
Belgium,Belgium,Belgium,G,https://www.fcratings.com/nations/belgium-7,49,Lucas Stassin,https://www.fcratings.com/lucas-stassin-262657,ST,AS Saint-Étienne,https://www.fcratings.com/clubs/as-saint-etienne-1819,75,78,76,69,76,35,68,https://www.fcratings.com/nations/belgium-7
Belgium,Belgium,Belgium,G,https://www.fcratings.com/nations/belgium-7,50,Christian Benteke,https://www.fcratings.com/christian-benteke-184111,ST,D.C. United,https://www.fcratings.com/clubs/dc-united-688,75,51,76,62,66,32,78,https://www.fcratings.com/nations/belgium-7
Egypt,Egypt,Egypt,G,https://www.fcratings.com/nations/egypt-111,1,Mohamed Salah,https://www.fcratings.com/mohamed-salah-209331,RM,Liverpool,https://www.fcratings.com/clubs/liverpool-9,89,86,85,85,87,45,75,https://www.fcratings.com/nations/egypt-111
Egypt,Egypt,Egypt,G,https://www.fcratings.com/nations/egypt-111,2,Omar Marmoush,https://www.fcratings.com/omar-marmoush-256675,ST,Manchester City F.C.,https://www.fcratings.com/clubs/manchester-city-fc-10,83,89,83,75,85,34,71,https://www.fcratings.com/nations/egypt-111
Egypt,Egypt,Egypt,G,https://www.fcratings.com/nations/egypt-111,3,Ahmed Hegazi,https://www.fcratings.com/ahmed-hegazi-210648,CB,Neom SC,https://www.fcratings.com/clubs/neom-sc-131798,74,33,26,50,54,74,77,https://www.fcratings.com/nations/egypt-111
Egypt,Egypt,Egypt,G,https://www.fcratings.com/nations/egypt-111,4,Mohamed Abdelmonem,https://www.fcratings.com/mohamed-abdelmonem-269164,CB,OGC Nice,https://www.fcratings.com/clubs/ogc-nice-72,73,60,40,61,59,73,72,https://www.fcratings.com/nations/egypt-111
Egypt,Egypt,Egypt,G,https://www.fcratings.com/nations/egypt-111,5,Mostafa Mohamed,https://www.fcratings.com/mostafa-mohamed-254247,ST,FC Nantes,https://www.fcratings.com/clubs/fc-nantes-71,71,70,71,58,64,38,76,https://www.fcratings.com/nations/egypt-111
Egypt,Egypt,Egypt,G,https://www.fcratings.com/nations/egypt-111,6,Ramy Rabia,https://www.fcratings.com/ramy-rabia-220380,CB,Al Ain FC,https://www.fcratings.com/clubs/al-ain-fc-111701,70,60,49,55,55,70,72,https://www.fcratings.com/nations/egypt-111
Egypt,Egypt,Egypt,G,https://www.fcratings.com/nations/egypt-111,7,Ahmed Hassan,https://www.fcratings.com/ahmed-hassan-210259,ST,Al-Ettifaq Club,https://www.fcratings.com/clubs/al-ettifaq-club-112096,69,48,70,56,65,30,74,https://www.fcratings.com/nations/egypt-111
Egypt,Egypt,Egypt,G,https://www.fcratings.com/nations/egypt-111,8,Omar Fayed,https://www.fcratings.com/omar-fayed-277944,CB,F.C. Arouca,https://www.fcratings.com/clubs/fc-arouca-112513,65,59,34,50,57,65,69,https://www.fcratings.com/nations/egypt-111
Egypt,Egypt,Egypt,G,https://www.fcratings.com/nations/egypt-111,9,Kareem Ashraf,https://www.fcratings.com/kareem-ashraf-74944,ST,Al-Okhdood Club,https://www.fcratings.com/clubs/al-okhdood-club-113060,53,65,50,39,50,32,65,https://www.fcratings.com/nations/egypt-111
Iran,Iran,Iran,G,https://www.fcratings.com/nations/iran-161,1,Mehdi Taremi,https://www.fcratings.com/mehdi-taremi-241788,ST,Olympiacos F.C.,https://www.fcratings.com/clubs/olympiacos-fc-280,78,71,79,72,76,38,67,https://www.fcratings.com/nations/iran-161
Iran,Iran,Iran,G,https://www.fcratings.com/nations/iran-161,2,Allahyar Sayyadmanesh,https://www.fcratings.com/allahyar-sayyadmanesh-251575,LM,KVC Westerlo,https://www.fcratings.com/clubs/kvc-westerlo-681,73,87,69,65,74,47,78,https://www.fcratings.com/nations/iran-161
Iran,Iran,Iran,G,https://www.fcratings.com/nations/iran-161,3,Ali Gholizadeh,https://www.fcratings.com/ali-gholizadeh-243551,RM,Lech Poznań,https://www.fcratings.com/clubs/lech-poznan-873,71,71,67,69,73,45,64,https://www.fcratings.com/nations/iran-161
Iran,Iran,Iran,G,https://www.fcratings.com/nations/iran-161,4,Amir Abedzadeh,https://www.fcratings.com/amir-abedzadeh-237419,GK,CD Castellón,https://www.fcratings.com/clubs/cd-castellon-100852,69,69,65,64,68,28,69,https://www.fcratings.com/nations/iran-161
Iran,Iran,Iran,G,https://www.fcratings.com/nations/iran-161,5,Majid Hosseini,https://www.fcratings.com/majid-hosseini-243549,CB,Kayserispor,https://www.fcratings.com/clubs/kayserispor-101020,67,55,30,46,50,67,73,https://www.fcratings.com/nations/iran-161
Iran,Iran,Iran,G,https://www.fcratings.com/nations/iran-161,6,Ali Karimi,https://www.fcratings.com/ali-karimi-241793,CDM,Kayserispor,https://www.fcratings.com/clubs/kayserispor-101020,67,55,60,64,66,65,71,https://www.fcratings.com/nations/iran-161
New Zealand,New Zealand,New Zealand,G,https://www.fcratings.com/nations/new-zealand-198,1,Chris Wood,https://www.fcratings.com/chris-wood-192123,ST,Nottingham Forest F.C.,https://www.fcratings.com/clubs/nottingham-forest-fc-14,81,53,82,67,72,40,81,https://www.fcratings.com/nations/new-zealand-198
New Zealand,New Zealand,New Zealand,G,https://www.fcratings.com/nations/new-zealand-198,2,Ali Riley,https://www.fcratings.com/ali-riley-233343,RB,Angel City FC,https://www.fcratings.com/clubs/angel-city-fc-116311,77,73,58,72,76,74,73,https://www.fcratings.com/nations/new-zealand-198
New Zealand,New Zealand,New Zealand,G,https://www.fcratings.com/nations/new-zealand-198,3,Joe Bell,https://www.fcratings.com/joe-bell-254142,CDM,Viking FK,https://www.fcratings.com/clubs/viking-fk-300,75,70,65,73,72,71,82,https://www.fcratings.com/nations/new-zealand-198
New Zealand,New Zealand,New Zealand,G,https://www.fcratings.com/nations/new-zealand-198,4,Liberato Cacace,https://www.fcratings.com/liberato-cacace-242429,LB,Wrexham,https://www.fcratings.com/clubs/wrexham-1947,72,72,60,67,71,69,73,https://www.fcratings.com/nations/new-zealand-198
New Zealand,New Zealand,New Zealand,G,https://www.fcratings.com/nations/new-zealand-198,5,Marko Stamenić,https://www.fcratings.com/marko-stamenic-259680,CDM,Swansea City A.F.C.,https://www.fcratings.com/clubs/swansea-city-afc-1960,71,65,59,66,70,67,75,https://www.fcratings.com/nations/new-zealand-198
New Zealand,New Zealand,New Zealand,G,https://www.fcratings.com/nations/new-zealand-198,6,Kate Taylor,https://www.fcratings.com/kate-taylor-273258,CB,Dijon FCO,https://www.fcratings.com/clubs/dijon-fco-116039,71,67,38,53,54,72,68,https://www.fcratings.com/nations/new-zealand-198
New Zealand,New Zealand,New Zealand,G,https://www.fcratings.com/nations/new-zealand-198,7,Michael Boxall,https://www.fcratings.com/michael-boxall-202170,CB,Minnesota United FC,https://www.fcratings.com/clubs/minnesota-united-fc-111138,71,52,43,60,57,71,80,https://www.fcratings.com/nations/new-zealand-198
New Zealand,New Zealand,New Zealand,G,https://www.fcratings.com/nations/new-zealand-198,8,Francis de Vries,https://www.fcratings.com/francis-de-vries-237268,LB,,,70,66,54,68,63,66,78,https://www.fcratings.com/nations/new-zealand-198
New Zealand,New Zealand,New Zealand,G,https://www.fcratings.com/nations/new-zealand-198,9,Tyler Bindon,https://www.fcratings.com/tyler-bindon-277552,CB,Sheffield United F.C.,https://www.fcratings.com/clubs/sheffield-united-fc-1794,70,58,46,59,64,69,73,https://www.fcratings.com/nations/new-zealand-198
New Zealand,New Zealand,New Zealand,G,https://www.fcratings.com/nations/new-zealand-198,10,Callum McCowatt,https://www.fcratings.com/callum-mccowatt-243666,CAM,Silkeborg IF,https://www.fcratings.com/clubs/silkeborg-if-270,69,76,70,68,69,55,71,https://www.fcratings.com/nations/new-zealand-198
New Zealand,New Zealand,New Zealand,G,https://www.fcratings.com/nations/new-zealand-198,11,Elijah Just,https://www.fcratings.com/elijah-just-254136,LW,Motherwell F.C.,https://www.fcratings.com/clubs/motherwell-fc-83,69,81,68,65,70,47,54,https://www.fcratings.com/nations/new-zealand-198
New Zealand,New Zealand,New Zealand,G,https://www.fcratings.com/nations/new-zealand-198,12,Max Crocombe,https://www.fcratings.com/max-crocombe-206566,GK,Millwall F.C.,https://www.fcratings.com/clubs/millwall-fc-97,69,69,70,65,68,47,70,https://www.fcratings.com/nations/new-zealand-198
New Zealand,New Zealand,New Zealand,G,https://www.fcratings.com/nations/new-zealand-198,13,Alex Paulsen,https://www.fcratings.com/alex-paulsen-263851,GK,Lechia Gdańsk,https://www.fcratings.com/clubs/lechia-gdansk-111091,68,69,65,69,71,55,65,https://www.fcratings.com/nations/new-zealand-198
New Zealand,New Zealand,New Zealand,G,https://www.fcratings.com/nations/new-zealand-198,14,Ben Old,https://www.fcratings.com/ben-old-262289,LW,AS Saint-Étienne,https://www.fcratings.com/clubs/as-saint-etienne-1819,68,82,58,63,71,58,70,https://www.fcratings.com/nations/new-zealand-198
New Zealand,New Zealand,New Zealand,G,https://www.fcratings.com/nations/new-zealand-198,15,Finn Surman,https://www.fcratings.com/finn-surman-266150,CB,Portland Timbers,https://www.fcratings.com/clubs/portland-timbers-111140,68,65,33,49,55,66,78,https://www.fcratings.com/nations/new-zealand-198
New Zealand,New Zealand,New Zealand,G,https://www.fcratings.com/nations/new-zealand-198,16,Kosta Barbarouses,https://www.fcratings.com/kosta-barbarouses-182091,ST,,,67,76,69,58,69,40,76,https://www.fcratings.com/nations/new-zealand-198
New Zealand,New Zealand,New Zealand,G,https://www.fcratings.com/nations/new-zealand-198,17,Nando Pijnaker,https://www.fcratings.com/nando-pijnaker-254143,CB,,,67,60,48,56,53,65,80,https://www.fcratings.com/nations/new-zealand-198
New Zealand,New Zealand,New Zealand,G,https://www.fcratings.com/nations/new-zealand-198,18,Jesse Randall,https://www.fcratings.com/jesse-randall-73092,LM,,,67,84,67,58,68,37,63,https://www.fcratings.com/nations/new-zealand-198
New Zealand,New Zealand,New Zealand,G,https://www.fcratings.com/nations/new-zealand-198,19,Alex Rufer,https://www.fcratings.com/alex-rufer-219392,CDM,,,66,64,59,64,64,62,77,https://www.fcratings.com/nations/new-zealand-198
New Zealand,New Zealand,New Zealand,G,https://www.fcratings.com/nations/new-zealand-198,20,Ryan Thomas,https://www.fcratings.com/ryan-thomas-220763,CM,,,66,57,57,68,69,57,66,https://www.fcratings.com/nations/new-zealand-198
New Zealand,New Zealand,New Zealand,G,https://www.fcratings.com/nations/new-zealand-198,21,Matthew Garbett,https://www.fcratings.com/matthew-garbett-255360,CAM,Peterborough United F.C.,https://www.fcratings.com/clubs/peterborough-united-fc-1938,65,68,61,62,65,52,65,https://www.fcratings.com/nations/new-zealand-198
New Zealand,New Zealand,New Zealand,G,https://www.fcratings.com/nations/new-zealand-198,22,James McGarry,https://www.fcratings.com/james-mcgarry-231131,LB,,,64,82,59,58,67,55,75,https://www.fcratings.com/nations/new-zealand-198
New Zealand,New Zealand,New Zealand,G,https://www.fcratings.com/nations/new-zealand-198,23,Bill Tuiloma,https://www.fcratings.com/bill-tuiloma-220886,CB,Charlotte FC,https://www.fcratings.com/clubs/charlotte-fc-114640,63,59,53,65,57,61,67,https://www.fcratings.com/nations/new-zealand-198
New Zealand,New Zealand,New Zealand,G,https://www.fcratings.com/nations/new-zealand-198,24,Tim Payne,https://www.fcratings.com/tim-payne-209361,RB,,,63,64,56,58,58,59,75,https://www.fcratings.com/nations/new-zealand-198
New Zealand,New Zealand,New Zealand,G,https://www.fcratings.com/nations/new-zealand-198,25,Sam Sutton,https://www.fcratings.com/sam-sutton-253153,LB,,,63,79,57,62,65,55,71,https://www.fcratings.com/nations/new-zealand-198
New Zealand,New Zealand,New Zealand,G,https://www.fcratings.com/nations/new-zealand-198,26,Callan Elliot,https://www.fcratings.com/callan-elliot-246195,RB,,,63,78,48,55,61,55,69,https://www.fcratings.com/nations/new-zealand-198
New Zealand,New Zealand,New Zealand,G,https://www.fcratings.com/nations/new-zealand-198,27,Lachlan Bayliss,https://www.fcratings.com/lachlan-bayliss-276249,CAM,,,63,74,56,60,65,58,57,https://www.fcratings.com/nations/new-zealand-198
New Zealand,New Zealand,New Zealand,G,https://www.fcratings.com/nations/new-zealand-198,28,Kees Sims,https://www.fcratings.com/kees-sims-275011,GK,GAIS,https://www.fcratings.com/clubs/gais-111594,63,61,61,63,63,26,60,https://www.fcratings.com/nations/new-zealand-198
New Zealand,New Zealand,New Zealand,G,https://www.fcratings.com/nations/new-zealand-198,29,Logan Rogerson,https://www.fcratings.com/logan-rogerson-231065,RM,,,62,76,61,55,62,48,71,https://www.fcratings.com/nations/new-zealand-198
New Zealand,New Zealand,New Zealand,G,https://www.fcratings.com/nations/new-zealand-198,30,Oliver Sail,https://www.fcratings.com/oliver-sail-225993,GK,,,62,64,62,50,62,49,60,https://www.fcratings.com/nations/new-zealand-198
New Zealand,New Zealand,New Zealand,G,https://www.fcratings.com/nations/new-zealand-198,31,Cameron Howieson,https://www.fcratings.com/cameron-howieson-208543,CM,,,62,68,60,62,61,54,67,https://www.fcratings.com/nations/new-zealand-198
New Zealand,New Zealand,New Zealand,G,https://www.fcratings.com/nations/new-zealand-198,32,Ben Waine,https://www.fcratings.com/ben-waine-245539,ST,Port Vale F.C.,https://www.fcratings.com/clubs/port-vale-fc-1928,62,77,61,54,61,44,68,https://www.fcratings.com/nations/new-zealand-198
New Zealand,New Zealand,New Zealand,G,https://www.fcratings.com/nations/new-zealand-198,33,Storm Roux,https://www.fcratings.com/storm-roux-213094,RB,,,62,70,45,56,59,57,74,https://www.fcratings.com/nations/new-zealand-198
New Zealand,New Zealand,New Zealand,G,https://www.fcratings.com/nations/new-zealand-198,34,Isaac Hughes,https://www.fcratings.com/isaac-hughes-274055,CB,,,62,59,39,49,51,62,71,https://www.fcratings.com/nations/new-zealand-198
New Zealand,New Zealand,New Zealand,G,https://www.fcratings.com/nations/new-zealand-198,35,Suya Haering,https://www.fcratings.com/suya-haering-72448,LB,FC Carl Zeiss Jena,https://www.fcratings.com/clubs/fc-carl-zeiss-jena-116005,62,66,32,52,55,60,54,https://www.fcratings.com/nations/new-zealand-198
New Zealand,New Zealand,New Zealand,G,https://www.fcratings.com/nations/new-zealand-198,36,Corban Piper,https://www.fcratings.com/corban-piper-75112,RB,,,61,75,59,53,50,54,87,https://www.fcratings.com/nations/new-zealand-198
New Zealand,New Zealand,New Zealand,G,https://www.fcratings.com/nations/new-zealand-198,37,Michael Woud,https://www.fcratings.com/michael-woud-235860,GK,,,61,67,49,65,64,39,59,https://www.fcratings.com/nations/new-zealand-198
New Zealand,New Zealand,New Zealand,G,https://www.fcratings.com/nations/new-zealand-198,38,George Stanger,https://www.fcratings.com/george-stanger-253024,CB,Kilmarnock F.C.,https://www.fcratings.com/clubs/kilmarnock-fc-82,60,56,33,44,49,60,65,https://www.fcratings.com/nations/new-zealand-198
New Zealand,New Zealand,New Zealand,G,https://www.fcratings.com/nations/new-zealand-198,39,Nik Tzanev,https://www.fcratings.com/nik-tzanev-230971,GK,Huddersfield,https://www.fcratings.com/clubs/huddersfield-1939,60,61,59,56,61,46,59,https://www.fcratings.com/nations/new-zealand-198
New Zealand,New Zealand,New Zealand,G,https://www.fcratings.com/nations/new-zealand-198,40,Matt Sheridan,https://www.fcratings.com/matt-sheridan-279201,RB,,,58,75,37,53,52,54,72,https://www.fcratings.com/nations/new-zealand-198
New Zealand,New Zealand,New Zealand,G,https://www.fcratings.com/nations/new-zealand-198,41,Lukas Kelly-Heald,https://www.fcratings.com/lukas-kelly-heald-276461,LB,,,58,61,41,51,54,57,68,https://www.fcratings.com/nations/new-zealand-198
New Zealand,New Zealand,New Zealand,G,https://www.fcratings.com/nations/new-zealand-198,42,Matt Dibley-Dias,https://www.fcratings.com/matt-dibley-dias-278220,CM,Chesterfield F.C.,https://www.fcratings.com/clubs/chesterfield-fc-1924,58,68,58,59,63,53,54,https://www.fcratings.com/nations/new-zealand-198
New Zealand,New Zealand,New Zealand,G,https://www.fcratings.com/nations/new-zealand-198,43,Liam Gillion,https://www.fcratings.com/liam-gillion-73102,LM,,,58,83,51,43,65,24,58,https://www.fcratings.com/nations/new-zealand-198
New Zealand,New Zealand,New Zealand,G,https://www.fcratings.com/nations/new-zealand-198,44,Luke Brooke-Smith,https://www.fcratings.com/luke-brooke-smith-76117,RW,,,58,81,57,51,58,40,72,https://www.fcratings.com/nations/new-zealand-198
New Zealand,New Zealand,New Zealand,G,https://www.fcratings.com/nations/new-zealand-198,45,Fin Roa Conchie,https://www.fcratings.com/fin-roa-conchie-277324,CM,,,57,67,46,57,57,51,71,https://www.fcratings.com/nations/new-zealand-198
New Zealand,New Zealand,New Zealand,G,https://www.fcratings.com/nations/new-zealand-198,46,Alby Kelly-Heald,https://www.fcratings.com/alby-kelly-heald-279014,GK,,,56,61,52,57,54,24,54,https://www.fcratings.com/nations/new-zealand-198
New Zealand,New Zealand,New Zealand,G,https://www.fcratings.com/nations/new-zealand-198,47,Gabriel Sloane-Rodrigues,https://www.fcratings.com/gabriel-sloane-rodrigues-70066,LW,,,55,72,50,46,63,36,47,https://www.fcratings.com/nations/new-zealand-198
New Zealand,New Zealand,New Zealand,G,https://www.fcratings.com/nations/new-zealand-198,48,Luke Supyk,https://www.fcratings.com/luke-supyk-278249,ST,,,54,74,51,43,52,29,58,https://www.fcratings.com/nations/new-zealand-198
New Zealand,New Zealand,New Zealand,G,https://www.fcratings.com/nations/new-zealand-198,49,Jonty Bidois,https://www.fcratings.com/jonty-bidois-73106,ST,,,54,72,52,40,50,17,62,https://www.fcratings.com/nations/new-zealand-198
New Zealand,New Zealand,New Zealand,G,https://www.fcratings.com/nations/new-zealand-198,50,Joe Knowles,https://www.fcratings.com/joe-knowles-73937,GK,,,53,54,53,51,54,20,51,https://www.fcratings.com/nations/new-zealand-198
Cape Verde,Cape Verde,Cape Verde Islands,H,https://www.fcratings.com/nations/cape-verde-islands-104,1,Logan Costa,https://www.fcratings.com/logan-costa-243923,CB,Villarreal CF,https://www.fcratings.com/clubs/villarreal-cf-483,77,60,40,59,67,77,78,https://www.fcratings.com/nations/cape-verde-islands-104
Cape Verde,Cape Verde,Cape Verde Islands,H,https://www.fcratings.com/nations/cape-verde-islands-104,2,Bruno Varela,https://www.fcratings.com/bruno-varela-219754,GK,Alhazem,https://www.fcratings.com/clubs/alhazem-113222,74,73,72,69,76,41,74,https://www.fcratings.com/nations/cape-verde-islands-104
Cape Verde,Cape Verde,Cape Verde Islands,H,https://www.fcratings.com/nations/cape-verde-islands-104,3,Leandro Andrade,https://www.fcratings.com/leandro-andrade-72866,RW,Qarabağ FK,https://www.fcratings.com/clubs/qarabag-fk-113888,73,75,70,66,76,29,60,https://www.fcratings.com/nations/cape-verde-islands-104
Cape Verde,Cape Verde,Cape Verde Islands,H,https://www.fcratings.com/nations/cape-verde-islands-104,4,Wagner Pina,https://www.fcratings.com/wagner-pina-276909,RM,Trabzonspor,https://www.fcratings.com/clubs/trabzonspor-436,72,81,59,66,72,66,66,https://www.fcratings.com/nations/cape-verde-islands-104
Cape Verde,Cape Verde,Cape Verde Islands,H,https://www.fcratings.com/nations/cape-verde-islands-104,5,Steven Moreira,https://www.fcratings.com/steven-moreira-212401,CB,Columbus Crew,https://www.fcratings.com/clubs/columbus-crew-687,71,73,33,67,71,71,74,https://www.fcratings.com/nations/cape-verde-islands-104
Cape Verde,Cape Verde,Cape Verde Islands,H,https://www.fcratings.com/nations/cape-verde-islands-104,6,Telmo Arcanjo,https://www.fcratings.com/telmo-arcanjo-257194,RM,Vitória S.C.,https://www.fcratings.com/clubs/vitoria-sc-1887,71,74,61,68,71,38,60,https://www.fcratings.com/nations/cape-verde-islands-104
Cape Verde,Cape Verde,Cape Verde Islands,H,https://www.fcratings.com/nations/cape-verde-islands-104,7,Ryan Mendes,https://www.fcratings.com/ryan-mendes-194847,LM,Kocaelispor,https://www.fcratings.com/clubs/kocaelispor-101032,71,74,67,69,74,28,54,https://www.fcratings.com/nations/cape-verde-islands-104
Cape Verde,Cape Verde,Cape Verde Islands,H,https://www.fcratings.com/nations/cape-verde-islands-104,8,Nuno da Costa,https://www.fcratings.com/nuno-da-costa-230857,ST,İstanbul Başakşehir F.K.,https://www.fcratings.com/clubs/istanbul-basaksehir-fk-101014,70,78,69,61,69,30,68,https://www.fcratings.com/nations/cape-verde-islands-104
Cape Verde,Cape Verde,Cape Verde Islands,H,https://www.fcratings.com/nations/cape-verde-islands-104,9,Jovane Cabral,https://www.fcratings.com/jovane-cabral-244193,LW,C.F. Estrela da Amadora,https://www.fcratings.com/clubs/cf-estrela-da-amadora-718,70,77,71,68,72,38,68,https://www.fcratings.com/nations/cape-verde-islands-104
Cape Verde,Cape Verde,Cape Verde Islands,H,https://www.fcratings.com/nations/cape-verde-islands-104,10,Duk,https://www.fcratings.com/duk-270611,ST,CD Leganés,https://www.fcratings.com/clubs/cd-leganes-100888,70,81,69,64,72,43,80,https://www.fcratings.com/nations/cape-verde-islands-104
Cape Verde,Cape Verde,Cape Verde Islands,H,https://www.fcratings.com/nations/cape-verde-islands-104,11,Dailon Livramento,https://www.fcratings.com/dailon-livramento-73853,ST,Casa Pia A.C.,https://www.fcratings.com/clubs/casa-pia-ac-114510,69,82,70,56,68,34,64,https://www.fcratings.com/nations/cape-verde-islands-104
Cape Verde,Cape Verde,Cape Verde Islands,H,https://www.fcratings.com/nations/cape-verde-islands-104,12,Jamiro Monteiro,https://www.fcratings.com/jamiro-monteiro-231150,CAM,,,69,72,59,70,72,54,68,https://www.fcratings.com/nations/cape-verde-islands-104
Cape Verde,Cape Verde,Cape Verde Islands,H,https://www.fcratings.com/nations/cape-verde-islands-104,13,Sidnei Tavares,https://www.fcratings.com/sidnei-tavares-73196,CDM,Blackburn Rovers F.C.,https://www.fcratings.com/clubs/blackburn-rovers-fc-3,68,66,56,66,66,63,68,https://www.fcratings.com/nations/cape-verde-islands-104
Cape Verde,Cape Verde,Cape Verde Islands,H,https://www.fcratings.com/nations/cape-verde-islands-104,14,Roberto Lopes,https://www.fcratings.com/roberto-lopes-202014,CB,Shamrock Rovers F.C.,https://www.fcratings.com/clubs/shamrock-rovers-fc-306,68,48,30,48,54,68,77,https://www.fcratings.com/nations/cape-verde-islands-104
Cape Verde,Cape Verde,Cape Verde Islands,H,https://www.fcratings.com/nations/cape-verde-islands-104,15,Ricardo Santos,https://www.fcratings.com/ricardo-santos-212090,CB,Swansea City A.F.C.,https://www.fcratings.com/clubs/swansea-city-afc-1960,67,64,39,47,49,65,78,https://www.fcratings.com/nations/cape-verde-islands-104
Cape Verde,Cape Verde,Cape Verde Islands,H,https://www.fcratings.com/nations/cape-verde-islands-104,16,Fabrício Garcia,https://www.fcratings.com/fabricio-garcia-71291,LM,F.C. Alverca,https://www.fcratings.com/clubs/fc-alverca-717,67,73,67,59,66,28,43,https://www.fcratings.com/nations/cape-verde-islands-104
Cape Verde,Cape Verde,Cape Verde Islands,H,https://www.fcratings.com/nations/cape-verde-islands-104,17,Vasco Lopes,https://www.fcratings.com/vasco-lopes-72658,RM,Radomiak Radom,https://www.fcratings.com/clubs/radomiak-radom-111088,66,80,60,60,69,31,55,https://www.fcratings.com/nations/cape-verde-islands-104
Cape Verde,Cape Verde,Cape Verde Islands,H,https://www.fcratings.com/nations/cape-verde-islands-104,18,Bryan Teixeira,https://www.fcratings.com/bryan-teixeira-247640,ST,LASK,https://www.fcratings.com/clubs/lask-252,66,81,64,62,69,48,67,https://www.fcratings.com/nations/cape-verde-islands-104
Cape Verde,Cape Verde,Cape Verde Islands,H,https://www.fcratings.com/nations/cape-verde-islands-104,19,Hélder Tavares,https://www.fcratings.com/helder-tavares-229327,CDM,C.D. Tondela,https://www.fcratings.com/clubs/cd-tondela-112516,66,53,55,58,62,63,71,https://www.fcratings.com/nations/cape-verde-islands-104
Cape Verde,Cape Verde,Cape Verde Islands,H,https://www.fcratings.com/nations/cape-verde-islands-104,20,Ivanildo Fernandes,https://www.fcratings.com/ivanildo-fernandes-244963,CB,Atlético Nacional,https://www.fcratings.com/clubs/atletico-nacional-1891,65,54,28,46,47,64,73,https://www.fcratings.com/nations/cape-verde-islands-104
Cape Verde,Cape Verde,Cape Verde Islands,H,https://www.fcratings.com/nations/cape-verde-islands-104,21,Bruno Leite,https://www.fcratings.com/bruno-leite-236877,CM,FK Haugesund,https://www.fcratings.com/clubs/fk-haugesund-1463,64,68,55,61,65,60,66,https://www.fcratings.com/nations/cape-verde-islands-104
Cape Verde,Cape Verde,Cape Verde Islands,H,https://www.fcratings.com/nations/cape-verde-islands-104,22,Steve Furtado,https://www.fcratings.com/steve-furtado-239453,RB,FCV Farul Constanța,https://www.fcratings.com/clubs/fcv-farul-constanta-110075,63,66,45,59,61,58,58,https://www.fcratings.com/nations/cape-verde-islands-104
Cape Verde,Cape Verde,Cape Verde Islands,H,https://www.fcratings.com/nations/cape-verde-islands-104,23,Patrick,https://www.fcratings.com/patrick-244046,ST,ASC Oțelul Galați,https://www.fcratings.com/clubs/asc-otelul-galati-110072,63,55,65,54,59,29,72,https://www.fcratings.com/nations/cape-verde-islands-104
Cape Verde,Cape Verde,Cape Verde Islands,H,https://www.fcratings.com/nations/cape-verde-islands-104,24,Ely Fernandes,https://www.fcratings.com/ely-fernandes-218738,LM,FC Metaloglobus București,https://www.fcratings.com/clubs/fc-metaloglobus-bucuresti-114545,62,65,59,61,64,36,60,https://www.fcratings.com/nations/cape-verde-islands-104
Cape Verde,Cape Verde,Cape Verde Islands,H,https://www.fcratings.com/nations/cape-verde-islands-104,25,Diogo Mendes,https://www.fcratings.com/diogo-mendes-243918,CDM,FC Rapid București,https://www.fcratings.com/clubs/fc-rapid-bucuresti-310,61,64,47,55,61,60,67,https://www.fcratings.com/nations/cape-verde-islands-104
Cape Verde,Cape Verde,Cape Verde Islands,H,https://www.fcratings.com/nations/cape-verde-islands-104,26,Bruno Carvalho,https://www.fcratings.com/bruno-carvalho-79437,CDM,FC Metaloglobus București,https://www.fcratings.com/clubs/fc-metaloglobus-bucuresti-114545,61,66,53,57,59,58,62,https://www.fcratings.com/nations/cape-verde-islands-104
Cape Verde,Cape Verde,Cape Verde Islands,H,https://www.fcratings.com/nations/cape-verde-islands-104,27,Stéphane Cueni,https://www.fcratings.com/stephane-cueni-258739,CDM,FC Winterthur,https://www.fcratings.com/clubs/fc-winterthur-1713,60,70,47,59,60,57,62,https://www.fcratings.com/nations/cape-verde-islands-104
Saudi Arabia,Saudi Arabia,Saudi Arabia,H,https://www.fcratings.com/nations/saudi-arabia-183,1,Salem Al Dawsari,https://www.fcratings.com/salem-al-dawsari-210602,LM,Al Hilal SFC,https://www.fcratings.com/clubs/al-hilal-sfc-605,82,87,74,76,84,57,81,https://www.fcratings.com/nations/saudi-arabia-183
Saudi Arabia,Saudi Arabia,Saudi Arabia,H,https://www.fcratings.com/nations/saudi-arabia-183,2,Musab Al Juwair,https://www.fcratings.com/musab-al-juwair-263824,CM,Al Qadsiah FC,https://www.fcratings.com/clubs/al-qadsiah-fc-112391,76,68,67,80,75,56,69,https://www.fcratings.com/nations/saudi-arabia-183
Saudi Arabia,Saudi Arabia,Saudi Arabia,H,https://www.fcratings.com/nations/saudi-arabia-183,3,Saud Abdulhamid,https://www.fcratings.com/saud-abdulhamid-246688,RB,RC Lens,https://www.fcratings.com/clubs/rc-lens-64,76,86,50,66,73,70,71,https://www.fcratings.com/nations/saudi-arabia-183
Saudi Arabia,Saudi Arabia,Saudi Arabia,H,https://www.fcratings.com/nations/saudi-arabia-183,4,Firas Al Birekan,https://www.fcratings.com/firas-al-birekan-238545,LM,Al-Ahli Saudi FC,https://www.fcratings.com/clubs/al-ahli-saudi-fc-112387,74,80,71,63,71,48,74,https://www.fcratings.com/nations/saudi-arabia-183
Saudi Arabia,Saudi Arabia,Saudi Arabia,H,https://www.fcratings.com/nations/saudi-arabia-183,5,Mohammed Kanno,https://www.fcratings.com/mohammed-kanno-220075,CM,Al Hilal SFC,https://www.fcratings.com/clubs/al-hilal-sfc-605,74,73,71,72,73,70,76,https://www.fcratings.com/nations/saudi-arabia-183
Saudi Arabia,Saudi Arabia,Saudi Arabia,H,https://www.fcratings.com/nations/saudi-arabia-183,6,Hassan Tombakti,https://www.fcratings.com/hassan-tombakti-245751,CB,Al Hilal SFC,https://www.fcratings.com/clubs/al-hilal-sfc-605,74,83,36,59,64,76,74,https://www.fcratings.com/nations/saudi-arabia-183
Saudi Arabia,Saudi Arabia,Saudi Arabia,H,https://www.fcratings.com/nations/saudi-arabia-183,7,Sultan Al Ghannam,https://www.fcratings.com/sultan-al-ghannam-232477,RB,Al-Nassr FC,https://www.fcratings.com/clubs/al-nassr-fc-112139,72,82,60,72,74,63,70,https://www.fcratings.com/nations/saudi-arabia-183
Saudi Arabia,Saudi Arabia,Saudi Arabia,H,https://www.fcratings.com/nations/saudi-arabia-183,8,Nawaf Al Aqidi,https://www.fcratings.com/nawaf-al-aqidi-255368,GK,Al-Nassr FC,https://www.fcratings.com/clubs/al-nassr-fc-112139,72,75,69,67,74,47,66,https://www.fcratings.com/nations/saudi-arabia-183
Saudi Arabia,Saudi Arabia,Saudi Arabia,H,https://www.fcratings.com/nations/saudi-arabia-183,9,Ali Majrashi,https://www.fcratings.com/ali-majrashi-242506,RB,Al-Ahli Saudi FC,https://www.fcratings.com/clubs/al-ahli-saudi-fc-112387,72,87,44,52,65,67,77,https://www.fcratings.com/nations/saudi-arabia-183
Saudi Arabia,Saudi Arabia,Saudi Arabia,H,https://www.fcratings.com/nations/saudi-arabia-183,10,Hassan Kadish,https://www.fcratings.com/hassan-kadish-210843,LB,Al-Ittihad Club,https://www.fcratings.com/clubs/al-ittihad-club-607,71,71,49,63,63,67,76,https://www.fcratings.com/nations/saudi-arabia-183
Saudi Arabia,Saudi Arabia,Saudi Arabia,H,https://www.fcratings.com/nations/saudi-arabia-183,11,Muhannad Al Shanqeeti,https://www.fcratings.com/muhannad-al-shanqeeti-242156,RB,Al-Ittihad Club,https://www.fcratings.com/clubs/al-ittihad-club-607,71,82,45,62,66,64,71,https://www.fcratings.com/nations/saudi-arabia-183
Saudi Arabia,Saudi Arabia,Saudi Arabia,H,https://www.fcratings.com/nations/saudi-arabia-183,12,Abdulelah Al Amri,https://www.fcratings.com/abdulelah-al-amri-241197,CB,Al-Nassr FC,https://www.fcratings.com/clubs/al-nassr-fc-112139,71,69,29,51,47,69,81,https://www.fcratings.com/nations/saudi-arabia-183
Saudi Arabia,Saudi Arabia,Saudi Arabia,H,https://www.fcratings.com/nations/saudi-arabia-183,13,Mohammed Abu Al Shamat,https://www.fcratings.com/mohammed-abu-al-shamat-74436,RB,Al Qadsiah FC,https://www.fcratings.com/clubs/al-qadsiah-fc-112391,71,76,47,67,73,63,61,https://www.fcratings.com/nations/saudi-arabia-183
Saudi Arabia,Saudi Arabia,Saudi Arabia,H,https://www.fcratings.com/nations/saudi-arabia-183,14,Abdulrahman Ghareeb,https://www.fcratings.com/abdulrahman-ghareeb-242117,LM,Al-Nassr FC,https://www.fcratings.com/clubs/al-nassr-fc-112139,70,84,62,64,74,25,57,https://www.fcratings.com/nations/saudi-arabia-183
Saudi Arabia,Saudi Arabia,Saudi Arabia,H,https://www.fcratings.com/nations/saudi-arabia-183,15,Abdullah Al Khaibari,https://www.fcratings.com/abdullah-al-khaibari-237721,CDM,Al-Nassr FC,https://www.fcratings.com/clubs/al-nassr-fc-112139,70,73,43,63,67,66,73,https://www.fcratings.com/nations/saudi-arabia-183
Saudi Arabia,Saudi Arabia,Saudi Arabia,H,https://www.fcratings.com/nations/saudi-arabia-183,16,Ahmed Sharahili,https://www.fcratings.com/ahmed-sharahili-221658,CB,Al-Ittihad Club,https://www.fcratings.com/clubs/al-ittihad-club-607,69,66,33,60,63,69,68,https://www.fcratings.com/nations/saudi-arabia-183
Saudi Arabia,Saudi Arabia,Saudi Arabia,H,https://www.fcratings.com/nations/saudi-arabia-183,17,Ali Lajami,https://www.fcratings.com/ali-lajami-228783,CB,Al Hilal SFC,https://www.fcratings.com/clubs/al-hilal-sfc-605,69,76,49,60,60,67,76,https://www.fcratings.com/nations/saudi-arabia-183
Saudi Arabia,Saudi Arabia,Saudi Arabia,H,https://www.fcratings.com/nations/saudi-arabia-183,18,Abdulrahman Al Obud,https://www.fcratings.com/abdulrahman-al-obud-238043,RM,Al-Ittihad Club,https://www.fcratings.com/clubs/al-ittihad-club-607,69,91,61,59,71,45,58,https://www.fcratings.com/nations/saudi-arabia-183
Saudi Arabia,Saudi Arabia,Saudi Arabia,H,https://www.fcratings.com/nations/saudi-arabia-183,19,Saleh Al Amri,https://www.fcratings.com/saleh-al-amri-223629,LM,Al-Khaleej FC,https://www.fcratings.com/clubs/al-khaleej-fc-112883,69,79,65,65,69,34,67,https://www.fcratings.com/nations/saudi-arabia-183
Saudi Arabia,Saudi Arabia,Saudi Arabia,H,https://www.fcratings.com/nations/saudi-arabia-183,20,Salman Al Faraj,https://www.fcratings.com/salman-al-faraj-191269,CM,Neom SC,https://www.fcratings.com/clubs/neom-sc-131798,69,38,63,77,71,62,58,https://www.fcratings.com/nations/saudi-arabia-183
Saudi Arabia,Saudi Arabia,Saudi Arabia,H,https://www.fcratings.com/nations/saudi-arabia-183,21,Ayman Yahya,https://www.fcratings.com/ayman-yahya-253440,RM,Al-Nassr FC,https://www.fcratings.com/clubs/al-nassr-fc-112139,69,84,61,61,68,64,67,https://www.fcratings.com/nations/saudi-arabia-183
Saudi Arabia,Saudi Arabia,Saudi Arabia,H,https://www.fcratings.com/nations/saudi-arabia-183,22,Nawaf Boushal,https://www.fcratings.com/nawaf-boushal-254685,LB,Al-Nassr FC,https://www.fcratings.com/clubs/al-nassr-fc-112139,69,82,40,52,65,64,73,https://www.fcratings.com/nations/saudi-arabia-183
Saudi Arabia,Saudi Arabia,Saudi Arabia,H,https://www.fcratings.com/nations/saudi-arabia-183,23,Sultan Mandash,https://www.fcratings.com/sultan-mandash-225976,RW,Al Hilal SFC,https://www.fcratings.com/clubs/al-hilal-sfc-605,69,82,60,62,72,37,61,https://www.fcratings.com/nations/saudi-arabia-183
Saudi Arabia,Saudi Arabia,Saudi Arabia,H,https://www.fcratings.com/nations/saudi-arabia-183,24,Mohammed Al Kuwaykibi,https://www.fcratings.com/mohammed-al-kuwaykibi-224962,RM,Al Taawoun FC,https://www.fcratings.com/clubs/al-taawoun-fc-112393,69,83,66,64,71,27,57,https://www.fcratings.com/nations/saudi-arabia-183
Saudi Arabia,Saudi Arabia,Saudi Arabia,H,https://www.fcratings.com/nations/saudi-arabia-183,25,Mohammed Al Buraik,https://www.fcratings.com/mohammed-al-buraik-221370,LB,Neom SC,https://www.fcratings.com/clubs/neom-sc-131798,68,70,56,72,68,62,64,https://www.fcratings.com/nations/saudi-arabia-183
Saudi Arabia,Saudi Arabia,Saudi Arabia,H,https://www.fcratings.com/nations/saudi-arabia-183,26,Ali Al Bulayhi,https://www.fcratings.com/ali-al-bulayhi-229851,CB,Al Shabab Club,https://www.fcratings.com/clubs/al-shabab-club-111674,68,40,42,43,42,66,81,https://www.fcratings.com/nations/saudi-arabia-183
Saudi Arabia,Saudi Arabia,Saudi Arabia,H,https://www.fcratings.com/nations/saudi-arabia-183,27,Saleh Al Shehri,https://www.fcratings.com/saleh-al-shehri-211173,ST,Al-Ittihad Club,https://www.fcratings.com/clubs/al-ittihad-club-607,68,66,66,52,63,28,73,https://www.fcratings.com/nations/saudi-arabia-183
Saudi Arabia,Saudi Arabia,Saudi Arabia,H,https://www.fcratings.com/nations/saudi-arabia-183,28,Nasser Al Dawsari,https://www.fcratings.com/nasser-al-dawsari-241938,CM,Al Hilal SFC,https://www.fcratings.com/clubs/al-hilal-sfc-605,68,68,60,71,69,62,71,https://www.fcratings.com/nations/saudi-arabia-183
Saudi Arabia,Saudi Arabia,Saudi Arabia,H,https://www.fcratings.com/nations/saudi-arabia-183,29,Waleed Al Ahmed,https://www.fcratings.com/waleed-al-ahmed-248836,CB,Al Qadsiah FC,https://www.fcratings.com/clubs/al-qadsiah-fc-112391,68,64,30,46,47,66,73,https://www.fcratings.com/nations/saudi-arabia-183
Saudi Arabia,Saudi Arabia,Saudi Arabia,H,https://www.fcratings.com/nations/saudi-arabia-183,30,Mansour Hamzi,https://www.fcratings.com/mansour-hamzi-220422,CDM,Al-Khaleej FC,https://www.fcratings.com/clubs/al-khaleej-fc-112883,67,80,64,61,71,61,69,https://www.fcratings.com/nations/saudi-arabia-183
Saudi Arabia,Saudi Arabia,Saudi Arabia,H,https://www.fcratings.com/nations/saudi-arabia-183,31,Faisal Al Ghamdi,https://www.fcratings.com/faisal-al-ghamdi-260977,CM,Al-Ittihad Club,https://www.fcratings.com/clubs/al-ittihad-club-607,67,66,53,63,69,62,75,https://www.fcratings.com/nations/saudi-arabia-183
Saudi Arabia,Saudi Arabia,Saudi Arabia,H,https://www.fcratings.com/nations/saudi-arabia-183,32,Muteb Al Harbi,https://www.fcratings.com/muteb-al-harbi-256331,LB,Al Hilal SFC,https://www.fcratings.com/clubs/al-hilal-sfc-605,67,93,54,62,67,56,60,https://www.fcratings.com/nations/saudi-arabia-183
Saudi Arabia,Saudi Arabia,Saudi Arabia,H,https://www.fcratings.com/nations/saudi-arabia-183,33,Turki Al Ammar,https://www.fcratings.com/turki-al-ammar-241809,LB,Al Qadsiah FC,https://www.fcratings.com/clubs/al-qadsiah-fc-112391,67,73,57,63,69,62,63,https://www.fcratings.com/nations/saudi-arabia-183
Saudi Arabia,Saudi Arabia,Saudi Arabia,H,https://www.fcratings.com/nations/saudi-arabia-183,34,Abdullah Al Salem,https://www.fcratings.com/abdullah-al-salem-211395,ST,Al Qadsiah FC,https://www.fcratings.com/clubs/al-qadsiah-fc-112391,67,65,66,60,66,52,76,https://www.fcratings.com/nations/saudi-arabia-183
Saudi Arabia,Saudi Arabia,Saudi Arabia,H,https://www.fcratings.com/nations/saudi-arabia-183,35,Mukhtar Ali,https://www.fcratings.com/mukhtar-ali-232901,CDM,Al-Ettifaq Club,https://www.fcratings.com/clubs/al-ettifaq-club-112096,67,64,54,66,68,59,65,https://www.fcratings.com/nations/saudi-arabia-183
Saudi Arabia,Saudi Arabia,Saudi Arabia,H,https://www.fcratings.com/nations/saudi-arabia-183,36,Ziyad Al Johani,https://www.fcratings.com/ziyad-al-johani-263182,CDM,Al-Ahli Saudi FC,https://www.fcratings.com/clubs/al-ahli-saudi-fc-112387,67,67,53,64,66,63,63,https://www.fcratings.com/nations/saudi-arabia-183
Saudi Arabia,Saudi Arabia,Saudi Arabia,H,https://www.fcratings.com/nations/saudi-arabia-183,37,Jehad Thekri,https://www.fcratings.com/jehad-thekri-74699,CB,Al Qadsiah FC,https://www.fcratings.com/clubs/al-qadsiah-fc-112391,67,71,31,48,55,66,77,https://www.fcratings.com/nations/saudi-arabia-183
Saudi Arabia,Saudi Arabia,Saudi Arabia,H,https://www.fcratings.com/nations/saudi-arabia-183,38,Marwan Al Sahafi,https://www.fcratings.com/marwan-al-sahafi-272303,ST,Royal Antwerp FC,https://www.fcratings.com/clubs/royal-antwerp-fc-230,67,87,63,53,69,47,60,https://www.fcratings.com/nations/saudi-arabia-183
Saudi Arabia,Saudi Arabia,Saudi Arabia,H,https://www.fcratings.com/nations/saudi-arabia-183,39,Muhannad Al Saad,https://www.fcratings.com/muhannad-al-saad-278206,RM,Neom SC,https://www.fcratings.com/clubs/neom-sc-131798,66,82,58,57,72,27,43,https://www.fcratings.com/nations/saudi-arabia-183
Saudi Arabia,Saudi Arabia,Saudi Arabia,H,https://www.fcratings.com/nations/saudi-arabia-183,40,Nader Al Sharari,https://www.fcratings.com/nader-al-sharari-255837,CB,Al-Nassr FC,https://www.fcratings.com/clubs/al-nassr-fc-112139,66,72,25,48,47,66,73,https://www.fcratings.com/nations/saudi-arabia-183
Saudi Arabia,Saudi Arabia,Saudi Arabia,H,https://www.fcratings.com/nations/saudi-arabia-183,41,Yasser Al Shahrani,https://www.fcratings.com/yasser-al-shahrani-210603,LB,Al Qadsiah FC,https://www.fcratings.com/clubs/al-qadsiah-fc-112391,66,73,54,61,67,63,58,https://www.fcratings.com/nations/saudi-arabia-183
Saudi Arabia,Saudi Arabia,Saudi Arabia,H,https://www.fcratings.com/nations/saudi-arabia-183,42,Ali Al Hassan,https://www.fcratings.com/ali-al-hassan-242863,CDM,Al-Nassr FC,https://www.fcratings.com/clubs/al-nassr-fc-112139,66,68,53,60,64,61,69,https://www.fcratings.com/nations/saudi-arabia-183
Saudi Arabia,Saudi Arabia,Saudi Arabia,H,https://www.fcratings.com/nations/saudi-arabia-183,43,Abdulelah Al Khaibari,https://www.fcratings.com/abdulelah-al-khaibari-275549,LB,Al-Riyadh SC,https://www.fcratings.com/clubs/al-riyadh-sc-113037,66,75,51,58,62,60,67,https://www.fcratings.com/nations/saudi-arabia-183
Saudi Arabia,Saudi Arabia,Saudi Arabia,H,https://www.fcratings.com/nations/saudi-arabia-183,44,Hussain Al Qahtani,https://www.fcratings.com/hussain-al-qahtani-239042,CM,Al Qadsiah FC,https://www.fcratings.com/clubs/al-qadsiah-fc-112391,66,55,59,66,65,59,65,https://www.fcratings.com/nations/saudi-arabia-183
Saudi Arabia,Saudi Arabia,Saudi Arabia,H,https://www.fcratings.com/nations/saudi-arabia-183,45,Abdulfatah Adam,https://www.fcratings.com/abdulfatah-adam-242312,ST,Al Taawoun FC,https://www.fcratings.com/clubs/al-taawoun-fc-112393,66,77,64,50,66,26,64,https://www.fcratings.com/nations/saudi-arabia-183
Saudi Arabia,Saudi Arabia,Saudi Arabia,H,https://www.fcratings.com/nations/saudi-arabia-183,46,Mohammed Khubrani,https://www.fcratings.com/mohammed-khubrani-228624,CB,Al-Khaleej FC,https://www.fcratings.com/clubs/al-khaleej-fc-112883,66,46,24,40,44,68,74,https://www.fcratings.com/nations/saudi-arabia-183
Saudi Arabia,Saudi Arabia,Saudi Arabia,H,https://www.fcratings.com/nations/saudi-arabia-183,47,Hamad Al Yami,https://www.fcratings.com/hamad-al-yami-245268,RB,Al Hilal SFC,https://www.fcratings.com/clubs/al-hilal-sfc-605,66,85,56,59,65,58,58,https://www.fcratings.com/nations/saudi-arabia-183
Saudi Arabia,Saudi Arabia,Saudi Arabia,H,https://www.fcratings.com/nations/saudi-arabia-183,48,Ahmed Al Ghamdi,https://www.fcratings.com/ahmed-al-ghamdi-259426,LM,Al-Ittihad Club,https://www.fcratings.com/clubs/al-ittihad-club-607,66,80,62,59,70,42,60,https://www.fcratings.com/nations/saudi-arabia-183
Saudi Arabia,Saudi Arabia,Saudi Arabia,H,https://www.fcratings.com/nations/saudi-arabia-183,49,Abdulquddus Attiah,https://www.fcratings.com/abdulquddus-attiah-242352,GK,Al Taawoun FC,https://www.fcratings.com/clubs/al-taawoun-fc-112393,66,68,62,58,70,47,64,https://www.fcratings.com/nations/saudi-arabia-183
Saudi Arabia,Saudi Arabia,Saudi Arabia,H,https://www.fcratings.com/nations/saudi-arabia-183,50,Dhari Al Enazi,https://www.fcratings.com/dhari-al-enazi-272906,LB,Damac Club,https://www.fcratings.com/clubs/damac-club-113217,66,75,32,54,68,59,62,https://www.fcratings.com/nations/saudi-arabia-183
Spain,Spain,Spain,H,https://www.fcratings.com/nations/spain-45,1,Alexia Putellas,https://www.fcratings.com/alexia-putellas-227203,CM,FC Barcelona Femení,https://www.fcratings.com/clubs/fc-barcelona-femeni-116325,91,82,89,90,91,72,80,https://www.fcratings.com/nations/spain-45
Spain,Spain,Spain,H,https://www.fcratings.com/nations/spain-45,2,Aitana Bonmatí,https://www.fcratings.com/aitana-bonmati-241667,CM,FC Barcelona Femení,https://www.fcratings.com/clubs/fc-barcelona-femeni-116325,91,85,87,86,91,77,75,https://www.fcratings.com/nations/spain-45
Spain,Spain,Spain,H,https://www.fcratings.com/nations/spain-45,3,Pedri,https://www.fcratings.com/pedri-251854,CM,FC Barcelona,https://www.fcratings.com/clubs/fc-barcelona-241,90,77,75,86,90,78,77,https://www.fcratings.com/nations/spain-45
Spain,Spain,Spain,H,https://www.fcratings.com/nations/spain-45,4,Rodri,https://www.fcratings.com/rodri-231866,CDM,Manchester City F.C.,https://www.fcratings.com/clubs/manchester-city-fc-10,89,65,79,85,82,86,84,https://www.fcratings.com/nations/spain-45
Spain,Spain,Spain,H,https://www.fcratings.com/nations/spain-45,5,Lamine Yamal,https://www.fcratings.com/lamine-yamal-277643,RM,FC Barcelona,https://www.fcratings.com/clubs/fc-barcelona-241,89,86,84,87,91,25,61,https://www.fcratings.com/nations/spain-45
Spain,Spain,Spain,H,https://www.fcratings.com/nations/spain-45,6,Mariona,https://www.fcratings.com/mariona-237288,CM,Arsenal W.F.C.,https://www.fcratings.com/clubs/arsenal-wfc-116009,89,78,84,86,90,76,79,https://www.fcratings.com/nations/spain-45
Spain,Spain,Spain,H,https://www.fcratings.com/nations/spain-45,7,Patri Guijarro,https://www.fcratings.com/patri-guijarro-237289,CDM,FC Barcelona Femení,https://www.fcratings.com/clubs/fc-barcelona-femeni-116325,89,78,82,83,87,86,83,https://www.fcratings.com/nations/spain-45
Spain,Spain,Spain,H,https://www.fcratings.com/nations/spain-45,8,Mapi León,https://www.fcratings.com/mapi-leon-236479,CB,FC Barcelona Femení,https://www.fcratings.com/clubs/fc-barcelona-femeni-116325,89,75,68,79,76,90,82,https://www.fcratings.com/nations/spain-45
Spain,Spain,Spain,H,https://www.fcratings.com/nations/spain-45,9,Irene Paredes,https://www.fcratings.com/irene-paredes-227190,CB,FC Barcelona Femení,https://www.fcratings.com/clubs/fc-barcelona-femeni-116325,88,71,52,67,68,88,84,https://www.fcratings.com/nations/spain-45
Spain,Spain,Spain,H,https://www.fcratings.com/nations/spain-45,10,David Raya,https://www.fcratings.com/david-raya-220901,GK,Arsenal F.C.,https://www.fcratings.com/clubs/arsenal-fc-1,87,86,84,87,87,62,85,https://www.fcratings.com/nations/spain-45
Spain,Spain,Spain,H,https://www.fcratings.com/nations/spain-45,11,Claudia Pina,https://www.fcratings.com/claudia-pina-262531,LW,FC Barcelona Femení,https://www.fcratings.com/clubs/fc-barcelona-femeni-116325,86,79,86,83,87,45,71,https://www.fcratings.com/nations/spain-45
Spain,Spain,Spain,H,https://www.fcratings.com/nations/spain-45,12,Ona Batlle,https://www.fcratings.com/ona-batlle-253436,RB,FC Barcelona Femení,https://www.fcratings.com/clubs/fc-barcelona-femeni-116325,86,80,54,79,79,81,72,https://www.fcratings.com/nations/spain-45
Spain,Spain,Spain,H,https://www.fcratings.com/nations/spain-45,13,Joan García,https://www.fcratings.com/joan-garcia-259532,GK,FC Barcelona,https://www.fcratings.com/clubs/fc-barcelona-241,86,85,85,80,88,46,84,https://www.fcratings.com/nations/spain-45
Spain,Spain,Spain,H,https://www.fcratings.com/nations/spain-45,14,Nico Williams,https://www.fcratings.com/nico-williams-256516,LM,Athletic club,https://www.fcratings.com/clubs/athletic-club-448,85,93,77,79,86,37,67,https://www.fcratings.com/nations/spain-45
Spain,Spain,Spain,H,https://www.fcratings.com/nations/spain-45,15,Fabián Ruiz,https://www.fcratings.com/fabian-ruiz-226271,CM,Paris Saint-Germain FC,https://www.fcratings.com/clubs/paris-saint-germain-fc-73,85,61,77,80,81,75,72,https://www.fcratings.com/nations/spain-45
Spain,Spain,Spain,H,https://www.fcratings.com/nations/spain-45,16,Marcos Llorente,https://www.fcratings.com/marcos-llorente-226161,RB,Atlético Madrid,https://www.fcratings.com/clubs/atletico-madrid-240,85,91,79,80,82,79,83,https://www.fcratings.com/nations/spain-45
Spain,Spain,Spain,H,https://www.fcratings.com/nations/spain-45,17,Marc Cucurella,https://www.fcratings.com/marc-cucurella-239231,LB,Chelsea,https://www.fcratings.com/clubs/chelsea-5,85,77,64,79,80,83,79,https://www.fcratings.com/nations/spain-45
Spain,Spain,Spain,H,https://www.fcratings.com/nations/spain-45,18,Grimaldo,https://www.fcratings.com/grimaldo-210035,LM,Bayer 04 Leverkusen,https://www.fcratings.com/clubs/bayer-04-leverkusen-32,85,72,77,87,85,74,66,https://www.fcratings.com/nations/spain-45
Spain,Spain,Spain,H,https://www.fcratings.com/nations/spain-45,19,Zubimendi,https://www.fcratings.com/zubimendi-248148,CDM,Arsenal F.C.,https://www.fcratings.com/clubs/arsenal-fc-1,85,66,71,81,81,81,75,https://www.fcratings.com/nations/spain-45
Spain,Spain,Spain,H,https://www.fcratings.com/nations/spain-45,20,Carvajal,https://www.fcratings.com/carvajal-204963,RB,Real Madrid CF,https://www.fcratings.com/clubs/real-madrid-cf-243,84,77,58,79,80,81,78,https://www.fcratings.com/nations/spain-45
Spain,Spain,Spain,H,https://www.fcratings.com/nations/spain-45,21,Unai Simón,https://www.fcratings.com/unai-simon-230869,GK,Athletic club,https://www.fcratings.com/clubs/athletic-club-448,84,83,80,76,84,49,82,https://www.fcratings.com/nations/spain-45
Spain,Spain,Spain,H,https://www.fcratings.com/nations/spain-45,22,De Gea,https://www.fcratings.com/de-gea-193080,GK,ACF Fiorentina,https://www.fcratings.com/clubs/acf-fiorentina-110374,84,85,76,71,87,46,84,https://www.fcratings.com/nations/spain-45
Spain,Spain,Spain,H,https://www.fcratings.com/nations/spain-45,23,Iñigo Martínez,https://www.fcratings.com/inigo-martinez-204525,CB,Al-Nassr FC,https://www.fcratings.com/clubs/al-nassr-fc-112139,84,71,57,72,67,84,80,https://www.fcratings.com/nations/spain-45
Spain,Spain,Spain,H,https://www.fcratings.com/nations/spain-45,24,Dani Olmo,https://www.fcratings.com/dani-olmo-244260,CAM,FC Barcelona,https://www.fcratings.com/clubs/fc-barcelona-241,84,74,79,81,85,51,60,https://www.fcratings.com/nations/spain-45
Spain,Spain,Spain,H,https://www.fcratings.com/nations/spain-45,25,Olga Carmona,https://www.fcratings.com/olga-carmona-262457,LB,Paris Saint-Germain FC Women,https://www.fcratings.com/clubs/paris-saint-germain-fc-women-116034,84,88,74,78,80,79,74,https://www.fcratings.com/nations/spain-45
Spain,Spain,Spain,H,https://www.fcratings.com/nations/spain-45,26,Cata Coll,https://www.fcratings.com/cata-coll-268942,GK,FC Barcelona Femení,https://www.fcratings.com/clubs/fc-barcelona-femeni-116325,84,83,81,76,87,53,82,https://www.fcratings.com/nations/spain-45
Spain,Spain,Spain,H,https://www.fcratings.com/nations/spain-45,27,Salma Paralluelo,https://www.fcratings.com/salma-paralluelo-269404,LW,FC Barcelona Femení,https://www.fcratings.com/clubs/fc-barcelona-femeni-116325,84,92,84,78,83,46,77,https://www.fcratings.com/nations/spain-45
Spain,Spain,Spain,H,https://www.fcratings.com/nations/spain-45,28,Isco,https://www.fcratings.com/isco-197781,CAM,Real Betis,https://www.fcratings.com/clubs/real-betis-449,84,64,79,85,85,59,60,https://www.fcratings.com/nations/spain-45
Spain,Spain,Spain,H,https://www.fcratings.com/nations/spain-45,29,Esther,https://www.fcratings.com/esther-233244,ST,Gotham FC,https://www.fcratings.com/clubs/gotham-fc-116310,84,80,84,72,83,31,72,https://www.fcratings.com/nations/spain-45
Spain,Spain,Spain,H,https://www.fcratings.com/nations/spain-45,30,Alba Redondo,https://www.fcratings.com/alba-redondo-246774,ST,Real Madrid Femenino,https://www.fcratings.com/clubs/real-madrid-femenino-116326,84,84,85,70,84,26,64,https://www.fcratings.com/nations/spain-45
Spain,Spain,Spain,H,https://www.fcratings.com/nations/spain-45,31,Aleix García,https://www.fcratings.com/aleix-garcia-228813,CM,Bayer 04 Leverkusen,https://www.fcratings.com/clubs/bayer-04-leverkusen-32,84,65,75,85,84,75,68,https://www.fcratings.com/nations/spain-45
Spain,Spain,Spain,H,https://www.fcratings.com/nations/spain-45,32,Ferran Torres,https://www.fcratings.com/ferran-torres-241461,LW,FC Barcelona,https://www.fcratings.com/clubs/fc-barcelona-241,84,84,84,78,83,40,74,https://www.fcratings.com/nations/spain-45
Spain,Spain,Spain,H,https://www.fcratings.com/nations/spain-45,33,Mikel Merino,https://www.fcratings.com/mikel-merino-225193,CM,Arsenal F.C.,https://www.fcratings.com/clubs/arsenal-fc-1,83,53,79,80,80,81,80,https://www.fcratings.com/nations/spain-45
Spain,Spain,Spain,H,https://www.fcratings.com/nations/spain-45,34,Gavi,https://www.fcratings.com/gavi-264240,CM,FC Barcelona,https://www.fcratings.com/clubs/fc-barcelona-241,83,76,66,78,85,68,70,https://www.fcratings.com/nations/spain-45
Spain,Spain,Spain,H,https://www.fcratings.com/nations/spain-45,35,Balde,https://www.fcratings.com/balde-263578,LB,FC Barcelona,https://www.fcratings.com/clubs/fc-barcelona-241,83,90,50,75,80,78,68,https://www.fcratings.com/nations/spain-45
Spain,Spain,Spain,H,https://www.fcratings.com/nations/spain-45,36,Athenea,https://www.fcratings.com/athenea-259372,RW,Real Madrid Femenino,https://www.fcratings.com/clubs/real-madrid-femenino-116326,83,86,78,75,83,25,72,https://www.fcratings.com/nations/spain-45
Spain,Spain,Spain,H,https://www.fcratings.com/nations/spain-45,37,Pablo Barrios,https://www.fcratings.com/pablo-barrios-272449,CM,Atlético Madrid,https://www.fcratings.com/clubs/atletico-madrid-240,83,82,71,78,83,75,77,https://www.fcratings.com/nations/spain-45
Spain,Spain,Spain,H,https://www.fcratings.com/nations/spain-45,38,Oyarzabal,https://www.fcratings.com/oyarzabal-230142,ST,Real Sociedad,https://www.fcratings.com/clubs/real-sociedad-457,83,73,85,81,83,45,73,https://www.fcratings.com/nations/spain-45
Spain,Spain,Spain,H,https://www.fcratings.com/nations/spain-45,39,Pau Cubarsí,https://www.fcratings.com/pau-cubarsi-278046,CB,FC Barcelona,https://www.fcratings.com/clubs/fc-barcelona-241,83,75,44,67,78,84,77,https://www.fcratings.com/nations/spain-45
Spain,Spain,Spain,H,https://www.fcratings.com/nations/spain-45,40,Fermín,https://www.fcratings.com/fermin-277179,CAM,FC Barcelona,https://www.fcratings.com/clubs/fc-barcelona-241,83,79,82,79,83,63,70,https://www.fcratings.com/nations/spain-45
Spain,Spain,Spain,H,https://www.fcratings.com/nations/spain-45,41,Eric García,https://www.fcratings.com/eric-garcia-245037,CB,FC Barcelona,https://www.fcratings.com/clubs/fc-barcelona-241,83,79,58,75,76,85,81,https://www.fcratings.com/nations/spain-45
Spain,Spain,Spain,H,https://www.fcratings.com/nations/spain-45,42,Sancet,https://www.fcratings.com/sancet-244675,CAM,Athletic club,https://www.fcratings.com/clubs/athletic-club-448,82,76,80,80,84,69,81,https://www.fcratings.com/nations/spain-45
Spain,Spain,Spain,H,https://www.fcratings.com/nations/spain-45,43,Álex Baena,https://www.fcratings.com/alex-baena-257279,LM,Atlético Madrid,https://www.fcratings.com/clubs/atletico-madrid-240,82,79,76,83,81,66,68,https://www.fcratings.com/nations/spain-45
Spain,Spain,Spain,H,https://www.fcratings.com/nations/spain-45,44,Vivian,https://www.fcratings.com/vivian-248550,CB,Athletic club,https://www.fcratings.com/clubs/athletic-club-448,82,77,50,61,68,82,83,https://www.fcratings.com/nations/spain-45
Spain,Spain,Spain,H,https://www.fcratings.com/nations/spain-45,45,Álex Remiro,https://www.fcratings.com/alex-remiro-227127,GK,Real Sociedad,https://www.fcratings.com/clubs/real-sociedad-457,82,83,78,80,83,45,82,https://www.fcratings.com/nations/spain-45
Spain,Spain,Spain,H,https://www.fcratings.com/nations/spain-45,46,Iago Aspas,https://www.fcratings.com/iago-aspas-192629,RW,RC Celta de Vigo,https://www.fcratings.com/clubs/rc-celta-de-vigo-450,82,75,84,81,83,37,62,https://www.fcratings.com/nations/spain-45
Spain,Spain,Spain,H,https://www.fcratings.com/nations/spain-45,47,Pedro Porro,https://www.fcratings.com/pedro-porro-243576,RB,Tottenham Hotspur F.C.,https://www.fcratings.com/clubs/tottenham-hotspur-fc-18,82,78,73,81,80,77,76,https://www.fcratings.com/nations/spain-45
Spain,Spain,Spain,H,https://www.fcratings.com/nations/spain-45,48,Misa,https://www.fcratings.com/misa-258789,GK,Real Madrid Femenino,https://www.fcratings.com/clubs/real-madrid-femenino-116326,82,84,77,77,80,61,84,https://www.fcratings.com/nations/spain-45
Spain,Spain,Spain,H,https://www.fcratings.com/nations/spain-45,49,Leila Ouahabi,https://www.fcratings.com/leila-ouahabi-233150,LB,Manchester City W.F.C.,https://www.fcratings.com/clubs/manchester-city-wfc-116017,82,73,52,71,72,81,74,https://www.fcratings.com/nations/spain-45
Spain,Spain,Spain,H,https://www.fcratings.com/nations/spain-45,50,Maria Méndez,https://www.fcratings.com/maria-mendez-271944,CB,Real Madrid Femenino,https://www.fcratings.com/clubs/real-madrid-femenino-116326,82,74,53,69,66,82,77,https://www.fcratings.com/nations/spain-45
Uruguay,Uruguay,Uruguay,H,https://www.fcratings.com/nations/uruguay-60,1,Federico Valverde,https://www.fcratings.com/federico-valverde-239053,CM,Real Madrid CF,https://www.fcratings.com/clubs/real-madrid-cf-243,89,90,85,84,84,82,85,https://www.fcratings.com/nations/uruguay-60
Uruguay,Uruguay,Uruguay,H,https://www.fcratings.com/nations/uruguay-60,2,José María Giménez,https://www.fcratings.com/jose-maria-gimenez-216460,CB,Atlético Madrid,https://www.fcratings.com/clubs/atletico-madrid-240,83,71,46,60,62,84,81,https://www.fcratings.com/nations/uruguay-60
Uruguay,Uruguay,Uruguay,H,https://www.fcratings.com/nations/uruguay-60,3,Lucas Torreira,https://www.fcratings.com/lucas-torreira-223959,CDM,Galatasaray S.K.,https://www.fcratings.com/clubs/galatasaray-sk-325,82,74,72,78,78,79,76,https://www.fcratings.com/nations/uruguay-60
Uruguay,Uruguay,Uruguay,H,https://www.fcratings.com/nations/uruguay-60,4,Ronald Araujo,https://www.fcratings.com/ronald-araujo-253163,CB,FC Barcelona,https://www.fcratings.com/clubs/fc-barcelona-241,81,79,54,64,59,79,82,https://www.fcratings.com/nations/uruguay-60
Uruguay,Uruguay,Uruguay,H,https://www.fcratings.com/nations/uruguay-60,5,Mauro Arambarri,https://www.fcratings.com/mauro-arambarri-232665,CM,Getafe CF,https://www.fcratings.com/clubs/getafe-cf-1860,80,69,78,76,78,80,80,https://www.fcratings.com/nations/uruguay-60
Uruguay,Uruguay,Uruguay,H,https://www.fcratings.com/nations/uruguay-60,6,Rodrigo Bentancur,https://www.fcratings.com/rodrigo-bentancur-227535,CDM,Tottenham Hotspur F.C.,https://www.fcratings.com/clubs/tottenham-hotspur-fc-18,80,64,68,78,77,78,72,https://www.fcratings.com/nations/uruguay-60
Uruguay,Uruguay,Uruguay,H,https://www.fcratings.com/nations/uruguay-60,7,Rodrigo Zalazar,https://www.fcratings.com/rodrigo-zalazar-251377,CAM,S.C. Braga,https://www.fcratings.com/clubs/sc-braga-1896,80,80,83,79,80,66,75,https://www.fcratings.com/nations/uruguay-60
Uruguay,Uruguay,Uruguay,H,https://www.fcratings.com/nations/uruguay-60,8,Sebastián Coates,https://www.fcratings.com/sebastian-coates-197655,CB,,,79,60,49,54,61,81,84,https://www.fcratings.com/nations/uruguay-60
Uruguay,Uruguay,Uruguay,H,https://www.fcratings.com/nations/uruguay-60,9,Darwin Núñez,https://www.fcratings.com/darwin-nunez-253072,ST,Al Hilal SFC,https://www.fcratings.com/clubs/al-hilal-sfc-605,78,88,77,72,74,49,82,https://www.fcratings.com/nations/uruguay-60
Uruguay,Uruguay,Uruguay,H,https://www.fcratings.com/nations/uruguay-60,10,Manuel Ugarte,https://www.fcratings.com/manuel-ugarte-253306,CDM,Manchester United F.C.,https://www.fcratings.com/clubs/manchester-united-fc-11,78,62,65,71,73,76,75,https://www.fcratings.com/nations/uruguay-60
Uruguay,Uruguay,Uruguay,H,https://www.fcratings.com/nations/uruguay-60,11,Fernando Muslera,https://www.fcratings.com/fernando-muslera-182494,GK,Estudiantes de La Plata,https://www.fcratings.com/clubs/estudiantes-de-la-plata-101083,78,79,74,69,79,43,80,https://www.fcratings.com/nations/uruguay-60
Uruguay,Uruguay,Uruguay,H,https://www.fcratings.com/nations/uruguay-60,12,Luis Suárez,https://www.fcratings.com/luis-suarez-176580,ST,Inter Miami CF,https://www.fcratings.com/clubs/inter-miami-cf-112893,78,51,81,74,76,41,75,https://www.fcratings.com/nations/uruguay-60
Uruguay,Uruguay,Uruguay,H,https://www.fcratings.com/nations/uruguay-60,13,Leonardo Fernández,https://www.fcratings.com/leonardo-fernandez-252935,CAM,,,78,77,80,79,76,40,60,https://www.fcratings.com/nations/uruguay-60
Uruguay,Uruguay,Uruguay,H,https://www.fcratings.com/nations/uruguay-60,14,Maximiliano Araújo,https://www.fcratings.com/maximiliano-araujo-254817,LM,Sporting CP,https://www.fcratings.com/clubs/sporting-cp-237,78,85,65,72,79,71,73,https://www.fcratings.com/nations/uruguay-60
Uruguay,Uruguay,Uruguay,H,https://www.fcratings.com/nations/uruguay-60,15,Santiago Mouriño,https://www.fcratings.com/santiago-mourino-276493,CB,Villarreal CF,https://www.fcratings.com/clubs/villarreal-cf-483,78,80,41,65,73,79,82,https://www.fcratings.com/nations/uruguay-60
Uruguay,Uruguay,Uruguay,H,https://www.fcratings.com/nations/uruguay-60,16,Mathías Olivera,https://www.fcratings.com/mathias-olivera-240716,LB,SSC Napoli,https://www.fcratings.com/clubs/ssc-napoli-48,77,70,51,69,71,77,73,https://www.fcratings.com/nations/uruguay-60
Uruguay,Uruguay,Uruguay,H,https://www.fcratings.com/nations/uruguay-60,17,Nahitan Nández,https://www.fcratings.com/nahitan-nandez-230965,CM,Al Qadsiah FC,https://www.fcratings.com/clubs/al-qadsiah-fc-112391,77,81,65,74,78,74,83,https://www.fcratings.com/nations/uruguay-60
Uruguay,Uruguay,Uruguay,H,https://www.fcratings.com/nations/uruguay-60,18,Matías Vecino,https://www.fcratings.com/matias-vecino-219985,CM,RC Celta de Vigo,https://www.fcratings.com/clubs/rc-celta-de-vigo-450,76,53,73,74,76,77,74,https://www.fcratings.com/nations/uruguay-60
Uruguay,Uruguay,Uruguay,H,https://www.fcratings.com/nations/uruguay-60,19,Jonathan Rodríguez,https://www.fcratings.com/jonathan-rodriguez-223816,LM,Portland Timbers,https://www.fcratings.com/clubs/portland-timbers-111140,76,85,76,67,77,38,75,https://www.fcratings.com/nations/uruguay-60
Uruguay,Uruguay,Uruguay,H,https://www.fcratings.com/nations/uruguay-60,20,Miguel Ángel Merentiel,https://www.fcratings.com/miguel-angel-merentiel-240663,ST,Boca Juniors,https://www.fcratings.com/clubs/boca-juniors-1877,76,77,75,61,74,38,76,https://www.fcratings.com/nations/uruguay-60
Uruguay,Uruguay,Uruguay,H,https://www.fcratings.com/nations/uruguay-60,21,Santiago Bueno,https://www.fcratings.com/santiago-bueno-237658,CB,Wolverhampton Wanderers F.C.,https://www.fcratings.com/clubs/wolverhampton-wanderers-fc-110,76,50,31,56,56,77,77,https://www.fcratings.com/nations/uruguay-60
Uruguay,Uruguay,Uruguay,H,https://www.fcratings.com/nations/uruguay-60,22,Tiago Palacios,https://www.fcratings.com/tiago-palacios-261015,RM,Estudiantes de La Plata,https://www.fcratings.com/clubs/estudiantes-de-la-plata-101083,76,77,71,73,79,47,56,https://www.fcratings.com/nations/uruguay-60
Uruguay,Uruguay,Uruguay,H,https://www.fcratings.com/nations/uruguay-60,23,Cristhian Stuani,https://www.fcratings.com/cristhian-stuani-186537,ST,Girona FC,https://www.fcratings.com/clubs/girona-fc-110062,75,60,77,69,70,49,76,https://www.fcratings.com/nations/uruguay-60
Uruguay,Uruguay,Uruguay,H,https://www.fcratings.com/nations/uruguay-60,24,Nicolas López,https://www.fcratings.com/nicolas-lopez-207715,ST,,,75,70,81,75,79,25,55,https://www.fcratings.com/nations/uruguay-60
Uruguay,Uruguay,Uruguay,H,https://www.fcratings.com/nations/uruguay-60,25,Gastón Martirena,https://www.fcratings.com/gaston-martirena-255878,RB,Racing Club de Avellaneda,https://www.fcratings.com/clubs/racing-club-de-avellaneda-101085,75,88,73,71,72,70,65,https://www.fcratings.com/nations/uruguay-60
Uruguay,Uruguay,Uruguay,H,https://www.fcratings.com/nations/uruguay-60,26,Gabriel Neves,https://www.fcratings.com/gabriel-neves-253287,CDM,Estudiantes de La Plata,https://www.fcratings.com/clubs/estudiantes-de-la-plata-101083,75,70,64,73,73,73,69,https://www.fcratings.com/nations/uruguay-60
Uruguay,Uruguay,Uruguay,H,https://www.fcratings.com/nations/uruguay-60,27,Sebastián Rodríguez,https://www.fcratings.com/sebastian-rodriguez-205119,CM,,,75,63,67,75,73,68,68,https://www.fcratings.com/nations/uruguay-60
Uruguay,Uruguay,Uruguay,H,https://www.fcratings.com/nations/uruguay-60,28,Franco Israel,https://www.fcratings.com/franco-israel-270141,GK,Turin,https://www.fcratings.com/clubs/turin-54,75,79,71,71,80,31,74,https://www.fcratings.com/nations/uruguay-60
Uruguay,Uruguay,Uruguay,H,https://www.fcratings.com/nations/uruguay-60,29,Diego Rossi,https://www.fcratings.com/diego-rossi-241907,CAM,Columbus Crew,https://www.fcratings.com/clubs/columbus-crew-687,75,85,73,70,76,34,56,https://www.fcratings.com/nations/uruguay-60
Uruguay,Uruguay,Uruguay,H,https://www.fcratings.com/nations/uruguay-60,30,Gastón Álvarez,https://www.fcratings.com/gaston-alvarez-266797,CB,Al Qadsiah FC,https://www.fcratings.com/clubs/al-qadsiah-fc-112391,75,76,27,59,65,76,77,https://www.fcratings.com/nations/uruguay-60
Uruguay,Uruguay,Uruguay,H,https://www.fcratings.com/nations/uruguay-60,31,Leandro Cabrera,https://www.fcratings.com/leandro-cabrera-192816,CB,RCD Espanyol,https://www.fcratings.com/clubs/rcd-espanyol-452,75,49,45,58,54,76,79,https://www.fcratings.com/nations/uruguay-60
Uruguay,Uruguay,Uruguay,H,https://www.fcratings.com/nations/uruguay-60,32,Leandro Lozano,https://www.fcratings.com/leandro-lozano-266844,RB,Argentinos Juniors,https://www.fcratings.com/clubs/argentinos-juniors-111019,75,84,58,70,69,70,75,https://www.fcratings.com/nations/uruguay-60
Uruguay,Uruguay,Uruguay,H,https://www.fcratings.com/nations/uruguay-60,33,Martín Satriano,https://www.fcratings.com/martin-satriano-264325,ST,Getafe CF,https://www.fcratings.com/clubs/getafe-cf-1860,75,74,75,62,73,45,76,https://www.fcratings.com/nations/uruguay-60
Uruguay,Uruguay,Uruguay,H,https://www.fcratings.com/nations/uruguay-60,34,Federico Viñas,https://www.fcratings.com/federico-vinas-253385,ST,Real Oviedo,https://www.fcratings.com/clubs/real-oviedo-110827,75,77,72,64,75,47,83,https://www.fcratings.com/nations/uruguay-60
Uruguay,Uruguay,Uruguay,H,https://www.fcratings.com/nations/uruguay-60,35,Martín Campaña,https://www.fcratings.com/martin-campana-225647,GK,,,74,71,72,72,74,45,74,https://www.fcratings.com/nations/uruguay-60
Uruguay,Uruguay,Uruguay,H,https://www.fcratings.com/nations/uruguay-60,36,Luciano Boggio,https://www.fcratings.com/luciano-boggio-265766,CM,,,74,75,67,75,73,64,73,https://www.fcratings.com/nations/uruguay-60
Uruguay,Uruguay,Uruguay,H,https://www.fcratings.com/nations/uruguay-60,37,Facundo Mallo,https://www.fcratings.com/facundo-mallo-248207,CB,Rosario Central,https://www.fcratings.com/clubs/rosario-central-110580,74,61,31,44,48,74,80,https://www.fcratings.com/nations/uruguay-60
Uruguay,Uruguay,Uruguay,H,https://www.fcratings.com/nations/uruguay-60,38,Martín Cauteruccio,https://www.fcratings.com/martin-cauteruccio-215292,ST,,,73,64,76,63,69,38,69,https://www.fcratings.com/nations/uruguay-60
Uruguay,Uruguay,Uruguay,H,https://www.fcratings.com/nations/uruguay-60,39,Gastón Olveira,https://www.fcratings.com/gaston-olveira-254601,GK,,,73,71,76,64,74,19,69,https://www.fcratings.com/nations/uruguay-60
Uruguay,Uruguay,Uruguay,H,https://www.fcratings.com/nations/uruguay-60,40,Gastón Brugman,https://www.fcratings.com/gaston-brugman-205726,CM,Delfino Pescara 1936,https://www.fcratings.com/clubs/delfino-pescara-1936-200,73,70,68,73,73,69,70,https://www.fcratings.com/nations/uruguay-60
Uruguay,Uruguay,Uruguay,H,https://www.fcratings.com/nations/uruguay-60,41,Esperanza Pizarro,https://www.fcratings.com/esperanza-pizarro-275587,CM,Deportivo de La Coruña,https://www.fcratings.com/clubs/deportivo-de-la-coruna-131720,73,69,74,74,72,60,69,https://www.fcratings.com/nations/uruguay-60
Uruguay,Uruguay,Uruguay,H,https://www.fcratings.com/nations/uruguay-60,42,Felipe Carballo,https://www.fcratings.com/felipe-carballo-241004,CM,Portland Timbers,https://www.fcratings.com/clubs/portland-timbers-111140,73,69,68,70,72,66,72,https://www.fcratings.com/nations/uruguay-60
Uruguay,Uruguay,Uruguay,H,https://www.fcratings.com/nations/uruguay-60,43,Ignacio De Arruabarrena,https://www.fcratings.com/ignacio-de-arruabarrena-259872,GK,F.C. Arouca,https://www.fcratings.com/clubs/fc-arouca-112513,73,71,72,72,74,37,73,https://www.fcratings.com/nations/uruguay-60
Uruguay,Uruguay,Uruguay,H,https://www.fcratings.com/nations/uruguay-60,44,Carlos Protesoni,https://www.fcratings.com/carlos-protesoni-244948,CDM,Deportivo Alavés,https://www.fcratings.com/clubs/deportivo-alaves-463,73,65,49,66,69,72,71,https://www.fcratings.com/nations/uruguay-60
Uruguay,Uruguay,Uruguay,H,https://www.fcratings.com/nations/uruguay-60,45,Facundo Pellistri,https://www.fcratings.com/facundo-pellistri-253283,RM,Panathinaikos F.C.,https://www.fcratings.com/clubs/panathinaikos-fc-1884,73,82,64,66,75,38,63,https://www.fcratings.com/nations/uruguay-60
Uruguay,Uruguay,Uruguay,H,https://www.fcratings.com/nations/uruguay-60,46,Camilo Cándido,https://www.fcratings.com/camilo-candido-242335,LB,,,73,86,58,69,69,67,55,https://www.fcratings.com/nations/uruguay-60
Uruguay,Uruguay,Uruguay,H,https://www.fcratings.com/nations/uruguay-60,47,Maximiliano Olivera,https://www.fcratings.com/maximiliano-olivera-236382,LB,,,73,61,58,70,64,72,72,https://www.fcratings.com/nations/uruguay-60
Uruguay,Uruguay,Uruguay,H,https://www.fcratings.com/nations/uruguay-60,48,Thiago Cardozo,https://www.fcratings.com/thiago-cardozo-253271,GK,Club Atlético Belgrano,https://www.fcratings.com/clubs/club-atletico-belgrano-111022,73,72,69,70,73,42,72,https://www.fcratings.com/nations/uruguay-60
Uruguay,Uruguay,Uruguay,H,https://www.fcratings.com/nations/uruguay-60,49,Matías Arezo,https://www.fcratings.com/matias-arezo-254653,ST,,,73,67,75,62,72,44,65,https://www.fcratings.com/nations/uruguay-60
Uruguay,Uruguay,Uruguay,H,https://www.fcratings.com/nations/uruguay-60,50,Alfonso Espino,https://www.fcratings.com/alfonso-espino-247131,LB,Rayo Vallecano,https://www.fcratings.com/clubs/rayo-vallecano-480,72,78,64,66,68,68,80,https://www.fcratings.com/nations/uruguay-60
France,France,France,I,https://www.fcratings.com/nations/france-18,1,Kylian Mbappé,https://www.fcratings.com/kylian-mbappe-231747,ST,Real Madrid CF,https://www.fcratings.com/clubs/real-madrid-cf-243,91,96,91,81,92,37,76,https://www.fcratings.com/nations/france-18
France,France,France,I,https://www.fcratings.com/nations/france-18,2,Ousmane Dembélé,https://www.fcratings.com/ousmane-dembele-231443,ST,Paris Saint-Germain FC,https://www.fcratings.com/clubs/paris-saint-germain-fc-73,90,91,88,83,93,50,69,https://www.fcratings.com/nations/france-18
France,France,France,I,https://www.fcratings.com/nations/france-18,3,Michael Olise,https://www.fcratings.com/michael-olise-247827,RM,FC Bayern Munich,https://www.fcratings.com/clubs/fc-bayern-munich-21,89,78,82,86,90,50,69,https://www.fcratings.com/nations/france-18
France,France,France,I,https://www.fcratings.com/nations/france-18,4,Marie Katoto,https://www.fcratings.com/marie-katoto-246272,ST,OL Lyonnes,https://www.fcratings.com/clubs/ol-lyonnes-116033,88,85,87,77,84,39,74,https://www.fcratings.com/nations/france-18
France,France,France,I,https://www.fcratings.com/nations/france-18,5,Kadidiatou Diani,https://www.fcratings.com/kadidiatou-diani-227361,RW,OL Lyonnes,https://www.fcratings.com/clubs/ol-lyonnes-116033,88,92,85,81,88,56,79,https://www.fcratings.com/nations/france-18
France,France,France,I,https://www.fcratings.com/nations/france-18,6,William Saliba,https://www.fcratings.com/william-saliba-243715,CB,Arsenal F.C.,https://www.fcratings.com/clubs/arsenal-fc-1,88,77,39,68,73,88,83,https://www.fcratings.com/nations/france-18
France,France,France,I,https://www.fcratings.com/nations/france-18,7,Sakina Karchaoui,https://www.fcratings.com/sakina-karchaoui-233662,CM,Paris Saint-Germain FC Women,https://www.fcratings.com/clubs/paris-saint-germain-fc-women-116034,87,89,76,87,88,77,69,https://www.fcratings.com/nations/france-18
France,France,France,I,https://www.fcratings.com/nations/france-18,8,Mike Maignan,https://www.fcratings.com/mike-maignan-215698,GK,Inter Milan,https://www.fcratings.com/clubs/inter-milan-131681,87,84,84,85,88,64,84,https://www.fcratings.com/nations/france-18
France,France,France,I,https://www.fcratings.com/nations/france-18,9,Jules Koundé,https://www.fcratings.com/jules-kounde-241486,RB,FC Barcelona,https://www.fcratings.com/clubs/fc-barcelona-241,86,84,53,74,78,83,83,https://www.fcratings.com/nations/france-18
France,France,France,I,https://www.fcratings.com/nations/france-18,10,Grace Geyoro,https://www.fcratings.com/grace-geyoro-237197,CM,London City Lionesses,https://www.fcratings.com/clubs/london-city-lionesses-132176,86,89,73,82,83,82,80,https://www.fcratings.com/nations/france-18
France,France,France,I,https://www.fcratings.com/nations/france-18,11,Désiré Doué,https://www.fcratings.com/desire-doue-271421,RW,Paris Saint-Germain FC,https://www.fcratings.com/clubs/paris-saint-germain-fc-73,86,83,81,79,90,55,78,https://www.fcratings.com/nations/france-18
France,France,France,I,https://www.fcratings.com/nations/france-18,12,Dayot Upamecano,https://www.fcratings.com/dayot-upamecano-229558,CB,FC Bayern Munich,https://www.fcratings.com/clubs/fc-bayern-munich-21,86,77,45,64,75,85,84,https://www.fcratings.com/nations/france-18
France,France,France,I,https://www.fcratings.com/nations/france-18,13,Selma Bacha,https://www.fcratings.com/selma-bacha-265674,LB,OL Lyonnes,https://www.fcratings.com/clubs/ol-lyonnes-116033,85,88,73,85,82,78,80,https://www.fcratings.com/nations/france-18
France,France,France,I,https://www.fcratings.com/nations/france-18,14,Sandy Baltimore,https://www.fcratings.com/sandy-baltimore-261733,LM,Chelsea F.C. Women,https://www.fcratings.com/clubs/chelsea-fc-women-116010,85,87,74,84,86,72,69,https://www.fcratings.com/nations/france-18
France,France,France,I,https://www.fcratings.com/nations/france-18,15,Clara Mateo,https://www.fcratings.com/clara-mateo-245697,ST,Paris FC Women,https://www.fcratings.com/clubs/paris-fc-women-116035,85,87,86,80,84,56,75,https://www.fcratings.com/nations/france-18
France,France,France,I,https://www.fcratings.com/nations/france-18,16,Marcus Thuram,https://www.fcratings.com/marcus-thuram-228093,ST,Brescia Calcio,https://www.fcratings.com/clubs/brescia-calcio-131682,85,87,83,75,81,50,81,https://www.fcratings.com/nations/france-18
France,France,France,I,https://www.fcratings.com/nations/france-18,17,Karim Benzema,https://www.fcratings.com/karim-benzema-165153,ST,Al Hilal SFC,https://www.fcratings.com/clubs/al-hilal-sfc-605,85,75,84,81,83,38,77,https://www.fcratings.com/nations/france-18
France,France,France,I,https://www.fcratings.com/nations/france-18,18,Delphine Cascarino,https://www.fcratings.com/delphine-cascarino-232202,RM,San Diego FC,https://www.fcratings.com/clubs/san-diego-fc-116312,85,93,75,79,88,38,61,https://www.fcratings.com/nations/france-18
France,France,France,I,https://www.fcratings.com/nations/france-18,19,Wendie Renard,https://www.fcratings.com/wendie-renard-227316,CB,OL Lyonnes,https://www.fcratings.com/clubs/ol-lyonnes-116033,85,48,62,70,69,87,83,https://www.fcratings.com/nations/france-18
France,France,France,I,https://www.fcratings.com/nations/france-18,20,Adrien Rabiot,https://www.fcratings.com/adrien-rabiot-210008,CAM,Inter Milan,https://www.fcratings.com/clubs/inter-milan-131681,85,81,79,81,82,78,85,https://www.fcratings.com/nations/france-18
France,France,France,I,https://www.fcratings.com/nations/france-18,21,Hugo Ekitiké,https://www.fcratings.com/hugo-ekitike-257289,ST,Liverpool,https://www.fcratings.com/clubs/liverpool-9,85,86,82,69,85,33,75,https://www.fcratings.com/nations/france-18
France,France,France,I,https://www.fcratings.com/nations/france-18,22,Ibrahima Konaté,https://www.fcratings.com/ibrahima-konate-237678,CB,Liverpool,https://www.fcratings.com/clubs/liverpool-9,84,77,34,63,69,84,85,https://www.fcratings.com/nations/france-18
France,France,France,I,https://www.fcratings.com/nations/france-18,23,Antoine Griezmann,https://www.fcratings.com/antoine-griezmann-194765,ST,Atlético Madrid,https://www.fcratings.com/clubs/atletico-madrid-240,84,75,85,85,87,59,72,https://www.fcratings.com/nations/france-18
France,France,France,I,https://www.fcratings.com/nations/france-18,24,N'Golo Kanté,https://www.fcratings.com/ngolo-kante-215914,CDM,Fenerbahçe S.K.,https://www.fcratings.com/clubs/fenerbahce-sk-326,84,74,65,73,80,83,79,https://www.fcratings.com/nations/france-18
France,France,France,I,https://www.fcratings.com/nations/france-18,25,Theo Hernández,https://www.fcratings.com/theo-hernandez-232656,LB,Al Hilal SFC,https://www.fcratings.com/clubs/al-hilal-sfc-605,84,90,77,78,83,79,83,https://www.fcratings.com/nations/france-18
France,France,France,I,https://www.fcratings.com/nations/france-18,26,Aurélien Tchouaméni,https://www.fcratings.com/aurelien-tchouameni-241637,CDM,Real Madrid CF,https://www.fcratings.com/clubs/real-madrid-cf-243,84,74,70,79,78,83,82,https://www.fcratings.com/nations/france-18
France,France,France,I,https://www.fcratings.com/nations/france-18,27,Bradley Barcola,https://www.fcratings.com/bradley-barcola-264652,LW,Paris Saint-Germain FC,https://www.fcratings.com/clubs/paris-saint-germain-fc-73,84,92,77,78,84,39,66,https://www.fcratings.com/nations/france-18
France,France,France,I,https://www.fcratings.com/nations/france-18,28,Boubacar Kamara,https://www.fcratings.com/boubacar-kamara-236987,CDM,Aston Villa F.C.,https://www.fcratings.com/clubs/aston-villa-fc-2,84,64,55,77,79,83,80,https://www.fcratings.com/nations/france-18
France,France,France,I,https://www.fcratings.com/nations/france-18,29,Rayan Cherki,https://www.fcratings.com/rayan-cherki-251570,RW,Manchester City F.C.,https://www.fcratings.com/clubs/manchester-city-fc-10,84,75,79,83,89,40,65,https://www.fcratings.com/nations/france-18
France,France,France,I,https://www.fcratings.com/nations/france-18,30,Moussa Diaby,https://www.fcratings.com/moussa-diaby-241852,RM,Al-Ittihad Club,https://www.fcratings.com/clubs/al-ittihad-club-607,83,95,72,78,85,44,54,https://www.fcratings.com/nations/france-18
France,France,France,I,https://www.fcratings.com/nations/france-18,31,Kenza Dali,https://www.fcratings.com/kenza-dali-227353,CM,San Diego FC,https://www.fcratings.com/clubs/san-diego-fc-116312,83,73,79,82,85,68,73,https://www.fcratings.com/nations/france-18
France,France,France,I,https://www.fcratings.com/nations/france-18,32,Pauline Peyraud-Magnin,https://www.fcratings.com/pauline-peyraud-magnin-246178,GK,Juventus FC Women,https://www.fcratings.com/clubs/juventus-fc-women-116280,83,80,80,82,84,47,83,https://www.fcratings.com/nations/france-18
France,France,France,I,https://www.fcratings.com/nations/france-18,33,Griedge Mbock,https://www.fcratings.com/griedge-mbock-227346,CB,Paris Saint-Germain FC Women,https://www.fcratings.com/clubs/paris-saint-germain-fc-women-116034,83,64,55,66,66,84,83,https://www.fcratings.com/nations/france-18
France,France,France,I,https://www.fcratings.com/nations/france-18,34,Warren Zaïre-Emery,https://www.fcratings.com/warren-zaire-emery-270673,CM,Paris Saint-Germain FC,https://www.fcratings.com/clubs/paris-saint-germain-fc-73,83,80,69,78,81,79,87,https://www.fcratings.com/nations/france-18
France,France,France,I,https://www.fcratings.com/nations/france-18,35,Lucas Chevalier,https://www.fcratings.com/lucas-chevalier-251752,GK,Paris Saint-Germain FC,https://www.fcratings.com/clubs/paris-saint-germain-fc-73,82,84,78,73,86,50,79,https://www.fcratings.com/nations/france-18
France,France,France,I,https://www.fcratings.com/nations/france-18,36,Kingsley Coman,https://www.fcratings.com/kingsley-coman-213345,LM,Al-Nassr FC,https://www.fcratings.com/clubs/al-nassr-fc-112139,82,87,74,78,87,30,61,https://www.fcratings.com/nations/france-18
France,France,France,I,https://www.fcratings.com/nations/france-18,37,Mattéo Guendouzi,https://www.fcratings.com/matteo-guendouzi-236496,CDM,Fenerbahçe S.K.,https://www.fcratings.com/clubs/fenerbahce-sk-326,82,72,73,79,81,77,79,https://www.fcratings.com/nations/france-18
France,France,France,I,https://www.fcratings.com/nations/france-18,38,Constance Picaud,https://www.fcratings.com/constance-picaud-264895,GK,FC Fleury 91 Women,https://www.fcratings.com/clubs/fc-fleury-91-women-116036,82,82,79,76,85,47,82,https://www.fcratings.com/nations/france-18
France,France,France,I,https://www.fcratings.com/nations/france-18,39,Viviane Asseyi,https://www.fcratings.com/viviane-asseyi-227348,LM,West Ham United F.C. Women,https://www.fcratings.com/clubs/west-ham-united-fc-women-116014,82,88,82,77,81,50,71,https://www.fcratings.com/nations/france-18
France,France,France,I,https://www.fcratings.com/nations/france-18,40,Ouleymata Sarr,https://www.fcratings.com/ouleymata-sarr-241545,ST,Washington Spirit,https://www.fcratings.com/clubs/washington-spirit-116304,82,87,77,77,83,45,78,https://www.fcratings.com/nations/france-18
France,France,France,I,https://www.fcratings.com/nations/france-18,41,Melvine Malard,https://www.fcratings.com/melvine-malard-258706,LM,Manchester United W.F.C.,https://www.fcratings.com/clubs/manchester-united-wfc-116012,82,81,81,79,84,41,67,https://www.fcratings.com/nations/france-18
France,France,France,I,https://www.fcratings.com/nations/france-18,42,Jean-Philippe Mateta,https://www.fcratings.com/jean-philippe-mateta-236461,ST,Crystal Palace F.C.,https://www.fcratings.com/clubs/crystal-palace-fc-1799,82,75,83,70,77,41,82,https://www.fcratings.com/nations/france-18
France,France,France,I,https://www.fcratings.com/nations/france-18,43,Kessya Bussy,https://www.fcratings.com/kessya-bussy-264864,LW,VfL Wolfsburg Women,https://www.fcratings.com/clubs/vfl-wolfsburg-women-115998,82,84,79,76,85,43,58,https://www.fcratings.com/nations/france-18
France,France,France,I,https://www.fcratings.com/nations/france-18,44,Maëlle Lakrar,https://www.fcratings.com/maelle-lakrar-265849,CB,Real Madrid Femenino,https://www.fcratings.com/clubs/real-madrid-femenino-116326,82,74,46,67,70,83,77,https://www.fcratings.com/nations/france-18
France,France,France,I,https://www.fcratings.com/nations/france-18,45,Corentin Tolisso,https://www.fcratings.com/corentin-tolisso-219683,CM,Olympique Lyonnais,https://www.fcratings.com/clubs/olympique-lyonnais-66,82,69,79,80,76,78,82,https://www.fcratings.com/nations/france-18
France,France,France,I,https://www.fcratings.com/nations/france-18,46,Benjamin Pavard,https://www.fcratings.com/benjamin-pavard-226851,CB,Olympique de Marseille,https://www.fcratings.com/clubs/olympique-de-marseille-219,81,77,66,75,74,83,78,https://www.fcratings.com/nations/france-18
France,France,France,I,https://www.fcratings.com/nations/france-18,47,Eduardo Camavinga,https://www.fcratings.com/eduardo-camavinga-248243,CM,Real Madrid CF,https://www.fcratings.com/clubs/real-madrid-cf-243,81,80,67,80,82,78,80,https://www.fcratings.com/nations/france-18
France,France,France,I,https://www.fcratings.com/nations/france-18,48,Khéphren Thuram,https://www.fcratings.com/khephren-thuram-247246,CM,Juventus FC,https://www.fcratings.com/clubs/juventus-fc-45,81,79,76,77,80,81,83,https://www.fcratings.com/nations/france-18
France,France,France,I,https://www.fcratings.com/nations/france-18,49,Sandie Toletti,https://www.fcratings.com/sandie-toletti-227344,CM,Real Madrid Femenino,https://www.fcratings.com/clubs/real-madrid-femenino-116326,81,78,76,83,80,71,76,https://www.fcratings.com/nations/france-18
France,France,France,I,https://www.fcratings.com/nations/france-18,50,Ferland Mendy,https://www.fcratings.com/ferland-mendy-228618,LB,Real Madrid CF,https://www.fcratings.com/clubs/real-madrid-cf-243,81,83,62,74,75,78,82,https://www.fcratings.com/nations/france-18
Iraq,Iraq,Iraq,I,https://www.fcratings.com/nations/iraq-162,1,Ali Adnan,https://www.fcratings.com/ali-adnan-223198,LB,Al Shabab Club,https://www.fcratings.com/clubs/al-shabab-club-115892,72,74,66,68,70,69,80,https://www.fcratings.com/nations/iraq-162
Iraq,Iraq,Iraq,I,https://www.fcratings.com/nations/iraq-162,2,Merchas Doski,https://www.fcratings.com/merchas-doski-76603,LB,FC Viktoria Plzeň,https://www.fcratings.com/clubs/fc-viktoria-plzen-110468,69,75,54,65,72,63,63,https://www.fcratings.com/nations/iraq-162
Iraq,Iraq,Iraq,I,https://www.fcratings.com/nations/iraq-162,3,Kevin Yakob,https://www.fcratings.com/kevin-yakob-243539,CM,Aarhus Gymnastikforening,https://www.fcratings.com/clubs/aarhus-gymnastikforening-271,69,68,64,68,69,62,66,https://www.fcratings.com/nations/iraq-162
Iraq,Iraq,Iraq,I,https://www.fcratings.com/nations/iraq-162,4,Montader Madjed,https://www.fcratings.com/montader-madjed-264749,RM,Hammarby Fotboll,https://www.fcratings.com/clubs/hammarby-fotboll-708,69,77,66,65,73,25,55,https://www.fcratings.com/nations/iraq-162
Iraq,Iraq,Iraq,I,https://www.fcratings.com/nations/iraq-162,5,Ibrahim Bayesh,https://www.fcratings.com/ibrahim-bayesh-74514,LM,Al-Riyadh SC,https://www.fcratings.com/clubs/al-riyadh-sc-113037,68,79,67,60,69,58,75,https://www.fcratings.com/nations/iraq-162
Iraq,Iraq,Iraq,I,https://www.fcratings.com/nations/iraq-162,6,Mohanad Jeahze,https://www.fcratings.com/mohanad-jeahze-235166,LB,Sarpsborg 08 FF,https://www.fcratings.com/clubs/sarpsborg-08-ff-112199,68,80,53,65,68,60,69,https://www.fcratings.com/nations/iraq-162
Iraq,Iraq,Iraq,I,https://www.fcratings.com/nations/iraq-162,7,Zidane Iqbal,https://www.fcratings.com/zidane-iqbal-265788,CDM,,,67,64,60,64,72,63,61,https://www.fcratings.com/nations/iraq-162
Iraq,Iraq,Iraq,I,https://www.fcratings.com/nations/iraq-162,8,Aimar Sher,https://www.fcratings.com/aimar-sher-253010,CDM,Sarpsborg 08 FF,https://www.fcratings.com/clubs/sarpsborg-08-ff-112199,67,62,47,61,69,62,66,https://www.fcratings.com/nations/iraq-162
Iraq,Iraq,Iraq,I,https://www.fcratings.com/nations/iraq-162,9,Marko Farji,https://www.fcratings.com/marko-farji-276252,LW,Venezia FC,https://www.fcratings.com/clubs/venezia-fc-205,67,81,60,60,67,31,66,https://www.fcratings.com/nations/iraq-162
Iraq,Iraq,Iraq,I,https://www.fcratings.com/nations/iraq-162,10,Amir Al-Ammari,https://www.fcratings.com/amir-al-ammari-261298,CM,KS Cracovia,https://www.fcratings.com/clubs/ks-cracovia-110747,66,68,58,66,64,61,71,https://www.fcratings.com/nations/iraq-162
Iraq,Iraq,Iraq,I,https://www.fcratings.com/nations/iraq-162,11,Ali Al Hamadi,https://www.fcratings.com/ali-al-hamadi-263376,ST,Luton Town F.C.,https://www.fcratings.com/clubs/luton-town-fc-1923,65,79,63,47,64,18,73,https://www.fcratings.com/nations/iraq-162
Iraq,Iraq,Iraq,I,https://www.fcratings.com/nations/iraq-162,12,Danilo Al Saed,https://www.fcratings.com/danilo-al-saed-272967,LM,BK Häcken,https://www.fcratings.com/clubs/bk-hacken-711,65,81,60,55,67,26,55,https://www.fcratings.com/nations/iraq-162
Iraq,Iraq,Iraq,I,https://www.fcratings.com/nations/iraq-162,13,Ali Jasim,https://www.fcratings.com/ali-jasim-74705,LM,Al Shabab Club,https://www.fcratings.com/clubs/al-shabab-club-115892,62,67,62,57,63,22,59,https://www.fcratings.com/nations/iraq-162
Iraq,Iraq,Iraq,I,https://www.fcratings.com/nations/iraq-162,14,Mohamed Al-Taay,https://www.fcratings.com/mohamed-al-taay-260176,CDM,,,61,73,51,54,61,57,66,https://www.fcratings.com/nations/iraq-162
Iraq,Iraq,Iraq,I,https://www.fcratings.com/nations/iraq-162,15,Amin Al-Hamawi,https://www.fcratings.com/amin-al-hamawi-270471,ST,Randers FC,https://www.fcratings.com/clubs/randers-fc-1786,60,67,58,47,61,24,58,https://www.fcratings.com/nations/iraq-162
Norway,Norway,Norway,I,https://www.fcratings.com/nations/norway-36,1,Erling Haaland,https://www.fcratings.com/erling-haaland-239085,ST,Manchester City F.C.,https://www.fcratings.com/clubs/manchester-city-fc-10,91,88,92,71,80,47,88,https://www.fcratings.com/nations/norway-36
Norway,Norway,Norway,I,https://www.fcratings.com/nations/norway-36,2,Caroline Graham Hansen,https://www.fcratings.com/caroline-graham-hansen-227102,RW,FC Barcelona Femení,https://www.fcratings.com/clubs/fc-barcelona-femeni-116325,90,89,87,88,90,47,76,https://www.fcratings.com/nations/norway-36
Norway,Norway,Norway,I,https://www.fcratings.com/nations/norway-36,3,Guro Reiten,https://www.fcratings.com/guro-reiten-227323,LM,Chelsea F.C. Women,https://www.fcratings.com/clubs/chelsea-fc-women-116010,88,88,82,85,87,60,69,https://www.fcratings.com/nations/norway-36
Norway,Norway,Norway,I,https://www.fcratings.com/nations/norway-36,4,Ada Hegerberg,https://www.fcratings.com/ada-hegerberg-227310,ST,OL Lyonnes,https://www.fcratings.com/clubs/ol-lyonnes-116033,87,72,86,76,85,39,79,https://www.fcratings.com/nations/norway-36
Norway,Norway,Norway,I,https://www.fcratings.com/nations/norway-36,5,Martin Ødegaard,https://www.fcratings.com/martin-odegaard-222665,CM,Arsenal F.C.,https://www.fcratings.com/clubs/arsenal-fc-1,86,68,78,88,87,67,64,https://www.fcratings.com/nations/norway-36
Norway,Norway,Norway,I,https://www.fcratings.com/nations/norway-36,6,Frida Maanum,https://www.fcratings.com/frida-maanum-239761,CAM,Arsenal W.F.C.,https://www.fcratings.com/clubs/arsenal-wfc-116009,84,72,82,83,83,72,67,https://www.fcratings.com/nations/norway-36
Norway,Norway,Norway,I,https://www.fcratings.com/nations/norway-36,7,Ingrid Syrstad Engen,https://www.fcratings.com/ingrid-syrstad-engen-242896,CB,OL Lyonnes,https://www.fcratings.com/clubs/ol-lyonnes-116033,84,72,61,80,74,85,80,https://www.fcratings.com/nations/norway-36
Norway,Norway,Norway,I,https://www.fcratings.com/nations/norway-36,8,Alexander Sørloth,https://www.fcratings.com/alexander-sorloth-216549,ST,Atlético Madrid,https://www.fcratings.com/clubs/atletico-madrid-240,83,77,82,71,74,37,84,https://www.fcratings.com/nations/norway-36
Norway,Norway,Norway,I,https://www.fcratings.com/nations/norway-36,9,Emilie Haavi,https://www.fcratings.com/emilie-haavi-227101,LW,AS Roma Women,https://www.fcratings.com/clubs/as-roma-women-116282,82,88,77,79,85,64,71,https://www.fcratings.com/nations/norway-36
Norway,Norway,Norway,I,https://www.fcratings.com/nations/norway-36,10,Elisabeth Terland,https://www.fcratings.com/elisabeth-terland-266254,ST,Manchester United W.F.C.,https://www.fcratings.com/clubs/manchester-united-wfc-116012,81,79,80,73,79,36,71,https://www.fcratings.com/nations/norway-36
Norway,Norway,Norway,I,https://www.fcratings.com/nations/norway-36,11,Fredrik Aursnes,https://www.fcratings.com/fredrik-aursnes-231913,CM,S.L. Benfica,https://www.fcratings.com/clubs/sl-benfica-234,80,74,71,78,80,77,82,https://www.fcratings.com/nations/norway-36
Norway,Norway,Norway,I,https://www.fcratings.com/nations/norway-36,12,Julian Ryerson,https://www.fcratings.com/julian-ryerson-229891,RB,Borussia Dortmund,https://www.fcratings.com/clubs/borussia-dortmund-22,80,74,63,72,76,77,82,https://www.fcratings.com/nations/norway-36
Norway,Norway,Norway,I,https://www.fcratings.com/nations/norway-36,13,Vilde Bøe Risa,https://www.fcratings.com/vilde-boe-risa-265280,CM,Atlético Madrid Femenino,https://www.fcratings.com/clubs/atletico-madrid-femenino-116327,79,64,71,77,79,63,75,https://www.fcratings.com/nations/norway-36
Norway,Norway,Norway,I,https://www.fcratings.com/nations/norway-36,14,Sander Berge,https://www.fcratings.com/sander-berge-228092,CDM,Fulham,https://www.fcratings.com/clubs/fulham-144,79,60,64,75,71,75,84,https://www.fcratings.com/nations/norway-36
Norway,Norway,Norway,I,https://www.fcratings.com/nations/norway-36,15,Celin Bizet,https://www.fcratings.com/celin-bizet-264896,RM,Manchester United W.F.C.,https://www.fcratings.com/clubs/manchester-united-wfc-116012,79,84,72,75,79,37,67,https://www.fcratings.com/nations/norway-36
Norway,Norway,Norway,I,https://www.fcratings.com/nations/norway-36,16,Patrick Berg,https://www.fcratings.com/patrick-berg-222227,CDM,FK Bodø/Glimt,https://www.fcratings.com/clubs/fk-bodo-glimt-918,79,73,69,77,72,74,80,https://www.fcratings.com/nations/norway-36
Norway,Norway,Norway,I,https://www.fcratings.com/nations/norway-36,17,Antonio Nusa,https://www.fcratings.com/antonio-nusa-262863,LM,RB Leipzig,https://www.fcratings.com/clubs/rb-leipzig-112172,78,89,73,70,84,42,63,https://www.fcratings.com/nations/norway-36
Norway,Norway,Norway,I,https://www.fcratings.com/nations/norway-36,18,Jørgen Strand Larsen,https://www.fcratings.com/jorgen-strand-larsen-238756,ST,Crystal Palace F.C.,https://www.fcratings.com/clubs/crystal-palace-fc-1799,77,75,78,62,70,32,81,https://www.fcratings.com/nations/norway-36
Norway,Norway,Norway,I,https://www.fcratings.com/nations/norway-36,19,Synne Jensen,https://www.fcratings.com/synne-jensen-227369,RW,Atlético Madrid Femenino,https://www.fcratings.com/clubs/atletico-madrid-femenino-116327,77,78,80,73,78,30,73,https://www.fcratings.com/nations/norway-36
Norway,Norway,Norway,I,https://www.fcratings.com/nations/norway-36,20,Zlatko Tripić,https://www.fcratings.com/zlatko-tripic-205214,RW,Viking FK,https://www.fcratings.com/clubs/viking-fk-300,77,84,77,74,75,57,82,https://www.fcratings.com/nations/norway-36
Norway,Norway,Norway,I,https://www.fcratings.com/nations/norway-36,21,Andreas Schjelderup,https://www.fcratings.com/andreas-schjelderup-260952,LW,S.L. Benfica,https://www.fcratings.com/clubs/sl-benfica-234,77,80,70,72,81,42,57,https://www.fcratings.com/nations/norway-36
Norway,Norway,Norway,I,https://www.fcratings.com/nations/norway-36,22,Sophie Román Haug,https://www.fcratings.com/sophie-roman-haug-266975,ST,Liverpool F.C. Women,https://www.fcratings.com/clubs/liverpool-fc-women-116343,76,74,75,64,72,40,69,https://www.fcratings.com/nations/norway-36
Norway,Norway,Norway,I,https://www.fcratings.com/nations/norway-36,23,Tuva Hansen,https://www.fcratings.com/tuva-hansen-239756,CB,FC Bayern Munich Women,https://www.fcratings.com/clubs/fc-bayern-munich-women-115995,76,63,48,68,66,79,68,https://www.fcratings.com/nations/norway-36
Norway,Norway,Norway,I,https://www.fcratings.com/nations/norway-36,24,Kristian Thorstvedt,https://www.fcratings.com/kristian-thorstvedt-242725,CM,US Sassuolo Calcio,https://www.fcratings.com/clubs/us-sassuolo-calcio-111974,76,62,72,74,73,68,83,https://www.fcratings.com/nations/norway-36
Norway,Norway,Norway,I,https://www.fcratings.com/nations/norway-36,25,Aron Dønnum,https://www.fcratings.com/aron-donnum-237936,RM,Toulouse FC,https://www.fcratings.com/clubs/toulouse-fc-1809,76,82,68,72,77,52,75,https://www.fcratings.com/nations/norway-36
Norway,Norway,Norway,I,https://www.fcratings.com/nations/norway-36,26,Kristoffer Ajer,https://www.fcratings.com/kristoffer-ajer-224258,RB,Brentford F.C.,https://www.fcratings.com/clubs/brentford-fc-1925,76,68,56,65,68,74,81,https://www.fcratings.com/nations/norway-36
Norway,Norway,Norway,I,https://www.fcratings.com/nations/norway-36,27,Jens Petter Hauge,https://www.fcratings.com/jens-petter-hauge-233848,LW,FK Bodø/Glimt,https://www.fcratings.com/clubs/fk-bodo-glimt-918,76,82,72,71,77,45,64,https://www.fcratings.com/nations/norway-36
Norway,Norway,Norway,I,https://www.fcratings.com/nations/norway-36,28,Oscar Bobb,https://www.fcratings.com/oscar-bobb-277295,RW,Fulham,https://www.fcratings.com/clubs/fulham-144,76,81,66,73,80,35,43,https://www.fcratings.com/nations/norway-36
Norway,Norway,Norway,I,https://www.fcratings.com/nations/norway-36,29,Mohamed Elyounoussi,https://www.fcratings.com/mohamed-elyounoussi-203362,RM,F.C. Copenhagen,https://www.fcratings.com/clubs/fc-copenhagen-819,75,75,75,70,77,60,73,https://www.fcratings.com/nations/norway-36
Norway,Norway,Norway,I,https://www.fcratings.com/nations/norway-36,30,Andrea Norheim,https://www.fcratings.com/andrea-norheim-79726,CB,RB Leipzig Women,https://www.fcratings.com/clubs/rb-leipzig-women-116021,75,60,44,61,60,76,75,https://www.fcratings.com/nations/norway-36
Norway,Norway,Norway,I,https://www.fcratings.com/nations/norway-36,31,Fredrik Bjørkan,https://www.fcratings.com/fredrik-bjorkan-233800,LB,FK Bodø/Glimt,https://www.fcratings.com/clubs/fk-bodo-glimt-918,75,81,53,66,73,69,75,https://www.fcratings.com/nations/norway-36
Norway,Norway,Norway,I,https://www.fcratings.com/nations/norway-36,32,Håkon Evjen,https://www.fcratings.com/hakon-evjen-242162,CAM,FK Bodø/Glimt,https://www.fcratings.com/clubs/fk-bodo-glimt-918,75,87,65,71,77,63,65,https://www.fcratings.com/nations/norway-36
Norway,Norway,Norway,I,https://www.fcratings.com/nations/norway-36,33,Leo Østigård,https://www.fcratings.com/leo-ostigard-238516,CB,Genoa CFC,https://www.fcratings.com/clubs/genoa-cfc-110556,75,60,37,51,62,74,80,https://www.fcratings.com/nations/norway-36
Norway,Norway,Norway,I,https://www.fcratings.com/nations/norway-36,34,Ørjan Nyland,https://www.fcratings.com/orjan-nyland-185427,GK,Sevilla FC,https://www.fcratings.com/clubs/sevilla-fc-481,74,73,73,75,74,45,73,https://www.fcratings.com/nations/norway-36
Norway,Norway,Norway,I,https://www.fcratings.com/nations/norway-36,35,Andreas Hanche-Olsen,https://www.fcratings.com/andreas-hanche-olsen-228518,CB,1. FSV Mainz 05,https://www.fcratings.com/clubs/1-fsv-mainz-05-169,74,70,38,56,63,74,78,https://www.fcratings.com/nations/norway-36
Norway,Norway,Norway,I,https://www.fcratings.com/nations/norway-36,36,Felix Horn Myhre,https://www.fcratings.com/felix-horn-myhre-237937,CM,SK Brann,https://www.fcratings.com/clubs/sk-brann-919,74,72,67,72,74,69,71,https://www.fcratings.com/nations/norway-36
Norway,Norway,Norway,I,https://www.fcratings.com/nations/norway-36,37,Justine Kielland,https://www.fcratings.com/justine-kielland-73027,CM,VfL Wolfsburg Women,https://www.fcratings.com/clubs/vfl-wolfsburg-women-115998,74,70,71,70,71,69,69,https://www.fcratings.com/nations/norway-36
Norway,Norway,Norway,I,https://www.fcratings.com/nations/norway-36,38,Kamilla Melgård,https://www.fcratings.com/kamilla-melgard-73850,ST,Madrid CFF,https://www.fcratings.com/clubs/madrid-cff-116334,74,82,75,69,75,41,70,https://www.fcratings.com/nations/norway-36
Norway,Norway,Norway,I,https://www.fcratings.com/nations/norway-36,39,Joshua King,https://www.fcratings.com/joshua-king-185422,ST,Al-Khaleej FC,https://www.fcratings.com/clubs/al-khaleej-fc-112883,74,76,74,70,75,38,74,https://www.fcratings.com/nations/norway-36
Norway,Norway,Norway,I,https://www.fcratings.com/nations/norway-36,40,Emilie Nautnes,https://www.fcratings.com/emilie-nautnes-247530,ST,Madrid CFF,https://www.fcratings.com/clubs/madrid-cff-116334,74,79,74,58,74,23,58,https://www.fcratings.com/nations/norway-36
Norway,Norway,Norway,I,https://www.fcratings.com/nations/norway-36,41,Torbjørn L. Heggem,https://www.fcratings.com/torbjorn-l-heggem-248342,CB,Bologna FC 1909,https://www.fcratings.com/clubs/bologna-fc-1909-189,74,73,46,62,66,73,79,https://www.fcratings.com/nations/norway-36
Norway,Norway,Norway,I,https://www.fcratings.com/nations/norway-36,42,Jonas Svensson,https://www.fcratings.com/jonas-svensson-198657,RB,Rosenborg BK,https://www.fcratings.com/clubs/rosenborg-bk-298,73,73,59,67,70,70,78,https://www.fcratings.com/nations/norway-36
Norway,Norway,Norway,I,https://www.fcratings.com/nations/norway-36,43,David Møller Wolfe,https://www.fcratings.com/david-moller-wolfe-262135,LB,Wolverhampton Wanderers F.C.,https://www.fcratings.com/clubs/wolverhampton-wanderers-fc-110,73,78,53,66,69,67,76,https://www.fcratings.com/nations/norway-36
Norway,Norway,Norway,I,https://www.fcratings.com/nations/norway-36,44,Marit Bratberg Lund,https://www.fcratings.com/marit-bratberg-lund-273280,LB,S.L. Benfica Women,https://www.fcratings.com/clubs/sl-benfica-women-131358,73,66,67,70,64,71,65,https://www.fcratings.com/nations/norway-36
Norway,Norway,Norway,I,https://www.fcratings.com/nations/norway-36,45,Aurora Mikalsen,https://www.fcratings.com/aurora-mikalsen-244890,GK,1. FC Köln Women,https://www.fcratings.com/clubs/1-fc-koln-women-116003,73,73,70,68,74,37,72,https://www.fcratings.com/nations/norway-36
Norway,Norway,Norway,I,https://www.fcratings.com/nations/norway-36,46,Lisa Fjeldstad Naalsund,https://www.fcratings.com/lisa-fjeldstad-naalsund-268475,CDM,Manchester United W.F.C.,https://www.fcratings.com/clubs/manchester-united-wfc-116012,73,53,59,66,71,68,69,https://www.fcratings.com/nations/norway-36
Norway,Norway,Norway,I,https://www.fcratings.com/nations/norway-36,47,Marthine Østenstad,https://www.fcratings.com/marthine-ostenstad-273274,CB,Eintracht Frankfurt Women,https://www.fcratings.com/clubs/eintracht-frankfurt-women-115997,73,66,40,55,50,75,71,https://www.fcratings.com/nations/norway-36
Norway,Norway,Norway,I,https://www.fcratings.com/nations/norway-36,48,Marcus Pedersen,https://www.fcratings.com/marcus-pedersen-243481,RB,Turin,https://www.fcratings.com/clubs/turin-54,73,89,49,69,73,65,66,https://www.fcratings.com/nations/norway-36
Norway,Norway,Norway,I,https://www.fcratings.com/nations/norway-36,49,Tobias Lauritsen,https://www.fcratings.com/tobias-lauritsen-230737,ST,,,73,47,74,55,62,43,79,https://www.fcratings.com/nations/norway-36
Norway,Norway,Norway,I,https://www.fcratings.com/nations/norway-36,50,Mathias Rasmussen,https://www.fcratings.com/mathias-rasmussen-225266,CM,FC St. Pauli,https://www.fcratings.com/clubs/fc-st-pauli-110329,73,73,68,72,77,64,68,https://www.fcratings.com/nations/norway-36
Senegal,Senegal,Senegal,I,https://www.fcratings.com/nations/senegal-136,1,Sadio Mané,https://www.fcratings.com/sadio-mane-208722,LM,Al-Nassr FC,https://www.fcratings.com/clubs/al-nassr-fc-112139,83,82,81,78,85,44,75,https://www.fcratings.com/nations/senegal-136
Senegal,Senegal,Senegal,I,https://www.fcratings.com/nations/senegal-136,2,Kalidou Koulibaly,https://www.fcratings.com/kalidou-koulibaly-201024,CB,Al Hilal SFC,https://www.fcratings.com/clubs/al-hilal-sfc-605,82,74,48,62,65,82,84,https://www.fcratings.com/nations/senegal-136
Senegal,Senegal,Senegal,I,https://www.fcratings.com/nations/senegal-136,3,Iliman Ndiaye,https://www.fcratings.com/iliman-ndiaye-261188,LM,Everton F.C.,https://www.fcratings.com/clubs/everton-fc-7,82,86,77,73,86,44,65,https://www.fcratings.com/nations/senegal-136
Senegal,Senegal,Senegal,I,https://www.fcratings.com/nations/senegal-136,4,Édouard Mendy,https://www.fcratings.com/edouard-mendy-234642,GK,Al-Ahli Saudi FC,https://www.fcratings.com/clubs/al-ahli-saudi-fc-112387,81,83,77,77,81,34,80,https://www.fcratings.com/nations/senegal-136
Senegal,Senegal,Senegal,I,https://www.fcratings.com/nations/senegal-136,5,Ismaïla Sarr,https://www.fcratings.com/ismaila-sarr-235353,CAM,Crystal Palace F.C.,https://www.fcratings.com/clubs/crystal-palace-fc-1799,81,91,79,77,79,38,69,https://www.fcratings.com/nations/senegal-136
Senegal,Senegal,Senegal,I,https://www.fcratings.com/nations/senegal-136,6,Pape Matar Sarr,https://www.fcratings.com/pape-matar-sarr-259868,CM,Tottenham Hotspur F.C.,https://www.fcratings.com/clubs/tottenham-hotspur-fc-18,80,68,66,77,80,78,76,https://www.fcratings.com/nations/senegal-136
Senegal,Senegal,Senegal,I,https://www.fcratings.com/nations/senegal-136,7,Pape Gueye,https://www.fcratings.com/pape-gueye-241707,CM,Villarreal CF,https://www.fcratings.com/clubs/villarreal-cf-483,80,72,73,75,78,78,82,https://www.fcratings.com/nations/senegal-136
Senegal,Senegal,Senegal,I,https://www.fcratings.com/nations/senegal-136,8,Moussa Niakhaté,https://www.fcratings.com/moussa-niakhate-225859,CB,Olympique Lyonnais,https://www.fcratings.com/clubs/olympique-lyonnais-66,80,69,49,65,64,81,81,https://www.fcratings.com/nations/senegal-136
Senegal,Senegal,Senegal,I,https://www.fcratings.com/nations/senegal-136,9,Nicolas Jackson,https://www.fcratings.com/nicolas-jackson-259197,ST,FC Bayern Munich,https://www.fcratings.com/clubs/fc-bayern-munich-21,79,82,77,69,79,40,78,https://www.fcratings.com/nations/senegal-136
Senegal,Senegal,Senegal,I,https://www.fcratings.com/nations/senegal-136,10,Idrissa Gueye,https://www.fcratings.com/idrissa-gueye-193474,CDM,Everton F.C.,https://www.fcratings.com/clubs/everton-fc-7,79,60,59,72,73,80,70,https://www.fcratings.com/nations/senegal-136
Senegal,Senegal,Senegal,I,https://www.fcratings.com/nations/senegal-136,11,Lamine Camara,https://www.fcratings.com/lamine-camara-275138,CM,AS Monaco FC,https://www.fcratings.com/clubs/as-monaco-fc-69,79,79,69,80,79,71,72,https://www.fcratings.com/nations/senegal-136
Senegal,Senegal,Senegal,I,https://www.fcratings.com/nations/senegal-136,12,Boulaye Dia,https://www.fcratings.com/boulaye-dia-246242,ST,SS Lazio (Latium),https://www.fcratings.com/clubs/ss-lazio-latium-115841,78,84,79,66,78,43,72,https://www.fcratings.com/nations/senegal-136
Senegal,Senegal,Senegal,I,https://www.fcratings.com/nations/senegal-136,13,El Hadji Malick Diouf,https://www.fcratings.com/el-hadji-malick-diouf-274915,LB,West Ham United F.C.,https://www.fcratings.com/clubs/west-ham-united-fc-19,78,82,67,73,75,74,77,https://www.fcratings.com/nations/senegal-136
Senegal,Senegal,Senegal,I,https://www.fcratings.com/nations/senegal-136,14,Yehvann Diouf,https://www.fcratings.com/yehvann-diouf-235633,GK,OGC Nice,https://www.fcratings.com/clubs/ogc-nice-72,77,77,76,76,78,50,75,https://www.fcratings.com/nations/senegal-136
Senegal,Senegal,Senegal,I,https://www.fcratings.com/nations/senegal-136,15,Habib Diarra,https://www.fcratings.com/habib-diarra-264293,CM,Sunderland A.F.C.,https://www.fcratings.com/clubs/sunderland-afc-106,77,70,69,71,77,71,71,https://www.fcratings.com/nations/senegal-136
Senegal,Senegal,Senegal,I,https://www.fcratings.com/nations/senegal-136,16,Pathé Ciss,https://www.fcratings.com/pathe-ciss-250858,CDM,Rayo Vallecano,https://www.fcratings.com/clubs/rayo-vallecano-480,77,63,57,64,65,76,83,https://www.fcratings.com/nations/senegal-136
Senegal,Senegal,Senegal,I,https://www.fcratings.com/nations/senegal-136,17,Assane Diao,https://www.fcratings.com/assane-diao-275324,LM,Como 1907,https://www.fcratings.com/clubs/como-1907-1745,76,90,74,67,77,36,62,https://www.fcratings.com/nations/senegal-136
Senegal,Senegal,Senegal,I,https://www.fcratings.com/nations/senegal-136,18,Ismail Jakobs,https://www.fcratings.com/ismail-jakobs-252293,LB,Galatasaray S.K.,https://www.fcratings.com/clubs/galatasaray-sk-325,75,90,60,65,74,70,67,https://www.fcratings.com/nations/senegal-136
Senegal,Senegal,Senegal,I,https://www.fcratings.com/nations/senegal-136,19,Mame Thiam,https://www.fcratings.com/mame-thiam-217007,ST,Eyüpspor,https://www.fcratings.com/clubs/eyupspor-131174,75,74,74,66,73,27,72,https://www.fcratings.com/nations/senegal-136
Senegal,Senegal,Senegal,I,https://www.fcratings.com/nations/senegal-136,20,Ousseynou Niang,https://www.fcratings.com/ousseynou-niang-74963,LM,Gerald Ford,https://www.fcratings.com/clubs/gerald-ford-2014,75,84,70,68,77,61,70,https://www.fcratings.com/nations/senegal-136
Senegal,Senegal,Senegal,I,https://www.fcratings.com/nations/senegal-136,21,Abdoulaye Ndiaye,https://www.fcratings.com/abdoulaye-ndiaye-259150,CB,Parma Calcio 1913,https://www.fcratings.com/clubs/parma-calcio-1913-50,74,67,31,51,51,74,75,https://www.fcratings.com/nations/senegal-136
Senegal,Senegal,Senegal,I,https://www.fcratings.com/nations/senegal-136,22,Badou Ndiaye,https://www.fcratings.com/badou-ndiaye-221000,CDM,Gaziantep F.K.,https://www.fcratings.com/clubs/gaziantep-fk-110776,74,81,68,69,74,71,76,https://www.fcratings.com/nations/senegal-136
Senegal,Senegal,Senegal,I,https://www.fcratings.com/nations/senegal-136,23,Krépin Diatta,https://www.fcratings.com/krepin-diatta-238227,RM,AS Monaco FC,https://www.fcratings.com/clubs/as-monaco-fc-69,74,88,69,67,76,61,67,https://www.fcratings.com/nations/senegal-136
Senegal,Senegal,Senegal,I,https://www.fcratings.com/nations/senegal-136,24,Arouna Sangante,https://www.fcratings.com/arouna-sangante-262237,CB,Le Havre AC,https://www.fcratings.com/clubs/le-havre-ac-1738,74,55,34,60,59,74,77,https://www.fcratings.com/nations/senegal-136
Senegal,Senegal,Senegal,I,https://www.fcratings.com/nations/senegal-136,25,Bamba Dieng,https://www.fcratings.com/bamba-dieng-261084,ST,FC Lorient,https://www.fcratings.com/clubs/fc-lorient-217,74,80,74,61,70,33,62,https://www.fcratings.com/nations/senegal-136
Senegal,Senegal,Senegal,I,https://www.fcratings.com/nations/senegal-136,26,Abdallah Sima,https://www.fcratings.com/abdallah-sima-259816,LM,RC Lens,https://www.fcratings.com/clubs/rc-lens-64,73,87,74,66,71,41,72,https://www.fcratings.com/nations/senegal-136
Senegal,Senegal,Senegal,I,https://www.fcratings.com/nations/senegal-136,27,Dion Lopy,https://www.fcratings.com/dion-lopy-259190,CDM,UD Almería,https://www.fcratings.com/clubs/ud-almeria-1861,73,76,62,69,74,69,78,https://www.fcratings.com/nations/senegal-136
Senegal,Senegal,Senegal,I,https://www.fcratings.com/nations/senegal-136,28,Adama Boiro,https://www.fcratings.com/adama-boiro-70344,LB,Athletic club,https://www.fcratings.com/clubs/athletic-club-448,73,78,59,66,70,70,74,https://www.fcratings.com/nations/senegal-136
Senegal,Senegal,Senegal,I,https://www.fcratings.com/nations/senegal-136,29,Mamadou Fall,https://www.fcratings.com/mamadou-fall-233897,RM,Kasımpaşa S.K.,https://www.fcratings.com/clubs/kasimpasa-sk-111339,73,88,71,66,71,40,74,https://www.fcratings.com/nations/senegal-136
Senegal,Senegal,Senegal,I,https://www.fcratings.com/nations/senegal-136,30,Moussa N'Diaye,https://www.fcratings.com/moussa-ndiaye-271563,LB,FC Schalke 04,https://www.fcratings.com/clubs/fc-schalke-04-34,73,78,27,63,73,69,69,https://www.fcratings.com/nations/senegal-136
Senegal,Senegal,Senegal,I,https://www.fcratings.com/nations/senegal-136,31,Issa Soumaré,https://www.fcratings.com/issa-soumare-253121,LM,Le Havre AC,https://www.fcratings.com/clubs/le-havre-ac-1738,73,83,66,65,75,28,59,https://www.fcratings.com/nations/senegal-136
Senegal,Senegal,Senegal,I,https://www.fcratings.com/nations/senegal-136,32,Moustapha Mbow,https://www.fcratings.com/moustapha-mbow-247248,CB,Paris FC,https://www.fcratings.com/clubs/paris-fc-111817,73,70,36,52,60,73,77,https://www.fcratings.com/nations/senegal-136
Senegal,Senegal,Senegal,I,https://www.fcratings.com/nations/senegal-136,33,Ousmane Diao,https://www.fcratings.com/ousmane-diao-73645,CB,FC Midtjylland,https://www.fcratings.com/clubs/fc-midtjylland-1516,72,74,58,60,65,69,81,https://www.fcratings.com/nations/senegal-136
Senegal,Senegal,Senegal,I,https://www.fcratings.com/nations/senegal-136,34,Cheikh Sabaly,https://www.fcratings.com/cheikh-sabaly-244694,ST,Vancouver Whitecaps FC,https://www.fcratings.com/clubs/vancouver-whitecaps-fc-101112,72,86,72,66,77,27,52,https://www.fcratings.com/nations/senegal-136
Senegal,Senegal,Senegal,I,https://www.fcratings.com/nations/senegal-136,35,Habib Diallo,https://www.fcratings.com/habib-diallo-225293,ST,FC Metz,https://www.fcratings.com/clubs/fc-metz-68,72,71,72,59,68,22,75,https://www.fcratings.com/nations/senegal-136
Senegal,Senegal,Senegal,I,https://www.fcratings.com/nations/senegal-136,36,Sambou Soumano,https://www.fcratings.com/sambou-soumano-257978,ST,FC Lorient,https://www.fcratings.com/clubs/fc-lorient-217,72,70,74,56,73,28,56,https://www.fcratings.com/nations/senegal-136
Senegal,Senegal,Senegal,I,https://www.fcratings.com/nations/senegal-136,37,Demba Thiam,https://www.fcratings.com/demba-thiam-237127,GK,AC Monza,https://www.fcratings.com/clubs/ac-monza-111811,72,74,69,70,76,62,69,https://www.fcratings.com/nations/senegal-136
Senegal,Senegal,Senegal,I,https://www.fcratings.com/nations/senegal-136,38,Mory Diaw,https://www.fcratings.com/mory-diaw-220820,GK,Le Havre AC,https://www.fcratings.com/clubs/le-havre-ac-1738,72,72,70,71,73,43,71,https://www.fcratings.com/nations/senegal-136
Senegal,Senegal,Senegal,I,https://www.fcratings.com/nations/senegal-136,39,Antoine Mendy,https://www.fcratings.com/antoine-mendy-272515,CB,OGC Nice,https://www.fcratings.com/clubs/ogc-nice-72,72,67,41,56,64,72,73,https://www.fcratings.com/nations/senegal-136
Senegal,Senegal,Senegal,I,https://www.fcratings.com/nations/senegal-136,40,Ousseynou Ba,https://www.fcratings.com/ousseynou-ba-240064,CB,İstanbul Başakşehir F.K.,https://www.fcratings.com/clubs/istanbul-basaksehir-fk-101014,71,67,31,48,54,70,79,https://www.fcratings.com/nations/senegal-136
Senegal,Senegal,Senegal,I,https://www.fcratings.com/nations/senegal-136,41,Cheikh Niasse,https://www.fcratings.com/cheikh-niasse-248661,CDM,Hellas Verona FC,https://www.fcratings.com/clubs/hellas-verona-fc-206,71,61,44,61,67,70,71,https://www.fcratings.com/nations/senegal-136
Senegal,Senegal,Senegal,I,https://www.fcratings.com/nations/senegal-136,42,Rassoul Ndiaye,https://www.fcratings.com/rassoul-ndiaye-251926,CM,Le Havre AC,https://www.fcratings.com/clubs/le-havre-ac-1738,71,69,57,65,71,67,71,https://www.fcratings.com/nations/senegal-136
Senegal,Senegal,Senegal,I,https://www.fcratings.com/nations/senegal-136,43,Keita Baldé,https://www.fcratings.com/keita-balde-215785,ST,AC Monza,https://www.fcratings.com/clubs/ac-monza-111811,71,80,69,68,73,30,68,https://www.fcratings.com/nations/senegal-136
Senegal,Senegal,Senegal,I,https://www.fcratings.com/nations/senegal-136,44,Amath Ndiaye,https://www.fcratings.com/amath-ndiaye-233631,LM,Real Valladolid,https://www.fcratings.com/clubs/real-valladolid-462,70,77,69,65,73,49,62,https://www.fcratings.com/nations/senegal-136
Senegal,Senegal,Senegal,I,https://www.fcratings.com/nations/senegal-136,45,Mamadou Sylla,https://www.fcratings.com/mamadou-sylla-224967,ST,Al-Riyadh SC,https://www.fcratings.com/clubs/al-riyadh-sc-113037,70,77,69,62,69,37,75,https://www.fcratings.com/nations/senegal-136
Senegal,Senegal,Senegal,I,https://www.fcratings.com/nations/senegal-136,46,Formose Mendy,https://www.fcratings.com/formose-mendy-259215,CB,Watford F.C.,https://www.fcratings.com/clubs/watford-fc-1795,70,73,37,56,60,68,75,https://www.fcratings.com/nations/senegal-136
Senegal,Senegal,Senegal,I,https://www.fcratings.com/nations/senegal-136,47,Bingourou Kamara,https://www.fcratings.com/bingourou-kamara-224442,GK,FC Lorient,https://www.fcratings.com/clubs/fc-lorient-217,70,70,69,65,69,39,69,https://www.fcratings.com/nations/senegal-136
Senegal,Senegal,Senegal,I,https://www.fcratings.com/nations/senegal-136,48,Seny Dieng,https://www.fcratings.com/seny-dieng-239358,GK,Middlesbrough F.C.,https://www.fcratings.com/clubs/middlesbrough-fc-12,70,70,67,69,74,40,66,https://www.fcratings.com/nations/senegal-136
Senegal,Senegal,Senegal,I,https://www.fcratings.com/nations/senegal-136,49,Sadibou Sané,https://www.fcratings.com/sadibou-sane-278065,CB,FC Metz,https://www.fcratings.com/clubs/fc-metz-68,70,66,39,50,50,71,73,https://www.fcratings.com/nations/senegal-136
Senegal,Senegal,Senegal,I,https://www.fcratings.com/nations/senegal-136,50,Donatien Gomis,https://www.fcratings.com/donatien-gomis-271050,CB,En Avant Guingamp,https://www.fcratings.com/clubs/en-avant-guingamp-62,70,70,29,47,44,71,77,https://www.fcratings.com/nations/senegal-136
Algeria,Algeria,Algeria,J,https://www.fcratings.com/nations/algeria-97,1,Riyad Mahrez,https://www.fcratings.com/riyad-mahrez-204485,RM,Al-Ahli Saudi FC,https://www.fcratings.com/clubs/al-ahli-saudi-fc-112387,84,76,80,81,87,39,63,https://www.fcratings.com/nations/algeria-97
Algeria,Algeria,Algeria,J,https://www.fcratings.com/nations/algeria-97,2,Rayan Aït-Nouri,https://www.fcratings.com/rayan-ait-nouri-242641,LB,Manchester City F.C.,https://www.fcratings.com/clubs/manchester-city-fc-10,81,84,53,76,84,77,70,https://www.fcratings.com/nations/algeria-97
Algeria,Algeria,Algeria,J,https://www.fcratings.com/nations/algeria-97,3,Ismaël Bennacer,https://www.fcratings.com/ismael-bennacer-226754,CDM,GNK Dinamo Zagreb,https://www.fcratings.com/clubs/gnk-dinamo-zagreb-211,80,76,72,80,83,76,74,https://www.fcratings.com/nations/algeria-97
Algeria,Algeria,Algeria,J,https://www.fcratings.com/nations/algeria-97,4,Mohamed Amoura,https://www.fcratings.com/mohamed-amoura-264697,ST,VfL Wolfsburg,https://www.fcratings.com/clubs/vfl-wolfsburg-175,80,90,81,71,86,47,61,https://www.fcratings.com/nations/algeria-97
Algeria,Algeria,Algeria,J,https://www.fcratings.com/nations/algeria-97,5,Ramy Bensebaini,https://www.fcratings.com/ramy-bensebaini-224196,LB,Borussia Dortmund,https://www.fcratings.com/clubs/borussia-dortmund-22,79,73,70,70,77,79,78,https://www.fcratings.com/nations/algeria-97
Algeria,Algeria,Algeria,J,https://www.fcratings.com/nations/algeria-97,6,Amine Gouiri,https://www.fcratings.com/amine-gouiri-240753,ST,Olympique de Marseille,https://www.fcratings.com/clubs/olympique-de-marseille-219,79,77,82,76,80,45,71,https://www.fcratings.com/nations/algeria-97
Algeria,Algeria,Algeria,J,https://www.fcratings.com/nations/algeria-97,7,Adem Zorgane,https://www.fcratings.com/adem-zorgane-262925,CDM,Gerald Ford,https://www.fcratings.com/clubs/gerald-ford-2014,79,54,71,78,77,73,84,https://www.fcratings.com/nations/algeria-97
Algeria,Algeria,Algeria,J,https://www.fcratings.com/nations/algeria-97,8,Ibrahim Maza,https://www.fcratings.com/ibrahim-maza-275029,CAM,Bayer 04 Leverkusen,https://www.fcratings.com/clubs/bayer-04-leverkusen-32,79,75,69,76,83,64,64,https://www.fcratings.com/nations/algeria-97
Algeria,Algeria,Algeria,J,https://www.fcratings.com/nations/algeria-97,9,Inès Belloumou,https://www.fcratings.com/ines-belloumou-265845,LB,West Ham United F.C. Women,https://www.fcratings.com/clubs/west-ham-united-fc-women-116014,78,81,52,67,71,75,70,https://www.fcratings.com/nations/algeria-97
Algeria,Algeria,Algeria,J,https://www.fcratings.com/nations/algeria-97,10,Houssem Aouar,https://www.fcratings.com/houssem-aouar-234906,CAM,Al-Ittihad Club,https://www.fcratings.com/clubs/al-ittihad-club-607,77,64,74,75,81,65,66,https://www.fcratings.com/nations/algeria-97
Algeria,Algeria,Algeria,J,https://www.fcratings.com/nations/algeria-97,11,Nabil Bentaleb,https://www.fcratings.com/nabil-bentaleb-213296,CDM,Lille OSC,https://www.fcratings.com/clubs/lille-osc-65,77,50,72,77,79,71,73,https://www.fcratings.com/nations/algeria-97
Algeria,Algeria,Algeria,J,https://www.fcratings.com/nations/algeria-97,12,Saïd Benrahma,https://www.fcratings.com/said-benrahma-220621,LW,Neom SC,https://www.fcratings.com/clubs/neom-sc-131798,77,75,75,74,80,42,61,https://www.fcratings.com/nations/algeria-97
Algeria,Algeria,Algeria,J,https://www.fcratings.com/nations/algeria-97,13,Aïssa Mandi,https://www.fcratings.com/aissa-mandi-201143,CB,Lille OSC,https://www.fcratings.com/clubs/lille-osc-65,77,57,46,71,68,77,74,https://www.fcratings.com/nations/algeria-97
Algeria,Algeria,Algeria,J,https://www.fcratings.com/nations/algeria-97,14,Ilan Kebbal,https://www.fcratings.com/ilan-kebbal-257118,CAM,Paris FC,https://www.fcratings.com/clubs/paris-fc-111817,77,76,73,74,82,24,53,https://www.fcratings.com/nations/algeria-97
Algeria,Algeria,Algeria,J,https://www.fcratings.com/nations/algeria-97,15,Hicham Boudaoui,https://www.fcratings.com/hicham-boudaoui-253157,CM,OGC Nice,https://www.fcratings.com/clubs/ogc-nice-72,76,73,67,74,76,74,76,https://www.fcratings.com/nations/algeria-97
Algeria,Algeria,Algeria,J,https://www.fcratings.com/nations/algeria-97,16,Himad Abdelli,https://www.fcratings.com/himad-abdelli-246297,CAM,Olympique de Marseille,https://www.fcratings.com/clubs/olympique-de-marseille-219,76,61,72,76,79,60,74,https://www.fcratings.com/nations/algeria-97
Algeria,Algeria,Algeria,J,https://www.fcratings.com/nations/algeria-97,17,Anis Hadj-Moussa,https://www.fcratings.com/anis-hadj-moussa-70726,RW,,,76,80,69,67,84,29,52,https://www.fcratings.com/nations/algeria-97
Algeria,Algeria,Algeria,J,https://www.fcratings.com/nations/algeria-97,18,Farès Chaïbi,https://www.fcratings.com/fares-chaibi-270670,CAM,Eintracht Frankfurt,https://www.fcratings.com/clubs/eintracht-frankfurt-1824,76,70,68,79,77,70,69,https://www.fcratings.com/nations/algeria-97
Algeria,Algeria,Algeria,J,https://www.fcratings.com/nations/algeria-97,19,Haris Belkebla,https://www.fcratings.com/haris-belkebla-224444,CDM,Angers SCO,https://www.fcratings.com/clubs/angers-sco-1530,75,46,49,71,70,69,74,https://www.fcratings.com/nations/algeria-97
Algeria,Algeria,Algeria,J,https://www.fcratings.com/nations/algeria-97,20,Abdelkahar Kadri,https://www.fcratings.com/abdelkahar-kadri-264201,CM,KAA Gent,https://www.fcratings.com/clubs/kaa-gent-674,75,72,72,73,80,64,63,https://www.fcratings.com/nations/algeria-97
Algeria,Algeria,Algeria,J,https://www.fcratings.com/nations/algeria-97,21,Badredine Bouanani,https://www.fcratings.com/badredine-bouanani-270465,RW,VfB Stuttgart,https://www.fcratings.com/clubs/vfb-stuttgart-36,74,70,68,73,77,33,58,https://www.fcratings.com/nations/algeria-97
Algeria,Algeria,Algeria,J,https://www.fcratings.com/nations/algeria-97,22,Rafik Guitane,https://www.fcratings.com/rafik-guitane-235955,RW,G.D. Estoril Praia,https://www.fcratings.com/clubs/gd-estoril-praia-10020,74,80,65,68,79,31,53,https://www.fcratings.com/nations/algeria-97
Algeria,Algeria,Algeria,J,https://www.fcratings.com/nations/algeria-97,23,Yassine Benzia,https://www.fcratings.com/yassine-benzia-206436,CAM,Al-Fayha Club,https://www.fcratings.com/clubs/al-fayha-club-113057,74,66,70,73,76,52,61,https://www.fcratings.com/nations/algeria-97
Algeria,Algeria,Algeria,J,https://www.fcratings.com/nations/algeria-97,24,Ramiz Zerrouki,https://www.fcratings.com/ramiz-zerrouki-252383,CDM,,,73,62,66,69,72,68,80,https://www.fcratings.com/nations/algeria-97
Algeria,Algeria,Algeria,J,https://www.fcratings.com/nations/algeria-97,25,Mohamed Belloumi,https://www.fcratings.com/mohamed-belloumi-277663,RM,Hull City A.F.C.,https://www.fcratings.com/clubs/hull-city-afc-1952,72,81,71,70,75,38,58,https://www.fcratings.com/nations/algeria-97
Algeria,Algeria,Algeria,J,https://www.fcratings.com/nations/algeria-97,26,Sofiane Bendebka,https://www.fcratings.com/sofiane-bendebka-255487,CDM,Al Fateh SC,https://www.fcratings.com/clubs/al-fateh-sc-112390,72,74,71,68,73,65,73,https://www.fcratings.com/nations/algeria-97
Algeria,Algeria,Algeria,J,https://www.fcratings.com/nations/algeria-97,27,Abdelkader Bedrane,https://www.fcratings.com/abdelkader-bedrane-261737,CB,Damac Club,https://www.fcratings.com/clubs/damac-club-113217,72,60,30,56,53,71,77,https://www.fcratings.com/nations/algeria-97
Algeria,Algeria,Algeria,J,https://www.fcratings.com/nations/algeria-97,28,Mehdi Dorval,https://www.fcratings.com/mehdi-dorval-270084,LB,SSC Bari,https://www.fcratings.com/clubs/ssc-bari-1848,72,80,52,59,69,65,68,https://www.fcratings.com/nations/algeria-97
Algeria,Algeria,Algeria,J,https://www.fcratings.com/nations/algeria-97,29,Ahmed Touba,https://www.fcratings.com/ahmed-touba-236535,CB,Panathinaikos F.C.,https://www.fcratings.com/clubs/panathinaikos-fc-1884,72,70,53,62,62,70,82,https://www.fcratings.com/nations/algeria-97
Algeria,Algeria,Algeria,J,https://www.fcratings.com/nations/algeria-97,30,Abderrahman Rebbach,https://www.fcratings.com/abderrahman-rebbach-270834,LM,Deportivo Alavés,https://www.fcratings.com/clubs/deportivo-alaves-463,72,80,70,69,74,55,72,https://www.fcratings.com/nations/algeria-97
Algeria,Algeria,Algeria,J,https://www.fcratings.com/nations/algeria-97,31,Kévin Van Den Kerkhof,https://www.fcratings.com/kevin-van-den-kerkhof-269956,RM,Núrio Fortuna,https://www.fcratings.com/clubs/nurio-fortuna-670,71,81,66,66,68,63,74,https://www.fcratings.com/nations/algeria-97
Algeria,Algeria,Algeria,J,https://www.fcratings.com/nations/algeria-97,32,Camiel Neghli,https://www.fcratings.com/camiel-neghli-276712,RM,Millwall F.C.,https://www.fcratings.com/clubs/millwall-fc-97,71,81,70,67,70,50,66,https://www.fcratings.com/nations/algeria-97
Algeria,Algeria,Algeria,J,https://www.fcratings.com/nations/algeria-97,33,Morgane Belkhiter,https://www.fcratings.com/morgane-belkhiter-270830,RB,AS Saint-Étienne Women,https://www.fcratings.com/clubs/as-saint-etienne-women-116044,70,76,57,60,64,67,68,https://www.fcratings.com/nations/algeria-97
Algeria,Algeria,Algeria,J,https://www.fcratings.com/nations/algeria-97,34,Mohamed Farsi,https://www.fcratings.com/mohamed-farsi-270820,RM,Columbus Crew,https://www.fcratings.com/clubs/columbus-crew-687,70,84,53,64,70,63,57,https://www.fcratings.com/nations/algeria-97
Algeria,Algeria,Algeria,J,https://www.fcratings.com/nations/algeria-97,35,Chloé N'Gazi,https://www.fcratings.com/chloe-ngazi-270558,GK,Olympique de Marseille,https://www.fcratings.com/clubs/olympique-de-marseille-132370,70,71,69,66,74,42,64,https://www.fcratings.com/nations/algeria-97
Algeria,Algeria,Algeria,J,https://www.fcratings.com/nations/algeria-97,36,Mehdi Léris,https://www.fcratings.com/mehdi-leris-240660,RM,Pisa SC,https://www.fcratings.com/clubs/pisa-sc-110738,70,71,62,67,70,60,74,https://www.fcratings.com/nations/algeria-97
Algeria,Algeria,Algeria,J,https://www.fcratings.com/nations/algeria-97,37,Rafik Belghali,https://www.fcratings.com/rafik-belghali-276314,RB,Hellas Verona FC,https://www.fcratings.com/clubs/hellas-verona-fc-206,70,81,64,66,71,66,63,https://www.fcratings.com/nations/algeria-97
Algeria,Algeria,Algeria,J,https://www.fcratings.com/nations/algeria-97,38,Rafik Messali,https://www.fcratings.com/rafik-messali-72099,RB,Toulouse FC,https://www.fcratings.com/clubs/toulouse-fc-1809,70,78,41,63,66,66,64,https://www.fcratings.com/nations/algeria-97
Algeria,Algeria,Algeria,J,https://www.fcratings.com/nations/algeria-97,39,Jaouen Hadjam,https://www.fcratings.com/jaouen-hadjam-258230,LB,BSC Young Boys,https://www.fcratings.com/clubs/bsc-young-boys-900,69,79,54,59,69,65,72,https://www.fcratings.com/nations/algeria-97
Algeria,Algeria,Algeria,J,https://www.fcratings.com/nations/algeria-97,40,Ahmed Kashi,https://www.fcratings.com/ahmed-kashi-188825,CDM,FC Annecy,https://www.fcratings.com/clubs/fc-annecy-131447,69,50,52,67,67,60,76,https://www.fcratings.com/nations/algeria-97
Algeria,Algeria,Algeria,J,https://www.fcratings.com/nations/algeria-97,41,Yacine Titraoui,https://www.fcratings.com/yacine-titraoui-73348,CDM,Núrio Fortuna,https://www.fcratings.com/clubs/nurio-fortuna-670,69,66,54,66,71,64,63,https://www.fcratings.com/nations/algeria-97
Algeria,Algeria,Algeria,J,https://www.fcratings.com/nations/algeria-97,42,Sohaïb Nair,https://www.fcratings.com/sohaib-nair-71487,CB,En Avant Guingamp,https://www.fcratings.com/clubs/en-avant-guingamp-62,69,65,28,49,55,70,71,https://www.fcratings.com/nations/algeria-97
Algeria,Algeria,Algeria,J,https://www.fcratings.com/nations/algeria-97,43,Mouhamed Belkheir,https://www.fcratings.com/mouhamed-belkheir-245565,RW,RAAL La Louvière,https://www.fcratings.com/clubs/raal-la-louviere-132231,68,63,70,67,68,30,69,https://www.fcratings.com/nations/algeria-97
Algeria,Algeria,Algeria,J,https://www.fcratings.com/nations/algeria-97,44,Yasser Larouci,https://www.fcratings.com/yasser-larouci-252302,LB,ES Troyes AC,https://www.fcratings.com/clubs/es-troyes-ac-294,68,70,48,60,69,65,64,https://www.fcratings.com/nations/algeria-97
Algeria,Algeria,Algeria,J,https://www.fcratings.com/nations/algeria-97,45,Julien Lopez,https://www.fcratings.com/julien-lopez-211240,CAM,Paris FC,https://www.fcratings.com/clubs/paris-fc-111817,67,70,64,66,69,42,48,https://www.fcratings.com/nations/algeria-97
Algeria,Algeria,Algeria,J,https://www.fcratings.com/nations/algeria-97,46,Maïdine Douane,https://www.fcratings.com/maidine-douane-266486,LM,Clermont Foot 63,https://www.fcratings.com/clubs/clermont-foot-63-1815,67,69,58,63,69,29,58,https://www.fcratings.com/nations/algeria-97
Algeria,Algeria,Algeria,J,https://www.fcratings.com/nations/algeria-97,47,Hacène Benali,https://www.fcratings.com/hacene-benali-72133,ST,Red Star FC,https://www.fcratings.com/clubs/red-star-fc-111273,65,73,66,57,64,31,63,https://www.fcratings.com/nations/algeria-97
Algeria,Algeria,Algeria,J,https://www.fcratings.com/nations/algeria-97,48,Amin Chiakha,https://www.fcratings.com/amin-chiakha-73447,ST,Rosenborg BK,https://www.fcratings.com/clubs/rosenborg-bk-298,65,72,63,57,66,29,70,https://www.fcratings.com/nations/algeria-97
Algeria,Algeria,Algeria,J,https://www.fcratings.com/nations/algeria-97,49,Rayan Kolli,https://www.fcratings.com/rayan-kolli-277658,ST,Queens Park Rangers F.C.,https://www.fcratings.com/clubs/queens-park-rangers-fc-15,65,77,65,59,67,26,52,https://www.fcratings.com/nations/algeria-97
Algeria,Algeria,Algeria,J,https://www.fcratings.com/nations/algeria-97,50,Mounsef Bakrar,https://www.fcratings.com/mounsef-bakrar-277303,ST,GNK Dinamo Zagreb,https://www.fcratings.com/clubs/gnk-dinamo-zagreb-211,65,59,68,41,60,25,59,https://www.fcratings.com/nations/algeria-97
Argentina,Argentina,Argentina,J,https://www.fcratings.com/nations/argentina-52,1,Lautaro Martínez,https://www.fcratings.com/lautaro-martinez-231478,ST,Brescia Calcio,https://www.fcratings.com/clubs/brescia-calcio-131682,88,82,88,75,84,51,83,https://www.fcratings.com/nations/argentina-52
Argentina,Argentina,Argentina,J,https://www.fcratings.com/nations/argentina-52,2,Julián Alvarez,https://www.fcratings.com/julian-alvarez-246191,ST,Atlético Madrid,https://www.fcratings.com/clubs/atletico-madrid-240,86,86,86,82,87,58,78,https://www.fcratings.com/nations/argentina-52
Argentina,Argentina,Argentina,J,https://www.fcratings.com/nations/argentina-52,3,Lionel Messi,https://www.fcratings.com/lionel-messi-158023,RW,Inter Miami CF,https://www.fcratings.com/clubs/inter-miami-cf-112893,86,76,84,84,89,33,64,https://www.fcratings.com/nations/argentina-52
Argentina,Argentina,Argentina,J,https://www.fcratings.com/nations/argentina-52,4,Alexis Mac Allister,https://www.fcratings.com/alexis-mac-allister-239837,CM,Liverpool,https://www.fcratings.com/clubs/liverpool-9,85,66,82,84,83,77,76,https://www.fcratings.com/nations/argentina-52
Argentina,Argentina,Argentina,J,https://www.fcratings.com/nations/argentina-52,5,Paulo Dybala,https://www.fcratings.com/paulo-dybala-211110,CAM,AS Roma,https://www.fcratings.com/clubs/as-roma-52,85,79,85,84,86,41,64,https://www.fcratings.com/nations/argentina-52
Argentina,Argentina,Argentina,J,https://www.fcratings.com/nations/argentina-52,6,Emiliano Martínez,https://www.fcratings.com/emiliano-martinez-202811,GK,Aston Villa F.C.,https://www.fcratings.com/clubs/aston-villa-fc-2,85,83,81,82,85,56,85,https://www.fcratings.com/nations/argentina-52
Argentina,Argentina,Argentina,J,https://www.fcratings.com/nations/argentina-52,7,Enzo Fernández,https://www.fcratings.com/enzo-fernandez-247090,CM,Chelsea,https://www.fcratings.com/clubs/chelsea-5,85,68,77,85,82,73,75,https://www.fcratings.com/nations/argentina-52
Argentina,Argentina,Argentina,J,https://www.fcratings.com/nations/argentina-52,8,Rodrigo De Paul,https://www.fcratings.com/rodrigo-de-paul-212616,CM,Inter Miami CF,https://www.fcratings.com/clubs/inter-miami-cf-112893,83,75,77,83,83,75,83,https://www.fcratings.com/nations/argentina-52
Argentina,Argentina,Argentina,J,https://www.fcratings.com/nations/argentina-52,9,Exequiel Palacios,https://www.fcratings.com/exequiel-palacios-231521,CM,Bayer 04 Leverkusen,https://www.fcratings.com/clubs/bayer-04-leverkusen-32,83,62,76,79,82,81,71,https://www.fcratings.com/nations/argentina-52
Argentina,Argentina,Argentina,J,https://www.fcratings.com/nations/argentina-52,10,Ángel Di María,https://www.fcratings.com/angel-di-maria-183898,RW,Rosario Central,https://www.fcratings.com/clubs/rosario-central-110580,82,71,80,85,85,43,62,https://www.fcratings.com/nations/argentina-52
Argentina,Argentina,Argentina,J,https://www.fcratings.com/nations/argentina-52,11,Cristian Romero,https://www.fcratings.com/cristian-romero-232488,CB,Tottenham Hotspur F.C.,https://www.fcratings.com/clubs/tottenham-hotspur-fc-18,82,66,48,62,65,83,81,https://www.fcratings.com/nations/argentina-52
Argentina,Argentina,Argentina,J,https://www.fcratings.com/nations/argentina-52,12,Giuliano Simeone,https://www.fcratings.com/giuliano-simeone-253396,RM,Atlético Madrid,https://www.fcratings.com/clubs/atletico-madrid-240,82,92,75,74,82,56,83,https://www.fcratings.com/nations/argentina-52
Argentina,Argentina,Argentina,J,https://www.fcratings.com/nations/argentina-52,13,Nico Paz,https://www.fcratings.com/nico-paz-277846,CAM,Como 1907,https://www.fcratings.com/clubs/como-1907-1745,82,79,75,79,84,55,65,https://www.fcratings.com/nations/argentina-52
Argentina,Argentina,Argentina,J,https://www.fcratings.com/nations/argentina-52,14,Gerónimo Rulli,https://www.fcratings.com/geronimo-rulli-215316,GK,Olympique de Marseille,https://www.fcratings.com/clubs/olympique-de-marseille-219,81,82,77,80,86,54,77,https://www.fcratings.com/nations/argentina-52
Argentina,Argentina,Argentina,J,https://www.fcratings.com/nations/argentina-52,15,Giovani Lo Celso,https://www.fcratings.com/giovani-lo-celso-226226,CAM,Real Betis,https://www.fcratings.com/clubs/real-betis-449,81,75,80,82,81,68,69,https://www.fcratings.com/nations/argentina-52
Argentina,Argentina,Argentina,J,https://www.fcratings.com/nations/argentina-52,16,Lisandro Martínez,https://www.fcratings.com/lisandro-martinez-239301,CB,Manchester United F.C.,https://www.fcratings.com/clubs/manchester-united-fc-11,81,67,59,75,75,81,80,https://www.fcratings.com/nations/argentina-52
Argentina,Argentina,Argentina,J,https://www.fcratings.com/nations/argentina-52,17,Leandro Paredes,https://www.fcratings.com/leandro-paredes-207439,CM,Boca Juniors,https://www.fcratings.com/clubs/boca-juniors-1877,81,66,70,84,79,74,77,https://www.fcratings.com/nations/argentina-52
Argentina,Argentina,Argentina,J,https://www.fcratings.com/nations/argentina-52,18,Marcos Senesi,https://www.fcratings.com/marcos-senesi-236506,CB,AFC Bournemouth,https://www.fcratings.com/clubs/afc-bournemouth-1943,81,54,44,73,73,81,77,https://www.fcratings.com/nations/argentina-52
Argentina,Argentina,Argentina,J,https://www.fcratings.com/nations/argentina-52,19,Nicolás Otamendi,https://www.fcratings.com/nicolas-otamendi-192366,CB,S.L. Benfica,https://www.fcratings.com/clubs/sl-benfica-234,80,58,57,65,62,81,85,https://www.fcratings.com/nations/argentina-52
Argentina,Argentina,Argentina,J,https://www.fcratings.com/nations/argentina-52,20,Leonardo Balerdi,https://www.fcratings.com/leonardo-balerdi-242835,CB,Olympique de Marseille,https://www.fcratings.com/clubs/olympique-de-marseille-219,80,77,46,65,69,81,79,https://www.fcratings.com/nations/argentina-52
Argentina,Argentina,Argentina,J,https://www.fcratings.com/nations/argentina-52,21,Juan Musso,https://www.fcratings.com/juan-musso-214979,GK,Atlético Madrid,https://www.fcratings.com/clubs/atletico-madrid-240,80,79,78,73,82,46,81,https://www.fcratings.com/nations/argentina-52
Argentina,Argentina,Argentina,J,https://www.fcratings.com/nations/argentina-52,22,Alan Varela,https://www.fcratings.com/alan-varela-260599,CDM,FC Porto,https://www.fcratings.com/clubs/fc-porto-236,80,70,65,75,76,77,80,https://www.fcratings.com/nations/argentina-52
Argentina,Argentina,Argentina,J,https://www.fcratings.com/nations/argentina-52,23,Mauro Icardi,https://www.fcratings.com/mauro-icardi-201399,ST,Galatasaray S.K.,https://www.fcratings.com/clubs/galatasaray-sk-325,79,54,83,69,72,40,64,https://www.fcratings.com/nations/argentina-52
Argentina,Argentina,Argentina,J,https://www.fcratings.com/nations/argentina-52,24,Valentin Castellanos,https://www.fcratings.com/valentin-castellanos-237712,ST,West Ham United F.C.,https://www.fcratings.com/clubs/west-ham-united-fc-19,79,75,78,71,80,45,73,https://www.fcratings.com/nations/argentina-52
Argentina,Argentina,Argentina,J,https://www.fcratings.com/nations/argentina-52,25,Augusto Batalla,https://www.fcratings.com/augusto-batalla-227186,GK,Rayo Vallecano,https://www.fcratings.com/clubs/rayo-vallecano-480,79,78,78,81,80,43,77,https://www.fcratings.com/nations/argentina-52
Argentina,Argentina,Argentina,J,https://www.fcratings.com/nations/argentina-52,26,Facundo Medina,https://www.fcratings.com/facundo-medina-236804,CB,Olympique de Marseille,https://www.fcratings.com/clubs/olympique-de-marseille-219,79,74,44,70,72,79,81,https://www.fcratings.com/nations/argentina-52
Argentina,Argentina,Argentina,J,https://www.fcratings.com/nations/argentina-52,27,Juan Foyth,https://www.fcratings.com/juan-foyth-237221,CB,Villarreal CF,https://www.fcratings.com/clubs/villarreal-cf-483,79,68,47,72,71,80,77,https://www.fcratings.com/nations/argentina-52
Argentina,Argentina,Argentina,J,https://www.fcratings.com/nations/argentina-52,28,Aldana Cometti,https://www.fcratings.com/aldana-cometti-246364,CB,FC Fleury 91 Women,https://www.fcratings.com/clubs/fc-fleury-91-women-116036,79,62,30,56,63,80,80,https://www.fcratings.com/nations/argentina-52
Argentina,Argentina,Argentina,J,https://www.fcratings.com/nations/argentina-52,29,Santiago Hezze,https://www.fcratings.com/santiago-hezze-255971,CDM,Olympiacos F.C.,https://www.fcratings.com/clubs/olympiacos-fc-280,79,71,59,68,73,78,82,https://www.fcratings.com/nations/argentina-52
Argentina,Argentina,Argentina,J,https://www.fcratings.com/nations/argentina-52,30,Nico Gonzalez,https://www.fcratings.com/nico-gonzalez-240690,RM,Atlético Madrid,https://www.fcratings.com/clubs/atletico-madrid-240,79,86,75,74,79,54,67,https://www.fcratings.com/nations/argentina-52
Argentina,Argentina,Argentina,J,https://www.fcratings.com/nations/argentina-52,31,Matías Soulé,https://www.fcratings.com/matias-soule-265695,CAM,AS Roma,https://www.fcratings.com/clubs/as-roma-52,79,82,76,77,82,36,61,https://www.fcratings.com/nations/argentina-52
Argentina,Argentina,Argentina,J,https://www.fcratings.com/nations/argentina-52,32,Paulo Gazzaniga,https://www.fcratings.com/paulo-gazzaniga-205186,GK,Girona FC,https://www.fcratings.com/clubs/girona-fc-110062,78,79,77,80,78,57,76,https://www.fcratings.com/nations/argentina-52
Argentina,Argentina,Argentina,J,https://www.fcratings.com/nations/argentina-52,33,Nicolás Domínguez,https://www.fcratings.com/nicolas-dominguez-237819,CDM,Nottingham Forest F.C.,https://www.fcratings.com/clubs/nottingham-forest-fc-14,78,69,65,72,76,76,74,https://www.fcratings.com/nations/argentina-52
Argentina,Argentina,Argentina,J,https://www.fcratings.com/nations/argentina-52,34,Walter Benítez,https://www.fcratings.com/walter-benitez-215223,GK,Crystal Palace F.C.,https://www.fcratings.com/clubs/crystal-palace-fc-1799,78,78,77,72,79,37,78,https://www.fcratings.com/nations/argentina-52
Argentina,Argentina,Argentina,J,https://www.fcratings.com/nations/argentina-52,35,Thiago Almada,https://www.fcratings.com/thiago-almada-245371,CAM,Atlético Madrid,https://www.fcratings.com/clubs/atletico-madrid-240,78,79,75,78,81,53,59,https://www.fcratings.com/nations/argentina-52
Argentina,Argentina,Argentina,J,https://www.fcratings.com/nations/argentina-52,36,Marcelino Moreno,https://www.fcratings.com/marcelino-moreno-235467,CAM,Club Atlético Lanús,https://www.fcratings.com/clubs/club-atletico-lanus-110395,78,87,73,75,81,53,67,https://www.fcratings.com/nations/argentina-52
Argentina,Argentina,Argentina,J,https://www.fcratings.com/nations/argentina-52,37,Pablo Maffeo,https://www.fcratings.com/pablo-maffeo-221342,RB,RCD Mallorca,https://www.fcratings.com/clubs/rcd-mallorca-453,78,80,57,71,78,75,71,https://www.fcratings.com/nations/argentina-52
Argentina,Argentina,Argentina,J,https://www.fcratings.com/nations/argentina-52,38,Nicolás Tagliafico,https://www.fcratings.com/nicolas-tagliafico-211256,LB,Olympique Lyonnais,https://www.fcratings.com/clubs/olympique-lyonnais-66,78,70,56,70,76,77,76,https://www.fcratings.com/nations/argentina-52
Argentina,Argentina,Argentina,J,https://www.fcratings.com/nations/argentina-52,39,Adrián Martínez,https://www.fcratings.com/adrian-martinez-253242,ST,Racing Club de Avellaneda,https://www.fcratings.com/clubs/racing-club-de-avellaneda-101085,78,70,78,59,72,42,83,https://www.fcratings.com/nations/argentina-52
Argentina,Argentina,Argentina,J,https://www.fcratings.com/nations/argentina-52,40,Emiliano Buendía,https://www.fcratings.com/emiliano-buendia-226162,CAM,Aston Villa F.C.,https://www.fcratings.com/clubs/aston-villa-fc-2,78,67,77,79,82,66,67,https://www.fcratings.com/nations/argentina-52
Argentina,Argentina,Argentina,J,https://www.fcratings.com/nations/argentina-52,41,Alejandro Garnacho,https://www.fcratings.com/alejandro-garnacho-268438,CAM,Chelsea,https://www.fcratings.com/clubs/chelsea-5,78,86,77,72,79,37,56,https://www.fcratings.com/nations/argentina-52
Argentina,Argentina,Argentina,J,https://www.fcratings.com/nations/argentina-52,42,Kevin Mac Allister,https://www.fcratings.com/kevin-mac-allister-233230,CB,Gerald Ford,https://www.fcratings.com/clubs/gerald-ford-2014,78,76,49,61,73,79,82,https://www.fcratings.com/nations/argentina-52
Argentina,Argentina,Argentina,J,https://www.fcratings.com/nations/argentina-52,43,Valentín Barco,https://www.fcratings.com/valentin-barco-263370,LB,RC Strasbourg Alsace,https://www.fcratings.com/clubs/rc-strasbourg-alsace-76,78,77,50,80,79,69,63,https://www.fcratings.com/nations/argentina-52
Argentina,Argentina,Argentina,J,https://www.fcratings.com/nations/argentina-52,44,Nahuel Molina,https://www.fcratings.com/nahuel-molina-233084,RB,Atlético Madrid,https://www.fcratings.com/clubs/atletico-madrid-240,77,83,72,73,74,73,70,https://www.fcratings.com/nations/argentina-52
Argentina,Argentina,Argentina,J,https://www.fcratings.com/nations/argentina-52,45,Santiago Ascacíbar,https://www.fcratings.com/santiago-ascacibar-232244,CDM,Boca Juniors,https://www.fcratings.com/clubs/boca-juniors-1877,77,78,74,72,75,73,75,https://www.fcratings.com/nations/argentina-52
Argentina,Argentina,Argentina,J,https://www.fcratings.com/nations/argentina-52,46,Claudio Aquino,https://www.fcratings.com/claudio-aquino-219553,CAM,,,77,76,76,75,81,47,72,https://www.fcratings.com/nations/argentina-52
Argentina,Argentina,Argentina,J,https://www.fcratings.com/nations/argentina-52,47,Éver Banega,https://www.fcratings.com/ever-banega-178562,CM,Defensa y Justicia,https://www.fcratings.com/clubs/defensa-y-justicia-111710,77,52,73,80,77,70,72,https://www.fcratings.com/nations/argentina-52
Argentina,Argentina,Argentina,J,https://www.fcratings.com/nations/argentina-52,48,Matías Vargas,https://www.fcratings.com/matias-vargas-228819,LM,Al Fateh SC,https://www.fcratings.com/clubs/al-fateh-sc-112390,77,86,73,71,80,40,72,https://www.fcratings.com/nations/argentina-52
Argentina,Argentina,Argentina,J,https://www.fcratings.com/nations/argentina-52,49,Enzo Barrenechea,https://www.fcratings.com/enzo-barrenechea-246871,CM,S.L. Benfica,https://www.fcratings.com/clubs/sl-benfica-234,77,57,69,72,75,72,71,https://www.fcratings.com/nations/argentina-52
Argentina,Argentina,Argentina,J,https://www.fcratings.com/nations/argentina-52,50,Emanuel Reynoso,https://www.fcratings.com/emanuel-reynoso-234468,CAM,Talleres de Córdoba,https://www.fcratings.com/clubs/talleres-de-cordoba-112670,77,65,67,76,79,59,69,https://www.fcratings.com/nations/argentina-52
Austria,Austria,Austria,J,https://www.fcratings.com/nations/austria-4,1,Konrad Laimer,https://www.fcratings.com/konrad-laimer-225375,RB,FC Bayern Munich,https://www.fcratings.com/clubs/fc-bayern-munich-21,84,82,69,78,76,80,77,https://www.fcratings.com/nations/austria-4
Austria,Austria,Austria,J,https://www.fcratings.com/nations/austria-4,2,Sarah Zadrazil,https://www.fcratings.com/sarah-zadrazil-264903,CDM,FC Bayern Munich Women,https://www.fcratings.com/clubs/fc-bayern-munich-women-115995,81,66,69,73,80,75,85,https://www.fcratings.com/nations/austria-4
Austria,Austria,Austria,J,https://www.fcratings.com/nations/austria-4,3,Barbara Dunst,https://www.fcratings.com/barbara-dunst-264933,CM,FC Bayern Munich Women,https://www.fcratings.com/clubs/fc-bayern-munich-women-115995,81,64,71,79,81,74,72,https://www.fcratings.com/nations/austria-4
Austria,Austria,Austria,J,https://www.fcratings.com/nations/austria-4,4,Katharina Naschenweng,https://www.fcratings.com/katharina-naschenweng-264994,LB,FC Bayern Munich Women,https://www.fcratings.com/clubs/fc-bayern-munich-women-115995,81,77,56,77,77,81,72,https://www.fcratings.com/nations/austria-4
Austria,Austria,Austria,J,https://www.fcratings.com/nations/austria-4,5,Marcel Sabitzer,https://www.fcratings.com/marcel-sabitzer-204923,CDM,Borussia Dortmund,https://www.fcratings.com/clubs/borussia-dortmund-22,81,74,80,80,80,77,76,https://www.fcratings.com/nations/austria-4
Austria,Austria,Austria,J,https://www.fcratings.com/nations/austria-4,6,Christoph Baumgartner,https://www.fcratings.com/christoph-baumgartner-242187,CAM,RB Leipzig,https://www.fcratings.com/clubs/rb-leipzig-112172,81,74,78,76,82,50,63,https://www.fcratings.com/nations/austria-4
Austria,Austria,Austria,J,https://www.fcratings.com/nations/austria-4,7,David Alaba,https://www.fcratings.com/david-alaba-197445,CB,Real Madrid CF,https://www.fcratings.com/clubs/real-madrid-cf-243,80,68,71,81,78,81,75,https://www.fcratings.com/nations/austria-4
Austria,Austria,Austria,J,https://www.fcratings.com/nations/austria-4,8,Verena Hanshaw,https://www.fcratings.com/verena-hanshaw-264955,LB,West Ham United F.C. Women,https://www.fcratings.com/clubs/west-ham-united-fc-women-116014,80,78,62,77,77,78,73,https://www.fcratings.com/nations/austria-4
Austria,Austria,Austria,J,https://www.fcratings.com/nations/austria-4,9,Nicolas Seiwald,https://www.fcratings.com/nicolas-seiwald-257876,CDM,RB Leipzig,https://www.fcratings.com/clubs/rb-leipzig-112172,80,72,62,75,74,79,77,https://www.fcratings.com/nations/austria-4
Austria,Austria,Austria,J,https://www.fcratings.com/nations/austria-4,10,Manuela Zinsberger,https://www.fcratings.com/manuela-zinsberger-265242,GK,Arsenal W.F.C.,https://www.fcratings.com/clubs/arsenal-wfc-116009,79,78,77,78,78,46,80,https://www.fcratings.com/nations/austria-4
Austria,Austria,Austria,J,https://www.fcratings.com/nations/austria-4,11,Kevin Danso,https://www.fcratings.com/kevin-danso-237985,CB,Tottenham Hotspur F.C.,https://www.fcratings.com/clubs/tottenham-hotspur-fc-18,79,73,32,57,62,78,83,https://www.fcratings.com/nations/austria-4
Austria,Austria,Austria,J,https://www.fcratings.com/nations/austria-4,12,Xaver Schlager,https://www.fcratings.com/xaver-schlager-233195,CDM,RB Leipzig,https://www.fcratings.com/clubs/rb-leipzig-112172,78,69,70,73,76,73,77,https://www.fcratings.com/nations/austria-4
Austria,Austria,Austria,J,https://www.fcratings.com/nations/austria-4,13,Stefan Posch,https://www.fcratings.com/stefan-posch-223671,RB,1. FSV Mainz 05,https://www.fcratings.com/clubs/1-fsv-mainz-05-169,78,75,55,68,67,79,74,https://www.fcratings.com/nations/austria-4
Austria,Austria,Austria,J,https://www.fcratings.com/nations/austria-4,14,Philipp Lienhart,https://www.fcratings.com/philipp-lienhart-231366,CB,SC Freiburg,https://www.fcratings.com/clubs/sc-freiburg-25,78,67,28,59,64,80,78,https://www.fcratings.com/nations/austria-4
Austria,Austria,Austria,J,https://www.fcratings.com/nations/austria-4,15,Laura Feiersinger,https://www.fcratings.com/laura-feiersinger-264940,CM,1. FC Köln Women,https://www.fcratings.com/clubs/1-fc-koln-women-116003,78,82,66,76,78,67,68,https://www.fcratings.com/nations/austria-4
Austria,Austria,Austria,J,https://www.fcratings.com/nations/austria-4,16,Romano Schmid,https://www.fcratings.com/romano-schmid-239701,CAM,SV Werder Bremen,https://www.fcratings.com/clubs/sv-werder-bremen-38,78,77,67,78,83,56,58,https://www.fcratings.com/nations/austria-4
Austria,Austria,Austria,J,https://www.fcratings.com/nations/austria-4,17,Sarah Puntigam,https://www.fcratings.com/sarah-puntigam-265854,CDM,Shell Energy Stadium,https://www.fcratings.com/clubs/shell-energy-stadium-116306,78,38,59,72,75,76,83,https://www.fcratings.com/nations/austria-4
Austria,Austria,Austria,J,https://www.fcratings.com/nations/austria-4,18,Patrick Wimmer,https://www.fcratings.com/patrick-wimmer-254566,CAM,VfL Wolfsburg,https://www.fcratings.com/clubs/vfl-wolfsburg-175,77,83,69,71,81,49,72,https://www.fcratings.com/nations/austria-4
Austria,Austria,Austria,J,https://www.fcratings.com/nations/austria-4,19,Marco Friedl,https://www.fcratings.com/marco-friedl-237595,CB,SV Werder Bremen,https://www.fcratings.com/clubs/sv-werder-bremen-38,77,75,44,64,69,79,77,https://www.fcratings.com/nations/austria-4
Austria,Austria,Austria,J,https://www.fcratings.com/nations/austria-4,20,Leopold Querfeld,https://www.fcratings.com/leopold-querfeld-265576,CB,1. FC Union Berlin,https://www.fcratings.com/clubs/1-fc-union-berlin-1831,77,46,50,58,57,78,78,https://www.fcratings.com/nations/austria-4
Austria,Austria,Austria,J,https://www.fcratings.com/nations/austria-4,21,Valentino Lazaro,https://www.fcratings.com/valentino-lazaro-211147,RM,Turin,https://www.fcratings.com/clubs/turin-54,76,71,67,76,76,71,65,https://www.fcratings.com/nations/austria-4
Austria,Austria,Austria,J,https://www.fcratings.com/nations/austria-4,22,Lilli Purtscheller,https://www.fcratings.com/lilli-purtscheller-276505,RM,SGS Essen,https://www.fcratings.com/clubs/sgs-essen-116001,76,80,70,69,73,39,66,https://www.fcratings.com/nations/austria-4
Austria,Austria,Austria,J,https://www.fcratings.com/nations/austria-4,23,Florian Grillitsch,https://www.fcratings.com/florian-grillitsch-228336,CM,S.C. Braga,https://www.fcratings.com/clubs/sc-braga-1896,76,63,61,75,74,73,69,https://www.fcratings.com/nations/austria-4
Austria,Austria,Austria,J,https://www.fcratings.com/nations/austria-4,24,Samson Baidoo,https://www.fcratings.com/samson-baidoo-270997,CB,RC Lens,https://www.fcratings.com/clubs/rc-lens-64,76,75,26,54,62,75,77,https://www.fcratings.com/nations/austria-4
Austria,Austria,Austria,J,https://www.fcratings.com/nations/austria-4,25,Phillipp Mwene,https://www.fcratings.com/phillipp-mwene-216275,LB,1. FSV Mainz 05,https://www.fcratings.com/clubs/1-fsv-mainz-05-169,75,78,55,69,75,69,70,https://www.fcratings.com/nations/austria-4
Austria,Austria,Austria,J,https://www.fcratings.com/nations/austria-4,26,Christopher Trimmel,https://www.fcratings.com/christopher-trimmel-193254,RB,1. FC Union Berlin,https://www.fcratings.com/clubs/1-fc-union-berlin-1831,75,67,65,74,68,74,79,https://www.fcratings.com/nations/austria-4
Austria,Austria,Austria,J,https://www.fcratings.com/nations/austria-4,27,Annabel Schasching,https://www.fcratings.com/annabel-schasching-273563,CDM,RB Leipzig Women,https://www.fcratings.com/clubs/rb-leipzig-women-116021,75,76,65,74,72,70,68,https://www.fcratings.com/nations/austria-4
Austria,Austria,Austria,J,https://www.fcratings.com/nations/austria-4,28,David Affengruber,https://www.fcratings.com/david-affengruber-261264,CB,Elche CF,https://www.fcratings.com/clubs/elche-cf-468,75,73,43,57,69,75,83,https://www.fcratings.com/nations/austria-4
Austria,Austria,Austria,J,https://www.fcratings.com/nations/austria-4,29,Muhammed Cham,https://www.fcratings.com/muhammed-cham-269456,CAM,SK Slavia Prague,https://www.fcratings.com/clubs/sk-slavia-prague-266,75,78,71,74,76,25,53,https://www.fcratings.com/nations/austria-4
Austria,Austria,Austria,J,https://www.fcratings.com/nations/austria-4,30,Michael Gregoritsch,https://www.fcratings.com/michael-gregoritsch-199439,ST,FC Augsburg,https://www.fcratings.com/clubs/fc-augsburg-100409,75,37,77,68,68,42,76,https://www.fcratings.com/nations/austria-4
Austria,Austria,Austria,J,https://www.fcratings.com/nations/austria-4,31,Alexander Prass,https://www.fcratings.com/alexander-prass-263041,LB,TSG 1899 Hoffenheim,https://www.fcratings.com/clubs/tsg-1899-hoffenheim-10029,75,74,65,74,76,70,74,https://www.fcratings.com/nations/austria-4
Austria,Austria,Austria,J,https://www.fcratings.com/nations/austria-4,32,Kevin Stöger,https://www.fcratings.com/kevin-stoger-204497,CAM,Borussia Mönchengladbach,https://www.fcratings.com/clubs/borussia-monchengladbach-23,74,55,71,77,75,64,61,https://www.fcratings.com/nations/austria-4
Austria,Austria,Austria,J,https://www.fcratings.com/nations/austria-4,33,Marco Grüll,https://www.fcratings.com/marco-grull-256548,LM,SV Werder Bremen,https://www.fcratings.com/clubs/sv-werder-bremen-38,74,79,74,69,75,36,68,https://www.fcratings.com/nations/austria-4
Austria,Austria,Austria,J,https://www.fcratings.com/nations/austria-4,34,Maximilian Wöber,https://www.fcratings.com/maximilian-wober-231838,CB,SV Werder Bremen,https://www.fcratings.com/clubs/sv-werder-bremen-38,74,64,52,67,64,74,74,https://www.fcratings.com/nations/austria-4
Austria,Austria,Austria,J,https://www.fcratings.com/nations/austria-4,35,Marie Höbinger,https://www.fcratings.com/marie-hobinger-265019,CM,Liverpool F.C. Women,https://www.fcratings.com/clubs/liverpool-fc-women-116343,74,67,63,71,72,67,64,https://www.fcratings.com/nations/austria-4
Austria,Austria,Austria,J,https://www.fcratings.com/nations/austria-4,36,Eileen Campbell,https://www.fcratings.com/eileen-campbell-279693,ST,1. FC Union Berlin Women,https://www.fcratings.com/clubs/1-fc-union-berlin-women-132589,74,76,73,64,75,50,65,https://www.fcratings.com/nations/austria-4
Austria,Austria,Austria,J,https://www.fcratings.com/nations/austria-4,37,Lisa Kolb,https://www.fcratings.com/lisa-kolb-265070,RM,SC Freiburg Women,https://www.fcratings.com/clubs/sc-freiburg-women-116002,74,73,71,72,76,46,64,https://www.fcratings.com/nations/austria-4
Austria,Austria,Austria,J,https://www.fcratings.com/nations/austria-4,38,Gernot Trauner,https://www.fcratings.com/gernot-trauner-199813,CB,,,73,54,56,65,63,73,76,https://www.fcratings.com/nations/austria-4
Austria,Austria,Austria,J,https://www.fcratings.com/nations/austria-4,39,Saša Kalajdžić,https://www.fcratings.com/sasa-kalajdzic-239901,ST,LASK,https://www.fcratings.com/clubs/lask-252,73,50,72,67,68,45,64,https://www.fcratings.com/nations/austria-4
Austria,Austria,Austria,J,https://www.fcratings.com/nations/austria-4,40,Dejan Ljubičić,https://www.fcratings.com/dejan-ljubicic-240916,CM,FC Schalke 04,https://www.fcratings.com/clubs/fc-schalke-04-34,73,68,68,70,73,69,76,https://www.fcratings.com/nations/austria-4
Austria,Austria,Austria,J,https://www.fcratings.com/nations/austria-4,41,Celina Degen,https://www.fcratings.com/celina-degen-264985,CB,1. FC Köln Women,https://www.fcratings.com/clubs/1-fc-koln-women-116003,73,53,51,61,62,74,71,https://www.fcratings.com/nations/austria-4
Austria,Austria,Austria,J,https://www.fcratings.com/nations/austria-4,42,Julia Magerl,https://www.fcratings.com/julia-magerl-276502,CB,RB Leipzig Women,https://www.fcratings.com/clubs/rb-leipzig-women-116021,73,68,45,53,56,75,63,https://www.fcratings.com/nations/austria-4
Austria,Austria,Austria,J,https://www.fcratings.com/nations/austria-4,43,Christoph Klarer,https://www.fcratings.com/christoph-klarer-242386,CB,Birmingham City F.C.,https://www.fcratings.com/clubs/birmingham-city-fc-88,73,65,37,51,61,74,77,https://www.fcratings.com/nations/austria-4
Austria,Austria,Austria,J,https://www.fcratings.com/nations/austria-4,44,Raul Florucz,https://www.fcratings.com/raul-florucz-79334,RW,Gerald Ford,https://www.fcratings.com/clubs/gerald-ford-2014,73,72,74,69,75,31,64,https://www.fcratings.com/nations/austria-4
Austria,Austria,Austria,J,https://www.fcratings.com/nations/austria-4,45,Mathias Honsak,https://www.fcratings.com/mathias-honsak-232156,LM,1. FC Heidenheim,https://www.fcratings.com/clubs/1-fc-heidenheim-111235,72,84,69,68,72,57,69,https://www.fcratings.com/nations/austria-4
Austria,Austria,Austria,J,https://www.fcratings.com/nations/austria-4,46,Florian Kainz,https://www.fcratings.com/florian-kainz-195038,CAM,1. FC Köln,https://www.fcratings.com/clubs/1-fc-koln-31,72,57,73,75,74,44,58,https://www.fcratings.com/nations/austria-4
Austria,Austria,Austria,J,https://www.fcratings.com/nations/austria-4,47,Aleksandar Dragović,https://www.fcratings.com/aleksandar-dragovic-189060,CB,FK Austria Wien,https://www.fcratings.com/clubs/fk-austria-wien-256,72,48,51,62,61,74,75,https://www.fcratings.com/nations/austria-4
Austria,Austria,Austria,J,https://www.fcratings.com/nations/austria-4,48,Alexander Schlager,https://www.fcratings.com/alexander-schlager-215522,GK,FC Red Bull Salzburg,https://www.fcratings.com/clubs/fc-red-bull-salzburg-191,72,71,70,69,75,46,72,https://www.fcratings.com/nations/austria-4
Austria,Austria,Austria,J,https://www.fcratings.com/nations/austria-4,49,Sascha Horvath,https://www.fcratings.com/sascha-horvath-213301,CM,LASK,https://www.fcratings.com/clubs/lask-252,72,78,68,72,75,61,63,https://www.fcratings.com/nations/austria-4
Austria,Austria,Austria,J,https://www.fcratings.com/nations/austria-4,50,Patrick Pentz,https://www.fcratings.com/patrick-pentz-228505,GK,Brøndby IF,https://www.fcratings.com/clubs/brondby-if-269,72,69,69,68,74,53,71,https://www.fcratings.com/nations/austria-4
Jordan,Jordan,Jordan,J,https://www.fcratings.com/nations/jordan-164,1,Musa Al Tamari,https://www.fcratings.com/musa-al-tamari-259191,RM,Stade Rennais FC,https://www.fcratings.com/clubs/stade-rennais-fc-74,76,89,70,68,80,56,69,https://www.fcratings.com/nations/jordan-164
Jordan,Jordan,Jordan,J,https://www.fcratings.com/nations/jordan-164,2,Yazan Al Arab,https://www.fcratings.com/yazan-al-arab-73466,CB,FC Seoul,https://www.fcratings.com/clubs/fc-seoul-982,75,79,29,46,52,73,83,https://www.fcratings.com/nations/jordan-164
Colombia,Colombia,Colombia,K,https://www.fcratings.com/nations/colombia-56,1,Luis Díaz,https://www.fcratings.com/luis-diaz-241084,LM,FC Bayern Munich,https://www.fcratings.com/clubs/fc-bayern-munich-21,87,83,80,81,87,45,75,https://www.fcratings.com/nations/colombia-56
Colombia,Colombia,Colombia,K,https://www.fcratings.com/nations/colombia-56,2,Linda Caicedo,https://www.fcratings.com/linda-caicedo-273153,LW,Real Madrid Femenino,https://www.fcratings.com/clubs/real-madrid-femenino-116326,85,91,75,79,87,37,45,https://www.fcratings.com/nations/colombia-56
Colombia,Colombia,Colombia,K,https://www.fcratings.com/nations/colombia-56,3,Mayra Ramírez,https://www.fcratings.com/mayra-ramirez-272001,ST,Chelsea F.C. Women,https://www.fcratings.com/clubs/chelsea-fc-women-116010,83,90,84,75,86,33,87,https://www.fcratings.com/nations/colombia-56
Colombia,Colombia,Colombia,K,https://www.fcratings.com/nations/colombia-56,4,Manuela Vanegas,https://www.fcratings.com/manuela-vanegas-272208,CB,Brighton & Hove Albion W.F.C.,https://www.fcratings.com/clubs/brighton-hove-albion-wfc-116013,82,80,61,73,72,82,83,https://www.fcratings.com/nations/colombia-56
Colombia,Colombia,Colombia,K,https://www.fcratings.com/nations/colombia-56,5,Daniel Muñoz,https://www.fcratings.com/daniel-munoz-237646,RB,Crystal Palace F.C.,https://www.fcratings.com/clubs/crystal-palace-fc-1799,82,78,69,73,77,80,81,https://www.fcratings.com/nations/colombia-56
Colombia,Colombia,Colombia,K,https://www.fcratings.com/nations/colombia-56,6,Davinson Sánchez,https://www.fcratings.com/davinson-sanchez-220793,CB,Galatasaray S.K.,https://www.fcratings.com/clubs/galatasaray-sk-325,81,82,58,62,72,81,87,https://www.fcratings.com/nations/colombia-56
Colombia,Colombia,Colombia,K,https://www.fcratings.com/nations/colombia-56,7,Duván Zapata,https://www.fcratings.com/duvan-zapata-215333,ST,Turin,https://www.fcratings.com/clubs/turin-54,81,74,81,64,76,35,82,https://www.fcratings.com/nations/colombia-56
Colombia,Colombia,Colombia,K,https://www.fcratings.com/nations/colombia-56,8,Leicy Santos,https://www.fcratings.com/leicy-santos-272115,CAM,Washington Spirit,https://www.fcratings.com/clubs/washington-spirit-116304,81,74,75,80,82,61,76,https://www.fcratings.com/nations/colombia-56
Colombia,Colombia,Colombia,K,https://www.fcratings.com/nations/colombia-56,9,Luis Javier Suárez,https://www.fcratings.com/luis-javier-suarez-245158,ST,Sporting CP,https://www.fcratings.com/clubs/sporting-cp-237,80,83,81,68,77,41,77,https://www.fcratings.com/nations/colombia-56
Colombia,Colombia,Colombia,K,https://www.fcratings.com/nations/colombia-56,10,Jhon Durán,https://www.fcratings.com/jhon-duran-247172,ST,Fenerbahçe S.K.,https://www.fcratings.com/clubs/fenerbahce-sk-326,79,81,81,63,75,32,80,https://www.fcratings.com/nations/colombia-56
Colombia,Colombia,Colombia,K,https://www.fcratings.com/nations/colombia-56,11,Cucho,https://www.fcratings.com/cucho-237034,ST,Real Betis,https://www.fcratings.com/clubs/real-betis-449,79,81,78,75,81,45,78,https://www.fcratings.com/nations/colombia-56
Colombia,Colombia,Colombia,K,https://www.fcratings.com/nations/colombia-56,12,Richard Ríos,https://www.fcratings.com/richard-rios-262881,CM,S.L. Benfica,https://www.fcratings.com/clubs/sl-benfica-234,78,81,69,76,81,72,85,https://www.fcratings.com/nations/colombia-56
Colombia,Colombia,Colombia,K,https://www.fcratings.com/nations/colombia-56,13,Cristian Arango,https://www.fcratings.com/cristian-arango-217998,ST,San Jose Earthquakes,https://www.fcratings.com/clubs/san-jose-earthquakes-111928,78,71,78,70,75,36,71,https://www.fcratings.com/nations/colombia-56
Colombia,Colombia,Colombia,K,https://www.fcratings.com/nations/colombia-56,14,Johan Mojica,https://www.fcratings.com/johan-mojica-214026,LB,RCD Mallorca,https://www.fcratings.com/clubs/rcd-mallorca-453,77,87,65,72,74,72,72,https://www.fcratings.com/nations/colombia-56
Colombia,Colombia,Colombia,K,https://www.fcratings.com/nations/colombia-56,15,Jhon Arias,https://www.fcratings.com/jhon-arias-241602,RW,Wolverhampton Wanderers F.C.,https://www.fcratings.com/clubs/wolverhampton-wanderers-fc-110,77,85,73,73,78,49,67,https://www.fcratings.com/nations/colombia-56
Colombia,Colombia,Colombia,K,https://www.fcratings.com/nations/colombia-56,16,Jefferson Lerma,https://www.fcratings.com/jefferson-lerma-213991,CDM,Crystal Palace F.C.,https://www.fcratings.com/clubs/crystal-palace-fc-1799,77,67,71,70,74,76,78,https://www.fcratings.com/nations/colombia-56
Colombia,Colombia,Colombia,K,https://www.fcratings.com/nations/colombia-56,17,Juan Fernando Quintero,https://www.fcratings.com/juan-fernando-quintero-210513,CAM,Club Atlético River Plate,https://www.fcratings.com/clubs/club-atletico-river-plate-1876,77,62,76,79,81,41,54,https://www.fcratings.com/nations/colombia-56
Colombia,Colombia,Colombia,K,https://www.fcratings.com/nations/colombia-56,18,Sebastián Villa,https://www.fcratings.com/sebastian-villa-233959,ST,Independiente Rivadavia,https://www.fcratings.com/clubs/independiente-rivadavia-111020,77,87,78,73,79,34,71,https://www.fcratings.com/nations/colombia-56
Colombia,Colombia,Colombia,K,https://www.fcratings.com/nations/colombia-56,19,Yerry Mina,https://www.fcratings.com/yerry-mina-220523,CB,Cagliari Calcio,https://www.fcratings.com/clubs/cagliari-calcio-1842,76,34,50,51,55,77,82,https://www.fcratings.com/nations/colombia-56
Colombia,Colombia,Colombia,K,https://www.fcratings.com/nations/colombia-56,20,Miguel Borja,https://www.fcratings.com/miguel-borja-219862,ST,Club Atlético River Plate,https://www.fcratings.com/clubs/club-atletico-river-plate-1876,76,76,76,68,71,41,83,https://www.fcratings.com/nations/colombia-56
Colombia,Colombia,Colombia,K,https://www.fcratings.com/nations/colombia-56,21,Jaminton Campaz,https://www.fcratings.com/jaminton-campaz-238230,LM,Rosario Central,https://www.fcratings.com/clubs/rosario-central-110580,76,82,73,73,76,30,59,https://www.fcratings.com/nations/colombia-56
Colombia,Colombia,Colombia,K,https://www.fcratings.com/nations/colombia-56,22,Jhon Lucumí,https://www.fcratings.com/jhon-lucumi-231207,CB,Bologna FC 1909,https://www.fcratings.com/clubs/bologna-fc-1909-189,76,65,38,62,61,77,78,https://www.fcratings.com/nations/colombia-56
Colombia,Colombia,Colombia,K,https://www.fcratings.com/nations/colombia-56,23,Álvaro Montero,https://www.fcratings.com/alvaro-montero-229541,GK,Club Atlético Vélez Sarsfield,https://www.fcratings.com/clubs/club-atletico-velez-sarsfield-101088,76,76,74,72,76,43,75,https://www.fcratings.com/nations/colombia-56
Colombia,Colombia,Colombia,K,https://www.fcratings.com/nations/colombia-56,24,Alfredo Morelos,https://www.fcratings.com/alfredo-morelos-221714,ST,,,76,70,76,66,72,43,77,https://www.fcratings.com/nations/colombia-56
Colombia,Colombia,Colombia,K,https://www.fcratings.com/nations/colombia-56,25,Mateus Uribe,https://www.fcratings.com/mateus-uribe-214047,CM,,,75,72,74,73,75,74,73,https://www.fcratings.com/nations/colombia-56
Colombia,Colombia,Colombia,K,https://www.fcratings.com/nations/colombia-56,26,Juan Cuadrado,https://www.fcratings.com/juan-cuadrado-193082,RM,Pisa SC,https://www.fcratings.com/clubs/pisa-sc-110738,75,77,72,76,76,74,59,https://www.fcratings.com/nations/colombia-56
Colombia,Colombia,Colombia,K,https://www.fcratings.com/nations/colombia-56,27,David Ospina,https://www.fcratings.com/david-ospina-176550,GK,,,75,75,74,75,74,53,76,https://www.fcratings.com/nations/colombia-56
Colombia,Colombia,Colombia,K,https://www.fcratings.com/nations/colombia-56,28,Luis Muriel,https://www.fcratings.com/luis-muriel-199110,ST,Orlando City SC,https://www.fcratings.com/clubs/orlando-city-sc-112606,75,69,77,73,79,29,65,https://www.fcratings.com/nations/colombia-56
Colombia,Colombia,Colombia,K,https://www.fcratings.com/nations/colombia-56,29,Nelson Deossa,https://www.fcratings.com/nelson-deossa-267430,CM,Real Betis,https://www.fcratings.com/clubs/real-betis-449,75,77,76,72,74,73,78,https://www.fcratings.com/nations/colombia-56
Colombia,Colombia,Colombia,K,https://www.fcratings.com/nations/colombia-56,30,Dayro Moreno,https://www.fcratings.com/dayro-moreno-187075,ST,,,75,66,80,73,71,38,68,https://www.fcratings.com/nations/colombia-56
Colombia,Colombia,Colombia,K,https://www.fcratings.com/nations/colombia-56,31,Jorelyn Carabalí,https://www.fcratings.com/jorelyn-carabali-273149,CB,Brighton & Hove Albion W.F.C.,https://www.fcratings.com/clubs/brighton-hove-albion-wfc-116013,75,63,36,54,61,75,72,https://www.fcratings.com/nations/colombia-56
Colombia,Colombia,Colombia,K,https://www.fcratings.com/nations/colombia-56,32,Edwin Cardona,https://www.fcratings.com/edwin-cardona-192342,CAM,,,75,47,72,79,74,33,67,https://www.fcratings.com/nations/colombia-56
Colombia,Colombia,Colombia,K,https://www.fcratings.com/nations/colombia-56,33,Roger Martínez,https://www.fcratings.com/roger-martinez-219797,ST,Al Taawoun FC,https://www.fcratings.com/clubs/al-taawoun-fc-112393,75,74,76,68,77,41,80,https://www.fcratings.com/nations/colombia-56
Colombia,Colombia,Colombia,K,https://www.fcratings.com/nations/colombia-56,34,Kevin Castaño,https://www.fcratings.com/kevin-castano-272951,CM,Club Atlético River Plate,https://www.fcratings.com/clubs/club-atletico-river-plate-1876,74,69,64,74,76,71,72,https://www.fcratings.com/nations/colombia-56
Colombia,Colombia,Colombia,K,https://www.fcratings.com/nations/colombia-56,35,Deiver Machado,https://www.fcratings.com/deiver-machado-220837,LB,FC Nantes,https://www.fcratings.com/clubs/fc-nantes-71,74,77,69,70,73,70,72,https://www.fcratings.com/nations/colombia-56
Colombia,Colombia,Colombia,K,https://www.fcratings.com/nations/colombia-56,36,Yáser Asprilla,https://www.fcratings.com/yaser-asprilla-271464,RM,Galatasaray S.K.,https://www.fcratings.com/clubs/galatasaray-sk-325,74,80,72,72,75,50,63,https://www.fcratings.com/nations/colombia-56
Colombia,Colombia,Colombia,K,https://www.fcratings.com/nations/colombia-56,37,Yeimar Gómez Andrade,https://www.fcratings.com/yeimar-gomez-andrade-224396,CB,Seattle Sounders FC,https://www.fcratings.com/clubs/seattle-sounders-fc-111144,74,63,33,48,58,74,81,https://www.fcratings.com/nations/colombia-56
Colombia,Colombia,Colombia,K,https://www.fcratings.com/nations/colombia-56,38,Juan David Cabal,https://www.fcratings.com/juan-david-cabal-251870,LB,Juventus FC,https://www.fcratings.com/clubs/juventus-fc-45,74,73,38,69,65,74,69,https://www.fcratings.com/nations/colombia-56
Colombia,Colombia,Colombia,K,https://www.fcratings.com/nations/colombia-56,39,William Tesillo,https://www.fcratings.com/william-tesillo-214169,CB,,,74,64,29,62,67,76,74,https://www.fcratings.com/nations/colombia-56
Colombia,Colombia,Colombia,K,https://www.fcratings.com/nations/colombia-56,40,Edwuin Cetré,https://www.fcratings.com/edwuin-cetre-242426,LM,Estudiantes de La Plata,https://www.fcratings.com/clubs/estudiantes-de-la-plata-101083,74,78,71,69,77,43,69,https://www.fcratings.com/nations/colombia-56
Colombia,Colombia,Colombia,K,https://www.fcratings.com/nations/colombia-56,41,Juan Ferney Otero,https://www.fcratings.com/juan-ferney-otero-224428,ST,Royal Charleroi SC,https://www.fcratings.com/clubs/royal-charleroi-sc-459,74,88,73,72,74,31,76,https://www.fcratings.com/nations/colombia-56
Colombia,Colombia,Colombia,K,https://www.fcratings.com/nations/colombia-56,42,Jorman Campuzano,https://www.fcratings.com/jorman-campuzano-242267,CDM,,,74,73,40,63,67,71,72,https://www.fcratings.com/nations/colombia-56
Colombia,Colombia,Colombia,K,https://www.fcratings.com/nations/colombia-56,43,Jhohan Romaña,https://www.fcratings.com/jhohan-romana-233814,CB,San Lorenzo de Almagro,https://www.fcratings.com/clubs/san-lorenzo-de-almagro-1013,74,68,29,51,51,73,81,https://www.fcratings.com/nations/colombia-56
Colombia,Colombia,Colombia,K,https://www.fcratings.com/nations/colombia-56,44,Eduard Atuesta,https://www.fcratings.com/eduard-atuesta-236298,CM,Orlando City SC,https://www.fcratings.com/clubs/orlando-city-sc-112606,73,65,57,74,75,64,71,https://www.fcratings.com/nations/colombia-56
Colombia,Colombia,Colombia,K,https://www.fcratings.com/nations/colombia-56,45,Duván Vergara,https://www.fcratings.com/duvan-vergara-230975,LW,Racing Club de Avellaneda,https://www.fcratings.com/clubs/racing-club-de-avellaneda-101085,73,78,72,69,74,41,64,https://www.fcratings.com/nations/colombia-56
Colombia,Colombia,Colombia,K,https://www.fcratings.com/nations/colombia-56,46,Juan Camilo Portilla,https://www.fcratings.com/juan-camilo-portilla-248191,CDM,Talleres de Córdoba,https://www.fcratings.com/clubs/talleres-de-cordoba-112670,73,69,66,67,67,68,75,https://www.fcratings.com/nations/colombia-56
Colombia,Colombia,Colombia,K,https://www.fcratings.com/nations/colombia-56,47,Julián Millán,https://www.fcratings.com/julian-millan-233822,CB,,,73,74,49,57,58,75,73,https://www.fcratings.com/nations/colombia-56
Colombia,Colombia,Colombia,K,https://www.fcratings.com/nations/colombia-56,48,Daniela Arias,https://www.fcratings.com/daniela-arias-273158,CB,San Diego FC,https://www.fcratings.com/clubs/san-diego-fc-116312,73,60,55,55,69,75,70,https://www.fcratings.com/nations/colombia-56
Colombia,Colombia,Colombia,K,https://www.fcratings.com/nations/colombia-56,49,Felipe Román,https://www.fcratings.com/felipe-roman-237242,RB,,,73,82,56,66,64,65,75,https://www.fcratings.com/nations/colombia-56
Colombia,Colombia,Colombia,K,https://www.fcratings.com/nations/colombia-56,50,Daniel Cataño,https://www.fcratings.com/daniel-catano-231667,CAM,,,72,67,69,69,72,46,59,https://www.fcratings.com/nations/colombia-56
DR Congo,DR Congo,Congo DR,K,https://www.fcratings.com/nations/congo-dr-110,1,Yoane Wissa,https://www.fcratings.com/yoane-wissa-234824,ST,Newcastle United F.C.,https://www.fcratings.com/clubs/newcastle-united-fc-13,81,85,82,70,80,31,71,https://www.fcratings.com/nations/congo-dr-110
DR Congo,DR Congo,Congo DR,K,https://www.fcratings.com/nations/congo-dr-110,2,Simon Banza,https://www.fcratings.com/simon-banza-231652,ST,S.C. Braga,https://www.fcratings.com/clubs/sc-braga-1896,80,79,80,62,77,36,79,https://www.fcratings.com/nations/congo-dr-110
DR Congo,DR Congo,Congo DR,K,https://www.fcratings.com/nations/congo-dr-110,3,Aaron Wan-Bissaka,https://www.fcratings.com/aaron-wan-bissaka-229880,RB,West Ham United F.C.,https://www.fcratings.com/clubs/west-ham-united-fc-19,79,79,51,69,76,77,73,https://www.fcratings.com/nations/congo-dr-110
DR Congo,DR Congo,Congo DR,K,https://www.fcratings.com/nations/congo-dr-110,4,Noah Sadiki,https://www.fcratings.com/noah-sadiki-269230,CM,Sunderland A.F.C.,https://www.fcratings.com/clubs/sunderland-afc-106,78,79,66,73,80,75,77,https://www.fcratings.com/nations/congo-dr-110
DR Congo,DR Congo,Congo DR,K,https://www.fcratings.com/nations/congo-dr-110,5,Cédric Bakambu,https://www.fcratings.com/cedric-bakambu-198951,ST,Real Betis,https://www.fcratings.com/clubs/real-betis-449,75,79,75,68,70,37,68,https://www.fcratings.com/nations/congo-dr-110
DR Congo,DR Congo,Congo DR,K,https://www.fcratings.com/nations/congo-dr-110,6,Arthur Masuaku,https://www.fcratings.com/arthur-masuaku-212491,LB,RC Lens,https://www.fcratings.com/clubs/rc-lens-64,75,79,62,74,78,68,79,https://www.fcratings.com/nations/congo-dr-110
DR Congo,DR Congo,Congo DR,K,https://www.fcratings.com/nations/congo-dr-110,7,Merveille Kanjinga,https://www.fcratings.com/merveille-kanjinga-77050,ST,Paris Saint-Germain FC Women,https://www.fcratings.com/clubs/paris-saint-germain-fc-women-116034,75,71,74,53,69,29,74,https://www.fcratings.com/nations/congo-dr-110
DR Congo,DR Congo,Congo DR,K,https://www.fcratings.com/nations/congo-dr-110,8,Joris Kayembe,https://www.fcratings.com/joris-kayembe-222875,LB,KRC Genk,https://www.fcratings.com/clubs/krc-genk-673,74,80,60,71,73,68,74,https://www.fcratings.com/nations/congo-dr-110
DR Congo,DR Congo,Congo DR,K,https://www.fcratings.com/nations/congo-dr-110,9,Ngal'ayel Mukau,https://www.fcratings.com/ngalayel-mukau-274447,CDM,Lille OSC,https://www.fcratings.com/clubs/lille-osc-65,74,70,61,67,72,70,75,https://www.fcratings.com/nations/congo-dr-110
DR Congo,DR Congo,Congo DR,K,https://www.fcratings.com/nations/congo-dr-110,10,Silas,https://www.fcratings.com/silas-245940,RM,1. FSV Mainz 05,https://www.fcratings.com/clubs/1-fsv-mainz-05-169,73,88,68,60,77,52,71,https://www.fcratings.com/nations/congo-dr-110
DR Congo,DR Congo,Congo DR,K,https://www.fcratings.com/nations/congo-dr-110,11,Axel Tuanzebe,https://www.fcratings.com/axel-tuanzebe-231485,RB,Burnley F.C.,https://www.fcratings.com/clubs/burnley-fc-1796,73,76,36,64,67,72,74,https://www.fcratings.com/nations/congo-dr-110
DR Congo,DR Congo,Congo DR,K,https://www.fcratings.com/nations/congo-dr-110,12,Afimico Pululu,https://www.fcratings.com/afimico-pululu-239267,ST,Jagiellonia Białystok,https://www.fcratings.com/clubs/jagiellonia-bialystok-110745,73,85,72,59,73,27,75,https://www.fcratings.com/nations/congo-dr-110
DR Congo,DR Congo,Congo DR,K,https://www.fcratings.com/nations/congo-dr-110,13,Beni Baningime,https://www.fcratings.com/beni-baningime-238062,CDM,Heart of Midlothian F.C.,https://www.fcratings.com/clubs/heart-of-midlothian-fc-80,73,46,52,64,73,70,73,https://www.fcratings.com/nations/congo-dr-110
DR Congo,DR Congo,Congo DR,K,https://www.fcratings.com/nations/congo-dr-110,14,Brian Cipenga,https://www.fcratings.com/brian-cipenga-73317,LM,CD Castellón,https://www.fcratings.com/clubs/cd-castellon-100852,73,87,67,65,76,33,63,https://www.fcratings.com/nations/congo-dr-110
DR Congo,DR Congo,Congo DR,K,https://www.fcratings.com/nations/congo-dr-110,15,Samuel Essende,https://www.fcratings.com/samuel-essende-245716,ST,BSC Young Boys,https://www.fcratings.com/clubs/bsc-young-boys-900,72,73,69,50,67,26,81,https://www.fcratings.com/nations/congo-dr-110
DR Congo,DR Congo,Congo DR,K,https://www.fcratings.com/nations/congo-dr-110,16,Edo Kayembe,https://www.fcratings.com/edo-kayembe-242217,CM,Watford F.C.,https://www.fcratings.com/clubs/watford-fc-1795,71,72,67,69,70,67,78,https://www.fcratings.com/nations/congo-dr-110
DR Congo,DR Congo,Congo DR,K,https://www.fcratings.com/nations/congo-dr-110,17,Charles Pickel,https://www.fcratings.com/charles-pickel-233884,CM,RCD Espanyol,https://www.fcratings.com/clubs/rcd-espanyol-452,70,63,63,67,68,68,79,https://www.fcratings.com/nations/congo-dr-110
DR Congo,DR Congo,Congo DR,K,https://www.fcratings.com/nations/congo-dr-110,18,Steve Kapuadi,https://www.fcratings.com/steve-kapuadi-269507,CB,Widzew Łódź,https://www.fcratings.com/clubs/widzew-lodz-301,70,65,33,45,49,69,83,https://www.fcratings.com/nations/congo-dr-110
DR Congo,DR Congo,Congo DR,K,https://www.fcratings.com/nations/congo-dr-110,19,Jackson Muleka,https://www.fcratings.com/jackson-muleka-258685,ST,Konyaspor,https://www.fcratings.com/clubs/konyaspor-101033,70,81,69,59,71,36,75,https://www.fcratings.com/nations/congo-dr-110
DR Congo,DR Congo,Congo DR,K,https://www.fcratings.com/nations/congo-dr-110,20,Oscar Taty Maritu,https://www.fcratings.com/oscar-taty-maritu-257518,ST,Yunnan Yukun F.C.,https://www.fcratings.com/clubs/yunnan-yukun-fc-131531,70,88,69,57,69,27,67,https://www.fcratings.com/nations/congo-dr-110
DR Congo,DR Congo,Congo DR,K,https://www.fcratings.com/nations/congo-dr-110,21,Nathanaël Mbuku,https://www.fcratings.com/nathanael-mbuku-253036,RM,Montpellier HSC,https://www.fcratings.com/clubs/montpellier-hsc-70,70,73,63,68,74,33,53,https://www.fcratings.com/nations/congo-dr-110
DR Congo,DR Congo,Congo DR,K,https://www.fcratings.com/nations/congo-dr-110,22,Jeremy Ngakia,https://www.fcratings.com/jeremy-ngakia-247623,RB,Watford F.C.,https://www.fcratings.com/clubs/watford-fc-1795,70,73,49,59,68,68,64,https://www.fcratings.com/nations/congo-dr-110
DR Congo,DR Congo,Congo DR,K,https://www.fcratings.com/nations/congo-dr-110,23,Lionel Mpasi,https://www.fcratings.com/lionel-mpasi-223150,GK,Le Havre AC,https://www.fcratings.com/clubs/le-havre-ac-1738,70,70,66,66,74,45,68,https://www.fcratings.com/nations/congo-dr-110
DR Congo,DR Congo,Congo DR,K,https://www.fcratings.com/nations/congo-dr-110,24,Dylan Batubinsika,https://www.fcratings.com/dylan-batubinsika-239814,CB,AS Saint-Étienne,https://www.fcratings.com/clubs/as-saint-etienne-1819,69,68,28,51,55,67,77,https://www.fcratings.com/nations/congo-dr-110
DR Congo,DR Congo,Congo DR,K,https://www.fcratings.com/nations/congo-dr-110,25,Marcel Tisserand,https://www.fcratings.com/marcel-tisserand-216247,CB,,,69,70,58,66,66,67,80,https://www.fcratings.com/nations/congo-dr-110
DR Congo,DR Congo,Congo DR,K,https://www.fcratings.com/nations/congo-dr-110,26,William Balikwisha,https://www.fcratings.com/william-balikwisha-244843,CAM,Oud-Heverlee Leuven,https://www.fcratings.com/clubs/oud-heverlee-leuven-100087,68,75,61,63,75,41,61,https://www.fcratings.com/nations/congo-dr-110
DR Congo,DR Congo,Congo DR,K,https://www.fcratings.com/nations/congo-dr-110,27,Rocky Bushiri,https://www.fcratings.com/rocky-bushiri-239259,CB,Hibernian F.C.,https://www.fcratings.com/clubs/hibernian-fc-81,68,68,33,45,47,65,85,https://www.fcratings.com/nations/congo-dr-110
DR Congo,DR Congo,Congo DR,K,https://www.fcratings.com/nations/congo-dr-110,28,Meschack Elia,https://www.fcratings.com/meschack-elia-251532,ST,Alanyaspor,https://www.fcratings.com/clubs/alanyaspor-113142,67,79,66,65,71,26,69,https://www.fcratings.com/nations/congo-dr-110
DR Congo,DR Congo,Congo DR,K,https://www.fcratings.com/nations/congo-dr-110,29,Stone Mambo,https://www.fcratings.com/stone-mambo-251385,CB,Grenoble Foot 38,https://www.fcratings.com/clubs/grenoble-foot-38-1805,67,64,30,56,63,66,74,https://www.fcratings.com/nations/congo-dr-110
DR Congo,DR Congo,Congo DR,K,https://www.fcratings.com/nations/congo-dr-110,30,Samuel Bastien,https://www.fcratings.com/samuel-bastien-223926,CM,,,66,63,66,66,71,61,63,https://www.fcratings.com/nations/congo-dr-110
DR Congo,DR Congo,Congo DR,K,https://www.fcratings.com/nations/congo-dr-110,31,Fabrice N'Sakala,https://www.fcratings.com/fabrice-nsakala-191390,LB,FC Annecy,https://www.fcratings.com/clubs/fc-annecy-131447,66,69,45,60,64,63,71,https://www.fcratings.com/nations/congo-dr-110
DR Congo,DR Congo,Congo DR,K,https://www.fcratings.com/nations/congo-dr-110,32,Peter Kioso,https://www.fcratings.com/peter-kioso-255314,RB,Peterborough United F.C.,https://www.fcratings.com/clubs/peterborough-united-fc-1938,66,69,45,58,63,63,68,https://www.fcratings.com/nations/congo-dr-110
DR Congo,DR Congo,Congo DR,K,https://www.fcratings.com/nations/congo-dr-110,33,Jeremy Bokila,https://www.fcratings.com/jeremy-bokila-220178,ST,Livingston F.C.,https://www.fcratings.com/clubs/livingston-fc-621,65,71,63,53,61,31,71,https://www.fcratings.com/nations/congo-dr-110
DR Congo,DR Congo,Congo DR,K,https://www.fcratings.com/nations/congo-dr-110,34,Jordan Ikoko,https://www.fcratings.com/jordan-ikoko-210394,RB,FC Dinamo București,https://www.fcratings.com/clubs/fc-dinamo-bucuresti-100757,65,69,42,59,64,61,64,https://www.fcratings.com/nations/congo-dr-110
DR Congo,DR Congo,Congo DR,K,https://www.fcratings.com/nations/congo-dr-110,35,Pelly-Ruddock Mpanzu,https://www.fcratings.com/pelly-ruddock-mpanzu-207956,CM,Cambridge United F.C.,https://www.fcratings.com/clubs/cambridge-united-fc-1944,64,72,62,62,65,64,80,https://www.fcratings.com/nations/congo-dr-110
DR Congo,DR Congo,Congo DR,K,https://www.fcratings.com/nations/congo-dr-110,36,Beryly Lubala,https://www.fcratings.com/beryly-lubala-234241,ST,Stevenage F.C.,https://www.fcratings.com/clubs/stevenage-fc-361,63,82,65,58,65,36,62,https://www.fcratings.com/nations/congo-dr-110
DR Congo,DR Congo,Congo DR,K,https://www.fcratings.com/nations/congo-dr-110,37,Toto Nsiala,https://www.fcratings.com/toto-nsiala-196953,CB,Shrewsbury Town F.C.,https://www.fcratings.com/clubs/shrewsbury-town-fc-127,63,57,38,48,46,60,77,https://www.fcratings.com/nations/congo-dr-110
DR Congo,DR Congo,Congo DR,K,https://www.fcratings.com/nations/congo-dr-110,38,Elias Kachunga,https://www.fcratings.com/elias-kachunga-201514,RW,Cambridge United F.C.,https://www.fcratings.com/clubs/cambridge-united-fc-1944,62,70,61,58,64,46,63,https://www.fcratings.com/nations/congo-dr-110
DR Congo,DR Congo,Congo DR,K,https://www.fcratings.com/nations/congo-dr-110,39,Nicke Kabamba,https://www.fcratings.com/nicke-kabamba-237355,ST,Bromley F.C.,https://www.fcratings.com/clubs/bromley-fc-112764,62,65,61,45,61,30,71,https://www.fcratings.com/nations/congo-dr-110
DR Congo,DR Congo,Congo DR,K,https://www.fcratings.com/nations/congo-dr-110,40,Filozofe Mabete,https://www.fcratings.com/filozofe-mabete-79092,CB,Swindon Town F.C.,https://www.fcratings.com/clubs/swindon-town-fc-1934,61,63,30,49,55,60,66,https://www.fcratings.com/nations/congo-dr-110
DR Congo,DR Congo,Congo DR,K,https://www.fcratings.com/nations/congo-dr-110,41,Cédric Makutungu,https://www.fcratings.com/cedric-makutungu-79498,LB,FC Annecy,https://www.fcratings.com/clubs/fc-annecy-131447,60,67,33,41,57,60,54,https://www.fcratings.com/nations/congo-dr-110
DR Congo,DR Congo,Congo DR,K,https://www.fcratings.com/nations/congo-dr-110,42,Messy Manitu,https://www.fcratings.com/messy-manitu-73290,LM,Amiens SC,https://www.fcratings.com/clubs/amiens-sc-1816,59,75,46,56,64,40,39,https://www.fcratings.com/nations/congo-dr-110
Portugal,Portugal,Portugal,K,https://www.fcratings.com/nations/portugal-38,1,Vitinha,https://www.fcratings.com/vitinha-255253,CM,Paris Saint-Germain FC,https://www.fcratings.com/clubs/paris-saint-germain-fc-73,90,72,81,87,91,75,70,https://www.fcratings.com/nations/portugal-38
Portugal,Portugal,Portugal,K,https://www.fcratings.com/nations/portugal-38,2,Bruno Fernandes,https://www.fcratings.com/bruno-fernandes-212198,CAM,Manchester United F.C.,https://www.fcratings.com/clubs/manchester-united-fc-11,88,67,84,90,84,67,75,https://www.fcratings.com/nations/portugal-38
Portugal,Portugal,Portugal,K,https://www.fcratings.com/nations/portugal-38,3,Nuno Mendes,https://www.fcratings.com/nuno-mendes-252145,LB,Paris Saint-Germain FC,https://www.fcratings.com/clubs/paris-saint-germain-fc-73,88,95,76,79,86,82,77,https://www.fcratings.com/nations/portugal-38
Portugal,Portugal,Portugal,K,https://www.fcratings.com/nations/portugal-38,4,João Neves,https://www.fcratings.com/joao-neves-272834,CM,Paris Saint-Germain FC,https://www.fcratings.com/clubs/paris-saint-germain-fc-73,88,74,74,82,86,84,83,https://www.fcratings.com/nations/portugal-38
Portugal,Portugal,Portugal,K,https://www.fcratings.com/nations/portugal-38,5,Rúben Dias,https://www.fcratings.com/ruben-dias-239818,CB,Manchester City F.C.,https://www.fcratings.com/clubs/manchester-city-fc-10,87,59,39,69,69,87,84,https://www.fcratings.com/nations/portugal-38
Portugal,Portugal,Portugal,K,https://www.fcratings.com/nations/portugal-38,6,Cristiano Ronaldo,https://www.fcratings.com/cristiano-ronaldo-20801,ST,Al-Nassr FC,https://www.fcratings.com/clubs/al-nassr-fc-112139,85,76,88,76,80,34,76,https://www.fcratings.com/nations/portugal-38
Portugal,Portugal,Portugal,K,https://www.fcratings.com/nations/portugal-38,7,Rúben Neves,https://www.fcratings.com/ruben-neves-224293,CDM,Al Hilal SFC,https://www.fcratings.com/clubs/al-hilal-sfc-605,85,57,75,87,78,78,77,https://www.fcratings.com/nations/portugal-38
Portugal,Portugal,Portugal,K,https://www.fcratings.com/nations/portugal-38,8,João Cancelo,https://www.fcratings.com/joao-cancelo-210514,RB,FC Barcelona,https://www.fcratings.com/clubs/fc-barcelona-241,84,83,73,84,84,78,71,https://www.fcratings.com/nations/portugal-38
Portugal,Portugal,Portugal,K,https://www.fcratings.com/nations/portugal-38,9,Diogo Costa,https://www.fcratings.com/diogo-costa-234577,GK,FC Porto,https://www.fcratings.com/clubs/fc-porto-236,84,83,78,82,86,35,83,https://www.fcratings.com/nations/portugal-38
Portugal,Portugal,Portugal,K,https://www.fcratings.com/nations/portugal-38,10,Rafael Leão,https://www.fcratings.com/rafael-leao-241721,LW,Inter Milan,https://www.fcratings.com/clubs/inter-milan-131681,84,93,78,80,86,28,75,https://www.fcratings.com/nations/portugal-38
Portugal,Portugal,Portugal,K,https://www.fcratings.com/nations/portugal-38,11,Bernardo Silva,https://www.fcratings.com/bernardo-silva-218667,CM,Manchester City F.C.,https://www.fcratings.com/clubs/manchester-city-fc-10,83,56,77,83,88,70,64,https://www.fcratings.com/nations/portugal-38
Portugal,Portugal,Portugal,K,https://www.fcratings.com/nations/portugal-38,12,Trincão,https://www.fcratings.com/trincao-244778,CAM,Sporting CP,https://www.fcratings.com/clubs/sporting-cp-237,83,80,81,80,84,40,71,https://www.fcratings.com/nations/portugal-38
Portugal,Portugal,Portugal,K,https://www.fcratings.com/nations/portugal-38,13,Pedro Gonçalves,https://www.fcratings.com/pedro-goncalves-240950,CAM,Sporting CP,https://www.fcratings.com/clubs/sporting-cp-237,82,76,82,82,83,63,67,https://www.fcratings.com/nations/portugal-38
Portugal,Portugal,Portugal,K,https://www.fcratings.com/nations/portugal-38,14,Palhinha,https://www.fcratings.com/palhinha-229391,CDM,Tottenham Hotspur F.C.,https://www.fcratings.com/clubs/tottenham-hotspur-fc-18,82,52,68,70,72,83,84,https://www.fcratings.com/nations/portugal-38
Portugal,Portugal,Portugal,K,https://www.fcratings.com/nations/portugal-38,15,Rafa,https://www.fcratings.com/rafa-216547,CAM,S.L. Benfica,https://www.fcratings.com/clubs/sl-benfica-234,82,88,75,78,85,48,55,https://www.fcratings.com/nations/portugal-38
Portugal,Portugal,Portugal,K,https://www.fcratings.com/nations/portugal-38,16,Pedro Neto,https://www.fcratings.com/pedro-neto-238616,RM,Chelsea,https://www.fcratings.com/clubs/chelsea-5,82,91,77,77,83,40,70,https://www.fcratings.com/nations/portugal-38
Portugal,Portugal,Portugal,K,https://www.fcratings.com/nations/portugal-38,17,Matheus Nunes,https://www.fcratings.com/matheus-nunes-253124,RB,Manchester City F.C.,https://www.fcratings.com/clubs/manchester-city-fc-10,82,87,70,79,79,78,77,https://www.fcratings.com/nations/portugal-38
Portugal,Portugal,Portugal,K,https://www.fcratings.com/nations/portugal-38,18,Otávio,https://www.fcratings.com/otavio-210411,CAM,Al Qadsiah FC,https://www.fcratings.com/clubs/al-qadsiah-fc-112391,81,76,69,82,86,69,74,https://www.fcratings.com/nations/portugal-38
Portugal,Portugal,Portugal,K,https://www.fcratings.com/nations/portugal-38,19,Ricardo Horta,https://www.fcratings.com/ricardo-horta-213516,CAM,S.C. Braga,https://www.fcratings.com/clubs/sc-braga-1896,81,78,81,81,82,46,69,https://www.fcratings.com/nations/portugal-38
Portugal,Portugal,Portugal,K,https://www.fcratings.com/nations/portugal-38,20,Rui Silva,https://www.fcratings.com/rui-silva-210385,GK,Sporting CP,https://www.fcratings.com/clubs/sporting-cp-237,81,82,78,77,84,31,81,https://www.fcratings.com/nations/portugal-38
Portugal,Portugal,Portugal,K,https://www.fcratings.com/nations/portugal-38,21,Gonçalo Inácio,https://www.fcratings.com/goncalo-inacio-257179,CB,Sporting CP,https://www.fcratings.com/clubs/sporting-cp-237,81,77,37,71,73,82,81,https://www.fcratings.com/nations/portugal-38
Portugal,Portugal,Portugal,K,https://www.fcratings.com/nations/portugal-38,22,Danilo Pereira,https://www.fcratings.com/danilo-pereira-200888,CB,Al-Ittihad Club,https://www.fcratings.com/clubs/al-ittihad-club-607,81,49,64,68,71,82,84,https://www.fcratings.com/nations/portugal-38
Portugal,Portugal,Portugal,K,https://www.fcratings.com/nations/portugal-38,23,João Félix,https://www.fcratings.com/joao-felix-242444,CAM,Al-Nassr FC,https://www.fcratings.com/clubs/al-nassr-fc-112139,81,77,81,78,83,45,66,https://www.fcratings.com/nations/portugal-38
Portugal,Portugal,Portugal,K,https://www.fcratings.com/nations/portugal-38,24,Andreia Jacinto,https://www.fcratings.com/andreia-jacinto-261843,CM,Real Sociedad B,https://www.fcratings.com/clubs/real-sociedad-b-116336,80,74,65,78,77,65,72,https://www.fcratings.com/nations/portugal-38
Portugal,Portugal,Portugal,K,https://www.fcratings.com/nations/portugal-38,25,Gonçalo Ramos,https://www.fcratings.com/goncalo-ramos-256903,ST,Paris Saint-Germain FC,https://www.fcratings.com/clubs/paris-saint-germain-fc-73,80,73,79,64,77,48,79,https://www.fcratings.com/nations/portugal-38
Portugal,Portugal,Portugal,K,https://www.fcratings.com/nations/portugal-38,26,Raphaël Guerreiro,https://www.fcratings.com/raphael-guerreiro-209889,LB,FC Bayern Munich,https://www.fcratings.com/clubs/fc-bayern-munich-21,79,69,76,83,86,73,53,https://www.fcratings.com/nations/portugal-38
Portugal,Portugal,Portugal,K,https://www.fcratings.com/nations/portugal-38,27,Kika Nazareth,https://www.fcratings.com/kika-nazareth-261855,LW,FC Barcelona Femení,https://www.fcratings.com/clubs/fc-barcelona-femeni-116325,79,79,76,77,80,56,66,https://www.fcratings.com/nations/portugal-38
Portugal,Portugal,Portugal,K,https://www.fcratings.com/nations/portugal-38,28,Fábio Silva,https://www.fcratings.com/fabio-silva-252037,ST,Borussia Dortmund,https://www.fcratings.com/clubs/borussia-dortmund-22,79,81,76,67,81,33,78,https://www.fcratings.com/nations/portugal-38
Portugal,Portugal,Portugal,K,https://www.fcratings.com/nations/portugal-38,29,Francisco Conceição,https://www.fcratings.com/francisco-conceicao-261050,RM,Juventus FC,https://www.fcratings.com/clubs/juventus-fc-45,79,88,73,74,85,37,50,https://www.fcratings.com/nations/portugal-38
Portugal,Portugal,Portugal,K,https://www.fcratings.com/nations/portugal-38,30,Mateus Fernandes,https://www.fcratings.com/mateus-fernandes-270857,CAM,West Ham United F.C.,https://www.fcratings.com/clubs/west-ham-united-fc-19,79,70,73,79,80,72,67,https://www.fcratings.com/nations/portugal-38
Portugal,Portugal,Portugal,K,https://www.fcratings.com/nations/portugal-38,31,Diogo Dalot,https://www.fcratings.com/diogo-dalot-234574,RB,Manchester United F.C.,https://www.fcratings.com/clubs/manchester-united-fc-11,78,82,62,73,75,74,78,https://www.fcratings.com/nations/portugal-38
Portugal,Portugal,Portugal,K,https://www.fcratings.com/nations/portugal-38,32,Chiquinho,https://www.fcratings.com/chiquinho-243686,CM,Olympiacos F.C.,https://www.fcratings.com/clubs/olympiacos-fc-280,78,74,75,78,78,69,70,https://www.fcratings.com/nations/portugal-38
Portugal,Portugal,Portugal,K,https://www.fcratings.com/nations/portugal-38,33,Samú Costa,https://www.fcratings.com/samu-costa-255566,CDM,RCD Mallorca,https://www.fcratings.com/clubs/rcd-mallorca-453,78,61,66,69,71,77,79,https://www.fcratings.com/nations/portugal-38
Portugal,Portugal,Portugal,K,https://www.fcratings.com/nations/portugal-38,34,Inês Pereira,https://www.fcratings.com/ines-pereira-261848,GK,Deportivo de La Coruña,https://www.fcratings.com/clubs/deportivo-de-la-coruna-131720,78,78,74,78,80,37,74,https://www.fcratings.com/nations/portugal-38
Portugal,Portugal,Portugal,K,https://www.fcratings.com/nations/portugal-38,35,Gelson Martins,https://www.fcratings.com/gelson-martins-227055,RM,Olympiacos F.C.,https://www.fcratings.com/clubs/olympiacos-fc-280,78,87,69,71,83,51,64,https://www.fcratings.com/nations/portugal-38
Portugal,Portugal,Portugal,K,https://www.fcratings.com/nations/portugal-38,36,Tomás Araújo,https://www.fcratings.com/tomas-araujo-266096,CB,S.L. Benfica,https://www.fcratings.com/clubs/sl-benfica-234,78,82,30,69,72,77,79,https://www.fcratings.com/nations/portugal-38
Portugal,Portugal,Portugal,K,https://www.fcratings.com/nations/portugal-38,37,Carole Costa,https://www.fcratings.com/carole-costa-261829,CB,S.L. Benfica Women,https://www.fcratings.com/clubs/sl-benfica-women-131358,78,64,56,66,63,79,74,https://www.fcratings.com/nations/portugal-38
Portugal,Portugal,Portugal,K,https://www.fcratings.com/nations/portugal-38,38,Nélson Semedo,https://www.fcratings.com/nelson-semedo-227928,RB,Fenerbahçe S.K.,https://www.fcratings.com/clubs/fenerbahce-sk-326,78,80,63,71,79,74,73,https://www.fcratings.com/nations/portugal-38
Portugal,Portugal,Portugal,K,https://www.fcratings.com/nations/portugal-38,39,Renato Veiga,https://www.fcratings.com/renato-veiga-273906,CB,Villarreal CF,https://www.fcratings.com/clubs/villarreal-cf-483,78,80,60,73,72,77,82,https://www.fcratings.com/nations/portugal-38
Portugal,Portugal,Portugal,K,https://www.fcratings.com/nations/portugal-38,40,Gonçalo Guedes,https://www.fcratings.com/goncalo-guedes-224411,ST,Real Sociedad,https://www.fcratings.com/clubs/real-sociedad-457,78,81,80,74,78,37,68,https://www.fcratings.com/nations/portugal-38
Portugal,Portugal,Portugal,K,https://www.fcratings.com/nations/portugal-38,41,Daniel Heuer Fernandes,https://www.fcratings.com/daniel-heuer-fernandes-212197,GK,Hamburger SV,https://www.fcratings.com/clubs/hamburger-sv-28,78,79,75,84,78,41,78,https://www.fcratings.com/nations/portugal-38
Portugal,Portugal,Portugal,K,https://www.fcratings.com/nations/portugal-38,42,Florentino,https://www.fcratings.com/florentino-234569,CDM,Burnley F.C.,https://www.fcratings.com/clubs/burnley-fc-1796,77,55,53,68,72,78,75,https://www.fcratings.com/nations/portugal-38
Portugal,Portugal,Portugal,K,https://www.fcratings.com/nations/portugal-38,43,Nuno Santos,https://www.fcratings.com/nuno-santos-227890,LM,Sporting CP,https://www.fcratings.com/clubs/sporting-cp-237,77,75,80,76,76,69,71,https://www.fcratings.com/nations/portugal-38
Portugal,Portugal,Portugal,K,https://www.fcratings.com/nations/portugal-38,44,Francisco Moura,https://www.fcratings.com/francisco-moura-251615,LB,FC Porto,https://www.fcratings.com/clubs/fc-porto-236,77,78,63,75,74,73,74,https://www.fcratings.com/nations/portugal-38
Portugal,Portugal,Portugal,K,https://www.fcratings.com/nations/portugal-38,45,Daniel Bragança,https://www.fcratings.com/daniel-braganca-252143,CM,Sporting CP,https://www.fcratings.com/clubs/sporting-cp-237,77,79,71,76,79,66,61,https://www.fcratings.com/nations/portugal-38
Portugal,Portugal,Portugal,K,https://www.fcratings.com/nations/portugal-38,46,Bruma,https://www.fcratings.com/bruma-211368,LW,S.L. Benfica,https://www.fcratings.com/clubs/sl-benfica-234,77,87,76,70,80,32,60,https://www.fcratings.com/nations/portugal-38
Portugal,Portugal,Portugal,K,https://www.fcratings.com/nations/portugal-38,47,Fábio Vieira,https://www.fcratings.com/fabio-vieira-256958,CAM,Hamburger SV,https://www.fcratings.com/clubs/hamburger-sv-28,77,71,74,79,78,57,55,https://www.fcratings.com/nations/portugal-38
Portugal,Portugal,Portugal,K,https://www.fcratings.com/nations/portugal-38,48,António Silva,https://www.fcratings.com/antonio-silva-270086,CB,S.L. Benfica,https://www.fcratings.com/clubs/sl-benfica-234,77,79,37,64,69,77,80,https://www.fcratings.com/nations/portugal-38
Portugal,Portugal,Portugal,K,https://www.fcratings.com/nations/portugal-38,49,João Mário,https://www.fcratings.com/joao-mario-257290,RB,Bologna FC 1909,https://www.fcratings.com/clubs/bologna-fc-1909-189,77,84,63,71,77,70,67,https://www.fcratings.com/nations/portugal-38
Portugal,Portugal,Portugal,K,https://www.fcratings.com/nations/portugal-38,50,Eduardo Quaresma,https://www.fcratings.com/eduardo-quaresma-252144,CB,Sporting CP,https://www.fcratings.com/clubs/sporting-cp-237,77,82,54,66,73,78,75,https://www.fcratings.com/nations/portugal-38
Uzbekistan,Uzbekistan,Uzbekistan,K,https://www.fcratings.com/nations/uzbekistan-191,1,Abdukodir Khusanov,https://www.fcratings.com/abdukodir-khusanov-277031,CB,Manchester City F.C.,https://www.fcratings.com/clubs/manchester-city-fc-10,80,90,39,61,65,80,79,https://www.fcratings.com/nations/uzbekistan-191
Uzbekistan,Uzbekistan,Uzbekistan,K,https://www.fcratings.com/nations/uzbekistan-191,2,Eldor Shomurodov,https://www.fcratings.com/eldor-shomurodov-239964,ST,İstanbul Başakşehir F.K.,https://www.fcratings.com/clubs/istanbul-basaksehir-fk-101014,75,79,74,66,75,40,70,https://www.fcratings.com/nations/uzbekistan-191
Uzbekistan,Uzbekistan,Uzbekistan,K,https://www.fcratings.com/nations/uzbekistan-191,3,Khusniddin Alikulov,https://www.fcratings.com/khusniddin-alikulov-277568,CB,Çaykur Rizespor,https://www.fcratings.com/clubs/caykur-rizespor-101037,65,63,33,47,49,66,69,https://www.fcratings.com/nations/uzbekistan-191
Uzbekistan,Uzbekistan,Uzbekistan,K,https://www.fcratings.com/nations/uzbekistan-191,4,Mukhammadali Urinboev,https://www.fcratings.com/mukhammadali-urinboev-79458,RW,Royal Antwerp FC,https://www.fcratings.com/clubs/royal-antwerp-fc-230,63,60,68,62,66,31,52,https://www.fcratings.com/nations/uzbekistan-191
Croatia,Croatia,Croatia,L,https://www.fcratings.com/nations/croatia-10,1,Joško Gvardiol,https://www.fcratings.com/josko-gvardiol-251517,LB,Manchester City F.C.,https://www.fcratings.com/clubs/manchester-city-fc-10,85,79,71,75,79,85,83,https://www.fcratings.com/nations/croatia-10
Croatia,Croatia,Croatia,L,https://www.fcratings.com/nations/croatia-10,2,Luka Modrić,https://www.fcratings.com/luka-modric-177003,CM,Inter Milan,https://www.fcratings.com/clubs/inter-milan-131681,85,68,74,87,86,73,63,https://www.fcratings.com/nations/croatia-10
Croatia,Croatia,Croatia,L,https://www.fcratings.com/nations/croatia-10,3,Mateo Kovačić,https://www.fcratings.com/mateo-kovacic-207410,CM,Manchester City F.C.,https://www.fcratings.com/clubs/manchester-city-fc-10,82,66,74,80,81,73,71,https://www.fcratings.com/nations/croatia-10
Croatia,Croatia,Croatia,L,https://www.fcratings.com/nations/croatia-10,4,Ante Budimir,https://www.fcratings.com/ante-budimir-188335,ST,CA Osasuna,https://www.fcratings.com/clubs/ca-osasuna-479,82,65,83,63,74,36,81,https://www.fcratings.com/nations/croatia-10
Croatia,Croatia,Croatia,L,https://www.fcratings.com/nations/croatia-10,5,Ivan Perišić,https://www.fcratings.com/ivan-perisic-181458,RW,,,81,75,80,81,79,68,74,https://www.fcratings.com/nations/croatia-10
Croatia,Croatia,Croatia,L,https://www.fcratings.com/nations/croatia-10,6,Andrej Kramarić,https://www.fcratings.com/andrej-kramaric-216354,CAM,TSG 1899 Hoffenheim,https://www.fcratings.com/clubs/tsg-1899-hoffenheim-10029,81,67,82,78,84,33,73,https://www.fcratings.com/nations/croatia-10
Croatia,Croatia,Croatia,L,https://www.fcratings.com/nations/croatia-10,7,Marcelo Brozović,https://www.fcratings.com/marcelo-brozovic-216352,CDM,Al-Nassr FC,https://www.fcratings.com/clubs/al-nassr-fc-112139,80,63,73,78,79,77,79,https://www.fcratings.com/nations/croatia-10
Croatia,Croatia,Croatia,L,https://www.fcratings.com/nations/croatia-10,8,Nikola Vlašić,https://www.fcratings.com/nikola-vlasic-241095,CAM,Turin,https://www.fcratings.com/clubs/turin-54,80,74,78,78,82,57,70,https://www.fcratings.com/nations/croatia-10
Croatia,Croatia,Croatia,L,https://www.fcratings.com/nations/croatia-10,9,Mario Pašalić,https://www.fcratings.com/mario-pasalic-223273,CM,Atalanta BC,https://www.fcratings.com/clubs/atalanta-bc-115845,79,69,77,76,79,67,76,https://www.fcratings.com/nations/croatia-10
Croatia,Croatia,Croatia,L,https://www.fcratings.com/nations/croatia-10,10,Martin Baturina,https://www.fcratings.com/martin-baturina-262842,CAM,Como 1907,https://www.fcratings.com/clubs/como-1907-1745,79,78,72,79,83,63,67,https://www.fcratings.com/nations/croatia-10
Croatia,Croatia,Croatia,L,https://www.fcratings.com/nations/croatia-10,11,Josip Stanišić,https://www.fcratings.com/josip-stanisic-250955,CB,FC Bayern Munich,https://www.fcratings.com/clubs/fc-bayern-munich-21,79,73,44,67,70,79,75,https://www.fcratings.com/nations/croatia-10
Croatia,Croatia,Croatia,L,https://www.fcratings.com/nations/croatia-10,12,Dominik Livaković,https://www.fcratings.com/dominik-livakovic-241671,GK,GNK Dinamo Zagreb,https://www.fcratings.com/clubs/gnk-dinamo-zagreb-211,78,78,75,70,80,56,78,https://www.fcratings.com/nations/croatia-10
Croatia,Croatia,Croatia,L,https://www.fcratings.com/nations/croatia-10,13,Marko Livaja,https://www.fcratings.com/marko-livaja-205855,ST,HNK Hajduk Split,https://www.fcratings.com/clubs/hnk-hajduk-split-263,78,63,80,76,77,43,80,https://www.fcratings.com/nations/croatia-10
Croatia,Croatia,Croatia,L,https://www.fcratings.com/nations/croatia-10,14,Luka Vušković,https://www.fcratings.com/luka-vuskovic-275192,CB,Hamburger SV,https://www.fcratings.com/clubs/hamburger-sv-28,78,59,62,62,63,78,80,https://www.fcratings.com/nations/croatia-10
Croatia,Croatia,Croatia,L,https://www.fcratings.com/nations/croatia-10,15,Lovro Majer,https://www.fcratings.com/lovro-majer-244261,CM,VfL Wolfsburg,https://www.fcratings.com/clubs/vfl-wolfsburg-175,77,70,72,78,80,60,70,https://www.fcratings.com/nations/croatia-10
Croatia,Croatia,Croatia,L,https://www.fcratings.com/nations/croatia-10,16,Josip Šutalo,https://www.fcratings.com/josip-sutalo-256325,CB,,,77,77,32,62,72,77,80,https://www.fcratings.com/nations/croatia-10
Croatia,Croatia,Croatia,L,https://www.fcratings.com/nations/croatia-10,17,Petar Musa,https://www.fcratings.com/petar-musa-244797,ST,FC Dallas,https://www.fcratings.com/clubs/fc-dallas-695,77,82,75,62,71,41,81,https://www.fcratings.com/nations/croatia-10
Croatia,Croatia,Croatia,L,https://www.fcratings.com/nations/croatia-10,18,Petar Sučić,https://www.fcratings.com/petar-sucic-276278,CM,Brescia Calcio,https://www.fcratings.com/clubs/brescia-calcio-131682,77,71,69,76,81,64,74,https://www.fcratings.com/nations/croatia-10
Croatia,Croatia,Croatia,L,https://www.fcratings.com/nations/croatia-10,19,Luka Sučić,https://www.fcratings.com/luka-sucic-258775,CM,Real Sociedad,https://www.fcratings.com/clubs/real-sociedad-457,76,78,74,75,77,68,73,https://www.fcratings.com/nations/croatia-10
Croatia,Croatia,Croatia,L,https://www.fcratings.com/nations/croatia-10,20,Kristijan Kahlina,https://www.fcratings.com/kristijan-kahlina-266282,GK,Charlotte FC,https://www.fcratings.com/clubs/charlotte-fc-114640,76,76,75,73,77,41,77,https://www.fcratings.com/nations/croatia-10
Croatia,Croatia,Croatia,L,https://www.fcratings.com/nations/croatia-10,21,Dominik Kotarski,https://www.fcratings.com/dominik-kotarski-246267,GK,F.C. Copenhagen,https://www.fcratings.com/clubs/fc-copenhagen-819,75,77,72,76,77,46,72,https://www.fcratings.com/nations/croatia-10
Croatia,Croatia,Croatia,L,https://www.fcratings.com/nations/croatia-10,22,Kristijan Jakić,https://www.fcratings.com/kristijan-jakic-257889,CDM,FC Augsburg,https://www.fcratings.com/clubs/fc-augsburg-100409,75,69,62,64,68,75,80,https://www.fcratings.com/nations/croatia-10
Croatia,Croatia,Croatia,L,https://www.fcratings.com/nations/croatia-10,23,Bruno Petković,https://www.fcratings.com/bruno-petkovic-215455,ST,Kocaelispor,https://www.fcratings.com/clubs/kocaelispor-101032,75,68,73,77,77,41,75,https://www.fcratings.com/nations/croatia-10
Croatia,Croatia,Croatia,L,https://www.fcratings.com/nations/croatia-10,24,Nikola Moro,https://www.fcratings.com/nikola-moro-244270,CDM,Bologna FC 1909,https://www.fcratings.com/clubs/bologna-fc-1909-189,75,66,72,74,73,70,72,https://www.fcratings.com/nations/croatia-10
Croatia,Croatia,Croatia,L,https://www.fcratings.com/nations/croatia-10,25,Ivan Smolčić,https://www.fcratings.com/ivan-smolcic-77163,RB,Como 1907,https://www.fcratings.com/clubs/como-1907-1745,75,68,56,66,70,75,77,https://www.fcratings.com/nations/croatia-10
Croatia,Croatia,Croatia,L,https://www.fcratings.com/nations/croatia-10,26,Toma Bašić,https://www.fcratings.com/toma-basic-245275,CM,SS Lazio (Latium),https://www.fcratings.com/clubs/ss-lazio-latium-115841,75,50,71,76,74,74,75,https://www.fcratings.com/nations/croatia-10
Croatia,Croatia,Croatia,L,https://www.fcratings.com/nations/croatia-10,27,Josip Brekalo,https://www.fcratings.com/josip-brekalo-234711,LM,Hertha BSC,https://www.fcratings.com/clubs/hertha-bsc-166,74,74,71,73,77,38,55,https://www.fcratings.com/nations/croatia-10
Croatia,Croatia,Croatia,L,https://www.fcratings.com/nations/croatia-10,28,Franjo Ivanović,https://www.fcratings.com/franjo-ivanovic-74896,ST,S.L. Benfica,https://www.fcratings.com/clubs/sl-benfica-234,74,72,76,66,72,29,73,https://www.fcratings.com/nations/croatia-10
Croatia,Croatia,Croatia,L,https://www.fcratings.com/nations/croatia-10,29,Duje Ćaleta-Car,https://www.fcratings.com/duje-caleta-car-225263,CB,Real Sociedad,https://www.fcratings.com/clubs/real-sociedad-457,74,58,40,55,57,73,77,https://www.fcratings.com/nations/croatia-10
Croatia,Croatia,Croatia,L,https://www.fcratings.com/nations/croatia-10,30,Dinko Horkaš,https://www.fcratings.com/dinko-horkas-244262,GK,UD Las Palmas,https://www.fcratings.com/clubs/ud-las-palmas-472,74,73,72,70,78,48,72,https://www.fcratings.com/nations/croatia-10
Croatia,Croatia,Croatia,L,https://www.fcratings.com/nations/croatia-10,31,Dion Drena Beljo,https://www.fcratings.com/dion-drena-beljo-271384,ST,GNK Dinamo Zagreb,https://www.fcratings.com/clubs/gnk-dinamo-zagreb-211,74,61,75,50,69,31,74,https://www.fcratings.com/nations/croatia-10
Croatia,Croatia,Croatia,L,https://www.fcratings.com/nations/croatia-10,32,Igor Matanović,https://www.fcratings.com/igor-matanovic-259750,ST,SC Freiburg,https://www.fcratings.com/clubs/sc-freiburg-25,74,65,72,55,66,34,74,https://www.fcratings.com/nations/croatia-10
Croatia,Croatia,Croatia,L,https://www.fcratings.com/nations/croatia-10,33,Josip Juranović,https://www.fcratings.com/josip-juranovic-257771,RB,1. FC Union Berlin,https://www.fcratings.com/clubs/1-fc-union-berlin-1831,73,79,64,75,74,69,65,https://www.fcratings.com/nations/croatia-10
Croatia,Croatia,Croatia,L,https://www.fcratings.com/nations/croatia-10,34,Domagoj Vida,https://www.fcratings.com/domagoj-vida-199206,CB,AEK Athens F.C.,https://www.fcratings.com/clubs/aek-athens-fc-278,73,60,41,58,56,75,75,https://www.fcratings.com/nations/croatia-10
Croatia,Croatia,Croatia,L,https://www.fcratings.com/nations/croatia-10,35,Marin Pongračić,https://www.fcratings.com/marin-pongracic-238370,CB,ACF Fiorentina,https://www.fcratings.com/clubs/acf-fiorentina-110374,73,61,26,52,62,73,76,https://www.fcratings.com/nations/croatia-10
Croatia,Croatia,Croatia,L,https://www.fcratings.com/nations/croatia-10,36,Matija Frigan,https://www.fcratings.com/matija-frigan-275401,ST,Parma Calcio 1913,https://www.fcratings.com/clubs/parma-calcio-1913-50,73,79,73,60,72,37,76,https://www.fcratings.com/nations/croatia-10
Croatia,Croatia,Croatia,L,https://www.fcratings.com/nations/croatia-10,37,Dejan Lovren,https://www.fcratings.com/dejan-lovren-195086,CB,PAOK FC,https://www.fcratings.com/clubs/paok-fc-393,73,49,40,57,57,73,73,https://www.fcratings.com/nations/croatia-10
Croatia,Croatia,Croatia,L,https://www.fcratings.com/nations/croatia-10,38,Martin Erlić,https://www.fcratings.com/martin-erlic-244456,CB,FC Midtjylland,https://www.fcratings.com/clubs/fc-midtjylland-1516,73,57,39,50,55,73,75,https://www.fcratings.com/nations/croatia-10
Croatia,Croatia,Croatia,L,https://www.fcratings.com/nations/croatia-10,39,Dominik Prpić,https://www.fcratings.com/dominik-prpic-271300,CB,FC Porto,https://www.fcratings.com/clubs/fc-porto-236,73,71,31,61,67,72,76,https://www.fcratings.com/nations/croatia-10
Croatia,Croatia,Croatia,L,https://www.fcratings.com/nations/croatia-10,40,Tin Jedvaj,https://www.fcratings.com/tin-jedvaj-215930,CB,Panathinaikos F.C.,https://www.fcratings.com/clubs/panathinaikos-fc-1884,72,70,51,56,64,73,74,https://www.fcratings.com/nations/croatia-10
Croatia,Croatia,Croatia,L,https://www.fcratings.com/nations/croatia-10,41,Borna Sosa,https://www.fcratings.com/borna-sosa-243388,LB,Crystal Palace F.C.,https://www.fcratings.com/clubs/crystal-palace-fc-1799,72,69,53,76,73,67,68,https://www.fcratings.com/nations/croatia-10
Croatia,Croatia,Croatia,L,https://www.fcratings.com/nations/croatia-10,42,Nediljko Labrović,https://www.fcratings.com/nediljko-labrovic-271949,GK,FC Augsburg,https://www.fcratings.com/clubs/fc-augsburg-100409,72,73,67,63,75,40,72,https://www.fcratings.com/nations/croatia-10
Croatia,Croatia,Croatia,L,https://www.fcratings.com/nations/croatia-10,43,Robert Ljubičić,https://www.fcratings.com/robert-ljubicic-243525,CM,AEK Athens F.C.,https://www.fcratings.com/clubs/aek-athens-fc-278,72,77,64,70,74,66,72,https://www.fcratings.com/nations/croatia-10
Croatia,Croatia,Croatia,L,https://www.fcratings.com/nations/croatia-10,44,Ante Rebić,https://www.fcratings.com/ante-rebic-220018,LM,HNK Hajduk Split,https://www.fcratings.com/clubs/hnk-hajduk-split-263,72,76,72,70,71,46,72,https://www.fcratings.com/nations/croatia-10
Croatia,Croatia,Croatia,L,https://www.fcratings.com/nations/croatia-10,45,Luka Ivanušec,https://www.fcratings.com/luka-ivanusec-252931,LW,PAOK FC,https://www.fcratings.com/clubs/paok-fc-393,72,57,69,70,79,57,71,https://www.fcratings.com/nations/croatia-10
Croatia,Croatia,Croatia,L,https://www.fcratings.com/nations/croatia-10,46,Ivor Pandur,https://www.fcratings.com/ivor-pandur-258585,GK,Hull City A.F.C.,https://www.fcratings.com/clubs/hull-city-afc-1952,72,73,69,66,76,39,70,https://www.fcratings.com/nations/croatia-10
Croatia,Croatia,Croatia,L,https://www.fcratings.com/nations/croatia-10,47,Filip Benković,https://www.fcratings.com/filip-benkovic-244269,CB,AIK Fotboll,https://www.fcratings.com/clubs/aik-fotboll-433,72,60,44,54,55,71,81,https://www.fcratings.com/nations/croatia-10
Croatia,Croatia,Croatia,L,https://www.fcratings.com/nations/croatia-10,48,Hrvoje Smolčić,https://www.fcratings.com/hrvoje-smolcic-269402,CB,Kocaelispor,https://www.fcratings.com/clubs/kocaelispor-101032,72,68,28,49,58,73,75,https://www.fcratings.com/nations/croatia-10
Croatia,Croatia,Croatia,L,https://www.fcratings.com/nations/croatia-10,49,Domagoj Bradarić,https://www.fcratings.com/domagoj-bradaric-252000,LB,Hellas Verona FC,https://www.fcratings.com/clubs/hellas-verona-fc-206,72,74,58,69,72,68,64,https://www.fcratings.com/nations/croatia-10
Croatia,Croatia,Croatia,L,https://www.fcratings.com/nations/croatia-10,50,Marco Pašalić,https://www.fcratings.com/marco-pasalic-262740,RM,Orlando City SC,https://www.fcratings.com/clubs/orlando-city-sc-112606,72,76,75,67,76,35,56,https://www.fcratings.com/nations/croatia-10
England,England,England,L,https://www.fcratings.com/nations/england-14,1,Harry Kane,https://www.fcratings.com/harry-kane-202126,ST,FC Bayern Munich,https://www.fcratings.com/clubs/fc-bayern-munich-21,90,64,93,83,82,49,83,https://www.fcratings.com/nations/england-14
England,England,England,L,https://www.fcratings.com/nations/england-14,2,Jude Bellingham,https://www.fcratings.com/jude-bellingham-252371,CAM,Real Madrid CF,https://www.fcratings.com/clubs/real-madrid-cf-243,89,80,85,83,89,79,85,https://www.fcratings.com/nations/england-14
England,England,England,L,https://www.fcratings.com/nations/england-14,3,Alessia Russo,https://www.fcratings.com/alessia-russo-258980,ST,Arsenal W.F.C.,https://www.fcratings.com/clubs/arsenal-wfc-116009,89,82,88,70,87,39,73,https://www.fcratings.com/nations/england-14
England,England,England,L,https://www.fcratings.com/nations/england-14,4,Declan Rice,https://www.fcratings.com/declan-rice-234378,CDM,Arsenal F.C.,https://www.fcratings.com/clubs/arsenal-fc-1,88,72,73,86,81,84,84,https://www.fcratings.com/nations/england-14
England,England,England,L,https://www.fcratings.com/nations/england-14,5,Bukayo Saka,https://www.fcratings.com/bukayo-saka-246669,RW,Arsenal F.C.,https://www.fcratings.com/clubs/arsenal-fc-1,87,83,82,85,87,60,76,https://www.fcratings.com/nations/england-14
England,England,England,L,https://www.fcratings.com/nations/england-14,6,Chloe Kelly,https://www.fcratings.com/chloe-kelly-257001,RM,Arsenal W.F.C.,https://www.fcratings.com/clubs/arsenal-wfc-116009,87,88,84,85,84,43,69,https://www.fcratings.com/nations/england-14
England,England,England,L,https://www.fcratings.com/nations/england-14,7,Lucy Bronze,https://www.fcratings.com/lucy-bronze-227246,RB,Chelsea F.C. Women,https://www.fcratings.com/clubs/chelsea-fc-women-116010,87,71,68,82,80,87,87,https://www.fcratings.com/nations/england-14
England,England,England,L,https://www.fcratings.com/nations/england-14,8,Leah Williamson,https://www.fcratings.com/leah-williamson-246426,CB,Arsenal W.F.C.,https://www.fcratings.com/clubs/arsenal-wfc-116009,87,74,48,73,72,88,77,https://www.fcratings.com/nations/england-14
England,England,England,L,https://www.fcratings.com/nations/england-14,9,Beth Mead,https://www.fcratings.com/beth-mead-245802,RM,Arsenal W.F.C.,https://www.fcratings.com/clubs/arsenal-wfc-116009,87,82,84,84,87,67,73,https://www.fcratings.com/nations/england-14
England,England,England,L,https://www.fcratings.com/nations/england-14,10,Lauren Hemp,https://www.fcratings.com/lauren-hemp-257008,LW,Manchester City W.F.C.,https://www.fcratings.com/clubs/manchester-city-wfc-116017,87,91,77,84,87,63,70,https://www.fcratings.com/nations/england-14
England,England,England,L,https://www.fcratings.com/nations/england-14,11,Millie Bright,https://www.fcratings.com/millie-bright-238257,CB,Chelsea F.C. Women,https://www.fcratings.com/clubs/chelsea-fc-women-116010,87,57,51,70,62,87,88,https://www.fcratings.com/nations/england-14
England,England,England,L,https://www.fcratings.com/nations/england-14,12,Cole Palmer,https://www.fcratings.com/cole-palmer-257534,CAM,Chelsea,https://www.fcratings.com/clubs/chelsea-5,86,75,83,86,86,50,64,https://www.fcratings.com/nations/england-14
England,England,England,L,https://www.fcratings.com/nations/england-14,13,Trent Alexander-Arnold,https://www.fcratings.com/trent-alexander-arnold-231281,RB,Real Madrid CF,https://www.fcratings.com/clubs/real-madrid-cf-243,85,76,72,89,80,79,73,https://www.fcratings.com/nations/england-14
England,England,England,L,https://www.fcratings.com/nations/england-14,14,Georgia Stanway,https://www.fcratings.com/georgia-stanway-243404,CDM,FC Bayern Munich Women,https://www.fcratings.com/clubs/fc-bayern-munich-women-115995,85,80,79,80,86,77,77,https://www.fcratings.com/nations/england-14
England,England,England,L,https://www.fcratings.com/nations/england-14,15,Lauren James,https://www.fcratings.com/lauren-james-265249,RM,Chelsea F.C. Women,https://www.fcratings.com/clubs/chelsea-fc-women-116010,85,89,81,78,87,40,82,https://www.fcratings.com/nations/england-14
England,England,England,L,https://www.fcratings.com/nations/england-14,16,Phil Foden,https://www.fcratings.com/phil-foden-237692,RW,Manchester City F.C.,https://www.fcratings.com/clubs/manchester-city-fc-10,85,81,81,82,89,57,57,https://www.fcratings.com/nations/england-14
England,England,England,L,https://www.fcratings.com/nations/england-14,17,Ella Toone,https://www.fcratings.com/ella-toone-263011,CAM,Manchester United W.F.C.,https://www.fcratings.com/clubs/manchester-united-wfc-116012,85,81,80,81,86,51,64,https://www.fcratings.com/nations/england-14
England,England,England,L,https://www.fcratings.com/nations/england-14,18,Keira Walsh,https://www.fcratings.com/keira-walsh-242830,CDM,Chelsea F.C. Women,https://www.fcratings.com/clubs/chelsea-fc-women-116010,85,64,46,81,79,79,74,https://www.fcratings.com/nations/england-14
England,England,England,L,https://www.fcratings.com/nations/england-14,19,Jordan Pickford,https://www.fcratings.com/jordan-pickford-204935,GK,Everton F.C.,https://www.fcratings.com/clubs/everton-fc-7,85,84,80,88,87,53,82,https://www.fcratings.com/nations/england-14
England,England,England,L,https://www.fcratings.com/nations/england-14,20,Hannah Hampton,https://www.fcratings.com/hannah-hampton-263009,GK,Chelsea F.C. Women,https://www.fcratings.com/clubs/chelsea-fc-women-116010,84,82,83,82,84,60,85,https://www.fcratings.com/nations/england-14
England,England,England,L,https://www.fcratings.com/nations/england-14,21,Alex Greenwood,https://www.fcratings.com/alex-greenwood-227254,CB,Manchester City W.F.C.,https://www.fcratings.com/clubs/manchester-city-wfc-116017,84,71,65,82,74,85,82,https://www.fcratings.com/nations/england-14
England,England,England,L,https://www.fcratings.com/nations/england-14,22,Mary Earps,https://www.fcratings.com/mary-earps-247504,GK,Paris Saint-Germain FC Women,https://www.fcratings.com/clubs/paris-saint-germain-fc-women-116034,84,81,80,83,82,41,84,https://www.fcratings.com/nations/england-14
England,England,England,L,https://www.fcratings.com/nations/england-14,23,Maya Le Tissier,https://www.fcratings.com/maya-le-tissier-265293,CB,Manchester United W.F.C.,https://www.fcratings.com/clubs/manchester-united-wfc-116012,84,76,58,77,73,86,80,https://www.fcratings.com/nations/england-14
England,England,England,L,https://www.fcratings.com/nations/england-14,24,Eberechi Eze,https://www.fcratings.com/eberechi-eze-235794,CAM,Arsenal F.C.,https://www.fcratings.com/clubs/arsenal-fc-1,84,74,80,82,87,57,68,https://www.fcratings.com/nations/england-14
England,England,England,L,https://www.fcratings.com/nations/england-14,25,Morgan Rogers,https://www.fcratings.com/morgan-rogers-260247,CAM,Aston Villa F.C.,https://www.fcratings.com/clubs/aston-villa-fc-2,84,77,81,81,85,67,78,https://www.fcratings.com/nations/england-14
England,England,England,L,https://www.fcratings.com/nations/england-14,26,Ezri Konsa,https://www.fcratings.com/ezri-konsa-227678,CB,Aston Villa F.C.,https://www.fcratings.com/clubs/aston-villa-fc-2,84,75,53,72,75,85,80,https://www.fcratings.com/nations/england-14
England,England,England,L,https://www.fcratings.com/nations/england-14,27,Marc Guéhi,https://www.fcratings.com/marc-guehi-241159,CB,Manchester City F.C.,https://www.fcratings.com/clubs/manchester-city-fc-10,84,71,42,69,73,85,81,https://www.fcratings.com/nations/england-14
England,England,England,L,https://www.fcratings.com/nations/england-14,28,Reece James,https://www.fcratings.com/reece-james-238074,RB,Chelsea,https://www.fcratings.com/clubs/chelsea-5,84,76,71,83,78,83,82,https://www.fcratings.com/nations/england-14
England,England,England,L,https://www.fcratings.com/nations/england-14,29,James Maddison,https://www.fcratings.com/james-maddison-220697,CM,Tottenham Hotspur F.C.,https://www.fcratings.com/clubs/tottenham-hotspur-fc-18,83,67,81,86,85,58,62,https://www.fcratings.com/nations/england-14
England,England,England,L,https://www.fcratings.com/nations/england-14,30,Jarrod Bowen,https://www.fcratings.com/jarrod-bowen-224371,RM,West Ham United F.C.,https://www.fcratings.com/clubs/west-ham-united-fc-19,83,76,81,78,82,46,70,https://www.fcratings.com/nations/england-14
England,England,England,L,https://www.fcratings.com/nations/england-14,31,Fran Kirby,https://www.fcratings.com/fran-kirby-227255,CAM,Brighton & Hove Albion W.F.C.,https://www.fcratings.com/clubs/brighton-hove-albion-wfc-116013,83,84,82,77,86,42,60,https://www.fcratings.com/nations/england-14
England,England,England,L,https://www.fcratings.com/nations/england-14,32,Mason Greenwood,https://www.fcratings.com/mason-greenwood-246147,RM,Olympique de Marseille,https://www.fcratings.com/clubs/olympique-de-marseille-219,83,83,85,78,84,37,63,https://www.fcratings.com/nations/england-14
England,England,England,L,https://www.fcratings.com/nations/england-14,33,Ollie Watkins,https://www.fcratings.com/ollie-watkins-221697,ST,Aston Villa F.C.,https://www.fcratings.com/clubs/aston-villa-fc-2,82,77,82,72,78,50,80,https://www.fcratings.com/nations/england-14
England,England,England,L,https://www.fcratings.com/nations/england-14,34,Anthony Gordon,https://www.fcratings.com/anthony-gordon-242964,LW,Newcastle United F.C.,https://www.fcratings.com/clubs/newcastle-united-fc-13,82,91,78,76,82,50,72,https://www.fcratings.com/nations/england-14
England,England,England,L,https://www.fcratings.com/nations/england-14,35,Benjamin White,https://www.fcratings.com/benjamin-white-231936,RB,Arsenal F.C.,https://www.fcratings.com/clubs/arsenal-fc-1,82,70,35,75,75,82,78,https://www.fcratings.com/nations/england-14
England,England,England,L,https://www.fcratings.com/nations/england-14,36,Leah Galton,https://www.fcratings.com/leah-galton-265275,LM,Manchester United W.F.C.,https://www.fcratings.com/clubs/manchester-united-wfc-116012,82,73,82,81,80,62,79,https://www.fcratings.com/nations/england-14
England,England,England,L,https://www.fcratings.com/nations/england-14,37,Nikita Parris,https://www.fcratings.com/nikita-parris-235659,ST,London City Lionesses,https://www.fcratings.com/clubs/london-city-lionesses-132176,82,90,82,77,83,47,67,https://www.fcratings.com/nations/england-14
England,England,England,L,https://www.fcratings.com/nations/england-14,38,John Stones,https://www.fcratings.com/john-stones-203574,CB,Manchester City F.C.,https://www.fcratings.com/clubs/manchester-city-fc-10,82,64,58,74,75,84,72,https://www.fcratings.com/nations/england-14
England,England,England,L,https://www.fcratings.com/nations/england-14,39,Bethany England,https://www.fcratings.com/bethany-england-256489,ST,Tottenham Hotspur F.C. Women,https://www.fcratings.com/clubs/tottenham-hotspur-fc-women-116011,82,63,86,67,77,40,72,https://www.fcratings.com/nations/england-14
England,England,England,L,https://www.fcratings.com/nations/england-14,40,Millie Turner,https://www.fcratings.com/millie-turner-263012,CB,Manchester United W.F.C.,https://www.fcratings.com/clubs/manchester-united-wfc-116012,82,53,50,65,66,84,77,https://www.fcratings.com/nations/england-14
England,England,England,L,https://www.fcratings.com/nations/england-14,41,Dean Henderson,https://www.fcratings.com/dean-henderson-233306,GK,Crystal Palace F.C.,https://www.fcratings.com/clubs/crystal-palace-fc-1799,82,83,79,79,82,55,81,https://www.fcratings.com/nations/england-14
England,England,England,L,https://www.fcratings.com/nations/england-14,42,Ivan Toney,https://www.fcratings.com/ivan-toney-212228,ST,Al-Ahli Saudi FC,https://www.fcratings.com/clubs/al-ahli-saudi-fc-112387,82,73,83,71,76,52,83,https://www.fcratings.com/nations/england-14
England,England,England,L,https://www.fcratings.com/nations/england-14,43,Elliot Anderson,https://www.fcratings.com/elliot-anderson-254243,CDM,Nottingham Forest F.C.,https://www.fcratings.com/clubs/nottingham-forest-fc-14,82,71,68,81,81,80,79,https://www.fcratings.com/nations/england-14
England,England,England,L,https://www.fcratings.com/nations/england-14,44,Jack Grealish,https://www.fcratings.com/jack-grealish-206517,LW,Everton F.C.,https://www.fcratings.com/clubs/everton-fc-7,82,72,76,82,86,53,67,https://www.fcratings.com/nations/england-14
England,England,England,L,https://www.fcratings.com/nations/england-14,45,Marcus Rashford,https://www.fcratings.com/marcus-rashford-231677,LM,FC Barcelona,https://www.fcratings.com/clubs/fc-barcelona-241,82,91,83,78,81,33,68,https://www.fcratings.com/nations/england-14
England,England,England,L,https://www.fcratings.com/nations/england-14,46,Morgan Gibbs-White,https://www.fcratings.com/morgan-gibbs-white-236015,CAM,Nottingham Forest F.C.,https://www.fcratings.com/clubs/nottingham-forest-fc-14,81,75,77,82,83,61,72,https://www.fcratings.com/nations/england-14
England,England,England,L,https://www.fcratings.com/nations/england-14,47,Katie Zelem,https://www.fcratings.com/katie-zelem-265273,CDM,London City Lionesses,https://www.fcratings.com/clubs/london-city-lionesses-132176,81,68,78,82,79,78,82,https://www.fcratings.com/nations/england-14
England,England,England,L,https://www.fcratings.com/nations/england-14,48,Ashleigh Neville,https://www.fcratings.com/ashleigh-neville-265252,RB,Tottenham Hotspur F.C. Women,https://www.fcratings.com/clubs/tottenham-hotspur-fc-women-116011,81,76,70,76,78,81,83,https://www.fcratings.com/nations/england-14
England,England,England,L,https://www.fcratings.com/nations/england-14,49,Rachel Daly,https://www.fcratings.com/rachel-daly-235657,ST,Aston Villa W.F.C.,https://www.fcratings.com/clubs/aston-villa-wfc-116015,81,79,81,76,80,64,76,https://www.fcratings.com/nations/england-14
England,England,England,L,https://www.fcratings.com/nations/england-14,50,Niamh Charles,https://www.fcratings.com/niamh-charles-263007,LB,Chelsea F.C. Women,https://www.fcratings.com/clubs/chelsea-fc-women-116010,81,81,66,79,76,78,70,https://www.fcratings.com/nations/england-14
Ghana,Ghana,Ghana,L,https://www.fcratings.com/nations/ghana-117,1,Antoine Semenyo,https://www.fcratings.com/antoine-semenyo-241236,RM,Manchester City F.C.,https://www.fcratings.com/clubs/manchester-city-fc-10,84,82,84,78,83,40,79,https://www.fcratings.com/nations/ghana-117
Ghana,Ghana,Ghana,L,https://www.fcratings.com/nations/ghana-117,2,Iñaki Williams,https://www.fcratings.com/inaki-williams-216201,RM,Athletic club,https://www.fcratings.com/clubs/athletic-club-448,81,92,80,74,78,49,82,https://www.fcratings.com/nations/ghana-117
Ghana,Ghana,Ghana,L,https://www.fcratings.com/nations/ghana-117,3,Mohammed Kudus,https://www.fcratings.com/mohammed-kudus-245155,RW,Tottenham Hotspur F.C.,https://www.fcratings.com/clubs/tottenham-hotspur-fc-18,81,89,76,74,86,60,75,https://www.fcratings.com/nations/ghana-117
Ghana,Ghana,Ghana,L,https://www.fcratings.com/nations/ghana-117,4,Thomas Partey,https://www.fcratings.com/thomas-partey-209989,CDM,Villarreal CF,https://www.fcratings.com/clubs/villarreal-cf-483,79,59,71,76,74,78,80,https://www.fcratings.com/nations/ghana-117
Ghana,Ghana,Ghana,L,https://www.fcratings.com/nations/ghana-117,5,Abdul Mumin,https://www.fcratings.com/abdul-mumin-235662,CB,Rayo Vallecano,https://www.fcratings.com/clubs/rayo-vallecano-480,77,76,56,61,69,77,76,https://www.fcratings.com/nations/ghana-117
Ghana,Ghana,Ghana,L,https://www.fcratings.com/nations/ghana-117,6,Mohammed Salisu,https://www.fcratings.com/mohammed-salisu-244915,CB,AS Monaco FC,https://www.fcratings.com/clubs/as-monaco-fc-69,77,59,36,50,55,78,80,https://www.fcratings.com/nations/ghana-117
Ghana,Ghana,Ghana,L,https://www.fcratings.com/nations/ghana-117,7,Abdul Fatawu,https://www.fcratings.com/abdul-fatawu-267680,RM,Leicester City F.C.,https://www.fcratings.com/clubs/leicester-city-fc-95,76,84,74,73,78,47,67,https://www.fcratings.com/nations/ghana-117
Ghana,Ghana,Ghana,L,https://www.fcratings.com/nations/ghana-117,8,Rahman Baba,https://www.fcratings.com/rahman-baba-209620,LB,PAOK FC,https://www.fcratings.com/clubs/paok-fc-393,75,76,66,69,74,72,77,https://www.fcratings.com/nations/ghana-117
Ghana,Ghana,Ghana,L,https://www.fcratings.com/nations/ghana-117,9,Joseph Paintsil,https://www.fcratings.com/joseph-paintsil-241162,LM,LA Galaxy,https://www.fcratings.com/clubs/la-galaxy-697,75,91,70,66,78,35,66,https://www.fcratings.com/nations/ghana-117
Ghana,Ghana,Ghana,L,https://www.fcratings.com/nations/ghana-117,10,Ernest Nuamah,https://www.fcratings.com/ernest-nuamah-268763,RM,Olympique Lyonnais,https://www.fcratings.com/clubs/olympique-lyonnais-66,75,82,70,69,78,24,58,https://www.fcratings.com/nations/ghana-117
Ghana,Ghana,Ghana,L,https://www.fcratings.com/nations/ghana-117,11,Gideon Mensah,https://www.fcratings.com/gideon-mensah-247124,LB,AJ Auxerre,https://www.fcratings.com/clubs/aj-auxerre-57,74,76,57,65,72,68,67,https://www.fcratings.com/nations/ghana-117
Ghana,Ghana,Ghana,L,https://www.fcratings.com/nations/ghana-117,12,Alidu Seidu,https://www.fcratings.com/alidu-seidu-257946,CB,Stade Rennais FC,https://www.fcratings.com/clubs/stade-rennais-fc-74,74,64,43,61,70,75,67,https://www.fcratings.com/nations/ghana-117
Ghana,Ghana,Ghana,L,https://www.fcratings.com/nations/ghana-117,13,Joseph Aidoo,https://www.fcratings.com/joseph-aidoo-230021,CB,RC Celta de Vigo,https://www.fcratings.com/clubs/rc-celta-de-vigo-450,73,67,27,46,50,72,78,https://www.fcratings.com/nations/ghana-117
Ghana,Ghana,Ghana,L,https://www.fcratings.com/nations/ghana-117,14,Lawrence Ati Zigi,https://www.fcratings.com/lawrence-ati-zigi-229956,GK,FC St. Gallen,https://www.fcratings.com/clubs/fc-st-gallen-898,73,72,70,66,74,40,73,https://www.fcratings.com/nations/ghana-117
Ghana,Ghana,Ghana,L,https://www.fcratings.com/nations/ghana-117,15,Christopher Bonsu Baah,https://www.fcratings.com/christopher-bonsu-baah-274913,LM,Al Qadsiah FC,https://www.fcratings.com/clubs/al-qadsiah-fc-112391,73,87,65,64,79,34,66,https://www.fcratings.com/nations/ghana-117
Ghana,Ghana,Ghana,L,https://www.fcratings.com/nations/ghana-117,16,Tariq Lamptey,https://www.fcratings.com/tariq-lamptey-242418,RB,ACF Fiorentina,https://www.fcratings.com/clubs/acf-fiorentina-110374,73,84,44,66,76,69,49,https://www.fcratings.com/nations/ghana-117
Ghana,Ghana,Ghana,L,https://www.fcratings.com/nations/ghana-117,17,Elisha Owusu,https://www.fcratings.com/elisha-owusu-238392,CDM,AJ Auxerre,https://www.fcratings.com/clubs/aj-auxerre-57,73,55,54,68,70,70,70,https://www.fcratings.com/nations/ghana-117
Ghana,Ghana,Ghana,L,https://www.fcratings.com/nations/ghana-117,18,Ibrahim Sulemana,https://www.fcratings.com/ibrahim-sulemana-271577,CDM,Cagliari Calcio,https://www.fcratings.com/clubs/cagliari-calcio-1842,73,71,65,66,70,71,73,https://www.fcratings.com/nations/ghana-117
Ghana,Ghana,Ghana,L,https://www.fcratings.com/nations/ghana-117,19,Kamaldeen Sulemana,https://www.fcratings.com/kamaldeen-sulemana-256035,LM,Atalanta BC,https://www.fcratings.com/clubs/atalanta-bc-115845,73,88,66,68,78,28,59,https://www.fcratings.com/nations/ghana-117
Ghana,Ghana,Ghana,L,https://www.fcratings.com/nations/ghana-117,20,Salis Abdul Samed,https://www.fcratings.com/salis-abdul-samed-252059,CDM,OGC Nice,https://www.fcratings.com/clubs/ogc-nice-72,72,56,49,63,67,71,74,https://www.fcratings.com/nations/ghana-117
Ghana,Ghana,Ghana,L,https://www.fcratings.com/nations/ghana-117,21,Emmanuel Boateng,https://www.fcratings.com/emmanuel-boateng-224540,ST,Gaziantep F.K.,https://www.fcratings.com/clubs/gaziantep-fk-110776,72,91,71,61,72,39,74,https://www.fcratings.com/nations/ghana-117
Ghana,Ghana,Ghana,L,https://www.fcratings.com/nations/ghana-117,22,Ibrahim Osman,https://www.fcratings.com/ibrahim-osman-274516,LM,Birmingham City F.C.,https://www.fcratings.com/clubs/birmingham-city-fc-88,72,90,64,63,76,28,57,https://www.fcratings.com/nations/ghana-117
Ghana,Ghana,Ghana,L,https://www.fcratings.com/nations/ghana-117,23,Jerome Opoku,https://www.fcratings.com/jerome-opoku-241710,CB,İstanbul Başakşehir F.K.,https://www.fcratings.com/clubs/istanbul-basaksehir-fk-101014,72,59,43,54,59,73,80,https://www.fcratings.com/nations/ghana-117
Ghana,Ghana,Ghana,L,https://www.fcratings.com/nations/ghana-117,24,Prince Kwabena Adu,https://www.fcratings.com/prince-kwabena-adu-74753,ST,FC Viktoria Plzeň,https://www.fcratings.com/clubs/fc-viktoria-plzen-110468,72,73,71,58,68,26,68,https://www.fcratings.com/nations/ghana-117
Ghana,Ghana,Ghana,L,https://www.fcratings.com/nations/ghana-117,25,Brandon Thomas-Asante,https://www.fcratings.com/brandon-thomas-asante-235744,ST,Coventry City F.C.,https://www.fcratings.com/clubs/coventry-city-fc-1800,72,83,70,61,71,44,79,https://www.fcratings.com/nations/ghana-117
Ghana,Ghana,Ghana,L,https://www.fcratings.com/nations/ghana-117,26,Kojo Peprah Oppong,https://www.fcratings.com/kojo-peprah-oppong-273948,CB,OGC Nice,https://www.fcratings.com/clubs/ogc-nice-72,72,74,25,47,59,72,74,https://www.fcratings.com/nations/ghana-117
Ghana,Ghana,Ghana,L,https://www.fcratings.com/nations/ghana-117,27,Emmanuel Gyasi,https://www.fcratings.com/emmanuel-gyasi-220491,RM,Palermo FC,https://www.fcratings.com/clubs/palermo-fc-1843,71,78,63,64,72,50,70,https://www.fcratings.com/nations/ghana-117
Ghana,Ghana,Ghana,L,https://www.fcratings.com/nations/ghana-117,28,Jeffrey Schlupp,https://www.fcratings.com/jeffrey-schlupp-200759,LB,Norwich City F.C.,https://www.fcratings.com/clubs/norwich-city-fc-1792,71,76,70,67,70,68,74,https://www.fcratings.com/nations/ghana-117
Ghana,Ghana,Ghana,L,https://www.fcratings.com/nations/ghana-117,29,Alfred Duncan,https://www.fcratings.com/alfred-duncan-208535,CM,Venezia FC,https://www.fcratings.com/clubs/venezia-fc-205,71,67,63,70,71,70,73,https://www.fcratings.com/nations/ghana-117
Ghana,Ghana,Ghana,L,https://www.fcratings.com/nations/ghana-117,30,Osman Bukari,https://www.fcratings.com/osman-bukari-258608,RW,Widzew Łódź,https://www.fcratings.com/clubs/widzew-lodz-301,71,85,65,62,74,37,66,https://www.fcratings.com/nations/ghana-117
Ghana,Ghana,Ghana,L,https://www.fcratings.com/nations/ghana-117,31,Ibrahim Sadiq,https://www.fcratings.com/ibrahim-sadiq-244513,RM,,,71,86,66,60,74,35,69,https://www.fcratings.com/nations/ghana-117
Ghana,Ghana,Ghana,L,https://www.fcratings.com/nations/ghana-117,32,Lawrence Ofori,https://www.fcratings.com/lawrence-ofori-247258,CDM,Casa Pia A.C.,https://www.fcratings.com/clubs/casa-pia-ac-114510,71,74,65,67,74,66,69,https://www.fcratings.com/nations/ghana-117
Ghana,Ghana,Ghana,L,https://www.fcratings.com/nations/ghana-117,33,Frank Acheampong,https://www.fcratings.com/frank-acheampong-213013,LM,Henan F.C.,https://www.fcratings.com/clubs/henan-fc-111779,71,91,68,64,73,44,73,https://www.fcratings.com/nations/ghana-117
Ghana,Ghana,Ghana,L,https://www.fcratings.com/nations/ghana-117,34,Iddrisu Baba,https://www.fcratings.com/iddrisu-baba-245598,CDM,UD Almería,https://www.fcratings.com/clubs/ud-almeria-1861,71,65,60,62,67,69,75,https://www.fcratings.com/nations/ghana-117
Ghana,Ghana,Ghana,L,https://www.fcratings.com/nations/ghana-117,35,Abdul-Aziz Yakubu,https://www.fcratings.com/abdul-aziz-yakubu-248788,ST,Qingdao West Coast F.C.,https://www.fcratings.com/clubs/qingdao-west-coast-fc-131488,71,83,70,53,68,22,72,https://www.fcratings.com/nations/ghana-117
Ghana,Ghana,Ghana,L,https://www.fcratings.com/nations/ghana-117,36,Augustine Boakye,https://www.fcratings.com/augustine-boakye-264441,RW,AS Saint-Étienne,https://www.fcratings.com/clubs/as-saint-etienne-1819,71,86,64,62,73,30,57,https://www.fcratings.com/nations/ghana-117
Ghana,Ghana,Ghana,L,https://www.fcratings.com/nations/ghana-117,37,Maxwell Woledzi,https://www.fcratings.com/maxwell-woledzi-251905,CB,Nashville SC,https://www.fcratings.com/clubs/nashville-sc-114162,71,68,38,54,59,70,80,https://www.fcratings.com/nations/ghana-117
Ghana,Ghana,Ghana,L,https://www.fcratings.com/nations/ghana-117,38,Caleb Yirenkyi,https://www.fcratings.com/caleb-yirenkyi-73638,CM,FC Nordsjælland,https://www.fcratings.com/clubs/fc-nordsjaelland-1788,71,74,63,66,72,69,80,https://www.fcratings.com/nations/ghana-117
Ghana,Ghana,Ghana,L,https://www.fcratings.com/nations/ghana-117,39,Ransford-Yeboah Königsdörffer,https://www.fcratings.com/ransford-yeboah-konigsdorffer-255036,ST,Hamburger SV,https://www.fcratings.com/clubs/hamburger-sv-28,70,81,68,64,73,42,64,https://www.fcratings.com/nations/ghana-117
Ghana,Ghana,Ghana,L,https://www.fcratings.com/nations/ghana-117,40,Caleb Ekuban,https://www.fcratings.com/caleb-ekuban-239795,ST,Genoa CFC,https://www.fcratings.com/clubs/genoa-cfc-110556,70,79,69,64,68,28,72,https://www.fcratings.com/nations/ghana-117
Ghana,Ghana,Ghana,L,https://www.fcratings.com/nations/ghana-117,41,Mohammed Fuseini,https://www.fcratings.com/mohammed-fuseini-270905,ST,Gerald Ford,https://www.fcratings.com/clubs/gerald-ford-2014,70,87,72,60,74,27,56,https://www.fcratings.com/nations/ghana-117
Ghana,Ghana,Ghana,L,https://www.fcratings.com/nations/ghana-117,42,Daniel-Kofi Kyereh,https://www.fcratings.com/daniel-kofi-kyereh-244112,CAM,SC Freiburg,https://www.fcratings.com/clubs/sc-freiburg-25,70,65,68,65,75,31,47,https://www.fcratings.com/nations/ghana-117
Ghana,Ghana,Ghana,L,https://www.fcratings.com/nations/ghana-117,43,Prince Ampem,https://www.fcratings.com/prince-ampem-72825,LM,Eyüpspor,https://www.fcratings.com/clubs/eyupspor-131174,70,89,70,62,70,28,51,https://www.fcratings.com/nations/ghana-117
Ghana,Ghana,Ghana,L,https://www.fcratings.com/nations/ghana-117,44,Jonas Adjetey,https://www.fcratings.com/jonas-adjetey-276634,CB,VfL Wolfsburg,https://www.fcratings.com/clubs/vfl-wolfsburg-175,70,70,23,47,50,71,71,https://www.fcratings.com/nations/ghana-117
Ghana,Ghana,Ghana,L,https://www.fcratings.com/nations/ghana-117,45,Kwasi Sibo,https://www.fcratings.com/kwasi-sibo-253114,CDM,Real Oviedo,https://www.fcratings.com/clubs/real-oviedo-110827,70,63,54,61,64,68,76,https://www.fcratings.com/nations/ghana-117
Ghana,Ghana,Ghana,L,https://www.fcratings.com/nations/ghana-117,46,Joseph Opoku,https://www.fcratings.com/joseph-opoku-78426,LM,SV Zulte Waregem,https://www.fcratings.com/clubs/sv-zulte-waregem-15005,70,75,67,66,72,42,62,https://www.fcratings.com/nations/ghana-117
Ghana,Ghana,Ghana,L,https://www.fcratings.com/nations/ghana-117,47,Terry Yegbe,https://www.fcratings.com/terry-yegbe-70160,CB,FC Metz,https://www.fcratings.com/clubs/fc-metz-68,70,79,36,51,57,66,80,https://www.fcratings.com/nations/ghana-117
Ghana,Ghana,Ghana,L,https://www.fcratings.com/nations/ghana-117,48,Jordan Ayew,https://www.fcratings.com/jordan-ayew-197756,RM,Leicester City F.C.,https://www.fcratings.com/clubs/leicester-city-fc-95,69,52,70,69,72,56,69,https://www.fcratings.com/nations/ghana-117
Ghana,Ghana,Ghana,L,https://www.fcratings.com/nations/ghana-117,49,Majeed Ashimeru,https://www.fcratings.com/majeed-ashimeru-242045,CM,RAAL La Louvière,https://www.fcratings.com/clubs/raal-la-louviere-132231,69,71,63,68,72,62,67,https://www.fcratings.com/nations/ghana-117
Ghana,Ghana,Ghana,L,https://www.fcratings.com/nations/ghana-117,50,Amankwah Forson,https://www.fcratings.com/amankwah-forson-261004,CM,Norwich City F.C.,https://www.fcratings.com/clubs/norwich-city-fc-1792,69,86,62,69,75,57,50,https://www.fcratings.com/nations/ghana-117
Panama,Panama,Panama,L,https://www.fcratings.com/nations/panama-87,1,Amir Murillo,https://www.fcratings.com/amir-murillo-237841,RB,Beşiktaş J.K.,https://www.fcratings.com/clubs/besiktas-jk-327,75,80,58,71,72,70,76,https://www.fcratings.com/nations/panama-87
Panama,Panama,Panama,L,https://www.fcratings.com/nations/panama-87,2,Luis Mejía,https://www.fcratings.com/luis-mejia-202089,GK,,,72,69,67,68,75,52,71,https://www.fcratings.com/nations/panama-87
Panama,Panama,Panama,L,https://www.fcratings.com/nations/panama-87,3,Aldrith Quintero,https://www.fcratings.com/aldrith-quintero-273032,CM,Alhama CF,https://www.fcratings.com/clubs/alhama-cf-131123,71,61,67,69,70,64,70,https://www.fcratings.com/nations/panama-87
Panama,Panama,Panama,L,https://www.fcratings.com/nations/panama-87,4,Orlando Mosquera,https://www.fcratings.com/orlando-mosquera-263976,GK,Al-Fayha Club,https://www.fcratings.com/clubs/al-fayha-club-113057,70,73,68,69,71,32,67,https://www.fcratings.com/nations/panama-87
Panama,Panama,Panama,L,https://www.fcratings.com/nations/panama-87,5,Aníbal Godoy,https://www.fcratings.com/anibal-godoy-217047,CM,San Diego FC,https://www.fcratings.com/clubs/san-diego-fc-131439,70,43,56,65,67,64,75,https://www.fcratings.com/nations/panama-87
Panama,Panama,Panama,L,https://www.fcratings.com/nations/panama-87,6,José Córdoba,https://www.fcratings.com/jose-cordoba-72708,CB,Norwich City F.C.,https://www.fcratings.com/clubs/norwich-city-fc-1792,70,76,31,54,63,69,76,https://www.fcratings.com/nations/panama-87
Panama,Panama,Panama,L,https://www.fcratings.com/nations/panama-87,7,Eduardo Guerrero,https://www.fcratings.com/eduardo-guerrero-74978,ST,FC Dynamo Kyiv,https://www.fcratings.com/clubs/fc-dynamo-kyiv-101047,69,75,68,65,73,21,66,https://www.fcratings.com/nations/panama-87
Panama,Panama,Panama,L,https://www.fcratings.com/nations/panama-87,8,Andrés Andrade,https://www.fcratings.com/andres-andrade-252873,CB,LASK,https://www.fcratings.com/clubs/lask-252,69,74,51,60,64,68,79,https://www.fcratings.com/nations/panama-87
Panama,Panama,Panama,L,https://www.fcratings.com/nations/panama-87,9,José Fajardo,https://www.fcratings.com/jose-fajardo-243545,ST,,,68,69,67,59,68,33,69,https://www.fcratings.com/nations/panama-87
Panama,Panama,Panama,L,https://www.fcratings.com/nations/panama-87,10,Carlos Harvey,https://www.fcratings.com/carlos-harvey-259568,CB,Minnesota United FC,https://www.fcratings.com/clubs/minnesota-united-fc-111138,66,53,42,54,58,65,73,https://www.fcratings.com/nations/panama-87
Panama,Panama,Panama,L,https://www.fcratings.com/nations/panama-87,11,Leslie Heráldez,https://www.fcratings.com/leslie-heraldez-72898,CDM,,,64,70,47,66,57,61,50,https://www.fcratings.com/nations/panama-87
Panama,Panama,Panama,L,https://www.fcratings.com/nations/panama-87,12,Omar Valencia,https://www.fcratings.com/omar-valencia-278488,LB,New York Red Bulls,https://www.fcratings.com/clubs/new-york-red-bulls-689,62,68,45,60,60,58,56,https://www.fcratings.com/nations/panama-87
