match_id,match_slug,match_url,title,home_team,away_team,kickoff,round,venue,referee,status,home_score,away_score,team,opponent,side,player,shirt_number,squad_role,position,player_rating,minute_on,minute_off
4667751,south-africa-vs-mexico,https://www.fotmob.com/matches/south-africa-vs-mexico/1einvt#4667751,Mexico vs South Africa (2026-06-11T19:00:00.000Z),Mexico,South Africa,2026-06-11T19:00:00.000Z,FIFA World Cup Round 1,Mexico City Stadium,Wilton Sampaio,Full time,2,0,Mexico,South Africa,home,Gilberto Mora,19,used_substitute,Midfielder,6.3,66.0,
4667751,south-africa-vs-mexico,https://www.fotmob.com/matches/south-africa-vs-mexico/1einvt#4667751,Mexico vs South Africa (2026-06-11T19:00:00.000Z),Mexico,South Africa,2026-06-11T19:00:00.000Z,FIFA World Cup Round 1,Mexico City Stadium,Wilton Sampaio,Full time,2,0,Mexico,South Africa,home,Luis Chávez,24,used_substitute,Midfielder,6.5,66.0,
4667751,south-africa-vs-mexico,https://www.fotmob.com/matches/south-africa-vs-mexico/1einvt#4667751,Mexico vs South Africa (2026-06-11T19:00:00.000Z),Mexico,South Africa,2026-06-11T19:00:00.000Z,FIFA World Cup Round 1,Mexico City Stadium,Wilton Sampaio,Full time,2,0,Mexico,South Africa,home,Edson Álvarez,4,used_substitute,Midfielder,6.6,76.0,
4667751,south-africa-vs-mexico,https://www.fotmob.com/matches/south-africa-vs-mexico/1einvt#4667751,Mexico vs South Africa (2026-06-11T19:00:00.000Z),Mexico,South Africa,2026-06-11T19:00:00.000Z,FIFA World Cup Round 1,Mexico City Stadium,Wilton Sampaio,Full time,2,0,Mexico,South Africa,home,Armando González,14,used_substitute,Attacker,5.9,76.0,
4667751,south-africa-vs-mexico,https://www.fotmob.com/matches/south-africa-vs-mexico/1einvt#4667751,Mexico vs South Africa (2026-06-11T19:00:00.000Z),Mexico,South Africa,2026-06-11T19:00:00.000Z,FIFA World Cup Round 1,Mexico City Stadium,Wilton Sampaio,Full time,2,0,Mexico,South Africa,home,Alexis Vega,10,used_substitute,Attacker,6.0,79.0,
4667751,south-africa-vs-mexico,https://www.fotmob.com/matches/south-africa-vs-mexico/1einvt#4667751,Mexico vs South Africa (2026-06-11T19:00:00.000Z),Mexico,South Africa,2026-06-11T19:00:00.000Z,FIFA World Cup Round 1,Mexico City Stadium,Wilton Sampaio,Full time,2,0,South Africa,Mexico,away,Thalente Mbatha,5,used_substitute,Midfielder,6.2,56.0,
4667751,south-africa-vs-mexico,https://www.fotmob.com/matches/south-africa-vs-mexico/1einvt#4667751,Mexico vs South Africa (2026-06-11T19:00:00.000Z),Mexico,South Africa,2026-06-11T19:00:00.000Z,FIFA World Cup Round 1,Mexico City Stadium,Wilton Sampaio,Full time,2,0,South Africa,Mexico,away,Themba Zwane,11,used_substitute,Midfielder,4.9,61.0,
4667751,south-africa-vs-mexico,https://www.fotmob.com/matches/south-africa-vs-mexico/1einvt#4667751,Mexico vs South Africa (2026-06-11T19:00:00.000Z),Mexico,South Africa,2026-06-11T19:00:00.000Z,FIFA World Cup Round 1,Mexico City Stadium,Wilton Sampaio,Full time,2,0,South Africa,Mexico,away,Evidence Makgopa,17,used_substitute,Attacker,6.3,76.0,
4667751,south-africa-vs-mexico,https://www.fotmob.com/matches/south-africa-vs-mexico/1einvt#4667751,Mexico vs South Africa (2026-06-11T19:00:00.000Z),Mexico,South Africa,2026-06-11T19:00:00.000Z,FIFA World Cup Round 1,Mexico City Stadium,Wilton Sampaio,Full time,2,0,South Africa,Mexico,away,Oswin Appollis,7,used_substitute,Attacker,6.3,76.0,
4667751,south-africa-vs-mexico,https://www.fotmob.com/matches/south-africa-vs-mexico/1einvt#4667751,Mexico vs South Africa (2026-06-11T19:00:00.000Z),Mexico,South Africa,2026-06-11T19:00:00.000Z,FIFA World Cup Round 1,Mexico City Stadium,Wilton Sampaio,Full time,2,0,Mexico,South Africa,home,Carlos Acevedo,12,unused_bench,Keeper,,,
4667751,south-africa-vs-mexico,https://www.fotmob.com/matches/south-africa-vs-mexico/1einvt#4667751,Mexico vs South Africa (2026-06-11T19:00:00.000Z),Mexico,South Africa,2026-06-11T19:00:00.000Z,FIFA World Cup Round 1,Mexico City Stadium,Wilton Sampaio,Full time,2,0,South Africa,Mexico,away,Guillermo Ochoa,13,unused_bench,Keeper,,,
4667751,south-africa-vs-mexico,https://www.fotmob.com/matches/south-africa-vs-mexico/1einvt#4667751,Mexico vs South Africa (2026-06-11T19:00:00.000Z),Mexico,South Africa,2026-06-11T19:00:00.000Z,FIFA World Cup Round 1,Mexico City Stadium,Wilton Sampaio,Full time,2,0,South Africa,Mexico,away,Jorge Sánchez,2,unused_bench,Defender,,,
4667751,south-africa-vs-mexico,https://www.fotmob.com/matches/south-africa-vs-mexico/1einvt#4667751,Mexico vs South Africa (2026-06-11T19:00:00.000Z),Mexico,South Africa,2026-06-11T19:00:00.000Z,FIFA World Cup Round 1,Mexico City Stadium,Wilton Sampaio,Full time,2,0,South Africa,Mexico,away,Luis Romo,7,unused_bench,Defender,,,
4667751,south-africa-vs-mexico,https://www.fotmob.com/matches/south-africa-vs-mexico/1einvt#4667751,Mexico vs South Africa (2026-06-11T19:00:00.000Z),Mexico,South Africa,2026-06-11T19:00:00.000Z,FIFA World Cup Round 1,Mexico City Stadium,Wilton Sampaio,Full time,2,0,South Africa,Mexico,away,Mateo Chávez,20,unused_bench,Defender,,,
4667751,south-africa-vs-mexico,https://www.fotmob.com/matches/south-africa-vs-mexico/1einvt#4667751,Mexico vs South Africa (2026-06-11T19:00:00.000Z),Mexico,South Africa,2026-06-11T19:00:00.000Z,FIFA World Cup Round 1,Mexico City Stadium,Wilton Sampaio,Full time,2,0,South Africa,Mexico,away,Obed Vargas,18,unused_bench,Midfielder,,,
4667751,south-africa-vs-mexico,https://www.fotmob.com/matches/south-africa-vs-mexico/1einvt#4667751,Mexico vs South Africa (2026-06-11T19:00:00.000Z),Mexico,South Africa,2026-06-11T19:00:00.000Z,FIFA World Cup Round 1,Mexico City Stadium,Wilton Sampaio,Full time,2,0,South Africa,Mexico,away,Orbelín Pineda,17,unused_bench,Midfielder,,,
4667751,south-africa-vs-mexico,https://www.fotmob.com/matches/south-africa-vs-mexico/1einvt#4667751,Mexico vs South Africa (2026-06-11T19:00:00.000Z),Mexico,South Africa,2026-06-11T19:00:00.000Z,FIFA World Cup Round 1,Mexico City Stadium,Wilton Sampaio,Full time,2,0,South Africa,Mexico,away,César Huerta,21,unused_bench,Attacker,,,
4667751,south-africa-vs-mexico,https://www.fotmob.com/matches/south-africa-vs-mexico/1einvt#4667751,Mexico vs South Africa (2026-06-11T19:00:00.000Z),Mexico,South Africa,2026-06-11T19:00:00.000Z,FIFA World Cup Round 1,Mexico City Stadium,Wilton Sampaio,Full time,2,0,South Africa,Mexico,away,Guillermo Martínez,22,unused_bench,Attacker,,,
4667751,south-africa-vs-mexico,https://www.fotmob.com/matches/south-africa-vs-mexico/1einvt#4667751,Mexico vs South Africa (2026-06-11T19:00:00.000Z),Mexico,South Africa,2026-06-11T19:00:00.000Z,FIFA World Cup Round 1,Mexico City Stadium,Wilton Sampaio,Full time,2,0,South Africa,Mexico,away,Santiago Giménez,11,unused_bench,Attacker,,,
4667751,south-africa-vs-mexico,https://www.fotmob.com/matches/south-africa-vs-mexico/1einvt#4667751,Mexico vs South Africa (2026-06-11T19:00:00.000Z),Mexico,South Africa,2026-06-11T19:00:00.000Z,FIFA World Cup Round 1,Mexico City Stadium,Wilton Sampaio,Full time,2,0,South Africa,Mexico,away,Ricardo Goss,22,unused_bench,Keeper,,,
4667751,south-africa-vs-mexico,https://www.fotmob.com/matches/south-africa-vs-mexico/1einvt#4667751,Mexico vs South Africa (2026-06-11T19:00:00.000Z),Mexico,South Africa,2026-06-11T19:00:00.000Z,FIFA World Cup Round 1,Mexico City Stadium,Wilton Sampaio,Full time,2,0,South Africa,Mexico,away,Sipho Chaine,16,unused_bench,Keeper,,,
4667751,south-africa-vs-mexico,https://www.fotmob.com/matches/south-africa-vs-mexico/1einvt#4667751,Mexico vs South Africa (2026-06-11T19:00:00.000Z),Mexico,South Africa,2026-06-11T19:00:00.000Z,FIFA World Cup Round 1,Mexico City Stadium,Wilton Sampaio,Full time,2,0,South Africa,Mexico,away,Bradley Cross,26,unused_bench,Defender,,,
4667751,south-africa-vs-mexico,https://www.fotmob.com/matches/south-africa-vs-mexico/1einvt#4667751,Mexico vs South Africa (2026-06-11T19:00:00.000Z),Mexico,South Africa,2026-06-11T19:00:00.000Z,FIFA World Cup Round 1,Mexico City Stadium,Wilton Sampaio,Full time,2,0,South Africa,Mexico,away,Kamogelo Sebelebele,25,unused_bench,Defender,,,
4667751,south-africa-vs-mexico,https://www.fotmob.com/matches/south-africa-vs-mexico/1einvt#4667751,Mexico vs South Africa (2026-06-11T19:00:00.000Z),Mexico,South Africa,2026-06-11T19:00:00.000Z,FIFA World Cup Round 1,Mexico City Stadium,Wilton Sampaio,Full time,2,0,South Africa,Mexico,away,Khulumani Ndamane,3,unused_bench,Defender,,,
4667751,south-africa-vs-mexico,https://www.fotmob.com/matches/south-africa-vs-mexico/1einvt#4667751,Mexico vs South Africa (2026-06-11T19:00:00.000Z),Mexico,South Africa,2026-06-11T19:00:00.000Z,FIFA World Cup Round 1,Mexico City Stadium,Wilton Sampaio,Full time,2,0,South Africa,Mexico,away,Olwethu Makhanya,24,unused_bench,Defender,,,
4667751,south-africa-vs-mexico,https://www.fotmob.com/matches/south-africa-vs-mexico/1einvt#4667751,Mexico vs South Africa (2026-06-11T19:00:00.000Z),Mexico,South Africa,2026-06-11T19:00:00.000Z,FIFA World Cup Round 1,Mexico City Stadium,Wilton Sampaio,Full time,2,0,South Africa,Mexico,away,Samukelo Kabini,18,unused_bench,Defender,,,
4667751,south-africa-vs-mexico,https://www.fotmob.com/matches/south-africa-vs-mexico/1einvt#4667751,Mexico vs South Africa (2026-06-11T19:00:00.000Z),Mexico,South Africa,2026-06-11T19:00:00.000Z,FIFA World Cup Round 1,Mexico City Stadium,Wilton Sampaio,Full time,2,0,South Africa,Mexico,away,Thabang Matuludi,2,unused_bench,Defender,,,
4667751,south-africa-vs-mexico,https://www.fotmob.com/matches/south-africa-vs-mexico/1einvt#4667751,Mexico vs South Africa (2026-06-11T19:00:00.000Z),Mexico,South Africa,2026-06-11T19:00:00.000Z,FIFA World Cup Round 1,Mexico City Stadium,Wilton Sampaio,Full time,2,0,South Africa,Mexico,away,Relebohile Mofokeng,10,unused_bench,Attacker,,,
4667751,south-africa-vs-mexico,https://www.fotmob.com/matches/south-africa-vs-mexico/1einvt#4667751,Mexico vs South Africa (2026-06-11T19:00:00.000Z),Mexico,South Africa,2026-06-11T19:00:00.000Z,FIFA World Cup Round 1,Mexico City Stadium,Wilton Sampaio,Full time,2,0,South Africa,Mexico,away,Thapelo Maseko,12,unused_bench,Attacker,,,
4667751,south-africa-vs-mexico,https://www.fotmob.com/matches/south-africa-vs-mexico/1einvt#4667751,Mexico vs South Africa (2026-06-11T19:00:00.000Z),Mexico,South Africa,2026-06-11T19:00:00.000Z,FIFA World Cup Round 1,Mexico City Stadium,Wilton Sampaio,Full time,2,0,South Africa,Mexico,away,Tshepang Moremi,8,unused_bench,Attacker,,,
4667752,south-korea-vs-czechia,https://www.fotmob.com/matches/south-korea-vs-czechia/273opa#4667752,South Korea vs Czechia (2026-06-12T02:00:00.000Z),South Korea,Czechia,2026-06-12T02:00:00.000Z,FIFA World Cup Round 1,Guadalajara Stadium,Amin Omar,Full time,2,1,South Korea,Czechia,home,Hee-Chan Hwang,11,used_substitute,Attacker,6.5,62.0,
4667752,south-korea-vs-czechia,https://www.fotmob.com/matches/south-korea-vs-czechia/273opa#4667752,South Korea vs Czechia (2026-06-12T02:00:00.000Z),South Korea,Czechia,2026-06-12T02:00:00.000Z,FIFA World Cup Round 1,Guadalajara Stadium,Amin Omar,Full time,2,1,South Korea,Czechia,home,Hyun-Gyu Oh,18,used_substitute,Attacker,7.5,69.0,
4667752,south-korea-vs-czechia,https://www.fotmob.com/matches/south-korea-vs-czechia/273opa#4667752,South Korea vs Czechia (2026-06-12T02:00:00.000Z),South Korea,Czechia,2026-06-12T02:00:00.000Z,FIFA World Cup Round 1,Guadalajara Stadium,Amin Omar,Full time,2,1,South Korea,Czechia,home,Ji-Sung Eom,25,used_substitute,Attacker,6.6,69.0,
4667752,south-korea-vs-czechia,https://www.fotmob.com/matches/south-korea-vs-czechia/273opa#4667752,South Korea vs Czechia (2026-06-12T02:00:00.000Z),South Korea,Czechia,2026-06-12T02:00:00.000Z,FIFA World Cup Round 1,Guadalajara Stadium,Amin Omar,Full time,2,1,South Korea,Czechia,home,Jin-Gyu Kim,24,used_substitute,Midfielder,,84.0,
4667752,south-korea-vs-czechia,https://www.fotmob.com/matches/south-korea-vs-czechia/273opa#4667752,South Korea vs Czechia (2026-06-12T02:00:00.000Z),South Korea,Czechia,2026-06-12T02:00:00.000Z,FIFA World Cup Round 1,Guadalajara Stadium,Amin Omar,Full time,2,1,South Korea,Czechia,home,Jin-Seob Park,16,used_substitute,Midfielder,,84.0,
4667752,south-korea-vs-czechia,https://www.fotmob.com/matches/south-korea-vs-czechia/273opa#4667752,South Korea vs Czechia (2026-06-12T02:00:00.000Z),South Korea,Czechia,2026-06-12T02:00:00.000Z,FIFA World Cup Round 1,Guadalajara Stadium,Amin Omar,Full time,2,1,Czechia,South Korea,away,Adam Hlozek,9,used_substitute,Midfielder,6.1,63.0,
4667752,south-korea-vs-czechia,https://www.fotmob.com/matches/south-korea-vs-czechia/273opa#4667752,South Korea vs Czechia (2026-06-12T02:00:00.000Z),South Korea,Czechia,2026-06-12T02:00:00.000Z,FIFA World Cup Round 1,Guadalajara Stadium,Amin Omar,Full time,2,1,Czechia,South Korea,away,Michal Sadílek,18,used_substitute,Midfielder,6.0,63.0,
4667752,south-korea-vs-czechia,https://www.fotmob.com/matches/south-korea-vs-czechia/273opa#4667752,South Korea vs Czechia (2026-06-12T02:00:00.000Z),South Korea,Czechia,2026-06-12T02:00:00.000Z,FIFA World Cup Round 1,Guadalajara Stadium,Amin Omar,Full time,2,1,Czechia,South Korea,away,Tomás Chory,19,used_substitute,Attacker,5.9,63.0,
4667752,south-korea-vs-czechia,https://www.fotmob.com/matches/south-korea-vs-czechia/273opa#4667752,South Korea vs Czechia (2026-06-12T02:00:00.000Z),South Korea,Czechia,2026-06-12T02:00:00.000Z,FIFA World Cup Round 1,Guadalajara Stadium,Amin Omar,Full time,2,1,Czechia,South Korea,away,Mojmír Chytil,13,used_substitute,Attacker,,84.0,
4667752,south-korea-vs-czechia,https://www.fotmob.com/matches/south-korea-vs-czechia/273opa#4667752,South Korea vs Czechia (2026-06-12T02:00:00.000Z),South Korea,Czechia,2026-06-12T02:00:00.000Z,FIFA World Cup Round 1,Guadalajara Stadium,Amin Omar,Full time,2,1,South Korea,Czechia,home,Bum-Keun Song,12,unused_bench,Keeper,,,
4667752,south-korea-vs-czechia,https://www.fotmob.com/matches/south-korea-vs-czechia/273opa#4667752,South Korea vs Czechia (2026-06-12T02:00:00.000Z),South Korea,Czechia,2026-06-12T02:00:00.000Z,FIFA World Cup Round 1,Guadalajara Stadium,Amin Omar,Full time,2,1,Czechia,South Korea,away,Hyeon-Woo Jo,21,unused_bench,Keeper,,,
4667752,south-korea-vs-czechia,https://www.fotmob.com/matches/south-korea-vs-czechia/273opa#4667752,South Korea vs Czechia (2026-06-12T02:00:00.000Z),South Korea,Czechia,2026-06-12T02:00:00.000Z,FIFA World Cup Round 1,Guadalajara Stadium,Amin Omar,Full time,2,1,Czechia,South Korea,away,Moon-Hwan Kim,15,unused_bench,Defender,,,
4667752,south-korea-vs-czechia,https://www.fotmob.com/matches/south-korea-vs-czechia/273opa#4667752,South Korea vs Czechia (2026-06-12T02:00:00.000Z),South Korea,Czechia,2026-06-12T02:00:00.000Z,FIFA World Cup Round 1,Guadalajara Stadium,Amin Omar,Full time,2,1,Czechia,South Korea,away,Tae-Hyeon Kim,5,unused_bench,Defender,,,
4667752,south-korea-vs-czechia,https://www.fotmob.com/matches/south-korea-vs-czechia/273opa#4667752,South Korea vs Czechia (2026-06-12T02:00:00.000Z),South Korea,Czechia,2026-06-12T02:00:00.000Z,FIFA World Cup Round 1,Guadalajara Stadium,Amin Omar,Full time,2,1,Czechia,South Korea,away,Wi-Je Cho,14,unused_bench,Defender,,,
4667752,south-korea-vs-czechia,https://www.fotmob.com/matches/south-korea-vs-czechia/273opa#4667752,South Korea vs Czechia (2026-06-12T02:00:00.000Z),South Korea,Czechia,2026-06-12T02:00:00.000Z,FIFA World Cup Round 1,Guadalajara Stadium,Amin Omar,Full time,2,1,Czechia,South Korea,away,Dong-Gyeong Lee,26,unused_bench,Midfielder,,,
4667752,south-korea-vs-czechia,https://www.fotmob.com/matches/south-korea-vs-czechia/273opa#4667752,South Korea vs Czechia (2026-06-12T02:00:00.000Z),South Korea,Czechia,2026-06-12T02:00:00.000Z,FIFA World Cup Round 1,Guadalajara Stadium,Amin Omar,Full time,2,1,Czechia,South Korea,away,Jens Castrop,23,unused_bench,Midfielder,,,
4667752,south-korea-vs-czechia,https://www.fotmob.com/matches/south-korea-vs-czechia/273opa#4667752,South Korea vs Czechia (2026-06-12T02:00:00.000Z),South Korea,Czechia,2026-06-12T02:00:00.000Z,FIFA World Cup Round 1,Guadalajara Stadium,Amin Omar,Full time,2,1,Czechia,South Korea,away,Jun-Ho Bae,17,unused_bench,Midfielder,,,
4667752,south-korea-vs-czechia,https://www.fotmob.com/matches/south-korea-vs-czechia/273opa#4667752,South Korea vs Czechia (2026-06-12T02:00:00.000Z),South Korea,Czechia,2026-06-12T02:00:00.000Z,FIFA World Cup Round 1,Guadalajara Stadium,Amin Omar,Full time,2,1,Czechia,South Korea,away,Gue-Sung Cho,9,unused_bench,Attacker,,,
4667752,south-korea-vs-czechia,https://www.fotmob.com/matches/south-korea-vs-czechia/273opa#4667752,South Korea vs Czechia (2026-06-12T02:00:00.000Z),South Korea,Czechia,2026-06-12T02:00:00.000Z,FIFA World Cup Round 1,Guadalajara Stadium,Amin Omar,Full time,2,1,Czechia,South Korea,away,Hyun-Jun Yang,20,unused_bench,Attacker,,,
4667752,south-korea-vs-czechia,https://www.fotmob.com/matches/south-korea-vs-czechia/273opa#4667752,South Korea vs Czechia (2026-06-12T02:00:00.000Z),South Korea,Czechia,2026-06-12T02:00:00.000Z,FIFA World Cup Round 1,Guadalajara Stadium,Amin Omar,Full time,2,1,Czechia,South Korea,away,Jindrich Stanek,16,unused_bench,Keeper,,,
4667752,south-korea-vs-czechia,https://www.fotmob.com/matches/south-korea-vs-czechia/273opa#4667752,South Korea vs Czechia (2026-06-12T02:00:00.000Z),South Korea,Czechia,2026-06-12T02:00:00.000Z,FIFA World Cup Round 1,Guadalajara Stadium,Amin Omar,Full time,2,1,Czechia,South Korea,away,Lukás Hornícek,23,unused_bench,Keeper,,,
4667752,south-korea-vs-czechia,https://www.fotmob.com/matches/south-korea-vs-czechia/273opa#4667752,South Korea vs Czechia (2026-06-12T02:00:00.000Z),South Korea,Czechia,2026-06-12T02:00:00.000Z,FIFA World Cup Round 1,Guadalajara Stadium,Amin Omar,Full time,2,1,Czechia,South Korea,away,David Zima,2,unused_bench,Defender,,,
4667752,south-korea-vs-czechia,https://www.fotmob.com/matches/south-korea-vs-czechia/273opa#4667752,South Korea vs Czechia (2026-06-12T02:00:00.000Z),South Korea,Czechia,2026-06-12T02:00:00.000Z,FIFA World Cup Round 1,Guadalajara Stadium,Amin Omar,Full time,2,1,Czechia,South Korea,away,Tomás Holes,3,unused_bench,Defender,,,
4667752,south-korea-vs-czechia,https://www.fotmob.com/matches/south-korea-vs-czechia/273opa#4667752,South Korea vs Czechia (2026-06-12T02:00:00.000Z),South Korea,Czechia,2026-06-12T02:00:00.000Z,FIFA World Cup Round 1,Guadalajara Stadium,Amin Omar,Full time,2,1,Czechia,South Korea,away,David Doudera,21,unused_bench,Midfielder,,,
4667752,south-korea-vs-czechia,https://www.fotmob.com/matches/south-korea-vs-czechia/273opa#4667752,South Korea vs Czechia (2026-06-12T02:00:00.000Z),South Korea,Czechia,2026-06-12T02:00:00.000Z,FIFA World Cup Round 1,Guadalajara Stadium,Amin Omar,Full time,2,1,Czechia,South Korea,away,David Jurásek,14,unused_bench,Midfielder,,,
4667752,south-korea-vs-czechia,https://www.fotmob.com/matches/south-korea-vs-czechia/273opa#4667752,South Korea vs Czechia (2026-06-12T02:00:00.000Z),South Korea,Czechia,2026-06-12T02:00:00.000Z,FIFA World Cup Round 1,Guadalajara Stadium,Amin Omar,Full time,2,1,Czechia,South Korea,away,Hugo Sochurek,25,unused_bench,Midfielder,,,
4667752,south-korea-vs-czechia,https://www.fotmob.com/matches/south-korea-vs-czechia/273opa#4667752,South Korea vs Czechia (2026-06-12T02:00:00.000Z),South Korea,Czechia,2026-06-12T02:00:00.000Z,FIFA World Cup Round 1,Guadalajara Stadium,Amin Omar,Full time,2,1,Czechia,South Korea,away,Lukás Cerv,12,unused_bench,Midfielder,,,
4667752,south-korea-vs-czechia,https://www.fotmob.com/matches/south-korea-vs-czechia/273opa#4667752,South Korea vs Czechia (2026-06-12T02:00:00.000Z),South Korea,Czechia,2026-06-12T02:00:00.000Z,FIFA World Cup Round 1,Guadalajara Stadium,Amin Omar,Full time,2,1,Czechia,South Korea,away,Vladimír Darida,8,unused_bench,Midfielder,,,
4667752,south-korea-vs-czechia,https://www.fotmob.com/matches/south-korea-vs-czechia/273opa#4667752,South Korea vs Czechia (2026-06-12T02:00:00.000Z),South Korea,Czechia,2026-06-12T02:00:00.000Z,FIFA World Cup Round 1,Guadalajara Stadium,Amin Omar,Full time,2,1,Czechia,South Korea,away,Denis Visinsky,26,unused_bench,Attacker,,,
4667752,south-korea-vs-czechia,https://www.fotmob.com/matches/south-korea-vs-czechia/273opa#4667752,South Korea vs Czechia (2026-06-12T02:00:00.000Z),South Korea,Czechia,2026-06-12T02:00:00.000Z,FIFA World Cup Round 1,Guadalajara Stadium,Amin Omar,Full time,2,1,Czechia,South Korea,away,Jan Kuchta,11,unused_bench,Attacker,,,
4667758,qatar-vs-switzerland,https://www.fotmob.com/matches/qatar-vs-switzerland/1beswv#4667758,Qatar vs Switzerland (2026-06-13T19:00:00.000Z),Qatar,Switzerland,2026-06-13T19:00:00.000Z,FIFA World Cup Round 1,San Francisco Bay Area Stadium,Héctor Saíd Martínez Sorto,Full time,1,1,Qatar,Switzerland,home,Ahmed Fathi,20,used_substitute,Midfielder,6.9,60.0,
4667758,qatar-vs-switzerland,https://www.fotmob.com/matches/qatar-vs-switzerland/1beswv#4667758,Qatar vs Switzerland (2026-06-13T19:00:00.000Z),Qatar,Switzerland,2026-06-13T19:00:00.000Z,FIFA World Cup Round 1,San Francisco Bay Area Stadium,Héctor Saíd Martínez Sorto,Full time,1,1,Qatar,Switzerland,home,Karim Boudiaf,12,used_substitute,Midfielder,6.3,60.0,
4667758,qatar-vs-switzerland,https://www.fotmob.com/matches/qatar-vs-switzerland/1beswv#4667758,Qatar vs Switzerland (2026-06-13T19:00:00.000Z),Qatar,Switzerland,2026-06-13T19:00:00.000Z,FIFA World Cup Round 1,San Francisco Bay Area Stadium,Héctor Saíd Martínez Sorto,Full time,1,1,Qatar,Switzerland,home,Ahmed Alaaeldin,7,used_substitute,Attacker,6.4,60.0,
4667758,qatar-vs-switzerland,https://www.fotmob.com/matches/qatar-vs-switzerland/1beswv#4667758,Qatar vs Switzerland (2026-06-13T19:00:00.000Z),Qatar,Switzerland,2026-06-13T19:00:00.000Z,FIFA World Cup Round 1,San Francisco Bay Area Stadium,Héctor Saíd Martínez Sorto,Full time,1,1,Qatar,Switzerland,home,Mohamed Al Mannai,26,used_substitute,Midfielder,5.9,78.0,
4667758,qatar-vs-switzerland,https://www.fotmob.com/matches/qatar-vs-switzerland/1beswv#4667758,Qatar vs Switzerland (2026-06-13T19:00:00.000Z),Qatar,Switzerland,2026-06-13T19:00:00.000Z,FIFA World Cup Round 1,San Francisco Bay Area Stadium,Héctor Saíd Martínez Sorto,Full time,1,1,Qatar,Switzerland,home,Hassan Al Haidos,10,used_substitute,Attacker,,88.0,
4667758,qatar-vs-switzerland,https://www.fotmob.com/matches/qatar-vs-switzerland/1beswv#4667758,Qatar vs Switzerland (2026-06-13T19:00:00.000Z),Qatar,Switzerland,2026-06-13T19:00:00.000Z,FIFA World Cup Round 1,San Francisco Bay Area Stadium,Héctor Saíd Martínez Sorto,Full time,1,1,Switzerland,Qatar,away,Fabian Rieder,22,used_substitute,Midfielder,6.1,65.0,
4667758,qatar-vs-switzerland,https://www.fotmob.com/matches/qatar-vs-switzerland/1beswv#4667758,Qatar vs Switzerland (2026-06-13T19:00:00.000Z),Qatar,Switzerland,2026-06-13T19:00:00.000Z,FIFA World Cup Round 1,San Francisco Bay Area Stadium,Héctor Saíd Martínez Sorto,Full time,1,1,Switzerland,Qatar,away,Johan Manzambi,9,used_substitute,Midfielder,5.9,65.0,
4667758,qatar-vs-switzerland,https://www.fotmob.com/matches/qatar-vs-switzerland/1beswv#4667758,Qatar vs Switzerland (2026-06-13T19:00:00.000Z),Qatar,Switzerland,2026-06-13T19:00:00.000Z,FIFA World Cup Round 1,San Francisco Bay Area Stadium,Héctor Saíd Martínez Sorto,Full time,1,1,Switzerland,Qatar,away,Zeki Amdouni,23,used_substitute,Attacker,6.6,79.0,
4667758,qatar-vs-switzerland,https://www.fotmob.com/matches/qatar-vs-switzerland/1beswv#4667758,Qatar vs Switzerland (2026-06-13T19:00:00.000Z),Qatar,Switzerland,2026-06-13T19:00:00.000Z,FIFA World Cup Round 1,San Francisco Bay Area Stadium,Héctor Saíd Martínez Sorto,Full time,1,1,Switzerland,Qatar,away,Ardon Jashari,14,used_substitute,Midfielder,,89.0,
4667758,qatar-vs-switzerland,https://www.fotmob.com/matches/qatar-vs-switzerland/1beswv#4667758,Qatar vs Switzerland (2026-06-13T19:00:00.000Z),Qatar,Switzerland,2026-06-13T19:00:00.000Z,FIFA World Cup Round 1,San Francisco Bay Area Stadium,Héctor Saíd Martínez Sorto,Full time,1,1,Switzerland,Qatar,away,Miro Muheim,2,used_substitute,Midfielder,,89.0,
4667758,qatar-vs-switzerland,https://www.fotmob.com/matches/qatar-vs-switzerland/1beswv#4667758,Qatar vs Switzerland (2026-06-13T19:00:00.000Z),Qatar,Switzerland,2026-06-13T19:00:00.000Z,FIFA World Cup Round 1,San Francisco Bay Area Stadium,Héctor Saíd Martínez Sorto,Full time,1,1,Qatar,Switzerland,home,Meshaal Barsham,22,unused_bench,Keeper,,,
4667758,qatar-vs-switzerland,https://www.fotmob.com/matches/qatar-vs-switzerland/1beswv#4667758,Qatar vs Switzerland (2026-06-13T19:00:00.000Z),Qatar,Switzerland,2026-06-13T19:00:00.000Z,FIFA World Cup Round 1,San Francisco Bay Area Stadium,Héctor Saíd Martínez Sorto,Full time,1,1,Switzerland,Qatar,away,Salah Zakaria,21,unused_bench,Keeper,,,
4667758,qatar-vs-switzerland,https://www.fotmob.com/matches/qatar-vs-switzerland/1beswv#4667758,Qatar vs Switzerland (2026-06-13T19:00:00.000Z),Qatar,Switzerland,2026-06-13T19:00:00.000Z,FIFA World Cup Round 1,San Francisco Bay Area Stadium,Héctor Saíd Martínez Sorto,Full time,1,1,Switzerland,Qatar,away,Hashmi Al Hussain,25,unused_bench,Defender,,,
4667758,qatar-vs-switzerland,https://www.fotmob.com/matches/qatar-vs-switzerland/1beswv#4667758,Qatar vs Switzerland (2026-06-13T19:00:00.000Z),Qatar,Switzerland,2026-06-13T19:00:00.000Z,FIFA World Cup Round 1,San Francisco Bay Area Stadium,Héctor Saíd Martínez Sorto,Full time,1,1,Switzerland,Qatar,away,Lucas Mendes,3,unused_bench,Defender,,,
4667758,qatar-vs-switzerland,https://www.fotmob.com/matches/qatar-vs-switzerland/1beswv#4667758,Qatar vs Switzerland (2026-06-13T19:00:00.000Z),Qatar,Switzerland,2026-06-13T19:00:00.000Z,FIFA World Cup Round 1,San Francisco Bay Area Stadium,Héctor Saíd Martínez Sorto,Full time,1,1,Switzerland,Qatar,away,Sultan Al Brake,18,unused_bench,Defender,,,
4667758,qatar-vs-switzerland,https://www.fotmob.com/matches/qatar-vs-switzerland/1beswv#4667758,Qatar vs Switzerland (2026-06-13T19:00:00.000Z),Qatar,Switzerland,2026-06-13T19:00:00.000Z,FIFA World Cup Round 1,San Francisco Bay Area Stadium,Héctor Saíd Martínez Sorto,Full time,1,1,Switzerland,Qatar,away,Abdulaziz Hatem,6,unused_bench,Midfielder,,,
4667758,qatar-vs-switzerland,https://www.fotmob.com/matches/qatar-vs-switzerland/1beswv#4667758,Qatar vs Switzerland (2026-06-13T19:00:00.000Z),Qatar,Switzerland,2026-06-13T19:00:00.000Z,FIFA World Cup Round 1,San Francisco Bay Area Stadium,Héctor Saíd Martínez Sorto,Full time,1,1,Switzerland,Qatar,away,Ahmed Al Ganehi,17,unused_bench,Attacker,,,
4667758,qatar-vs-switzerland,https://www.fotmob.com/matches/qatar-vs-switzerland/1beswv#4667758,Qatar vs Switzerland (2026-06-13T19:00:00.000Z),Qatar,Switzerland,2026-06-13T19:00:00.000Z,FIFA World Cup Round 1,San Francisco Bay Area Stadium,Héctor Saíd Martínez Sorto,Full time,1,1,Switzerland,Qatar,away,Almoez Ali,19,unused_bench,Attacker,,,
4667758,qatar-vs-switzerland,https://www.fotmob.com/matches/qatar-vs-switzerland/1beswv#4667758,Qatar vs Switzerland (2026-06-13T19:00:00.000Z),Qatar,Switzerland,2026-06-13T19:00:00.000Z,FIFA World Cup Round 1,San Francisco Bay Area Stadium,Héctor Saíd Martínez Sorto,Full time,1,1,Switzerland,Qatar,away,Mohammed Muntari,9,unused_bench,Attacker,,,
4667758,qatar-vs-switzerland,https://www.fotmob.com/matches/qatar-vs-switzerland/1beswv#4667758,Qatar vs Switzerland (2026-06-13T19:00:00.000Z),Qatar,Switzerland,2026-06-13T19:00:00.000Z,FIFA World Cup Round 1,San Francisco Bay Area Stadium,Héctor Saíd Martínez Sorto,Full time,1,1,Switzerland,Qatar,away,Tahsin Jamshid,24,unused_bench,Attacker,,,
4667758,qatar-vs-switzerland,https://www.fotmob.com/matches/qatar-vs-switzerland/1beswv#4667758,Qatar vs Switzerland (2026-06-13T19:00:00.000Z),Qatar,Switzerland,2026-06-13T19:00:00.000Z,FIFA World Cup Round 1,San Francisco Bay Area Stadium,Héctor Saíd Martínez Sorto,Full time,1,1,Switzerland,Qatar,away,Marvin Keller,21,unused_bench,Keeper,,,
4667758,qatar-vs-switzerland,https://www.fotmob.com/matches/qatar-vs-switzerland/1beswv#4667758,Qatar vs Switzerland (2026-06-13T19:00:00.000Z),Qatar,Switzerland,2026-06-13T19:00:00.000Z,FIFA World Cup Round 1,San Francisco Bay Area Stadium,Héctor Saíd Martínez Sorto,Full time,1,1,Switzerland,Qatar,away,Yvon Mvogo,12,unused_bench,Keeper,,,
4667758,qatar-vs-switzerland,https://www.fotmob.com/matches/qatar-vs-switzerland/1beswv#4667758,Qatar vs Switzerland (2026-06-13T19:00:00.000Z),Qatar,Switzerland,2026-06-13T19:00:00.000Z,FIFA World Cup Round 1,San Francisco Bay Area Stadium,Héctor Saíd Martínez Sorto,Full time,1,1,Switzerland,Qatar,away,Aurèle Amenda,24,unused_bench,Defender,,,
4667758,qatar-vs-switzerland,https://www.fotmob.com/matches/qatar-vs-switzerland/1beswv#4667758,Qatar vs Switzerland (2026-06-13T19:00:00.000Z),Qatar,Switzerland,2026-06-13T19:00:00.000Z,FIFA World Cup Round 1,San Francisco Bay Area Stadium,Héctor Saíd Martínez Sorto,Full time,1,1,Switzerland,Qatar,away,Eray Cömert,18,unused_bench,Defender,,,
4667758,qatar-vs-switzerland,https://www.fotmob.com/matches/qatar-vs-switzerland/1beswv#4667758,Qatar vs Switzerland (2026-06-13T19:00:00.000Z),Qatar,Switzerland,2026-06-13T19:00:00.000Z,FIFA World Cup Round 1,San Francisco Bay Area Stadium,Héctor Saíd Martínez Sorto,Full time,1,1,Switzerland,Qatar,away,Luca Jaquez,25,unused_bench,Defender,,,
4667758,qatar-vs-switzerland,https://www.fotmob.com/matches/qatar-vs-switzerland/1beswv#4667758,Qatar vs Switzerland (2026-06-13T19:00:00.000Z),Qatar,Switzerland,2026-06-13T19:00:00.000Z,FIFA World Cup Round 1,San Francisco Bay Area Stadium,Héctor Saíd Martínez Sorto,Full time,1,1,Switzerland,Qatar,away,Djibril Sow,15,unused_bench,Midfielder,,,
4667758,qatar-vs-switzerland,https://www.fotmob.com/matches/qatar-vs-switzerland/1beswv#4667758,Qatar vs Switzerland (2026-06-13T19:00:00.000Z),Qatar,Switzerland,2026-06-13T19:00:00.000Z,FIFA World Cup Round 1,San Francisco Bay Area Stadium,Héctor Saíd Martínez Sorto,Full time,1,1,Switzerland,Qatar,away,Silvan Widmer,3,unused_bench,Midfielder,,,
4667758,qatar-vs-switzerland,https://www.fotmob.com/matches/qatar-vs-switzerland/1beswv#4667758,Qatar vs Switzerland (2026-06-13T19:00:00.000Z),Qatar,Switzerland,2026-06-13T19:00:00.000Z,FIFA World Cup Round 1,San Francisco Bay Area Stadium,Héctor Saíd Martínez Sorto,Full time,1,1,Switzerland,Qatar,away,Cedric Itten,26,unused_bench,Attacker,,,
4667758,qatar-vs-switzerland,https://www.fotmob.com/matches/qatar-vs-switzerland/1beswv#4667758,Qatar vs Switzerland (2026-06-13T19:00:00.000Z),Qatar,Switzerland,2026-06-13T19:00:00.000Z,FIFA World Cup Round 1,San Francisco Bay Area Stadium,Héctor Saíd Martínez Sorto,Full time,1,1,Switzerland,Qatar,away,Christian Fassnacht,16,unused_bench,Attacker,,,
4667758,qatar-vs-switzerland,https://www.fotmob.com/matches/qatar-vs-switzerland/1beswv#4667758,Qatar vs Switzerland (2026-06-13T19:00:00.000Z),Qatar,Switzerland,2026-06-13T19:00:00.000Z,FIFA World Cup Round 1,San Francisco Bay Area Stadium,Héctor Saíd Martínez Sorto,Full time,1,1,Switzerland,Qatar,away,Noah Okafor,19,unused_bench,Attacker,,,
4667757,canada-vs-bosnia-herzegovina,https://www.fotmob.com/matches/canada-vs-bosnia-herzegovina/23f1qo#4667757,Canada vs Bosnia and Herzegovina (2026-06-12T19:00:00.000Z),Canada,Bosnia and Herzegovina,2026-06-12T19:00:00.000Z,FIFA World Cup Round 1,Toronto Stadium,Facundo Tello,Full time,1,1,Canada,Bosnia and Herzegovina,home,Ali Ahmed,20,used_substitute,Attacker,6.2,61.0,
4667757,canada-vs-bosnia-herzegovina,https://www.fotmob.com/matches/canada-vs-bosnia-herzegovina/23f1qo#4667757,Canada vs Bosnia and Herzegovina (2026-06-12T19:00:00.000Z),Canada,Bosnia and Herzegovina,2026-06-12T19:00:00.000Z,FIFA World Cup Round 1,Toronto Stadium,Facundo Tello,Full time,1,1,Canada,Bosnia and Herzegovina,home,Jacob Shaffelburg,14,used_substitute,Attacker,6.1,61.0,
4667757,canada-vs-bosnia-herzegovina,https://www.fotmob.com/matches/canada-vs-bosnia-herzegovina/23f1qo#4667757,Canada vs Bosnia and Herzegovina (2026-06-12T19:00:00.000Z),Canada,Bosnia and Herzegovina,2026-06-12T19:00:00.000Z,FIFA World Cup Round 1,Toronto Stadium,Facundo Tello,Full time,1,1,Canada,Bosnia and Herzegovina,home,Promise David,24,used_substitute,Attacker,6.6,61.0,
4667757,canada-vs-bosnia-herzegovina,https://www.fotmob.com/matches/canada-vs-bosnia-herzegovina/23f1qo#4667757,Canada vs Bosnia and Herzegovina (2026-06-12T19:00:00.000Z),Canada,Bosnia and Herzegovina,2026-06-12T19:00:00.000Z,FIFA World Cup Round 1,Toronto Stadium,Facundo Tello,Full time,1,1,Canada,Bosnia and Herzegovina,home,Cyle Larin,9,used_substitute,Attacker,7.5,76.0,
4667757,canada-vs-bosnia-herzegovina,https://www.fotmob.com/matches/canada-vs-bosnia-herzegovina/23f1qo#4667757,Canada vs Bosnia and Herzegovina (2026-06-12T19:00:00.000Z),Canada,Bosnia and Herzegovina,2026-06-12T19:00:00.000Z,FIFA World Cup Round 1,Toronto Stadium,Facundo Tello,Full time,1,1,Canada,Bosnia and Herzegovina,home,Jonathan Osorio,21,used_substitute,Midfielder,,90.0,
4667757,canada-vs-bosnia-herzegovina,https://www.fotmob.com/matches/canada-vs-bosnia-herzegovina/23f1qo#4667757,Canada vs Bosnia and Herzegovina (2026-06-12T19:00:00.000Z),Canada,Bosnia and Herzegovina,2026-06-12T19:00:00.000Z,FIFA World Cup Round 1,Toronto Stadium,Facundo Tello,Full time,1,1,Bosnia and Herzegovina,Canada,away,Armin Gigovic,8,used_substitute,Midfielder,6.9,61.0,
4667757,canada-vs-bosnia-herzegovina,https://www.fotmob.com/matches/canada-vs-bosnia-herzegovina/23f1qo#4667757,Canada vs Bosnia and Herzegovina (2026-06-12T19:00:00.000Z),Canada,Bosnia and Herzegovina,2026-06-12T19:00:00.000Z,FIFA World Cup Round 1,Toronto Stadium,Facundo Tello,Full time,1,1,Bosnia and Herzegovina,Canada,away,Samed Bazdar,9,used_substitute,Attacker,6.0,61.0,
4667757,canada-vs-bosnia-herzegovina,https://www.fotmob.com/matches/canada-vs-bosnia-herzegovina/23f1qo#4667757,Canada vs Bosnia and Herzegovina (2026-06-12T19:00:00.000Z),Canada,Bosnia and Herzegovina,2026-06-12T19:00:00.000Z,FIFA World Cup Round 1,Toronto Stadium,Facundo Tello,Full time,1,1,Bosnia and Herzegovina,Canada,away,Ivan Sunjic,14,used_substitute,Midfielder,6.2,74.0,
4667757,canada-vs-bosnia-herzegovina,https://www.fotmob.com/matches/canada-vs-bosnia-herzegovina/23f1qo#4667757,Canada vs Bosnia and Herzegovina (2026-06-12T19:00:00.000Z),Canada,Bosnia and Herzegovina,2026-06-12T19:00:00.000Z,FIFA World Cup Round 1,Toronto Stadium,Facundo Tello,Full time,1,1,Bosnia and Herzegovina,Canada,away,Kerim Alajbegovic,19,used_substitute,Attacker,6.3,74.0,
4667757,canada-vs-bosnia-herzegovina,https://www.fotmob.com/matches/canada-vs-bosnia-herzegovina/23f1qo#4667757,Canada vs Bosnia and Herzegovina (2026-06-12T19:00:00.000Z),Canada,Bosnia and Herzegovina,2026-06-12T19:00:00.000Z,FIFA World Cup Round 1,Toronto Stadium,Facundo Tello,Full time,1,1,Bosnia and Herzegovina,Canada,away,Dzenis Burnic,17,used_substitute,Midfielder,,83.0,
4667757,canada-vs-bosnia-herzegovina,https://www.fotmob.com/matches/canada-vs-bosnia-herzegovina/23f1qo#4667757,Canada vs Bosnia and Herzegovina (2026-06-12T19:00:00.000Z),Canada,Bosnia and Herzegovina,2026-06-12T19:00:00.000Z,FIFA World Cup Round 1,Toronto Stadium,Facundo Tello,Full time,1,1,Canada,Bosnia and Herzegovina,home,Dayne St. Clair,1,unused_bench,Keeper,,,
4667757,canada-vs-bosnia-herzegovina,https://www.fotmob.com/matches/canada-vs-bosnia-herzegovina/23f1qo#4667757,Canada vs Bosnia and Herzegovina (2026-06-12T19:00:00.000Z),Canada,Bosnia and Herzegovina,2026-06-12T19:00:00.000Z,FIFA World Cup Round 1,Toronto Stadium,Facundo Tello,Full time,1,1,Bosnia and Herzegovina,Canada,away,Owen Goodman,18,unused_bench,Keeper,,,
4667757,canada-vs-bosnia-herzegovina,https://www.fotmob.com/matches/canada-vs-bosnia-herzegovina/23f1qo#4667757,Canada vs Bosnia and Herzegovina (2026-06-12T19:00:00.000Z),Canada,Bosnia and Herzegovina,2026-06-12T19:00:00.000Z,FIFA World Cup Round 1,Toronto Stadium,Facundo Tello,Full time,1,1,Bosnia and Herzegovina,Canada,away,Alfie Jones,3,unused_bench,Defender,,,
4667757,canada-vs-bosnia-herzegovina,https://www.fotmob.com/matches/canada-vs-bosnia-herzegovina/23f1qo#4667757,Canada vs Bosnia and Herzegovina (2026-06-12T19:00:00.000Z),Canada,Bosnia and Herzegovina,2026-06-12T19:00:00.000Z,FIFA World Cup Round 1,Toronto Stadium,Facundo Tello,Full time,1,1,Bosnia and Herzegovina,Canada,away,Alphonso Davies,19,unused_bench,Defender,,,
4667757,canada-vs-bosnia-herzegovina,https://www.fotmob.com/matches/canada-vs-bosnia-herzegovina/23f1qo#4667757,Canada vs Bosnia and Herzegovina (2026-06-12T19:00:00.000Z),Canada,Bosnia and Herzegovina,2026-06-12T19:00:00.000Z,FIFA World Cup Round 1,Toronto Stadium,Facundo Tello,Full time,1,1,Bosnia and Herzegovina,Canada,away,Joel Waterman,5,unused_bench,Defender,,,
4667757,canada-vs-bosnia-herzegovina,https://www.fotmob.com/matches/canada-vs-bosnia-herzegovina/23f1qo#4667757,Canada vs Bosnia and Herzegovina (2026-06-12T19:00:00.000Z),Canada,Bosnia and Herzegovina,2026-06-12T19:00:00.000Z,FIFA World Cup Round 1,Toronto Stadium,Facundo Tello,Full time,1,1,Bosnia and Herzegovina,Canada,away,Moïse Bombito,15,unused_bench,Defender,,,
4667757,canada-vs-bosnia-herzegovina,https://www.fotmob.com/matches/canada-vs-bosnia-herzegovina/23f1qo#4667757,Canada vs Bosnia and Herzegovina (2026-06-12T19:00:00.000Z),Canada,Bosnia and Herzegovina,2026-06-12T19:00:00.000Z,FIFA World Cup Round 1,Toronto Stadium,Facundo Tello,Full time,1,1,Bosnia and Herzegovina,Canada,away,Niko Sigur,23,unused_bench,Defender,,,
4667757,canada-vs-bosnia-herzegovina,https://www.fotmob.com/matches/canada-vs-bosnia-herzegovina/23f1qo#4667757,Canada vs Bosnia and Herzegovina (2026-06-12T19:00:00.000Z),Canada,Bosnia and Herzegovina,2026-06-12T19:00:00.000Z,FIFA World Cup Round 1,Toronto Stadium,Facundo Tello,Full time,1,1,Bosnia and Herzegovina,Canada,away,Mathieu Choinière,6,unused_bench,Midfielder,,,
4667757,canada-vs-bosnia-herzegovina,https://www.fotmob.com/matches/canada-vs-bosnia-herzegovina/23f1qo#4667757,Canada vs Bosnia and Herzegovina (2026-06-12T19:00:00.000Z),Canada,Bosnia and Herzegovina,2026-06-12T19:00:00.000Z,FIFA World Cup Round 1,Toronto Stadium,Facundo Tello,Full time,1,1,Bosnia and Herzegovina,Canada,away,Nathan Saliba,25,unused_bench,Midfielder,,,
4667757,canada-vs-bosnia-herzegovina,https://www.fotmob.com/matches/canada-vs-bosnia-herzegovina/23f1qo#4667757,Canada vs Bosnia and Herzegovina (2026-06-12T19:00:00.000Z),Canada,Bosnia and Herzegovina,2026-06-12T19:00:00.000Z,FIFA World Cup Round 1,Toronto Stadium,Facundo Tello,Full time,1,1,Bosnia and Herzegovina,Canada,away,Jayden Nelson,26,unused_bench,Attacker,,,
4667757,canada-vs-bosnia-herzegovina,https://www.fotmob.com/matches/canada-vs-bosnia-herzegovina/23f1qo#4667757,Canada vs Bosnia and Herzegovina (2026-06-12T19:00:00.000Z),Canada,Bosnia and Herzegovina,2026-06-12T19:00:00.000Z,FIFA World Cup Round 1,Toronto Stadium,Facundo Tello,Full time,1,1,Bosnia and Herzegovina,Canada,away,Martin Zlomislic,22,unused_bench,Keeper,,,
4667757,canada-vs-bosnia-herzegovina,https://www.fotmob.com/matches/canada-vs-bosnia-herzegovina/23f1qo#4667757,Canada vs Bosnia and Herzegovina (2026-06-12T19:00:00.000Z),Canada,Bosnia and Herzegovina,2026-06-12T19:00:00.000Z,FIFA World Cup Round 1,Toronto Stadium,Facundo Tello,Full time,1,1,Bosnia and Herzegovina,Canada,away,Mladen Jurkas,12,unused_bench,Keeper,,,
4667757,canada-vs-bosnia-herzegovina,https://www.fotmob.com/matches/canada-vs-bosnia-herzegovina/23f1qo#4667757,Canada vs Bosnia and Herzegovina (2026-06-12T19:00:00.000Z),Canada,Bosnia and Herzegovina,2026-06-12T19:00:00.000Z,FIFA World Cup Round 1,Toronto Stadium,Facundo Tello,Full time,1,1,Bosnia and Herzegovina,Canada,away,Arjan Malic,24,unused_bench,Defender,,,
4667757,canada-vs-bosnia-herzegovina,https://www.fotmob.com/matches/canada-vs-bosnia-herzegovina/23f1qo#4667757,Canada vs Bosnia and Herzegovina (2026-06-12T19:00:00.000Z),Canada,Bosnia and Herzegovina,2026-06-12T19:00:00.000Z,FIFA World Cup Round 1,Toronto Stadium,Facundo Tello,Full time,1,1,Bosnia and Herzegovina,Canada,away,Dennis Hadzikadunic,3,unused_bench,Defender,,,
4667757,canada-vs-bosnia-herzegovina,https://www.fotmob.com/matches/canada-vs-bosnia-herzegovina/23f1qo#4667757,Canada vs Bosnia and Herzegovina (2026-06-12T19:00:00.000Z),Canada,Bosnia and Herzegovina,2026-06-12T19:00:00.000Z,FIFA World Cup Round 1,Toronto Stadium,Facundo Tello,Full time,1,1,Bosnia and Herzegovina,Canada,away,Nihad Mujakic,2,unused_bench,Defender,,,
4667757,canada-vs-bosnia-herzegovina,https://www.fotmob.com/matches/canada-vs-bosnia-herzegovina/23f1qo#4667757,Canada vs Bosnia and Herzegovina (2026-06-12T19:00:00.000Z),Canada,Bosnia and Herzegovina,2026-06-12T19:00:00.000Z,FIFA World Cup Round 1,Toronto Stadium,Facundo Tello,Full time,1,1,Bosnia and Herzegovina,Canada,away,Stjepan Radeljic,21,unused_bench,Defender,,,
4667757,canada-vs-bosnia-herzegovina,https://www.fotmob.com/matches/canada-vs-bosnia-herzegovina/23f1qo#4667757,Canada vs Bosnia and Herzegovina (2026-06-12T19:00:00.000Z),Canada,Bosnia and Herzegovina,2026-06-12T19:00:00.000Z,FIFA World Cup Round 1,Toronto Stadium,Facundo Tello,Full time,1,1,Bosnia and Herzegovina,Canada,away,Amir Hadziahmetovic,16,unused_bench,Midfielder,,,
4667757,canada-vs-bosnia-herzegovina,https://www.fotmob.com/matches/canada-vs-bosnia-herzegovina/23f1qo#4667757,Canada vs Bosnia and Herzegovina (2026-06-12T19:00:00.000Z),Canada,Bosnia and Herzegovina,2026-06-12T19:00:00.000Z,FIFA World Cup Round 1,Toronto Stadium,Facundo Tello,Full time,1,1,Bosnia and Herzegovina,Canada,away,Ermin Mahmic,26,unused_bench,Midfielder,,,
4667757,canada-vs-bosnia-herzegovina,https://www.fotmob.com/matches/canada-vs-bosnia-herzegovina/23f1qo#4667757,Canada vs Bosnia and Herzegovina (2026-06-12T19:00:00.000Z),Canada,Bosnia and Herzegovina,2026-06-12T19:00:00.000Z,FIFA World Cup Round 1,Toronto Stadium,Facundo Tello,Full time,1,1,Bosnia and Herzegovina,Canada,away,Edin Dzeko,11,unused_bench,Attacker,,,
4667757,canada-vs-bosnia-herzegovina,https://www.fotmob.com/matches/canada-vs-bosnia-herzegovina/23f1qo#4667757,Canada vs Bosnia and Herzegovina (2026-06-12T19:00:00.000Z),Canada,Bosnia and Herzegovina,2026-06-12T19:00:00.000Z,FIFA World Cup Round 1,Toronto Stadium,Facundo Tello,Full time,1,1,Bosnia and Herzegovina,Canada,away,Haris Tabakovic,23,unused_bench,Attacker,,,
4667765,haiti-vs-scotland,https://www.fotmob.com/matches/haiti-vs-scotland/1q0g2q#4667765,Haiti vs Scotland (2026-06-14T01:00:00.000Z),Haiti,Scotland,2026-06-14T01:00:00.000Z,FIFA World Cup Round 1,Boston Stadium,Mustapha Ghorbal,Full time,0,1,Haiti,Scotland,home,Josué Casimir,21,used_substitute,Midfielder,6.2,61.0,
4667765,haiti-vs-scotland,https://www.fotmob.com/matches/haiti-vs-scotland/1q0g2q#4667765,Haiti vs Scotland (2026-06-14T01:00:00.000Z),Haiti,Scotland,2026-06-14T01:00:00.000Z,FIFA World Cup Round 1,Boston Stadium,Mustapha Ghorbal,Full time,0,1,Haiti,Scotland,home,Lenny Joseph,16,used_substitute,Attacker,6.0,75.0,
4667765,haiti-vs-scotland,https://www.fotmob.com/matches/haiti-vs-scotland/1q0g2q#4667765,Haiti vs Scotland (2026-06-14T01:00:00.000Z),Haiti,Scotland,2026-06-14T01:00:00.000Z,FIFA World Cup Round 1,Boston Stadium,Mustapha Ghorbal,Full time,0,1,Haiti,Scotland,home,Yassin Fortuné,19,used_substitute,Attacker,,85.0,
4667765,haiti-vs-scotland,https://www.fotmob.com/matches/haiti-vs-scotland/1q0g2q#4667765,Haiti vs Scotland (2026-06-14T01:00:00.000Z),Haiti,Scotland,2026-06-14T01:00:00.000Z,FIFA World Cup Round 1,Boston Stadium,Mustapha Ghorbal,Full time,0,1,Scotland,Haiti,away,Nathan Patterson,22,used_substitute,Defender,6.2,75.0,
4667765,haiti-vs-scotland,https://www.fotmob.com/matches/haiti-vs-scotland/1q0g2q#4667765,Haiti vs Scotland (2026-06-14T01:00:00.000Z),Haiti,Scotland,2026-06-14T01:00:00.000Z,FIFA World Cup Round 1,Boston Stadium,Mustapha Ghorbal,Full time,0,1,Scotland,Haiti,away,Ryan Christie,11,used_substitute,Midfielder,6.4,75.0,
4667765,haiti-vs-scotland,https://www.fotmob.com/matches/haiti-vs-scotland/1q0g2q#4667765,Haiti vs Scotland (2026-06-14T01:00:00.000Z),Haiti,Scotland,2026-06-14T01:00:00.000Z,FIFA World Cup Round 1,Boston Stadium,Mustapha Ghorbal,Full time,0,1,Scotland,Haiti,away,Lyndon Dykes,9,used_substitute,Attacker,6.1,75.0,
4667765,haiti-vs-scotland,https://www.fotmob.com/matches/haiti-vs-scotland/1q0g2q#4667765,Haiti vs Scotland (2026-06-14T01:00:00.000Z),Haiti,Scotland,2026-06-14T01:00:00.000Z,FIFA World Cup Round 1,Boston Stadium,Mustapha Ghorbal,Full time,0,1,Scotland,Haiti,away,Findlay Curtis,25,used_substitute,Midfielder,,82.0,
4667765,haiti-vs-scotland,https://www.fotmob.com/matches/haiti-vs-scotland/1q0g2q#4667765,Haiti vs Scotland (2026-06-14T01:00:00.000Z),Haiti,Scotland,2026-06-14T01:00:00.000Z,FIFA World Cup Round 1,Boston Stadium,Mustapha Ghorbal,Full time,0,1,Scotland,Haiti,away,Kenny McLean,23,used_substitute,Midfielder,,82.0,
4667765,haiti-vs-scotland,https://www.fotmob.com/matches/haiti-vs-scotland/1q0g2q#4667765,Haiti vs Scotland (2026-06-14T01:00:00.000Z),Haiti,Scotland,2026-06-14T01:00:00.000Z,FIFA World Cup Round 1,Boston Stadium,Mustapha Ghorbal,Full time,0,1,Haiti,Scotland,home,Alexandre Pierre,12,unused_bench,Keeper,,,
4667765,haiti-vs-scotland,https://www.fotmob.com/matches/haiti-vs-scotland/1q0g2q#4667765,Haiti vs Scotland (2026-06-14T01:00:00.000Z),Haiti,Scotland,2026-06-14T01:00:00.000Z,FIFA World Cup Round 1,Boston Stadium,Mustapha Ghorbal,Full time,0,1,Scotland,Haiti,away,Josué Duverger,23,unused_bench,Keeper,,,
4667765,haiti-vs-scotland,https://www.fotmob.com/matches/haiti-vs-scotland/1q0g2q#4667765,Haiti vs Scotland (2026-06-14T01:00:00.000Z),Haiti,Scotland,2026-06-14T01:00:00.000Z,FIFA World Cup Round 1,Boston Stadium,Mustapha Ghorbal,Full time,0,1,Scotland,Haiti,away,Carl Sainté,6,unused_bench,Defender,,,
4667765,haiti-vs-scotland,https://www.fotmob.com/matches/haiti-vs-scotland/1q0g2q#4667765,Haiti vs Scotland (2026-06-14T01:00:00.000Z),Haiti,Scotland,2026-06-14T01:00:00.000Z,FIFA World Cup Round 1,Boston Stadium,Mustapha Ghorbal,Full time,0,1,Scotland,Haiti,away,Duke Lacroix,13,unused_bench,Defender,,,
4667765,haiti-vs-scotland,https://www.fotmob.com/matches/haiti-vs-scotland/1q0g2q#4667765,Haiti vs Scotland (2026-06-14T01:00:00.000Z),Haiti,Scotland,2026-06-14T01:00:00.000Z,FIFA World Cup Round 1,Boston Stadium,Mustapha Ghorbal,Full time,0,1,Scotland,Haiti,away,Garven Metusala,14,unused_bench,Defender,,,
4667765,haiti-vs-scotland,https://www.fotmob.com/matches/haiti-vs-scotland/1q0g2q#4667765,Haiti vs Scotland (2026-06-14T01:00:00.000Z),Haiti,Scotland,2026-06-14T01:00:00.000Z,FIFA World Cup Round 1,Boston Stadium,Mustapha Ghorbal,Full time,0,1,Scotland,Haiti,away,Jean-Kévin Duverne,22,unused_bench,Defender,,,
4667765,haiti-vs-scotland,https://www.fotmob.com/matches/haiti-vs-scotland/1q0g2q#4667765,Haiti vs Scotland (2026-06-14T01:00:00.000Z),Haiti,Scotland,2026-06-14T01:00:00.000Z,FIFA World Cup Round 1,Boston Stadium,Mustapha Ghorbal,Full time,0,1,Scotland,Haiti,away,Keeto Thermoncy,3,unused_bench,Defender,,,
4667765,haiti-vs-scotland,https://www.fotmob.com/matches/haiti-vs-scotland/1q0g2q#4667765,Haiti vs Scotland (2026-06-14T01:00:00.000Z),Haiti,Scotland,2026-06-14T01:00:00.000Z,FIFA World Cup Round 1,Boston Stadium,Mustapha Ghorbal,Full time,0,1,Scotland,Haiti,away,Dominique Simon,25,unused_bench,Midfielder,,,
4667765,haiti-vs-scotland,https://www.fotmob.com/matches/haiti-vs-scotland/1q0g2q#4667765,Haiti vs Scotland (2026-06-14T01:00:00.000Z),Haiti,Scotland,2026-06-14T01:00:00.000Z,FIFA World Cup Round 1,Boston Stadium,Mustapha Ghorbal,Full time,0,1,Scotland,Haiti,away,Olivier Pierre,26,unused_bench,Midfielder,,,
4667765,haiti-vs-scotland,https://www.fotmob.com/matches/haiti-vs-scotland/1q0g2q#4667765,Haiti vs Scotland (2026-06-14T01:00:00.000Z),Haiti,Scotland,2026-06-14T01:00:00.000Z,FIFA World Cup Round 1,Boston Stadium,Mustapha Ghorbal,Full time,0,1,Scotland,Haiti,away,Wilguens Paugain,24,unused_bench,Midfielder,,,
4667765,haiti-vs-scotland,https://www.fotmob.com/matches/haiti-vs-scotland/1q0g2q#4667765,Haiti vs Scotland (2026-06-14T01:00:00.000Z),Haiti,Scotland,2026-06-14T01:00:00.000Z,FIFA World Cup Round 1,Boston Stadium,Mustapha Ghorbal,Full time,0,1,Scotland,Haiti,away,Derrick Etienne,7,unused_bench,Attacker,,,
4667765,haiti-vs-scotland,https://www.fotmob.com/matches/haiti-vs-scotland/1q0g2q#4667765,Haiti vs Scotland (2026-06-14T01:00:00.000Z),Haiti,Scotland,2026-06-14T01:00:00.000Z,FIFA World Cup Round 1,Boston Stadium,Mustapha Ghorbal,Full time,0,1,Scotland,Haiti,away,Duckens Nazon,9,unused_bench,Attacker,,,
4667765,haiti-vs-scotland,https://www.fotmob.com/matches/haiti-vs-scotland/1q0g2q#4667765,Haiti vs Scotland (2026-06-14T01:00:00.000Z),Haiti,Scotland,2026-06-14T01:00:00.000Z,FIFA World Cup Round 1,Boston Stadium,Mustapha Ghorbal,Full time,0,1,Scotland,Haiti,away,Craig Gordon,21,unused_bench,Keeper,,,
4667765,haiti-vs-scotland,https://www.fotmob.com/matches/haiti-vs-scotland/1q0g2q#4667765,Haiti vs Scotland (2026-06-14T01:00:00.000Z),Haiti,Scotland,2026-06-14T01:00:00.000Z,FIFA World Cup Round 1,Boston Stadium,Mustapha Ghorbal,Full time,0,1,Scotland,Haiti,away,Liam Kelly,12,unused_bench,Keeper,,,
4667765,haiti-vs-scotland,https://www.fotmob.com/matches/haiti-vs-scotland/1q0g2q#4667765,Haiti vs Scotland (2026-06-14T01:00:00.000Z),Haiti,Scotland,2026-06-14T01:00:00.000Z,FIFA World Cup Round 1,Boston Stadium,Mustapha Ghorbal,Full time,0,1,Scotland,Haiti,away,Anthony Ralston,24,unused_bench,Defender,,,
4667765,haiti-vs-scotland,https://www.fotmob.com/matches/haiti-vs-scotland/1q0g2q#4667765,Haiti vs Scotland (2026-06-14T01:00:00.000Z),Haiti,Scotland,2026-06-14T01:00:00.000Z,FIFA World Cup Round 1,Boston Stadium,Mustapha Ghorbal,Full time,0,1,Scotland,Haiti,away,Dominic Hyam,16,unused_bench,Defender,,,
4667765,haiti-vs-scotland,https://www.fotmob.com/matches/haiti-vs-scotland/1q0g2q#4667765,Haiti vs Scotland (2026-06-14T01:00:00.000Z),Haiti,Scotland,2026-06-14T01:00:00.000Z,FIFA World Cup Round 1,Boston Stadium,Mustapha Ghorbal,Full time,0,1,Scotland,Haiti,away,John Souttar,15,unused_bench,Defender,,,
4667765,haiti-vs-scotland,https://www.fotmob.com/matches/haiti-vs-scotland/1q0g2q#4667765,Haiti vs Scotland (2026-06-14T01:00:00.000Z),Haiti,Scotland,2026-06-14T01:00:00.000Z,FIFA World Cup Round 1,Boston Stadium,Mustapha Ghorbal,Full time,0,1,Scotland,Haiti,away,Kieran Tierney,6,unused_bench,Defender,,,
4667765,haiti-vs-scotland,https://www.fotmob.com/matches/haiti-vs-scotland/1q0g2q#4667765,Haiti vs Scotland (2026-06-14T01:00:00.000Z),Haiti,Scotland,2026-06-14T01:00:00.000Z,FIFA World Cup Round 1,Boston Stadium,Mustapha Ghorbal,Full time,0,1,Scotland,Haiti,away,Scott McKenna,26,unused_bench,Defender,,,
4667765,haiti-vs-scotland,https://www.fotmob.com/matches/haiti-vs-scotland/1q0g2q#4667765,Haiti vs Scotland (2026-06-14T01:00:00.000Z),Haiti,Scotland,2026-06-14T01:00:00.000Z,FIFA World Cup Round 1,Boston Stadium,Mustapha Ghorbal,Full time,0,1,Scotland,Haiti,away,Tyler Fletcher,8,unused_bench,Midfielder,,,
4667765,haiti-vs-scotland,https://www.fotmob.com/matches/haiti-vs-scotland/1q0g2q#4667765,Haiti vs Scotland (2026-06-14T01:00:00.000Z),Haiti,Scotland,2026-06-14T01:00:00.000Z,FIFA World Cup Round 1,Boston Stadium,Mustapha Ghorbal,Full time,0,1,Scotland,Haiti,away,George Hirst,18,unused_bench,Attacker,,,
4667765,haiti-vs-scotland,https://www.fotmob.com/matches/haiti-vs-scotland/1q0g2q#4667765,Haiti vs Scotland (2026-06-14T01:00:00.000Z),Haiti,Scotland,2026-06-14T01:00:00.000Z,FIFA World Cup Round 1,Boston Stadium,Mustapha Ghorbal,Full time,0,1,Scotland,Haiti,away,Ross Stewart,14,unused_bench,Attacker,,,
4667764,morocco-vs-brazil,https://www.fotmob.com/matches/morocco-vs-brazil/1qr4gd#4667764,Brazil vs Morocco (2026-06-13T22:00:00.000Z),Brazil,Morocco,2026-06-13T22:00:00.000Z,FIFA World Cup Round 1,New York New Jersey Stadium,Slavko Vinčić,Full time,1,1,Brazil,Morocco,home,Danilo,13,used_substitute,Defender,6.4,46.0,
4667764,morocco-vs-brazil,https://www.fotmob.com/matches/morocco-vs-brazil/1qr4gd#4667764,Brazil vs Morocco (2026-06-13T22:00:00.000Z),Brazil,Morocco,2026-06-13T22:00:00.000Z,FIFA World Cup Round 1,New York New Jersey Stadium,Slavko Vinčić,Full time,1,1,Brazil,Morocco,home,Fabinho,17,used_substitute,Midfielder,6.3,46.0,
4667764,morocco-vs-brazil,https://www.fotmob.com/matches/morocco-vs-brazil/1qr4gd#4667764,Brazil vs Morocco (2026-06-13T22:00:00.000Z),Brazil,Morocco,2026-06-13T22:00:00.000Z,FIFA World Cup Round 1,New York New Jersey Stadium,Slavko Vinčić,Full time,1,1,Brazil,Morocco,home,Luiz Henrique,21,used_substitute,Attacker,6.5,61.0,
4667764,morocco-vs-brazil,https://www.fotmob.com/matches/morocco-vs-brazil/1qr4gd#4667764,Brazil vs Morocco (2026-06-13T22:00:00.000Z),Brazil,Morocco,2026-06-13T22:00:00.000Z,FIFA World Cup Round 1,New York New Jersey Stadium,Slavko Vinčić,Full time,1,1,Brazil,Morocco,home,Matheus Cunha,9,used_substitute,Attacker,6.3,61.0,
4667764,morocco-vs-brazil,https://www.fotmob.com/matches/morocco-vs-brazil/1qr4gd#4667764,Brazil vs Morocco (2026-06-13T22:00:00.000Z),Brazil,Morocco,2026-06-13T22:00:00.000Z,FIFA World Cup Round 1,New York New Jersey Stadium,Slavko Vinčić,Full time,1,1,Brazil,Morocco,home,Danilo,18,used_substitute,Midfielder,6.1,80.0,
4667764,morocco-vs-brazil,https://www.fotmob.com/matches/morocco-vs-brazil/1qr4gd#4667764,Brazil vs Morocco (2026-06-13T22:00:00.000Z),Brazil,Morocco,2026-06-13T22:00:00.000Z,FIFA World Cup Round 1,New York New Jersey Stadium,Slavko Vinčić,Full time,1,1,Morocco,Brazil,away,Samir El Mourabet,15,used_substitute,Midfielder,6.2,64.0,
4667764,morocco-vs-brazil,https://www.fotmob.com/matches/morocco-vs-brazil/1qr4gd#4667764,Brazil vs Morocco (2026-06-13T22:00:00.000Z),Brazil,Morocco,2026-06-13T22:00:00.000Z,FIFA World Cup Round 1,New York New Jersey Stadium,Slavko Vinčić,Full time,1,1,Morocco,Brazil,away,Chemsdine Talbi,7,used_substitute,Attacker,6.1,64.0,
4667764,morocco-vs-brazil,https://www.fotmob.com/matches/morocco-vs-brazil/1qr4gd#4667764,Brazil vs Morocco (2026-06-13T22:00:00.000Z),Brazil,Morocco,2026-06-13T22:00:00.000Z,FIFA World Cup Round 1,New York New Jersey Stadium,Slavko Vinčić,Full time,1,1,Morocco,Brazil,away,Anass Salah-Eddine,26,used_substitute,Defender,5.9,80.0,
4667764,morocco-vs-brazil,https://www.fotmob.com/matches/morocco-vs-brazil/1qr4gd#4667764,Brazil vs Morocco (2026-06-13T22:00:00.000Z),Brazil,Morocco,2026-06-13T22:00:00.000Z,FIFA World Cup Round 1,New York New Jersey Stadium,Slavko Vinčić,Full time,1,1,Morocco,Brazil,away,Ayoube Amaimouni-Echghouyab,21,used_substitute,Attacker,6.2,80.0,
4667764,morocco-vs-brazil,https://www.fotmob.com/matches/morocco-vs-brazil/1qr4gd#4667764,Brazil vs Morocco (2026-06-13T22:00:00.000Z),Brazil,Morocco,2026-06-13T22:00:00.000Z,FIFA World Cup Round 1,New York New Jersey Stadium,Slavko Vinčić,Full time,1,1,Morocco,Brazil,away,Soufiane Rahimi,9,used_substitute,Attacker,,89.0,
4667764,morocco-vs-brazil,https://www.fotmob.com/matches/morocco-vs-brazil/1qr4gd#4667764,Brazil vs Morocco (2026-06-13T22:00:00.000Z),Brazil,Morocco,2026-06-13T22:00:00.000Z,FIFA World Cup Round 1,New York New Jersey Stadium,Slavko Vinčić,Full time,1,1,Brazil,Morocco,home,Ederson,23,unused_bench,Keeper,,,
4667764,morocco-vs-brazil,https://www.fotmob.com/matches/morocco-vs-brazil/1qr4gd#4667764,Brazil vs Morocco (2026-06-13T22:00:00.000Z),Brazil,Morocco,2026-06-13T22:00:00.000Z,FIFA World Cup Round 1,New York New Jersey Stadium,Slavko Vinčić,Full time,1,1,Morocco,Brazil,away,Weverton,12,unused_bench,Keeper,,,
4667764,morocco-vs-brazil,https://www.fotmob.com/matches/morocco-vs-brazil/1qr4gd#4667764,Brazil vs Morocco (2026-06-13T22:00:00.000Z),Brazil,Morocco,2026-06-13T22:00:00.000Z,FIFA World Cup Round 1,New York New Jersey Stadium,Slavko Vinčić,Full time,1,1,Morocco,Brazil,away,Alex Sandro,6,unused_bench,Defender,,,
4667764,morocco-vs-brazil,https://www.fotmob.com/matches/morocco-vs-brazil/1qr4gd#4667764,Brazil vs Morocco (2026-06-13T22:00:00.000Z),Brazil,Morocco,2026-06-13T22:00:00.000Z,FIFA World Cup Round 1,New York New Jersey Stadium,Slavko Vinčić,Full time,1,1,Morocco,Brazil,away,Gleison Bremer,14,unused_bench,Defender,,,
4667764,morocco-vs-brazil,https://www.fotmob.com/matches/morocco-vs-brazil/1qr4gd#4667764,Brazil vs Morocco (2026-06-13T22:00:00.000Z),Brazil,Morocco,2026-06-13T22:00:00.000Z,FIFA World Cup Round 1,New York New Jersey Stadium,Slavko Vinčić,Full time,1,1,Morocco,Brazil,away,Léo Pereira,15,unused_bench,Defender,,,
4667764,morocco-vs-brazil,https://www.fotmob.com/matches/morocco-vs-brazil/1qr4gd#4667764,Brazil vs Morocco (2026-06-13T22:00:00.000Z),Brazil,Morocco,2026-06-13T22:00:00.000Z,FIFA World Cup Round 1,New York New Jersey Stadium,Slavko Vinčić,Full time,1,1,Morocco,Brazil,away,Éderson,2,unused_bench,Midfielder,,,
4667764,morocco-vs-brazil,https://www.fotmob.com/matches/morocco-vs-brazil/1qr4gd#4667764,Brazil vs Morocco (2026-06-13T22:00:00.000Z),Brazil,Morocco,2026-06-13T22:00:00.000Z,FIFA World Cup Round 1,New York New Jersey Stadium,Slavko Vinčić,Full time,1,1,Morocco,Brazil,away,Endrick,19,unused_bench,Attacker,,,
4667764,morocco-vs-brazil,https://www.fotmob.com/matches/morocco-vs-brazil/1qr4gd#4667764,Brazil vs Morocco (2026-06-13T22:00:00.000Z),Brazil,Morocco,2026-06-13T22:00:00.000Z,FIFA World Cup Round 1,New York New Jersey Stadium,Slavko Vinčić,Full time,1,1,Morocco,Brazil,away,Gabriel Martinelli,22,unused_bench,Attacker,,,
4667764,morocco-vs-brazil,https://www.fotmob.com/matches/morocco-vs-brazil/1qr4gd#4667764,Brazil vs Morocco (2026-06-13T22:00:00.000Z),Brazil,Morocco,2026-06-13T22:00:00.000Z,FIFA World Cup Round 1,New York New Jersey Stadium,Slavko Vinčić,Full time,1,1,Morocco,Brazil,away,Rayan,26,unused_bench,Attacker,,,
4667764,morocco-vs-brazil,https://www.fotmob.com/matches/morocco-vs-brazil/1qr4gd#4667764,Brazil vs Morocco (2026-06-13T22:00:00.000Z),Brazil,Morocco,2026-06-13T22:00:00.000Z,FIFA World Cup Round 1,New York New Jersey Stadium,Slavko Vinčić,Full time,1,1,Morocco,Brazil,away,Ahmed Tagnaouti,22,unused_bench,Keeper,,,
4667764,morocco-vs-brazil,https://www.fotmob.com/matches/morocco-vs-brazil/1qr4gd#4667764,Brazil vs Morocco (2026-06-13T22:00:00.000Z),Brazil,Morocco,2026-06-13T22:00:00.000Z,FIFA World Cup Round 1,New York New Jersey Stadium,Slavko Vinčić,Full time,1,1,Morocco,Brazil,away,Munir,12,unused_bench,Keeper,,,
4667764,morocco-vs-brazil,https://www.fotmob.com/matches/morocco-vs-brazil/1qr4gd#4667764,Brazil vs Morocco (2026-06-13T22:00:00.000Z),Brazil,Morocco,2026-06-13T22:00:00.000Z,FIFA World Cup Round 1,New York New Jersey Stadium,Slavko Vinčić,Full time,1,1,Morocco,Brazil,away,Marwane Saadane,5,unused_bench,Defender,,,
4667764,morocco-vs-brazil,https://www.fotmob.com/matches/morocco-vs-brazil/1qr4gd#4667764,Brazil vs Morocco (2026-06-13T22:00:00.000Z),Brazil,Morocco,2026-06-13T22:00:00.000Z,FIFA World Cup Round 1,New York New Jersey Stadium,Slavko Vinčić,Full time,1,1,Morocco,Brazil,away,Redouane Halhal,25,unused_bench,Defender,,,
4667764,morocco-vs-brazil,https://www.fotmob.com/matches/morocco-vs-brazil/1qr4gd#4667764,Brazil vs Morocco (2026-06-13T22:00:00.000Z),Brazil,Morocco,2026-06-13T22:00:00.000Z,FIFA World Cup Round 1,New York New Jersey Stadium,Slavko Vinčić,Full time,1,1,Morocco,Brazil,away,Youssef Belammari,19,unused_bench,Defender,,,
4667764,morocco-vs-brazil,https://www.fotmob.com/matches/morocco-vs-brazil/1qr4gd#4667764,Brazil vs Morocco (2026-06-13T22:00:00.000Z),Brazil,Morocco,2026-06-13T22:00:00.000Z,FIFA World Cup Round 1,New York New Jersey Stadium,Slavko Vinčić,Full time,1,1,Morocco,Brazil,away,Zakaria El Ouahdi,13,unused_bench,Defender,,,
4667764,morocco-vs-brazil,https://www.fotmob.com/matches/morocco-vs-brazil/1qr4gd#4667764,Brazil vs Morocco (2026-06-13T22:00:00.000Z),Brazil,Morocco,2026-06-13T22:00:00.000Z,FIFA World Cup Round 1,New York New Jersey Stadium,Slavko Vinčić,Full time,1,1,Morocco,Brazil,away,Sofyan Amrabat,4,unused_bench,Midfielder,,,
4667764,morocco-vs-brazil,https://www.fotmob.com/matches/morocco-vs-brazil/1qr4gd#4667764,Brazil vs Morocco (2026-06-13T22:00:00.000Z),Brazil,Morocco,2026-06-13T22:00:00.000Z,FIFA World Cup Round 1,New York New Jersey Stadium,Slavko Vinčić,Full time,1,1,Morocco,Brazil,away,Amine Sbaï,17,unused_bench,Attacker,,,
4667764,morocco-vs-brazil,https://www.fotmob.com/matches/morocco-vs-brazil/1qr4gd#4667764,Brazil vs Morocco (2026-06-13T22:00:00.000Z),Brazil,Morocco,2026-06-13T22:00:00.000Z,FIFA World Cup Round 1,New York New Jersey Stadium,Slavko Vinčić,Full time,1,1,Morocco,Brazil,away,Ayoub El Kaabi,20,unused_bench,Attacker,,,
4667764,morocco-vs-brazil,https://www.fotmob.com/matches/morocco-vs-brazil/1qr4gd#4667764,Brazil vs Morocco (2026-06-13T22:00:00.000Z),Brazil,Morocco,2026-06-13T22:00:00.000Z,FIFA World Cup Round 1,New York New Jersey Stadium,Slavko Vinčić,Full time,1,1,Morocco,Brazil,away,Gessime Yassine,16,unused_bench,Attacker,,,
4667771,usa-vs-paraguay,https://www.fotmob.com/matches/usa-vs-paraguay/1hr85j#4667771,USA vs Paraguay (2026-06-13T01:00:00.000Z),USA,Paraguay,2026-06-13T01:00:00.000Z,FIFA World Cup Round 1,Los Angeles Stadium,Danny Makkelie,Full time,4,1,USA,Paraguay,home,Sebastian Berhalter,14,used_substitute,Midfielder,6.6,46.0,
4667771,usa-vs-paraguay,https://www.fotmob.com/matches/usa-vs-paraguay/1hr85j#4667771,USA vs Paraguay (2026-06-13T01:00:00.000Z),USA,Paraguay,2026-06-13T01:00:00.000Z,FIFA World Cup Round 1,Los Angeles Stadium,Danny Makkelie,Full time,4,1,USA,Paraguay,home,Timothy Weah,21,used_substitute,Midfielder,6.2,72.0,
4667771,usa-vs-paraguay,https://www.fotmob.com/matches/usa-vs-paraguay/1hr85j#4667771,USA vs Paraguay (2026-06-13T01:00:00.000Z),USA,Paraguay,2026-06-13T01:00:00.000Z,FIFA World Cup Round 1,Los Angeles Stadium,Danny Makkelie,Full time,4,1,USA,Paraguay,home,Ricardo Pepi,9,used_substitute,Attacker,6.0,72.0,
4667771,usa-vs-paraguay,https://www.fotmob.com/matches/usa-vs-paraguay/1hr85j#4667771,USA vs Paraguay (2026-06-13T01:00:00.000Z),USA,Paraguay,2026-06-13T01:00:00.000Z,FIFA World Cup Round 1,Los Angeles Stadium,Danny Makkelie,Full time,4,1,USA,Paraguay,home,Giovanni Reyna,7,used_substitute,Midfielder,,82.0,
4667771,usa-vs-paraguay,https://www.fotmob.com/matches/usa-vs-paraguay/1hr85j#4667771,USA vs Paraguay (2026-06-13T01:00:00.000Z),USA,Paraguay,2026-06-13T01:00:00.000Z,FIFA World Cup Round 1,Los Angeles Stadium,Danny Makkelie,Full time,4,1,Paraguay,USA,away,Mauricio,11,used_substitute,Midfielder,7.4,46.0,
4667771,usa-vs-paraguay,https://www.fotmob.com/matches/usa-vs-paraguay/1hr85j#4667771,USA vs Paraguay (2026-06-13T01:00:00.000Z),USA,Paraguay,2026-06-13T01:00:00.000Z,FIFA World Cup Round 1,Los Angeles Stadium,Danny Makkelie,Full time,4,1,Paraguay,USA,away,Álex Arce,18,used_substitute,Attacker,6.0,62.0,
4667771,usa-vs-paraguay,https://www.fotmob.com/matches/usa-vs-paraguay/1hr85j#4667771,USA vs Paraguay (2026-06-13T01:00:00.000Z),USA,Paraguay,2026-06-13T01:00:00.000Z,FIFA World Cup Round 1,Los Angeles Stadium,Danny Makkelie,Full time,4,1,Paraguay,USA,away,Gustavo Velázquez,2,used_substitute,Defender,6.0,79.0,
4667771,usa-vs-paraguay,https://www.fotmob.com/matches/usa-vs-paraguay/1hr85j#4667771,USA vs Paraguay (2026-06-13T01:00:00.000Z),USA,Paraguay,2026-06-13T01:00:00.000Z,FIFA World Cup Round 1,Los Angeles Stadium,Danny Makkelie,Full time,4,1,Paraguay,USA,away,Alejandro Romero,17,used_substitute,Midfielder,6.1,79.0,
4667771,usa-vs-paraguay,https://www.fotmob.com/matches/usa-vs-paraguay/1hr85j#4667771,USA vs Paraguay (2026-06-13T01:00:00.000Z),USA,Paraguay,2026-06-13T01:00:00.000Z,FIFA World Cup Round 1,Los Angeles Stadium,Danny Makkelie,Full time,4,1,Paraguay,USA,away,Ramón Sosa,7,used_substitute,Attacker,6.3,79.0,
4667771,usa-vs-paraguay,https://www.fotmob.com/matches/usa-vs-paraguay/1hr85j#4667771,USA vs Paraguay (2026-06-13T01:00:00.000Z),USA,Paraguay,2026-06-13T01:00:00.000Z,FIFA World Cup Round 1,Los Angeles Stadium,Danny Makkelie,Full time,4,1,USA,Paraguay,home,Chris Brady,25,unused_bench,Keeper,,,
4667771,usa-vs-paraguay,https://www.fotmob.com/matches/usa-vs-paraguay/1hr85j#4667771,USA vs Paraguay (2026-06-13T01:00:00.000Z),USA,Paraguay,2026-06-13T01:00:00.000Z,FIFA World Cup Round 1,Los Angeles Stadium,Danny Makkelie,Full time,4,1,Paraguay,USA,away,Matt Turner,1,unused_bench,Keeper,,,
4667771,usa-vs-paraguay,https://www.fotmob.com/matches/usa-vs-paraguay/1hr85j#4667771,USA vs Paraguay (2026-06-13T01:00:00.000Z),USA,Paraguay,2026-06-13T01:00:00.000Z,FIFA World Cup Round 1,Los Angeles Stadium,Danny Makkelie,Full time,4,1,Paraguay,USA,away,Auston Trusty,6,unused_bench,Defender,,,
4667771,usa-vs-paraguay,https://www.fotmob.com/matches/usa-vs-paraguay/1hr85j#4667771,USA vs Paraguay (2026-06-13T01:00:00.000Z),USA,Paraguay,2026-06-13T01:00:00.000Z,FIFA World Cup Round 1,Los Angeles Stadium,Danny Makkelie,Full time,4,1,Paraguay,USA,away,Joseph Scally,23,unused_bench,Defender,,,
4667771,usa-vs-paraguay,https://www.fotmob.com/matches/usa-vs-paraguay/1hr85j#4667771,USA vs Paraguay (2026-06-13T01:00:00.000Z),USA,Paraguay,2026-06-13T01:00:00.000Z,FIFA World Cup Round 1,Los Angeles Stadium,Danny Makkelie,Full time,4,1,Paraguay,USA,away,Mark McKenzie,22,unused_bench,Defender,,,
4667771,usa-vs-paraguay,https://www.fotmob.com/matches/usa-vs-paraguay/1hr85j#4667771,USA vs Paraguay (2026-06-13T01:00:00.000Z),USA,Paraguay,2026-06-13T01:00:00.000Z,FIFA World Cup Round 1,Los Angeles Stadium,Danny Makkelie,Full time,4,1,Paraguay,USA,away,Miles Robinson,12,unused_bench,Defender,,,
4667771,usa-vs-paraguay,https://www.fotmob.com/matches/usa-vs-paraguay/1hr85j#4667771,USA vs Paraguay (2026-06-13T01:00:00.000Z),USA,Paraguay,2026-06-13T01:00:00.000Z,FIFA World Cup Round 1,Los Angeles Stadium,Danny Makkelie,Full time,4,1,Paraguay,USA,away,Brenden Aaronson,11,unused_bench,Midfielder,,,
4667771,usa-vs-paraguay,https://www.fotmob.com/matches/usa-vs-paraguay/1hr85j#4667771,USA vs Paraguay (2026-06-13T01:00:00.000Z),USA,Paraguay,2026-06-13T01:00:00.000Z,FIFA World Cup Round 1,Los Angeles Stadium,Danny Makkelie,Full time,4,1,Paraguay,USA,away,Cristian Roldan,15,unused_bench,Midfielder,,,
4667771,usa-vs-paraguay,https://www.fotmob.com/matches/usa-vs-paraguay/1hr85j#4667771,USA vs Paraguay (2026-06-13T01:00:00.000Z),USA,Paraguay,2026-06-13T01:00:00.000Z,FIFA World Cup Round 1,Los Angeles Stadium,Danny Makkelie,Full time,4,1,Paraguay,USA,away,Max Arfsten,18,unused_bench,Midfielder,,,
4667771,usa-vs-paraguay,https://www.fotmob.com/matches/usa-vs-paraguay/1hr85j#4667771,USA vs Paraguay (2026-06-13T01:00:00.000Z),USA,Paraguay,2026-06-13T01:00:00.000Z,FIFA World Cup Round 1,Los Angeles Stadium,Danny Makkelie,Full time,4,1,Paraguay,USA,away,Alex Zendejas,26,unused_bench,Attacker,,,
4667771,usa-vs-paraguay,https://www.fotmob.com/matches/usa-vs-paraguay/1hr85j#4667771,USA vs Paraguay (2026-06-13T01:00:00.000Z),USA,Paraguay,2026-06-13T01:00:00.000Z,FIFA World Cup Round 1,Los Angeles Stadium,Danny Makkelie,Full time,4,1,Paraguay,USA,away,Haji Wright,19,unused_bench,Attacker,,,
4667771,usa-vs-paraguay,https://www.fotmob.com/matches/usa-vs-paraguay/1hr85j#4667771,USA vs Paraguay (2026-06-13T01:00:00.000Z),USA,Paraguay,2026-06-13T01:00:00.000Z,FIFA World Cup Round 1,Los Angeles Stadium,Danny Makkelie,Full time,4,1,Paraguay,USA,away,Gastón Olveira,22,unused_bench,Keeper,,,
4667771,usa-vs-paraguay,https://www.fotmob.com/matches/usa-vs-paraguay/1hr85j#4667771,USA vs Paraguay (2026-06-13T01:00:00.000Z),USA,Paraguay,2026-06-13T01:00:00.000Z,FIFA World Cup Round 1,Los Angeles Stadium,Danny Makkelie,Full time,4,1,Paraguay,USA,away,Roberto Fernández,1,unused_bench,Keeper,,,
4667771,usa-vs-paraguay,https://www.fotmob.com/matches/usa-vs-paraguay/1hr85j#4667771,USA vs Paraguay (2026-06-13T01:00:00.000Z),USA,Paraguay,2026-06-13T01:00:00.000Z,FIFA World Cup Round 1,Los Angeles Stadium,Danny Makkelie,Full time,4,1,Paraguay,USA,away,Alexandro Maidana,26,unused_bench,Defender,,,
4667771,usa-vs-paraguay,https://www.fotmob.com/matches/usa-vs-paraguay/1hr85j#4667771,USA vs Paraguay (2026-06-13T01:00:00.000Z),USA,Paraguay,2026-06-13T01:00:00.000Z,FIFA World Cup Round 1,Los Angeles Stadium,Danny Makkelie,Full time,4,1,Paraguay,USA,away,Fabián Balbuena,5,unused_bench,Defender,,,
4667771,usa-vs-paraguay,https://www.fotmob.com/matches/usa-vs-paraguay/1hr85j#4667771,USA vs Paraguay (2026-06-13T01:00:00.000Z),USA,Paraguay,2026-06-13T01:00:00.000Z,FIFA World Cup Round 1,Los Angeles Stadium,Danny Makkelie,Full time,4,1,Paraguay,USA,away,José Canale,13,unused_bench,Defender,,,
4667771,usa-vs-paraguay,https://www.fotmob.com/matches/usa-vs-paraguay/1hr85j#4667771,USA vs Paraguay (2026-06-13T01:00:00.000Z),USA,Paraguay,2026-06-13T01:00:00.000Z,FIFA World Cup Round 1,Los Angeles Stadium,Danny Makkelie,Full time,4,1,Paraguay,USA,away,Braian Ojeda,20,unused_bench,Midfielder,,,
4667771,usa-vs-paraguay,https://www.fotmob.com/matches/usa-vs-paraguay/1hr85j#4667771,USA vs Paraguay (2026-06-13T01:00:00.000Z),USA,Paraguay,2026-06-13T01:00:00.000Z,FIFA World Cup Round 1,Los Angeles Stadium,Danny Makkelie,Full time,4,1,Paraguay,USA,away,Matías Galarza,23,unused_bench,Midfielder,,,
4667771,usa-vs-paraguay,https://www.fotmob.com/matches/usa-vs-paraguay/1hr85j#4667771,USA vs Paraguay (2026-06-13T01:00:00.000Z),USA,Paraguay,2026-06-13T01:00:00.000Z,FIFA World Cup Round 1,Los Angeles Stadium,Danny Makkelie,Full time,4,1,Paraguay,USA,away,Gabriel Ávalos,21,unused_bench,Attacker,,,
4667771,usa-vs-paraguay,https://www.fotmob.com/matches/usa-vs-paraguay/1hr85j#4667771,USA vs Paraguay (2026-06-13T01:00:00.000Z),USA,Paraguay,2026-06-13T01:00:00.000Z,FIFA World Cup Round 1,Los Angeles Stadium,Danny Makkelie,Full time,4,1,Paraguay,USA,away,Gustavo Caballero,24,unused_bench,Attacker,,,
4667771,usa-vs-paraguay,https://www.fotmob.com/matches/usa-vs-paraguay/1hr85j#4667771,USA vs Paraguay (2026-06-13T01:00:00.000Z),USA,Paraguay,2026-06-13T01:00:00.000Z,FIFA World Cup Round 1,Los Angeles Stadium,Danny Makkelie,Full time,4,1,Paraguay,USA,away,Isidro Pitta,25,unused_bench,Attacker,,,
4667772,turkiye-vs-australia,https://www.fotmob.com/matches/turkiye-vs-australia/1gr3uk#4667772,Australia vs Turkiye (2026-06-14T04:00:00.000Z),Australia,Turkiye,2026-06-14T04:00:00.000Z,FIFA World Cup Round 1,,,Full time,2,0,Australia,Turkiye,home,Nishan Velupillay,23,used_substitute,Attacker,6.1,61.0,
4667772,turkiye-vs-australia,https://www.fotmob.com/matches/turkiye-vs-australia/1gr3uk#4667772,Australia vs Turkiye (2026-06-14T04:00:00.000Z),Australia,Turkiye,2026-06-14T04:00:00.000Z,FIFA World Cup Round 1,,,Full time,2,0,Australia,Turkiye,home,Jason Geria,6,used_substitute,Defender,6.4,74.0,
4667772,turkiye-vs-australia,https://www.fotmob.com/matches/turkiye-vs-australia/1gr3uk#4667772,Australia vs Turkiye (2026-06-14T04:00:00.000Z),Australia,Turkiye,2026-06-14T04:00:00.000Z,FIFA World Cup Round 1,,,Full time,2,0,Australia,Turkiye,home,Tete Yengi,26,used_substitute,Attacker,6.2,74.0,
4667772,turkiye-vs-australia,https://www.fotmob.com/matches/turkiye-vs-australia/1gr3uk#4667772,Australia vs Turkiye (2026-06-14T04:00:00.000Z),Australia,Turkiye,2026-06-14T04:00:00.000Z,FIFA World Cup Round 1,,,Full time,2,0,Australia,Turkiye,home,Aziz Behich,16,used_substitute,Defender,,83.0,
4667772,turkiye-vs-australia,https://www.fotmob.com/matches/turkiye-vs-australia/1gr3uk#4667772,Australia vs Turkiye (2026-06-14T04:00:00.000Z),Australia,Turkiye,2026-06-14T04:00:00.000Z,FIFA World Cup Round 1,,,Full time,2,0,Australia,Turkiye,home,Jackson Irvine,22,used_substitute,Midfielder,,83.0,
4667772,turkiye-vs-australia,https://www.fotmob.com/matches/turkiye-vs-australia/1gr3uk#4667772,Australia vs Turkiye (2026-06-14T04:00:00.000Z),Australia,Turkiye,2026-06-14T04:00:00.000Z,FIFA World Cup Round 1,,,Full time,2,0,Turkiye,Australia,away,Kenan Yildiz,11,used_substitute,Midfielder,7.2,46.0,
4667772,turkiye-vs-australia,https://www.fotmob.com/matches/turkiye-vs-australia/1gr3uk#4667772,Australia vs Turkiye (2026-06-14T04:00:00.000Z),Australia,Turkiye,2026-06-14T04:00:00.000Z,FIFA World Cup Round 1,,,Full time,2,0,Turkiye,Australia,away,Yunus Akgün,19,used_substitute,Midfielder,6.6,62.0,
4667772,turkiye-vs-australia,https://www.fotmob.com/matches/turkiye-vs-australia/1gr3uk#4667772,Australia vs Turkiye (2026-06-14T04:00:00.000Z),Australia,Turkiye,2026-06-14T04:00:00.000Z,FIFA World Cup Round 1,,,Full time,2,0,Turkiye,Australia,away,Mert Müldür,18,used_substitute,Defender,,81.0,
4667772,turkiye-vs-australia,https://www.fotmob.com/matches/turkiye-vs-australia/1gr3uk#4667772,Australia vs Turkiye (2026-06-14T04:00:00.000Z),Australia,Turkiye,2026-06-14T04:00:00.000Z,FIFA World Cup Round 1,,,Full time,2,0,Turkiye,Australia,away,Salih Özcan,5,used_substitute,Midfielder,,81.0,
4667772,turkiye-vs-australia,https://www.fotmob.com/matches/turkiye-vs-australia/1gr3uk#4667772,Australia vs Turkiye (2026-06-14T04:00:00.000Z),Australia,Turkiye,2026-06-14T04:00:00.000Z,FIFA World Cup Round 1,,,Full time,2,0,Turkiye,Australia,away,Deniz Gül,9,used_substitute,Attacker,,85.0,
4667772,turkiye-vs-australia,https://www.fotmob.com/matches/turkiye-vs-australia/1gr3uk#4667772,Australia vs Turkiye (2026-06-14T04:00:00.000Z),Australia,Turkiye,2026-06-14T04:00:00.000Z,FIFA World Cup Round 1,,,Full time,2,0,Australia,Turkiye,home,Mathew Ryan,1,unused_bench,Keeper,,,
4667772,turkiye-vs-australia,https://www.fotmob.com/matches/turkiye-vs-australia/1gr3uk#4667772,Australia vs Turkiye (2026-06-14T04:00:00.000Z),Australia,Turkiye,2026-06-14T04:00:00.000Z,FIFA World Cup Round 1,,,Full time,2,0,Turkiye,Australia,away,Paul Izzo,12,unused_bench,Keeper,,,
4667772,turkiye-vs-australia,https://www.fotmob.com/matches/turkiye-vs-australia/1gr3uk#4667772,Australia vs Turkiye (2026-06-14T04:00:00.000Z),Australia,Turkiye,2026-06-14T04:00:00.000Z,FIFA World Cup Round 1,,,Full time,2,0,Turkiye,Australia,away,Lucas Herrington,25,unused_bench,Defender,,,
4667772,turkiye-vs-australia,https://www.fotmob.com/matches/turkiye-vs-australia/1gr3uk#4667772,Australia vs Turkiye (2026-06-14T04:00:00.000Z),Australia,Turkiye,2026-06-14T04:00:00.000Z,FIFA World Cup Round 1,,,Full time,2,0,Turkiye,Australia,away,Milos Degenek,2,unused_bench,Defender,,,
4667772,turkiye-vs-australia,https://www.fotmob.com/matches/turkiye-vs-australia/1gr3uk#4667772,Australia vs Turkiye (2026-06-14T04:00:00.000Z),Australia,Turkiye,2026-06-14T04:00:00.000Z,FIFA World Cup Round 1,,,Full time,2,0,Turkiye,Australia,away,Ajdin Hrustic,10,unused_bench,Midfielder,,,
4667772,turkiye-vs-australia,https://www.fotmob.com/matches/turkiye-vs-australia/1gr3uk#4667772,Australia vs Turkiye (2026-06-14T04:00:00.000Z),Australia,Turkiye,2026-06-14T04:00:00.000Z,FIFA World Cup Round 1,,,Full time,2,0,Turkiye,Australia,away,Cameron Devlin,14,unused_bench,Midfielder,,,
4667772,turkiye-vs-australia,https://www.fotmob.com/matches/turkiye-vs-australia/1gr3uk#4667772,Australia vs Turkiye (2026-06-14T04:00:00.000Z),Australia,Turkiye,2026-06-14T04:00:00.000Z,FIFA World Cup Round 1,,,Full time,2,0,Turkiye,Australia,away,Kai Trewin,15,unused_bench,Midfielder,,,
4667772,turkiye-vs-australia,https://www.fotmob.com/matches/turkiye-vs-australia/1gr3uk#4667772,Australia vs Turkiye (2026-06-14T04:00:00.000Z),Australia,Turkiye,2026-06-14T04:00:00.000Z,FIFA World Cup Round 1,,,Full time,2,0,Turkiye,Australia,away,Matthew Leckie,7,unused_bench,Midfielder,,,
4667772,turkiye-vs-australia,https://www.fotmob.com/matches/turkiye-vs-australia/1gr3uk#4667772,Australia vs Turkiye (2026-06-14T04:00:00.000Z),Australia,Turkiye,2026-06-14T04:00:00.000Z,FIFA World Cup Round 1,,,Full time,2,0,Turkiye,Australia,away,Awer Mabil,11,unused_bench,Attacker,,,
4667772,turkiye-vs-australia,https://www.fotmob.com/matches/turkiye-vs-australia/1gr3uk#4667772,Australia vs Turkiye (2026-06-14T04:00:00.000Z),Australia,Turkiye,2026-06-14T04:00:00.000Z,FIFA World Cup Round 1,,,Full time,2,0,Turkiye,Australia,away,Cristian Volpato,20,unused_bench,Attacker,,,
4667772,turkiye-vs-australia,https://www.fotmob.com/matches/turkiye-vs-australia/1gr3uk#4667772,Australia vs Turkiye (2026-06-14T04:00:00.000Z),Australia,Turkiye,2026-06-14T04:00:00.000Z,FIFA World Cup Round 1,,,Full time,2,0,Turkiye,Australia,away,Altay Bayindir,12,unused_bench,Keeper,,,
4667772,turkiye-vs-australia,https://www.fotmob.com/matches/turkiye-vs-australia/1gr3uk#4667772,Australia vs Turkiye (2026-06-14T04:00:00.000Z),Australia,Turkiye,2026-06-14T04:00:00.000Z,FIFA World Cup Round 1,,,Full time,2,0,Turkiye,Australia,away,Mert Günok,1,unused_bench,Keeper,,,
4667772,turkiye-vs-australia,https://www.fotmob.com/matches/turkiye-vs-australia/1gr3uk#4667772,Australia vs Turkiye (2026-06-14T04:00:00.000Z),Australia,Turkiye,2026-06-14T04:00:00.000Z,FIFA World Cup Round 1,,,Full time,2,0,Turkiye,Australia,away,Caglar Söyüncü,4,unused_bench,Defender,,,
4667772,turkiye-vs-australia,https://www.fotmob.com/matches/turkiye-vs-australia/1gr3uk#4667772,Australia vs Turkiye (2026-06-14T04:00:00.000Z),Australia,Turkiye,2026-06-14T04:00:00.000Z,FIFA World Cup Round 1,,,Full time,2,0,Turkiye,Australia,away,Eren Elmali,13,unused_bench,Defender,,,
4667772,turkiye-vs-australia,https://www.fotmob.com/matches/turkiye-vs-australia/1gr3uk#4667772,Australia vs Turkiye (2026-06-14T04:00:00.000Z),Australia,Turkiye,2026-06-14T04:00:00.000Z,FIFA World Cup Round 1,,,Full time,2,0,Turkiye,Australia,away,Kaan Ayhan,22,unused_bench,Defender,,,
4667772,turkiye-vs-australia,https://www.fotmob.com/matches/turkiye-vs-australia/1gr3uk#4667772,Australia vs Turkiye (2026-06-14T04:00:00.000Z),Australia,Turkiye,2026-06-14T04:00:00.000Z,FIFA World Cup Round 1,,,Full time,2,0,Turkiye,Australia,away,Ozan Kabak,15,unused_bench,Defender,,,
4667772,turkiye-vs-australia,https://www.fotmob.com/matches/turkiye-vs-australia/1gr3uk#4667772,Australia vs Turkiye (2026-06-14T04:00:00.000Z),Australia,Turkiye,2026-06-14T04:00:00.000Z,FIFA World Cup Round 1,,,Full time,2,0,Turkiye,Australia,away,Samet Akaydin,25,unused_bench,Defender,,,
4667772,turkiye-vs-australia,https://www.fotmob.com/matches/turkiye-vs-australia/1gr3uk#4667772,Australia vs Turkiye (2026-06-14T04:00:00.000Z),Australia,Turkiye,2026-06-14T04:00:00.000Z,FIFA World Cup Round 1,,,Full time,2,0,Turkiye,Australia,away,Can Uzun,26,unused_bench,Midfielder,,,
4667772,turkiye-vs-australia,https://www.fotmob.com/matches/turkiye-vs-australia/1gr3uk#4667772,Australia vs Turkiye (2026-06-14T04:00:00.000Z),Australia,Turkiye,2026-06-14T04:00:00.000Z,FIFA World Cup Round 1,,,Full time,2,0,Turkiye,Australia,away,Irfan Kahveci,17,unused_bench,Attacker,,,
4667772,turkiye-vs-australia,https://www.fotmob.com/matches/turkiye-vs-australia/1gr3uk#4667772,Australia vs Turkiye (2026-06-14T04:00:00.000Z),Australia,Turkiye,2026-06-14T04:00:00.000Z,FIFA World Cup Round 1,,,Full time,2,0,Turkiye,Australia,away,Oguz Aydin,24,unused_bench,Attacker,,,
4667777,germany-vs-curacao,https://www.fotmob.com/matches/germany-vs-curacao/k77fsyu#4667777,Germany vs Curacao (2026-06-14T17:00:00.000Z),Germany,Curacao,2026-06-14T17:00:00.000Z,FIFA World Cup Round 1,Houston Stadium,Jalal Jayed,Full time,7,1,Germany,Curacao,home,Deniz Undav,26,used_substitute,Attacker,8.8,64.0,
4667777,germany-vs-curacao,https://www.fotmob.com/matches/germany-vs-curacao/k77fsyu#4667777,Germany vs Curacao (2026-06-14T17:00:00.000Z),Germany,Curacao,2026-06-14T17:00:00.000Z,FIFA World Cup Round 1,Houston Stadium,Jalal Jayed,Full time,7,1,Germany,Curacao,home,Antonio Rüdiger,2,used_substitute,Defender,6.3,72.0,
4667777,germany-vs-curacao,https://www.fotmob.com/matches/germany-vs-curacao/k77fsyu#4667777,Germany vs Curacao (2026-06-14T17:00:00.000Z),Germany,Curacao,2026-06-14T17:00:00.000Z,FIFA World Cup Round 1,Houston Stadium,Jalal Jayed,Full time,7,1,Germany,Curacao,home,David Raum,22,used_substitute,Defender,6.3,72.0,
4667777,germany-vs-curacao,https://www.fotmob.com/matches/germany-vs-curacao/k77fsyu#4667777,Germany vs Curacao (2026-06-14T17:00:00.000Z),Germany,Curacao,2026-06-14T17:00:00.000Z,FIFA World Cup Round 1,Houston Stadium,Jalal Jayed,Full time,7,1,Germany,Curacao,home,Leon Goretzka,8,used_substitute,Midfielder,6.0,72.0,
4667777,germany-vs-curacao,https://www.fotmob.com/matches/germany-vs-curacao/k77fsyu#4667777,Germany vs Curacao (2026-06-14T17:00:00.000Z),Germany,Curacao,2026-06-14T17:00:00.000Z,FIFA World Cup Round 1,Houston Stadium,Jalal Jayed,Full time,7,1,Germany,Curacao,home,Waldemar Anton,3,used_substitute,Defender,,83.0,
4667777,germany-vs-curacao,https://www.fotmob.com/matches/germany-vs-curacao/k77fsyu#4667777,Germany vs Curacao (2026-06-14T17:00:00.000Z),Germany,Curacao,2026-06-14T17:00:00.000Z,FIFA World Cup Round 1,Houston Stadium,Jalal Jayed,Full time,7,1,Curacao,Germany,away,Jeremy Antonisse,11,used_substitute,Attacker,6.4,46.0,
4667777,germany-vs-curacao,https://www.fotmob.com/matches/germany-vs-curacao/k77fsyu#4667777,Germany vs Curacao (2026-06-14T17:00:00.000Z),Germany,Curacao,2026-06-14T17:00:00.000Z,FIFA World Cup Round 1,Houston Stadium,Jalal Jayed,Full time,7,1,Curacao,Germany,away,Jearl Margaritha,16,used_substitute,Attacker,5.8,65.0,
4667777,germany-vs-curacao,https://www.fotmob.com/matches/germany-vs-curacao/k77fsyu#4667777,Germany vs Curacao (2026-06-14T17:00:00.000Z),Germany,Curacao,2026-06-14T17:00:00.000Z,FIFA World Cup Round 1,Houston Stadium,Jalal Jayed,Full time,7,1,Curacao,Germany,away,Gervane Kastaneer,19,used_substitute,Attacker,,82.0,
4667777,germany-vs-curacao,https://www.fotmob.com/matches/germany-vs-curacao/k77fsyu#4667777,Germany vs Curacao (2026-06-14T17:00:00.000Z),Germany,Curacao,2026-06-14T17:00:00.000Z,FIFA World Cup Round 1,Houston Stadium,Jalal Jayed,Full time,7,1,Germany,Curacao,home,Alexander Nübel,21,unused_bench,Keeper,,,
4667777,germany-vs-curacao,https://www.fotmob.com/matches/germany-vs-curacao/k77fsyu#4667777,Germany vs Curacao (2026-06-14T17:00:00.000Z),Germany,Curacao,2026-06-14T17:00:00.000Z,FIFA World Cup Round 1,Houston Stadium,Jalal Jayed,Full time,7,1,Curacao,Germany,away,Oliver Baumann,12,unused_bench,Keeper,,,
4667777,germany-vs-curacao,https://www.fotmob.com/matches/germany-vs-curacao/k77fsyu#4667777,Germany vs Curacao (2026-06-14T17:00:00.000Z),Germany,Curacao,2026-06-14T17:00:00.000Z,FIFA World Cup Round 1,Houston Stadium,Jalal Jayed,Full time,7,1,Curacao,Germany,away,Malick Thiaw,24,unused_bench,Defender,,,
4667777,germany-vs-curacao,https://www.fotmob.com/matches/germany-vs-curacao/k77fsyu#4667777,Germany vs Curacao (2026-06-14T17:00:00.000Z),Germany,Curacao,2026-06-14T17:00:00.000Z,FIFA World Cup Round 1,Houston Stadium,Jalal Jayed,Full time,7,1,Curacao,Germany,away,Angelo Stiller,16,unused_bench,Midfielder,,,
4667777,germany-vs-curacao,https://www.fotmob.com/matches/germany-vs-curacao/k77fsyu#4667777,Germany vs Curacao (2026-06-14T17:00:00.000Z),Germany,Curacao,2026-06-14T17:00:00.000Z,FIFA World Cup Round 1,Houston Stadium,Jalal Jayed,Full time,7,1,Curacao,Germany,away,Assan Ouédraogo,25,unused_bench,Midfielder,,,
4667777,germany-vs-curacao,https://www.fotmob.com/matches/germany-vs-curacao/k77fsyu#4667777,Germany vs Curacao (2026-06-14T17:00:00.000Z),Germany,Curacao,2026-06-14T17:00:00.000Z,FIFA World Cup Round 1,Houston Stadium,Jalal Jayed,Full time,7,1,Curacao,Germany,away,Maximilian Beier,14,unused_bench,Midfielder,,,
4667777,germany-vs-curacao,https://www.fotmob.com/matches/germany-vs-curacao/k77fsyu#4667777,Germany vs Curacao (2026-06-14T17:00:00.000Z),Germany,Curacao,2026-06-14T17:00:00.000Z,FIFA World Cup Round 1,Houston Stadium,Jalal Jayed,Full time,7,1,Curacao,Germany,away,Nadiem Amiri,20,unused_bench,Midfielder,,,
4667777,germany-vs-curacao,https://www.fotmob.com/matches/germany-vs-curacao/k77fsyu#4667777,Germany vs Curacao (2026-06-14T17:00:00.000Z),Germany,Curacao,2026-06-14T17:00:00.000Z,FIFA World Cup Round 1,Houston Stadium,Jalal Jayed,Full time,7,1,Curacao,Germany,away,Pascal Groß,13,unused_bench,Midfielder,,,
4667777,germany-vs-curacao,https://www.fotmob.com/matches/germany-vs-curacao/k77fsyu#4667777,Germany vs Curacao (2026-06-14T17:00:00.000Z),Germany,Curacao,2026-06-14T17:00:00.000Z,FIFA World Cup Round 1,Houston Stadium,Jalal Jayed,Full time,7,1,Curacao,Germany,away,Jamie Leweling,9,unused_bench,Attacker,,,
4667777,germany-vs-curacao,https://www.fotmob.com/matches/germany-vs-curacao/k77fsyu#4667777,Germany vs Curacao (2026-06-14T17:00:00.000Z),Germany,Curacao,2026-06-14T17:00:00.000Z,FIFA World Cup Round 1,Houston Stadium,Jalal Jayed,Full time,7,1,Curacao,Germany,away,Nick Woltemade,11,unused_bench,Attacker,,,
4667777,germany-vs-curacao,https://www.fotmob.com/matches/germany-vs-curacao/k77fsyu#4667777,Germany vs Curacao (2026-06-14T17:00:00.000Z),Germany,Curacao,2026-06-14T17:00:00.000Z,FIFA World Cup Round 1,Houston Stadium,Jalal Jayed,Full time,7,1,Curacao,Germany,away,Trevor Doornbusch,26,unused_bench,Keeper,,,
4667777,germany-vs-curacao,https://www.fotmob.com/matches/germany-vs-curacao/k77fsyu#4667777,Germany vs Curacao (2026-06-14T17:00:00.000Z),Germany,Curacao,2026-06-14T17:00:00.000Z,FIFA World Cup Round 1,Houston Stadium,Jalal Jayed,Full time,7,1,Curacao,Germany,away,Tyrick Bodak,25,unused_bench,Keeper,,,
4667777,germany-vs-curacao,https://www.fotmob.com/matches/germany-vs-curacao/k77fsyu#4667777,Germany vs Curacao (2026-06-14T17:00:00.000Z),Germany,Curacao,2026-06-14T17:00:00.000Z,FIFA World Cup Round 1,Houston Stadium,Jalal Jayed,Full time,7,1,Curacao,Germany,away,Joshua Brenet,20,unused_bench,Defender,,,
4667777,germany-vs-curacao,https://www.fotmob.com/matches/germany-vs-curacao/k77fsyu#4667777,Germany vs Curacao (2026-06-14T17:00:00.000Z),Germany,Curacao,2026-06-14T17:00:00.000Z,FIFA World Cup Round 1,Houston Stadium,Jalal Jayed,Full time,7,1,Curacao,Germany,away,Juriën Gaari,3,unused_bench,Defender,,,
4667777,germany-vs-curacao,https://www.fotmob.com/matches/germany-vs-curacao/k77fsyu#4667777,Germany vs Curacao (2026-06-14T17:00:00.000Z),Germany,Curacao,2026-06-14T17:00:00.000Z,FIFA World Cup Round 1,Houston Stadium,Jalal Jayed,Full time,7,1,Curacao,Germany,away,Roshon van Eijma,4,unused_bench,Defender,,,
4667777,germany-vs-curacao,https://www.fotmob.com/matches/germany-vs-curacao/k77fsyu#4667777,Germany vs Curacao (2026-06-14T17:00:00.000Z),Germany,Curacao,2026-06-14T17:00:00.000Z,FIFA World Cup Round 1,Houston Stadium,Jalal Jayed,Full time,7,1,Curacao,Germany,away,Shurandy Sambo,2,unused_bench,Defender,,,
4667777,germany-vs-curacao,https://www.fotmob.com/matches/germany-vs-curacao/k77fsyu#4667777,Germany vs Curacao (2026-06-14T17:00:00.000Z),Germany,Curacao,2026-06-14T17:00:00.000Z,FIFA World Cup Round 1,Houston Stadium,Jalal Jayed,Full time,7,1,Curacao,Germany,away,Godfried Roemeratoe,6,unused_bench,Midfielder,,,
4667777,germany-vs-curacao,https://www.fotmob.com/matches/germany-vs-curacao/k77fsyu#4667777,Germany vs Curacao (2026-06-14T17:00:00.000Z),Germany,Curacao,2026-06-14T17:00:00.000Z,FIFA World Cup Round 1,Houston Stadium,Jalal Jayed,Full time,7,1,Curacao,Germany,away,Kevin Felida,22,unused_bench,Midfielder,,,
4667777,germany-vs-curacao,https://www.fotmob.com/matches/germany-vs-curacao/k77fsyu#4667777,Germany vs Curacao (2026-06-14T17:00:00.000Z),Germany,Curacao,2026-06-14T17:00:00.000Z,FIFA World Cup Round 1,Houston Stadium,Jalal Jayed,Full time,7,1,Curacao,Germany,away,Tyrese Noslin,13,unused_bench,Midfielder,,,
4667777,germany-vs-curacao,https://www.fotmob.com/matches/germany-vs-curacao/k77fsyu#4667777,Germany vs Curacao (2026-06-14T17:00:00.000Z),Germany,Curacao,2026-06-14T17:00:00.000Z,FIFA World Cup Round 1,Houston Stadium,Jalal Jayed,Full time,7,1,Curacao,Germany,away,Arjany Martha,15,unused_bench,Attacker,,,
4667777,germany-vs-curacao,https://www.fotmob.com/matches/germany-vs-curacao/k77fsyu#4667777,Germany vs Curacao (2026-06-14T17:00:00.000Z),Germany,Curacao,2026-06-14T17:00:00.000Z,FIFA World Cup Round 1,Houston Stadium,Jalal Jayed,Full time,7,1,Curacao,Germany,away,Brandley Kuwas,17,unused_bench,Attacker,,,
4667777,germany-vs-curacao,https://www.fotmob.com/matches/germany-vs-curacao/k77fsyu#4667777,Germany vs Curacao (2026-06-14T17:00:00.000Z),Germany,Curacao,2026-06-14T17:00:00.000Z,FIFA World Cup Round 1,Houston Stadium,Jalal Jayed,Full time,7,1,Curacao,Germany,away,Kenji Gorré,14,unused_bench,Attacker,,,
4667778,ecuador-vs-ivory-coast,https://www.fotmob.com/matches/ecuador-vs-ivory-coast/1hl6kp#4667778,Ivory Coast vs Ecuador (2026-06-14T23:00:00.000Z),Ivory Coast,Ecuador,2026-06-14T23:00:00.000Z,FIFA World Cup Round 1,Philadelphia Stadium,François Letexier,Full time,1,0,Ivory Coast,Ecuador,home,Amad Diallo,15,used_substitute,Midfielder,8.1,56.0,
4667778,ecuador-vs-ivory-coast,https://www.fotmob.com/matches/ecuador-vs-ivory-coast/1hl6kp#4667778,Ivory Coast vs Ecuador (2026-06-14T23:00:00.000Z),Ivory Coast,Ecuador,2026-06-14T23:00:00.000Z,FIFA World Cup Round 1,Philadelphia Stadium,François Letexier,Full time,1,0,Ivory Coast,Ecuador,home,Ange-Yoan Bonny,9,used_substitute,Attacker,6.3,56.0,
4667778,ecuador-vs-ivory-coast,https://www.fotmob.com/matches/ecuador-vs-ivory-coast/1hl6kp#4667778,Ivory Coast vs Ecuador (2026-06-14T23:00:00.000Z),Ivory Coast,Ecuador,2026-06-14T23:00:00.000Z,FIFA World Cup Round 1,Philadelphia Stadium,François Letexier,Full time,1,0,Ivory Coast,Ecuador,home,Christ Inao Oulaï,26,used_substitute,Midfielder,6.6,77.0,
4667778,ecuador-vs-ivory-coast,https://www.fotmob.com/matches/ecuador-vs-ivory-coast/1hl6kp#4667778,Ivory Coast vs Ecuador (2026-06-14T23:00:00.000Z),Ivory Coast,Ecuador,2026-06-14T23:00:00.000Z,FIFA World Cup Round 1,Philadelphia Stadium,François Letexier,Full time,1,0,Ivory Coast,Ecuador,home,Ibrahim Sangaré,18,used_substitute,Midfielder,6.3,77.0,
4667778,ecuador-vs-ivory-coast,https://www.fotmob.com/matches/ecuador-vs-ivory-coast/1hl6kp#4667778,Ivory Coast vs Ecuador (2026-06-14T23:00:00.000Z),Ivory Coast,Ecuador,2026-06-14T23:00:00.000Z,FIFA World Cup Round 1,Philadelphia Stadium,François Letexier,Full time,1,0,Ivory Coast,Ecuador,home,Odilon Kossounou,7,used_substitute,Defender,,89.0,
4667778,ecuador-vs-ivory-coast,https://www.fotmob.com/matches/ecuador-vs-ivory-coast/1hl6kp#4667778,Ivory Coast vs Ecuador (2026-06-14T23:00:00.000Z),Ivory Coast,Ecuador,2026-06-14T23:00:00.000Z,FIFA World Cup Round 1,Philadelphia Stadium,François Letexier,Full time,1,0,Ecuador,Ivory Coast,away,Nilson Angulo,20,used_substitute,Attacker,6.1,56.0,
4667778,ecuador-vs-ivory-coast,https://www.fotmob.com/matches/ecuador-vs-ivory-coast/1hl6kp#4667778,Ivory Coast vs Ecuador (2026-06-14T23:00:00.000Z),Ivory Coast,Ecuador,2026-06-14T23:00:00.000Z,FIFA World Cup Round 1,Philadelphia Stadium,François Letexier,Full time,1,0,Ecuador,Ivory Coast,away,Jackson Porozo,25,used_substitute,Defender,5.8,62.0,
4667778,ecuador-vs-ivory-coast,https://www.fotmob.com/matches/ecuador-vs-ivory-coast/1hl6kp#4667778,Ivory Coast vs Ecuador (2026-06-14T23:00:00.000Z),Ivory Coast,Ecuador,2026-06-14T23:00:00.000Z,FIFA World Cup Round 1,Philadelphia Stadium,François Letexier,Full time,1,0,Ecuador,Ivory Coast,away,Ángelo Preciado,17,used_substitute,Midfielder,6.0,62.0,
4667778,ecuador-vs-ivory-coast,https://www.fotmob.com/matches/ecuador-vs-ivory-coast/1hl6kp#4667778,Ivory Coast vs Ecuador (2026-06-14T23:00:00.000Z),Ivory Coast,Ecuador,2026-06-14T23:00:00.000Z,FIFA World Cup Round 1,Philadelphia Stadium,François Letexier,Full time,1,0,Ecuador,Ivory Coast,away,Kevin Rodríguez,11,used_substitute,Attacker,5.7,77.0,
4667778,ecuador-vs-ivory-coast,https://www.fotmob.com/matches/ecuador-vs-ivory-coast/1hl6kp#4667778,Ivory Coast vs Ecuador (2026-06-14T23:00:00.000Z),Ivory Coast,Ecuador,2026-06-14T23:00:00.000Z,FIFA World Cup Round 1,Philadelphia Stadium,François Letexier,Full time,1,0,Ivory Coast,Ecuador,home,Alban Lafont,23,unused_bench,Keeper,,,
4667778,ecuador-vs-ivory-coast,https://www.fotmob.com/matches/ecuador-vs-ivory-coast/1hl6kp#4667778,Ivory Coast vs Ecuador (2026-06-14T23:00:00.000Z),Ivory Coast,Ecuador,2026-06-14T23:00:00.000Z,FIFA World Cup Round 1,Philadelphia Stadium,François Letexier,Full time,1,0,Ecuador,Ivory Coast,away,Mohamed Koné,16,unused_bench,Keeper,,,
4667778,ecuador-vs-ivory-coast,https://www.fotmob.com/matches/ecuador-vs-ivory-coast/1hl6kp#4667778,Ivory Coast vs Ecuador (2026-06-14T23:00:00.000Z),Ivory Coast,Ecuador,2026-06-14T23:00:00.000Z,FIFA World Cup Round 1,Philadelphia Stadium,François Letexier,Full time,1,0,Ecuador,Ivory Coast,away,Christopher Opéri,13,unused_bench,Defender,,,
4667778,ecuador-vs-ivory-coast,https://www.fotmob.com/matches/ecuador-vs-ivory-coast/1hl6kp#4667778,Ivory Coast vs Ecuador (2026-06-14T23:00:00.000Z),Ivory Coast,Ecuador,2026-06-14T23:00:00.000Z,FIFA World Cup Round 1,Philadelphia Stadium,François Letexier,Full time,1,0,Ecuador,Ivory Coast,away,Evan N'Dicka,21,unused_bench,Defender,,,
4667778,ecuador-vs-ivory-coast,https://www.fotmob.com/matches/ecuador-vs-ivory-coast/1hl6kp#4667778,Ivory Coast vs Ecuador (2026-06-14T23:00:00.000Z),Ivory Coast,Ecuador,2026-06-14T23:00:00.000Z,FIFA World Cup Round 1,Philadelphia Stadium,François Letexier,Full time,1,0,Ecuador,Ivory Coast,away,Ousmane Diomande,2,unused_bench,Defender,,,
4667778,ecuador-vs-ivory-coast,https://www.fotmob.com/matches/ecuador-vs-ivory-coast/1hl6kp#4667778,Ivory Coast vs Ecuador (2026-06-14T23:00:00.000Z),Ivory Coast,Ecuador,2026-06-14T23:00:00.000Z,FIFA World Cup Round 1,Philadelphia Stadium,François Letexier,Full time,1,0,Ecuador,Ivory Coast,away,Jean Michaël Seri,4,unused_bench,Midfielder,,,
4667778,ecuador-vs-ivory-coast,https://www.fotmob.com/matches/ecuador-vs-ivory-coast/1hl6kp#4667778,Ivory Coast vs Ecuador (2026-06-14T23:00:00.000Z),Ivory Coast,Ecuador,2026-06-14T23:00:00.000Z,FIFA World Cup Round 1,Philadelphia Stadium,François Letexier,Full time,1,0,Ecuador,Ivory Coast,away,Evann Guessand,22,unused_bench,Attacker,,,
4667778,ecuador-vs-ivory-coast,https://www.fotmob.com/matches/ecuador-vs-ivory-coast/1hl6kp#4667778,Ivory Coast vs Ecuador (2026-06-14T23:00:00.000Z),Ivory Coast,Ecuador,2026-06-14T23:00:00.000Z,FIFA World Cup Round 1,Philadelphia Stadium,François Letexier,Full time,1,0,Ecuador,Ivory Coast,away,Oumar Diakité,14,unused_bench,Attacker,,,
4667778,ecuador-vs-ivory-coast,https://www.fotmob.com/matches/ecuador-vs-ivory-coast/1hl6kp#4667778,Ivory Coast vs Ecuador (2026-06-14T23:00:00.000Z),Ivory Coast,Ecuador,2026-06-14T23:00:00.000Z,FIFA World Cup Round 1,Philadelphia Stadium,François Letexier,Full time,1,0,Ecuador,Ivory Coast,away,Parfait Guiagon,25,unused_bench,Attacker,,,
4667778,ecuador-vs-ivory-coast,https://www.fotmob.com/matches/ecuador-vs-ivory-coast/1hl6kp#4667778,Ivory Coast vs Ecuador (2026-06-14T23:00:00.000Z),Ivory Coast,Ecuador,2026-06-14T23:00:00.000Z,FIFA World Cup Round 1,Philadelphia Stadium,François Letexier,Full time,1,0,Ecuador,Ivory Coast,away,Simon Adingra,10,unused_bench,Attacker,,,
4667778,ecuador-vs-ivory-coast,https://www.fotmob.com/matches/ecuador-vs-ivory-coast/1hl6kp#4667778,Ivory Coast vs Ecuador (2026-06-14T23:00:00.000Z),Ivory Coast,Ecuador,2026-06-14T23:00:00.000Z,FIFA World Cup Round 1,Philadelphia Stadium,François Letexier,Full time,1,0,Ecuador,Ivory Coast,away,Gonzalo Valle,22,unused_bench,Keeper,,,
4667778,ecuador-vs-ivory-coast,https://www.fotmob.com/matches/ecuador-vs-ivory-coast/1hl6kp#4667778,Ivory Coast vs Ecuador (2026-06-14T23:00:00.000Z),Ivory Coast,Ecuador,2026-06-14T23:00:00.000Z,FIFA World Cup Round 1,Philadelphia Stadium,François Letexier,Full time,1,0,Ecuador,Ivory Coast,away,Moisés Ramirez,12,unused_bench,Keeper,,,
4667778,ecuador-vs-ivory-coast,https://www.fotmob.com/matches/ecuador-vs-ivory-coast/1hl6kp#4667778,Ivory Coast vs Ecuador (2026-06-14T23:00:00.000Z),Ivory Coast,Ecuador,2026-06-14T23:00:00.000Z,FIFA World Cup Round 1,Philadelphia Stadium,François Letexier,Full time,1,0,Ecuador,Ivory Coast,away,Félix Torres,2,unused_bench,Defender,,,
4667778,ecuador-vs-ivory-coast,https://www.fotmob.com/matches/ecuador-vs-ivory-coast/1hl6kp#4667778,Ivory Coast vs Ecuador (2026-06-14T23:00:00.000Z),Ivory Coast,Ecuador,2026-06-14T23:00:00.000Z,FIFA World Cup Round 1,Philadelphia Stadium,François Letexier,Full time,1,0,Ecuador,Ivory Coast,away,Yaimar Medina,26,unused_bench,Defender,,,
4667778,ecuador-vs-ivory-coast,https://www.fotmob.com/matches/ecuador-vs-ivory-coast/1hl6kp#4667778,Ivory Coast vs Ecuador (2026-06-14T23:00:00.000Z),Ivory Coast,Ecuador,2026-06-14T23:00:00.000Z,FIFA World Cup Round 1,Philadelphia Stadium,François Letexier,Full time,1,0,Ecuador,Ivory Coast,away,Anthony Valencia,8,unused_bench,Midfielder,,,
4667778,ecuador-vs-ivory-coast,https://www.fotmob.com/matches/ecuador-vs-ivory-coast/1hl6kp#4667778,Ivory Coast vs Ecuador (2026-06-14T23:00:00.000Z),Ivory Coast,Ecuador,2026-06-14T23:00:00.000Z,FIFA World Cup Round 1,Philadelphia Stadium,François Letexier,Full time,1,0,Ecuador,Ivory Coast,away,Denil Castillo,18,unused_bench,Midfielder,,,
4667778,ecuador-vs-ivory-coast,https://www.fotmob.com/matches/ecuador-vs-ivory-coast/1hl6kp#4667778,Ivory Coast vs Ecuador (2026-06-14T23:00:00.000Z),Ivory Coast,Ecuador,2026-06-14T23:00:00.000Z,FIFA World Cup Round 1,Philadelphia Stadium,François Letexier,Full time,1,0,Ecuador,Ivory Coast,away,Jordy Alcívar,5,unused_bench,Midfielder,,,
4667778,ecuador-vs-ivory-coast,https://www.fotmob.com/matches/ecuador-vs-ivory-coast/1hl6kp#4667778,Ivory Coast vs Ecuador (2026-06-14T23:00:00.000Z),Ivory Coast,Ecuador,2026-06-14T23:00:00.000Z,FIFA World Cup Round 1,Philadelphia Stadium,François Letexier,Full time,1,0,Ecuador,Ivory Coast,away,Pervis Estupinán,7,unused_bench,Midfielder,,,
4667778,ecuador-vs-ivory-coast,https://www.fotmob.com/matches/ecuador-vs-ivory-coast/1hl6kp#4667778,Ivory Coast vs Ecuador (2026-06-14T23:00:00.000Z),Ivory Coast,Ecuador,2026-06-14T23:00:00.000Z,FIFA World Cup Round 1,Philadelphia Stadium,François Letexier,Full time,1,0,Ecuador,Ivory Coast,away,Jeremy Arévalo,24,unused_bench,Attacker,,,
4667778,ecuador-vs-ivory-coast,https://www.fotmob.com/matches/ecuador-vs-ivory-coast/1hl6kp#4667778,Ivory Coast vs Ecuador (2026-06-14T23:00:00.000Z),Ivory Coast,Ecuador,2026-06-14T23:00:00.000Z,FIFA World Cup Round 1,Philadelphia Stadium,François Letexier,Full time,1,0,Ecuador,Ivory Coast,away,Jordy Caicedo,16,unused_bench,Attacker,,,
4667778,ecuador-vs-ivory-coast,https://www.fotmob.com/matches/ecuador-vs-ivory-coast/1hl6kp#4667778,Ivory Coast vs Ecuador (2026-06-14T23:00:00.000Z),Ivory Coast,Ecuador,2026-06-14T23:00:00.000Z,FIFA World Cup Round 1,Philadelphia Stadium,François Letexier,Full time,1,0,Ecuador,Ivory Coast,away,Kendry Páez,10,unused_bench,Attacker,,,
4667784,tunisia-vs-sweden,https://www.fotmob.com/matches/tunisia-vs-sweden/1x5290#4667784,Sweden vs Tunisia (2026-06-15T02:00:00.000Z),Sweden,Tunisia,2026-06-15T02:00:00.000Z,FIFA World Cup Round 1,Monterrey Stadium,Yael Falcón Pérez,Full time,5,1,Sweden,Tunisia,home,Elliot Stroud,24,used_substitute,Midfielder,6.2,64.0,
4667784,tunisia-vs-sweden,https://www.fotmob.com/matches/tunisia-vs-sweden/1x5290#4667784,Sweden vs Tunisia (2026-06-15T02:00:00.000Z),Sweden,Tunisia,2026-06-15T02:00:00.000Z,FIFA World Cup Round 1,Monterrey Stadium,Yael Falcón Pérez,Full time,5,1,Sweden,Tunisia,home,Lucas Bergvall,7,used_substitute,Midfielder,7.4,64.0,
4667784,tunisia-vs-sweden,https://www.fotmob.com/matches/tunisia-vs-sweden/1x5290#4667784,Sweden vs Tunisia (2026-06-15T02:00:00.000Z),Sweden,Tunisia,2026-06-15T02:00:00.000Z,FIFA World Cup Round 1,Monterrey Stadium,Yael Falcón Pérez,Full time,5,1,Sweden,Tunisia,home,Mattias Svanberg,19,used_substitute,Midfielder,,84.0,
4667784,tunisia-vs-sweden,https://www.fotmob.com/matches/tunisia-vs-sweden/1x5290#4667784,Sweden vs Tunisia (2026-06-15T02:00:00.000Z),Sweden,Tunisia,2026-06-15T02:00:00.000Z,FIFA World Cup Round 1,Monterrey Stadium,Yael Falcón Pérez,Full time,5,1,Sweden,Tunisia,home,Daniel Svensson,8,used_substitute,Midfielder,,90.0,
4667784,tunisia-vs-sweden,https://www.fotmob.com/matches/tunisia-vs-sweden/1x5290#4667784,Sweden vs Tunisia (2026-06-15T02:00:00.000Z),Sweden,Tunisia,2026-06-15T02:00:00.000Z,FIFA World Cup Round 1,Monterrey Stadium,Yael Falcón Pérez,Full time,5,1,Sweden,Tunisia,home,Anthony Elanga,11,used_substitute,Attacker,,90.0,
4667784,tunisia-vs-sweden,https://www.fotmob.com/matches/tunisia-vs-sweden/1x5290#4667784,Sweden vs Tunisia (2026-06-15T02:00:00.000Z),Sweden,Tunisia,2026-06-15T02:00:00.000Z,FIFA World Cup Round 1,Monterrey Stadium,Yael Falcón Pérez,Full time,5,1,Tunisia,Sweden,away,Elias Achouri,7,used_substitute,Midfielder,6.2,72.0,
4667784,tunisia-vs-sweden,https://www.fotmob.com/matches/tunisia-vs-sweden/1x5290#4667784,Sweden vs Tunisia (2026-06-15T02:00:00.000Z),Sweden,Tunisia,2026-06-15T02:00:00.000Z,FIFA World Cup Round 1,Monterrey Stadium,Yael Falcón Pérez,Full time,5,1,Tunisia,Sweden,away,Hadj Mahmoud,15,used_substitute,Midfielder,6.5,72.0,
4667784,tunisia-vs-sweden,https://www.fotmob.com/matches/tunisia-vs-sweden/1x5290#4667784,Sweden vs Tunisia (2026-06-15T02:00:00.000Z),Sweden,Tunisia,2026-06-15T02:00:00.000Z,FIFA World Cup Round 1,Monterrey Stadium,Yael Falcón Pérez,Full time,5,1,Tunisia,Sweden,away,Sebastian Tounekti,26,used_substitute,Attacker,5.8,72.0,
4667784,tunisia-vs-sweden,https://www.fotmob.com/matches/tunisia-vs-sweden/1x5290#4667784,Sweden vs Tunisia (2026-06-15T02:00:00.000Z),Sweden,Tunisia,2026-06-15T02:00:00.000Z,FIFA World Cup Round 1,Monterrey Stadium,Yael Falcón Pérez,Full time,5,1,Tunisia,Sweden,away,Ismaël Gharbi,11,used_substitute,Midfielder,,84.0,
4667784,tunisia-vs-sweden,https://www.fotmob.com/matches/tunisia-vs-sweden/1x5290#4667784,Sweden vs Tunisia (2026-06-15T02:00:00.000Z),Sweden,Tunisia,2026-06-15T02:00:00.000Z,FIFA World Cup Round 1,Monterrey Stadium,Yael Falcón Pérez,Full time,5,1,Tunisia,Sweden,away,Firas Chaouat,19,used_substitute,Attacker,,84.0,
4667784,tunisia-vs-sweden,https://www.fotmob.com/matches/tunisia-vs-sweden/1x5290#4667784,Sweden vs Tunisia (2026-06-15T02:00:00.000Z),Sweden,Tunisia,2026-06-15T02:00:00.000Z,FIFA World Cup Round 1,Monterrey Stadium,Yael Falcón Pérez,Full time,5,1,Sweden,Tunisia,home,Jacob Widell Zetterström,1,unused_bench,Keeper,,,
4667784,tunisia-vs-sweden,https://www.fotmob.com/matches/tunisia-vs-sweden/1x5290#4667784,Sweden vs Tunisia (2026-06-15T02:00:00.000Z),Sweden,Tunisia,2026-06-15T02:00:00.000Z,FIFA World Cup Round 1,Monterrey Stadium,Yael Falcón Pérez,Full time,5,1,Tunisia,Sweden,away,Viktor Johansson,12,unused_bench,Keeper,,,
4667784,tunisia-vs-sweden,https://www.fotmob.com/matches/tunisia-vs-sweden/1x5290#4667784,Sweden vs Tunisia (2026-06-15T02:00:00.000Z),Sweden,Tunisia,2026-06-15T02:00:00.000Z,FIFA World Cup Round 1,Monterrey Stadium,Yael Falcón Pérez,Full time,5,1,Tunisia,Sweden,away,Carl Starfelt,15,unused_bench,Defender,,,
4667784,tunisia-vs-sweden,https://www.fotmob.com/matches/tunisia-vs-sweden/1x5290#4667784,Sweden vs Tunisia (2026-06-15T02:00:00.000Z),Sweden,Tunisia,2026-06-15T02:00:00.000Z,FIFA World Cup Round 1,Monterrey Stadium,Yael Falcón Pérez,Full time,5,1,Tunisia,Sweden,away,Eric Smith,20,unused_bench,Defender,,,
4667784,tunisia-vs-sweden,https://www.fotmob.com/matches/tunisia-vs-sweden/1x5290#4667784,Sweden vs Tunisia (2026-06-15T02:00:00.000Z),Sweden,Tunisia,2026-06-15T02:00:00.000Z,FIFA World Cup Round 1,Monterrey Stadium,Yael Falcón Pérez,Full time,5,1,Tunisia,Sweden,away,Hjalmar Ekdal,14,unused_bench,Defender,,,
4667784,tunisia-vs-sweden,https://www.fotmob.com/matches/tunisia-vs-sweden/1x5290#4667784,Sweden vs Tunisia (2026-06-15T02:00:00.000Z),Sweden,Tunisia,2026-06-15T02:00:00.000Z,FIFA World Cup Round 1,Monterrey Stadium,Yael Falcón Pérez,Full time,5,1,Tunisia,Sweden,away,Besfort Zeneli,22,unused_bench,Midfielder,,,
4667784,tunisia-vs-sweden,https://www.fotmob.com/matches/tunisia-vs-sweden/1x5290#4667784,Sweden vs Tunisia (2026-06-15T02:00:00.000Z),Sweden,Tunisia,2026-06-15T02:00:00.000Z,FIFA World Cup Round 1,Monterrey Stadium,Yael Falcón Pérez,Full time,5,1,Tunisia,Sweden,away,Herman Johansson,6,unused_bench,Midfielder,,,
4667784,tunisia-vs-sweden,https://www.fotmob.com/matches/tunisia-vs-sweden/1x5290#4667784,Sweden vs Tunisia (2026-06-15T02:00:00.000Z),Sweden,Tunisia,2026-06-15T02:00:00.000Z,FIFA World Cup Round 1,Monterrey Stadium,Yael Falcón Pérez,Full time,5,1,Tunisia,Sweden,away,Ken Sema,13,unused_bench,Midfielder,,,
4667784,tunisia-vs-sweden,https://www.fotmob.com/matches/tunisia-vs-sweden/1x5290#4667784,Sweden vs Tunisia (2026-06-15T02:00:00.000Z),Sweden,Tunisia,2026-06-15T02:00:00.000Z,FIFA World Cup Round 1,Monterrey Stadium,Yael Falcón Pérez,Full time,5,1,Tunisia,Sweden,away,Taha Abdi Ali,26,unused_bench,Midfielder,,,
4667784,tunisia-vs-sweden,https://www.fotmob.com/matches/tunisia-vs-sweden/1x5290#4667784,Sweden vs Tunisia (2026-06-15T02:00:00.000Z),Sweden,Tunisia,2026-06-15T02:00:00.000Z,FIFA World Cup Round 1,Monterrey Stadium,Yael Falcón Pérez,Full time,5,1,Tunisia,Sweden,away,Gustaf Nilsson,25,unused_bench,Attacker,,,
4667784,tunisia-vs-sweden,https://www.fotmob.com/matches/tunisia-vs-sweden/1x5290#4667784,Sweden vs Tunisia (2026-06-15T02:00:00.000Z),Sweden,Tunisia,2026-06-15T02:00:00.000Z,FIFA World Cup Round 1,Monterrey Stadium,Yael Falcón Pérez,Full time,5,1,Tunisia,Sweden,away,Aymen Dahmen,16,unused_bench,Keeper,,,
4667784,tunisia-vs-sweden,https://www.fotmob.com/matches/tunisia-vs-sweden/1x5290#4667784,Sweden vs Tunisia (2026-06-15T02:00:00.000Z),Sweden,Tunisia,2026-06-15T02:00:00.000Z,FIFA World Cup Round 1,Monterrey Stadium,Yael Falcón Pérez,Full time,5,1,Tunisia,Sweden,away,Sabri Ben Hessen,22,unused_bench,Keeper,,,
4667784,tunisia-vs-sweden,https://www.fotmob.com/matches/tunisia-vs-sweden/1x5290#4667784,Sweden vs Tunisia (2026-06-15T02:00:00.000Z),Sweden,Tunisia,2026-06-15T02:00:00.000Z,FIFA World Cup Round 1,Monterrey Stadium,Yael Falcón Pérez,Full time,5,1,Tunisia,Sweden,away,Adem Arous,5,unused_bench,Defender,,,
4667784,tunisia-vs-sweden,https://www.fotmob.com/matches/tunisia-vs-sweden/1x5290#4667784,Sweden vs Tunisia (2026-06-15T02:00:00.000Z),Sweden,Tunisia,2026-06-15T02:00:00.000Z,FIFA World Cup Round 1,Monterrey Stadium,Yael Falcón Pérez,Full time,5,1,Tunisia,Sweden,away,Dylan Bronn,6,unused_bench,Defender,,,
4667784,tunisia-vs-sweden,https://www.fotmob.com/matches/tunisia-vs-sweden/1x5290#4667784,Sweden vs Tunisia (2026-06-15T02:00:00.000Z),Sweden,Tunisia,2026-06-15T02:00:00.000Z,FIFA World Cup Round 1,Monterrey Stadium,Yael Falcón Pérez,Full time,5,1,Tunisia,Sweden,away,Moutaz Neffati,23,unused_bench,Defender,,,
4667784,tunisia-vs-sweden,https://www.fotmob.com/matches/tunisia-vs-sweden/1x5290#4667784,Sweden vs Tunisia (2026-06-15T02:00:00.000Z),Sweden,Tunisia,2026-06-15T02:00:00.000Z,FIFA World Cup Round 1,Monterrey Stadium,Yael Falcón Pérez,Full time,5,1,Tunisia,Sweden,away,Raed Chikhaoui,24,unused_bench,Defender,,,
4667784,tunisia-vs-sweden,https://www.fotmob.com/matches/tunisia-vs-sweden/1x5290#4667784,Sweden vs Tunisia (2026-06-15T02:00:00.000Z),Sweden,Tunisia,2026-06-15T02:00:00.000Z,FIFA World Cup Round 1,Monterrey Stadium,Yael Falcón Pérez,Full time,5,1,Tunisia,Sweden,away,Khalil Ayari,14,unused_bench,Midfielder,,,
4667784,tunisia-vs-sweden,https://www.fotmob.com/matches/tunisia-vs-sweden/1x5290#4667784,Sweden vs Tunisia (2026-06-15T02:00:00.000Z),Sweden,Tunisia,2026-06-15T02:00:00.000Z,FIFA World Cup Round 1,Monterrey Stadium,Yael Falcón Pérez,Full time,5,1,Tunisia,Sweden,away,Hazem Mastouri,9,unused_bench,Attacker,,,
4667784,tunisia-vs-sweden,https://www.fotmob.com/matches/tunisia-vs-sweden/1x5290#4667784,Sweden vs Tunisia (2026-06-15T02:00:00.000Z),Sweden,Tunisia,2026-06-15T02:00:00.000Z,FIFA World Cup Round 1,Monterrey Stadium,Yael Falcón Pérez,Full time,5,1,Tunisia,Sweden,away,Mortadha Ben Ouanes,12,unused_bench,Attacker,,,
4667784,tunisia-vs-sweden,https://www.fotmob.com/matches/tunisia-vs-sweden/1x5290#4667784,Sweden vs Tunisia (2026-06-15T02:00:00.000Z),Sweden,Tunisia,2026-06-15T02:00:00.000Z,FIFA World Cup Round 1,Monterrey Stadium,Yael Falcón Pérez,Full time,5,1,Tunisia,Sweden,away,Rayan Elloumi,18,unused_bench,Attacker,,,
4667783,netherlands-vs-japan,https://www.fotmob.com/matches/netherlands-vs-japan/1hn72b#4667783,Netherlands vs Japan (2026-06-14T20:00:00.000Z),Netherlands,Japan,2026-06-14T20:00:00.000Z,FIFA World Cup Round 1,Dallas Stadium,Ismail Elfath,Full time,2,2,Netherlands,Japan,home,Quinten Timber,26,used_substitute,Midfielder,6.5,70.0,
4667783,netherlands-vs-japan,https://www.fotmob.com/matches/netherlands-vs-japan/1hn72b#4667783,Netherlands vs Japan (2026-06-14T20:00:00.000Z),Netherlands,Japan,2026-06-14T20:00:00.000Z,FIFA World Cup Round 1,Dallas Stadium,Ismail Elfath,Full time,2,2,Netherlands,Japan,home,Teun Koopmeiners,20,used_substitute,Midfielder,6.1,70.0,
4667783,netherlands-vs-japan,https://www.fotmob.com/matches/netherlands-vs-japan/1hn72b#4667783,Netherlands vs Japan (2026-06-14T20:00:00.000Z),Netherlands,Japan,2026-06-14T20:00:00.000Z,FIFA World Cup Round 1,Dallas Stadium,Ismail Elfath,Full time,2,2,Netherlands,Japan,home,Memphis Depay,10,used_substitute,Attacker,6.1,70.0,
4667783,netherlands-vs-japan,https://www.fotmob.com/matches/netherlands-vs-japan/1hn72b#4667783,Netherlands vs Japan (2026-06-14T20:00:00.000Z),Netherlands,Japan,2026-06-14T20:00:00.000Z,FIFA World Cup Round 1,Dallas Stadium,Ismail Elfath,Full time,2,2,Netherlands,Japan,home,Nathan Aké,5,used_substitute,Defender,,81.0,
4667783,netherlands-vs-japan,https://www.fotmob.com/matches/netherlands-vs-japan/1hn72b#4667783,Netherlands vs Japan (2026-06-14T20:00:00.000Z),Netherlands,Japan,2026-06-14T20:00:00.000Z,FIFA World Cup Round 1,Dallas Stadium,Ismail Elfath,Full time,2,2,Netherlands,Japan,home,Brian Brobbey,19,used_substitute,Attacker,,84.0,
4667783,netherlands-vs-japan,https://www.fotmob.com/matches/netherlands-vs-japan/1hn72b#4667783,Netherlands vs Japan (2026-06-14T20:00:00.000Z),Netherlands,Japan,2026-06-14T20:00:00.000Z,FIFA World Cup Round 1,Dallas Stadium,Ismail Elfath,Full time,2,2,Japan,Netherlands,away,Junya Ito,14,used_substitute,Attacker,6.7,66.0,
4667783,netherlands-vs-japan,https://www.fotmob.com/matches/netherlands-vs-japan/1hn72b#4667783,Netherlands vs Japan (2026-06-14T20:00:00.000Z),Netherlands,Japan,2026-06-14T20:00:00.000Z,FIFA World Cup Round 1,Dallas Stadium,Ismail Elfath,Full time,2,2,Japan,Netherlands,away,Takehiro Tomiyasu,22,used_substitute,Defender,6.4,75.0,
4667783,netherlands-vs-japan,https://www.fotmob.com/matches/netherlands-vs-japan/1hn72b#4667783,Netherlands vs Japan (2026-06-14T20:00:00.000Z),Netherlands,Japan,2026-06-14T20:00:00.000Z,FIFA World Cup Round 1,Dallas Stadium,Ismail Elfath,Full time,2,2,Japan,Netherlands,away,Yukinari Sugawara,2,used_substitute,Defender,6.5,75.0,
4667783,netherlands-vs-japan,https://www.fotmob.com/matches/netherlands-vs-japan/1hn72b#4667783,Netherlands vs Japan (2026-06-14T20:00:00.000Z),Netherlands,Japan,2026-06-14T20:00:00.000Z,FIFA World Cup Round 1,Dallas Stadium,Ismail Elfath,Full time,2,2,Japan,Netherlands,away,Koki Ogawa,19,used_substitute,Attacker,6.8,75.0,
4667783,netherlands-vs-japan,https://www.fotmob.com/matches/netherlands-vs-japan/1hn72b#4667783,Netherlands vs Japan (2026-06-14T20:00:00.000Z),Netherlands,Japan,2026-06-14T20:00:00.000Z,FIFA World Cup Round 1,Dallas Stadium,Ismail Elfath,Full time,2,2,Japan,Netherlands,away,Kento Shiogai,26,used_substitute,Attacker,,84.0,
4667783,netherlands-vs-japan,https://www.fotmob.com/matches/netherlands-vs-japan/1hn72b#4667783,Netherlands vs Japan (2026-06-14T20:00:00.000Z),Netherlands,Japan,2026-06-14T20:00:00.000Z,FIFA World Cup Round 1,Dallas Stadium,Ismail Elfath,Full time,2,2,Netherlands,Japan,home,Mark Flekken,23,unused_bench,Keeper,,,
4667783,netherlands-vs-japan,https://www.fotmob.com/matches/netherlands-vs-japan/1hn72b#4667783,Netherlands vs Japan (2026-06-14T20:00:00.000Z),Netherlands,Japan,2026-06-14T20:00:00.000Z,FIFA World Cup Round 1,Dallas Stadium,Ismail Elfath,Full time,2,2,Japan,Netherlands,away,Robin Roefs,13,unused_bench,Keeper,,,
4667783,netherlands-vs-japan,https://www.fotmob.com/matches/netherlands-vs-japan/1hn72b#4667783,Netherlands vs Japan (2026-06-14T20:00:00.000Z),Netherlands,Japan,2026-06-14T20:00:00.000Z,FIFA World Cup Round 1,Dallas Stadium,Ismail Elfath,Full time,2,2,Japan,Netherlands,away,Jorrel Hato,25,unused_bench,Defender,,,
4667783,netherlands-vs-japan,https://www.fotmob.com/matches/netherlands-vs-japan/1hn72b#4667783,Netherlands vs Japan (2026-06-14T20:00:00.000Z),Netherlands,Japan,2026-06-14T20:00:00.000Z,FIFA World Cup Round 1,Dallas Stadium,Ismail Elfath,Full time,2,2,Japan,Netherlands,away,Lutsharel Geertruida,2,unused_bench,Defender,,,
4667783,netherlands-vs-japan,https://www.fotmob.com/matches/netherlands-vs-japan/1hn72b#4667783,Netherlands vs Japan (2026-06-14T20:00:00.000Z),Netherlands,Japan,2026-06-14T20:00:00.000Z,FIFA World Cup Round 1,Dallas Stadium,Ismail Elfath,Full time,2,2,Japan,Netherlands,away,Mats Wieffer,12,unused_bench,Defender,,,
4667783,netherlands-vs-japan,https://www.fotmob.com/matches/netherlands-vs-japan/1hn72b#4667783,Netherlands vs Japan (2026-06-14T20:00:00.000Z),Netherlands,Japan,2026-06-14T20:00:00.000Z,FIFA World Cup Round 1,Dallas Stadium,Ismail Elfath,Full time,2,2,Japan,Netherlands,away,Justin Kluivert,7,unused_bench,Midfielder,,,
4667783,netherlands-vs-japan,https://www.fotmob.com/matches/netherlands-vs-japan/1hn72b#4667783,Netherlands vs Japan (2026-06-14T20:00:00.000Z),Netherlands,Japan,2026-06-14T20:00:00.000Z,FIFA World Cup Round 1,Dallas Stadium,Ismail Elfath,Full time,2,2,Japan,Netherlands,away,Marten de Roon,3,unused_bench,Midfielder,,,
4667783,netherlands-vs-japan,https://www.fotmob.com/matches/netherlands-vs-japan/1hn72b#4667783,Netherlands vs Japan (2026-06-14T20:00:00.000Z),Netherlands,Japan,2026-06-14T20:00:00.000Z,FIFA World Cup Round 1,Dallas Stadium,Ismail Elfath,Full time,2,2,Japan,Netherlands,away,Guus Til,16,unused_bench,Attacker,,,
4667783,netherlands-vs-japan,https://www.fotmob.com/matches/netherlands-vs-japan/1hn72b#4667783,Netherlands vs Japan (2026-06-14T20:00:00.000Z),Netherlands,Japan,2026-06-14T20:00:00.000Z,FIFA World Cup Round 1,Dallas Stadium,Ismail Elfath,Full time,2,2,Japan,Netherlands,away,Noa Lang,17,unused_bench,Attacker,,,
4667783,netherlands-vs-japan,https://www.fotmob.com/matches/netherlands-vs-japan/1hn72b#4667783,Netherlands vs Japan (2026-06-14T20:00:00.000Z),Netherlands,Japan,2026-06-14T20:00:00.000Z,FIFA World Cup Round 1,Dallas Stadium,Ismail Elfath,Full time,2,2,Japan,Netherlands,away,Wout Weghorst,9,unused_bench,Attacker,,,
4667783,netherlands-vs-japan,https://www.fotmob.com/matches/netherlands-vs-japan/1hn72b#4667783,Netherlands vs Japan (2026-06-14T20:00:00.000Z),Netherlands,Japan,2026-06-14T20:00:00.000Z,FIFA World Cup Round 1,Dallas Stadium,Ismail Elfath,Full time,2,2,Japan,Netherlands,away,Keisuke Osako,12,unused_bench,Keeper,,,
4667783,netherlands-vs-japan,https://www.fotmob.com/matches/netherlands-vs-japan/1hn72b#4667783,Netherlands vs Japan (2026-06-14T20:00:00.000Z),Netherlands,Japan,2026-06-14T20:00:00.000Z,FIFA World Cup Round 1,Dallas Stadium,Ismail Elfath,Full time,2,2,Japan,Netherlands,away,Tomoki Hayakawa,23,unused_bench,Keeper,,,
4667783,netherlands-vs-japan,https://www.fotmob.com/matches/netherlands-vs-japan/1hn72b#4667783,Netherlands vs Japan (2026-06-14T20:00:00.000Z),Netherlands,Japan,2026-06-14T20:00:00.000Z,FIFA World Cup Round 1,Dallas Stadium,Ismail Elfath,Full time,2,2,Japan,Netherlands,away,Ayumu Seko,20,unused_bench,Defender,,,
4667783,netherlands-vs-japan,https://www.fotmob.com/matches/netherlands-vs-japan/1hn72b#4667783,Netherlands vs Japan (2026-06-14T20:00:00.000Z),Netherlands,Japan,2026-06-14T20:00:00.000Z,FIFA World Cup Round 1,Dallas Stadium,Ismail Elfath,Full time,2,2,Japan,Netherlands,away,Junnosuke Suzuki,25,unused_bench,Defender,,,
4667783,netherlands-vs-japan,https://www.fotmob.com/matches/netherlands-vs-japan/1hn72b#4667783,Netherlands vs Japan (2026-06-14T20:00:00.000Z),Netherlands,Japan,2026-06-14T20:00:00.000Z,FIFA World Cup Round 1,Dallas Stadium,Ismail Elfath,Full time,2,2,Japan,Netherlands,away,Ko Itakura,4,unused_bench,Defender,,,
4667783,netherlands-vs-japan,https://www.fotmob.com/matches/netherlands-vs-japan/1hn72b#4667783,Netherlands vs Japan (2026-06-14T20:00:00.000Z),Netherlands,Japan,2026-06-14T20:00:00.000Z,FIFA World Cup Round 1,Dallas Stadium,Ismail Elfath,Full time,2,2,Japan,Netherlands,away,Yuto Nagatomo,5,unused_bench,Defender,,,
4667783,netherlands-vs-japan,https://www.fotmob.com/matches/netherlands-vs-japan/1hn72b#4667783,Netherlands vs Japan (2026-06-14T20:00:00.000Z),Netherlands,Japan,2026-06-14T20:00:00.000Z,FIFA World Cup Round 1,Dallas Stadium,Ismail Elfath,Full time,2,2,Japan,Netherlands,away,Ao Tanaka,7,unused_bench,Midfielder,,,
4667783,netherlands-vs-japan,https://www.fotmob.com/matches/netherlands-vs-japan/1hn72b#4667783,Netherlands vs Japan (2026-06-14T20:00:00.000Z),Netherlands,Japan,2026-06-14T20:00:00.000Z,FIFA World Cup Round 1,Dallas Stadium,Ismail Elfath,Full time,2,2,Japan,Netherlands,away,Yuito Suzuki,17,unused_bench,Midfielder,,,
4667783,netherlands-vs-japan,https://www.fotmob.com/matches/netherlands-vs-japan/1hn72b#4667783,Netherlands vs Japan (2026-06-14T20:00:00.000Z),Netherlands,Japan,2026-06-14T20:00:00.000Z,FIFA World Cup Round 1,Dallas Stadium,Ismail Elfath,Full time,2,2,Japan,Netherlands,away,Keisuke Goto,9,unused_bench,Attacker,,,
4667783,netherlands-vs-japan,https://www.fotmob.com/matches/netherlands-vs-japan/1hn72b#4667783,Netherlands vs Japan (2026-06-14T20:00:00.000Z),Netherlands,Japan,2026-06-14T20:00:00.000Z,FIFA World Cup Round 1,Dallas Stadium,Ismail Elfath,Full time,2,2,Japan,Netherlands,away,Shuto Machino,6,unused_bench,Attacker,,,
4667791,new-zealand-vs-iran,https://www.fotmob.com/matches/new-zealand-vs-iran/1ar30l#4667791,Iran vs New Zealand (2026-06-16T01:00:00.000Z),Iran,New Zealand,2026-06-16T01:00:00.000Z,FIFA World Cup Round 1,Los Angeles Stadium,Cesar Ramos,Full time,2,2,Iran,New Zealand,home,Mehdi Ghayedi,10,used_substitute,Attacker,6.1,46.0,
4667791,new-zealand-vs-iran,https://www.fotmob.com/matches/new-zealand-vs-iran/1ar30l#4667791,Iran vs New Zealand (2026-06-16T01:00:00.000Z),Iran,New Zealand,2026-06-16T01:00:00.000Z,FIFA World Cup Round 1,Los Angeles Stadium,Cesar Ramos,Full time,2,2,Iran,New Zealand,home,Ali Alipour,11,used_substitute,Attacker,6.4,53.0,
4667791,new-zealand-vs-iran,https://www.fotmob.com/matches/new-zealand-vs-iran/1ar30l#4667791,Iran vs New Zealand (2026-06-16T01:00:00.000Z),Iran,New Zealand,2026-06-16T01:00:00.000Z,FIFA World Cup Round 1,Los Angeles Stadium,Cesar Ramos,Full time,2,2,Iran,New Zealand,home,Ehsan Haji Safi,3,used_substitute,Defender,6.1,65.0,
4667791,new-zealand-vs-iran,https://www.fotmob.com/matches/new-zealand-vs-iran/1ar30l#4667791,Iran vs New Zealand (2026-06-16T01:00:00.000Z),Iran,New Zealand,2026-06-16T01:00:00.000Z,FIFA World Cup Round 1,Los Angeles Stadium,Cesar Ramos,Full time,2,2,Iran,New Zealand,home,Amirhossein Hosseinzadeh,18,used_substitute,Attacker,6.3,80.0,
4667791,new-zealand-vs-iran,https://www.fotmob.com/matches/new-zealand-vs-iran/1ar30l#4667791,Iran vs New Zealand (2026-06-16T01:00:00.000Z),Iran,New Zealand,2026-06-16T01:00:00.000Z,FIFA World Cup Round 1,Los Angeles Stadium,Cesar Ramos,Full time,2,2,New Zealand,Iran,away,Benjamin Old,19,used_substitute,Defender,5.9,68.0,
4667791,new-zealand-vs-iran,https://www.fotmob.com/matches/new-zealand-vs-iran/1ar30l#4667791,Iran vs New Zealand (2026-06-16T01:00:00.000Z),Iran,New Zealand,2026-06-16T01:00:00.000Z,FIFA World Cup Round 1,Los Angeles Stadium,Cesar Ramos,Full time,2,2,New Zealand,Iran,away,Ryan Thomas,23,used_substitute,Midfielder,5.8,68.0,
4667791,new-zealand-vs-iran,https://www.fotmob.com/matches/new-zealand-vs-iran/1ar30l#4667791,Iran vs New Zealand (2026-06-16T01:00:00.000Z),Iran,New Zealand,2026-06-16T01:00:00.000Z,FIFA World Cup Round 1,Los Angeles Stadium,Cesar Ramos,Full time,2,2,New Zealand,Iran,away,Callan Elliot,24,used_substitute,Defender,6.3,77.0,
4667791,new-zealand-vs-iran,https://www.fotmob.com/matches/new-zealand-vs-iran/1ar30l#4667791,Iran vs New Zealand (2026-06-16T01:00:00.000Z),Iran,New Zealand,2026-06-16T01:00:00.000Z,FIFA World Cup Round 1,Los Angeles Stadium,Cesar Ramos,Full time,2,2,New Zealand,Iran,away,Tyler Bindon,4,used_substitute,Defender,,90.0,
4667791,new-zealand-vs-iran,https://www.fotmob.com/matches/new-zealand-vs-iran/1ar30l#4667791,Iran vs New Zealand (2026-06-16T01:00:00.000Z),Iran,New Zealand,2026-06-16T01:00:00.000Z,FIFA World Cup Round 1,Los Angeles Stadium,Cesar Ramos,Full time,2,2,New Zealand,Iran,away,Jesse Randall,21,used_substitute,Attacker,,90.0,
4667791,new-zealand-vs-iran,https://www.fotmob.com/matches/new-zealand-vs-iran/1ar30l#4667791,Iran vs New Zealand (2026-06-16T01:00:00.000Z),Iran,New Zealand,2026-06-16T01:00:00.000Z,FIFA World Cup Round 1,Los Angeles Stadium,Cesar Ramos,Full time,2,2,Iran,New Zealand,home,Hossein Hosseini,22,unused_bench,Keeper,,,
4667791,new-zealand-vs-iran,https://www.fotmob.com/matches/new-zealand-vs-iran/1ar30l#4667791,Iran vs New Zealand (2026-06-16T01:00:00.000Z),Iran,New Zealand,2026-06-16T01:00:00.000Z,FIFA World Cup Round 1,Los Angeles Stadium,Cesar Ramos,Full time,2,2,New Zealand,Iran,away,Payam Niazmand,12,unused_bench,Keeper,,,
4667791,new-zealand-vs-iran,https://www.fotmob.com/matches/new-zealand-vs-iran/1ar30l#4667791,Iran vs New Zealand (2026-06-16T01:00:00.000Z),Iran,New Zealand,2026-06-16T01:00:00.000Z,FIFA World Cup Round 1,Los Angeles Stadium,Cesar Ramos,Full time,2,2,New Zealand,Iran,away,Danial Eiri,25,unused_bench,Defender,,,
4667791,new-zealand-vs-iran,https://www.fotmob.com/matches/new-zealand-vs-iran/1ar30l#4667791,Iran vs New Zealand (2026-06-16T01:00:00.000Z),Iran,New Zealand,2026-06-16T01:00:00.000Z,FIFA World Cup Round 1,Los Angeles Stadium,Cesar Ramos,Full time,2,2,New Zealand,Iran,away,Hossein Kanaani,13,unused_bench,Defender,,,
4667791,new-zealand-vs-iran,https://www.fotmob.com/matches/new-zealand-vs-iran/1ar30l#4667791,Iran vs New Zealand (2026-06-16T01:00:00.000Z),Iran,New Zealand,2026-06-16T01:00:00.000Z,FIFA World Cup Round 1,Los Angeles Stadium,Cesar Ramos,Full time,2,2,New Zealand,Iran,away,Saleh Hardani,2,unused_bench,Defender,,,
4667791,new-zealand-vs-iran,https://www.fotmob.com/matches/new-zealand-vs-iran/1ar30l#4667791,Iran vs New Zealand (2026-06-16T01:00:00.000Z),Iran,New Zealand,2026-06-16T01:00:00.000Z,FIFA World Cup Round 1,Los Angeles Stadium,Cesar Ramos,Full time,2,2,New Zealand,Iran,away,Amirmohammad Razaghinia,26,unused_bench,Midfielder,,,
4667791,new-zealand-vs-iran,https://www.fotmob.com/matches/new-zealand-vs-iran/1ar30l#4667791,Iran vs New Zealand (2026-06-16T01:00:00.000Z),Iran,New Zealand,2026-06-16T01:00:00.000Z,FIFA World Cup Round 1,Los Angeles Stadium,Cesar Ramos,Full time,2,2,New Zealand,Iran,away,Dennis Eckert,24,unused_bench,Midfielder,,,
4667791,new-zealand-vs-iran,https://www.fotmob.com/matches/new-zealand-vs-iran/1ar30l#4667791,Iran vs New Zealand (2026-06-16T01:00:00.000Z),Iran,New Zealand,2026-06-16T01:00:00.000Z,FIFA World Cup Round 1,Los Angeles Stadium,Cesar Ramos,Full time,2,2,New Zealand,Iran,away,Mehdi Torabi,16,unused_bench,Midfielder,,,
4667791,new-zealand-vs-iran,https://www.fotmob.com/matches/new-zealand-vs-iran/1ar30l#4667791,Iran vs New Zealand (2026-06-16T01:00:00.000Z),Iran,New Zealand,2026-06-16T01:00:00.000Z,FIFA World Cup Round 1,Los Angeles Stadium,Cesar Ramos,Full time,2,2,New Zealand,Iran,away,Mohammad Ghorbani,21,unused_bench,Midfielder,,,
4667791,new-zealand-vs-iran,https://www.fotmob.com/matches/new-zealand-vs-iran/1ar30l#4667791,Iran vs New Zealand (2026-06-16T01:00:00.000Z),Iran,New Zealand,2026-06-16T01:00:00.000Z,FIFA World Cup Round 1,Los Angeles Stadium,Cesar Ramos,Full time,2,2,New Zealand,Iran,away,Roozbeh Cheshmi,15,unused_bench,Midfielder,,,
4667791,new-zealand-vs-iran,https://www.fotmob.com/matches/new-zealand-vs-iran/1ar30l#4667791,Iran vs New Zealand (2026-06-16T01:00:00.000Z),Iran,New Zealand,2026-06-16T01:00:00.000Z,FIFA World Cup Round 1,Los Angeles Stadium,Cesar Ramos,Full time,2,2,New Zealand,Iran,away,Alireza Jahanbakhsh,7,unused_bench,Attacker,,,
4667791,new-zealand-vs-iran,https://www.fotmob.com/matches/new-zealand-vs-iran/1ar30l#4667791,Iran vs New Zealand (2026-06-16T01:00:00.000Z),Iran,New Zealand,2026-06-16T01:00:00.000Z,FIFA World Cup Round 1,Los Angeles Stadium,Cesar Ramos,Full time,2,2,New Zealand,Iran,away,Alex Paulsen,12,unused_bench,Keeper,,,
4667791,new-zealand-vs-iran,https://www.fotmob.com/matches/new-zealand-vs-iran/1ar30l#4667791,Iran vs New Zealand (2026-06-16T01:00:00.000Z),Iran,New Zealand,2026-06-16T01:00:00.000Z,FIFA World Cup Round 1,Los Angeles Stadium,Cesar Ramos,Full time,2,2,New Zealand,Iran,away,Michael Woud,22,unused_bench,Keeper,,,
4667791,new-zealand-vs-iran,https://www.fotmob.com/matches/new-zealand-vs-iran/1ar30l#4667791,Iran vs New Zealand (2026-06-16T01:00:00.000Z),Iran,New Zealand,2026-06-16T01:00:00.000Z,FIFA World Cup Round 1,Los Angeles Stadium,Cesar Ramos,Full time,2,2,New Zealand,Iran,away,Francis De Vries,3,unused_bench,Defender,,,
4667791,new-zealand-vs-iran,https://www.fotmob.com/matches/new-zealand-vs-iran/1ar30l#4667791,Iran vs New Zealand (2026-06-16T01:00:00.000Z),Iran,New Zealand,2026-06-16T01:00:00.000Z,FIFA World Cup Round 1,Los Angeles Stadium,Cesar Ramos,Full time,2,2,New Zealand,Iran,away,Nando Pijnaker,15,unused_bench,Defender,,,
4667791,new-zealand-vs-iran,https://www.fotmob.com/matches/new-zealand-vs-iran/1ar30l#4667791,Iran vs New Zealand (2026-06-16T01:00:00.000Z),Iran,New Zealand,2026-06-16T01:00:00.000Z,FIFA World Cup Round 1,Los Angeles Stadium,Cesar Ramos,Full time,2,2,New Zealand,Iran,away,Tommy Smith,26,unused_bench,Defender,,,
4667791,new-zealand-vs-iran,https://www.fotmob.com/matches/new-zealand-vs-iran/1ar30l#4667791,Iran vs New Zealand (2026-06-16T01:00:00.000Z),Iran,New Zealand,2026-06-16T01:00:00.000Z,FIFA World Cup Round 1,Los Angeles Stadium,Cesar Ramos,Full time,2,2,New Zealand,Iran,away,Alex Rufer,14,unused_bench,Midfielder,,,
4667791,new-zealand-vs-iran,https://www.fotmob.com/matches/new-zealand-vs-iran/1ar30l#4667791,Iran vs New Zealand (2026-06-16T01:00:00.000Z),Iran,New Zealand,2026-06-16T01:00:00.000Z,FIFA World Cup Round 1,Los Angeles Stadium,Cesar Ramos,Full time,2,2,New Zealand,Iran,away,Lachlan Bayliss,25,unused_bench,Midfielder,,,
4667791,new-zealand-vs-iran,https://www.fotmob.com/matches/new-zealand-vs-iran/1ar30l#4667791,Iran vs New Zealand (2026-06-16T01:00:00.000Z),Iran,New Zealand,2026-06-16T01:00:00.000Z,FIFA World Cup Round 1,Los Angeles Stadium,Cesar Ramos,Full time,2,2,New Zealand,Iran,away,Ben Waine,18,unused_bench,Attacker,,,
4667791,new-zealand-vs-iran,https://www.fotmob.com/matches/new-zealand-vs-iran/1ar30l#4667791,Iran vs New Zealand (2026-06-16T01:00:00.000Z),Iran,New Zealand,2026-06-16T01:00:00.000Z,FIFA World Cup Round 1,Los Angeles Stadium,Cesar Ramos,Full time,2,2,New Zealand,Iran,away,Kosta Barbarouses,17,unused_bench,Attacker,,,
4667790,belgium-vs-egypt,https://www.fotmob.com/matches/belgium-vs-egypt/2u3bhg#4667790,Belgium vs Egypt (2026-06-15T19:00:00.000Z),Belgium,Egypt,2026-06-15T19:00:00.000Z,FIFA World Cup Round 1,Seattle Stadium,Ramon Abatti,Full time,1,1,Belgium,Egypt,home,Maxim De Cuyper,5,used_substitute,Defender,6.7,56.0,
4667790,belgium-vs-egypt,https://www.fotmob.com/matches/belgium-vs-egypt/2u3bhg#4667790,Belgium vs Egypt (2026-06-15T19:00:00.000Z),Belgium,Egypt,2026-06-15T19:00:00.000Z,FIFA World Cup Round 1,Seattle Stadium,Ramon Abatti,Full time,1,1,Belgium,Egypt,home,Nicolas Raskin,23,used_substitute,Midfielder,6.8,56.0,
4667790,belgium-vs-egypt,https://www.fotmob.com/matches/belgium-vs-egypt/2u3bhg#4667790,Belgium vs Egypt (2026-06-15T19:00:00.000Z),Belgium,Egypt,2026-06-15T19:00:00.000Z,FIFA World Cup Round 1,Seattle Stadium,Ramon Abatti,Full time,1,1,Belgium,Egypt,home,Romelu Lukaku,9,used_substitute,Attacker,5.8,66.0,
4667790,belgium-vs-egypt,https://www.fotmob.com/matches/belgium-vs-egypt/2u3bhg#4667790,Belgium vs Egypt (2026-06-15T19:00:00.000Z),Belgium,Egypt,2026-06-15T19:00:00.000Z,FIFA World Cup Round 1,Seattle Stadium,Ramon Abatti,Full time,1,1,Belgium,Egypt,home,Hans Vanaken,20,used_substitute,Midfielder,,85.0,
4667790,belgium-vs-egypt,https://www.fotmob.com/matches/belgium-vs-egypt/2u3bhg#4667790,Belgium vs Egypt (2026-06-15T19:00:00.000Z),Belgium,Egypt,2026-06-15T19:00:00.000Z,FIFA World Cup Round 1,Seattle Stadium,Ramon Abatti,Full time,1,1,Belgium,Egypt,home,Matias Fernandez-Pardo,26,used_substitute,Attacker,,85.0,
4667790,belgium-vs-egypt,https://www.fotmob.com/matches/belgium-vs-egypt/2u3bhg#4667790,Belgium vs Egypt (2026-06-15T19:00:00.000Z),Belgium,Egypt,2026-06-15T19:00:00.000Z,FIFA World Cup Round 1,Seattle Stadium,Ramon Abatti,Full time,1,1,Egypt,Belgium,away,Rami Rabia,5,used_substitute,Defender,6.7,71.0,
4667790,belgium-vs-egypt,https://www.fotmob.com/matches/belgium-vs-egypt/2u3bhg#4667790,Belgium vs Egypt (2026-06-15T19:00:00.000Z),Belgium,Egypt,2026-06-15T19:00:00.000Z,FIFA World Cup Round 1,Seattle Stadium,Ramon Abatti,Full time,1,1,Egypt,Belgium,away,Hamza Abdelkarim,9,used_substitute,Attacker,6.1,76.0,
4667790,belgium-vs-egypt,https://www.fotmob.com/matches/belgium-vs-egypt/2u3bhg#4667790,Belgium vs Egypt (2026-06-15T19:00:00.000Z),Belgium,Egypt,2026-06-15T19:00:00.000Z,FIFA World Cup Round 1,Seattle Stadium,Ramon Abatti,Full time,1,1,Egypt,Belgium,away,Zizo,25,used_substitute,Attacker,5.7,76.0,
4667790,belgium-vs-egypt,https://www.fotmob.com/matches/belgium-vs-egypt/2u3bhg#4667790,Belgium vs Egypt (2026-06-15T19:00:00.000Z),Belgium,Egypt,2026-06-15T19:00:00.000Z,FIFA World Cup Round 1,Seattle Stadium,Ramon Abatti,Full time,1,1,Egypt,Belgium,away,Karim Hafez,15,used_substitute,Defender,,88.0,
4667790,belgium-vs-egypt,https://www.fotmob.com/matches/belgium-vs-egypt/2u3bhg#4667790,Belgium vs Egypt (2026-06-15T19:00:00.000Z),Belgium,Egypt,2026-06-15T19:00:00.000Z,FIFA World Cup Round 1,Seattle Stadium,Ramon Abatti,Full time,1,1,Egypt,Belgium,away,Ibrahim Adel,20,used_substitute,Attacker,,88.0,
4667790,belgium-vs-egypt,https://www.fotmob.com/matches/belgium-vs-egypt/2u3bhg#4667790,Belgium vs Egypt (2026-06-15T19:00:00.000Z),Belgium,Egypt,2026-06-15T19:00:00.000Z,FIFA World Cup Round 1,Seattle Stadium,Ramon Abatti,Full time,1,1,Belgium,Egypt,home,Mike Penders,13,unused_bench,Keeper,,,
4667790,belgium-vs-egypt,https://www.fotmob.com/matches/belgium-vs-egypt/2u3bhg#4667790,Belgium vs Egypt (2026-06-15T19:00:00.000Z),Belgium,Egypt,2026-06-15T19:00:00.000Z,FIFA World Cup Round 1,Seattle Stadium,Ramon Abatti,Full time,1,1,Egypt,Belgium,away,Senne Lammens,12,unused_bench,Keeper,,,
4667790,belgium-vs-egypt,https://www.fotmob.com/matches/belgium-vs-egypt/2u3bhg#4667790,Belgium vs Egypt (2026-06-15T19:00:00.000Z),Belgium,Egypt,2026-06-15T19:00:00.000Z,FIFA World Cup Round 1,Seattle Stadium,Ramon Abatti,Full time,1,1,Egypt,Belgium,away,Arthur Theate,3,unused_bench,Defender,,,
4667790,belgium-vs-egypt,https://www.fotmob.com/matches/belgium-vs-egypt/2u3bhg#4667790,Belgium vs Egypt (2026-06-15T19:00:00.000Z),Belgium,Egypt,2026-06-15T19:00:00.000Z,FIFA World Cup Round 1,Seattle Stadium,Ramon Abatti,Full time,1,1,Egypt,Belgium,away,Joaquin Seys,18,unused_bench,Defender,,,
4667790,belgium-vs-egypt,https://www.fotmob.com/matches/belgium-vs-egypt/2u3bhg#4667790,Belgium vs Egypt (2026-06-15T19:00:00.000Z),Belgium,Egypt,2026-06-15T19:00:00.000Z,FIFA World Cup Round 1,Seattle Stadium,Ramon Abatti,Full time,1,1,Egypt,Belgium,away,Koni De Winter,16,unused_bench,Defender,,,
4667790,belgium-vs-egypt,https://www.fotmob.com/matches/belgium-vs-egypt/2u3bhg#4667790,Belgium vs Egypt (2026-06-15T19:00:00.000Z),Belgium,Egypt,2026-06-15T19:00:00.000Z,FIFA World Cup Round 1,Seattle Stadium,Ramon Abatti,Full time,1,1,Egypt,Belgium,away,Alexis Saelemaekers,22,unused_bench,Midfielder,,,
4667790,belgium-vs-egypt,https://www.fotmob.com/matches/belgium-vs-egypt/2u3bhg#4667790,Belgium vs Egypt (2026-06-15T19:00:00.000Z),Belgium,Egypt,2026-06-15T19:00:00.000Z,FIFA World Cup Round 1,Seattle Stadium,Ramon Abatti,Full time,1,1,Egypt,Belgium,away,Axel Witsel,6,unused_bench,Midfielder,,,
4667790,belgium-vs-egypt,https://www.fotmob.com/matches/belgium-vs-egypt/2u3bhg#4667790,Belgium vs Egypt (2026-06-15T19:00:00.000Z),Belgium,Egypt,2026-06-15T19:00:00.000Z,FIFA World Cup Round 1,Seattle Stadium,Ramon Abatti,Full time,1,1,Egypt,Belgium,away,Diego Moreira,19,unused_bench,Midfielder,,,
4667790,belgium-vs-egypt,https://www.fotmob.com/matches/belgium-vs-egypt/2u3bhg#4667790,Belgium vs Egypt (2026-06-15T19:00:00.000Z),Belgium,Egypt,2026-06-15T19:00:00.000Z,FIFA World Cup Round 1,Seattle Stadium,Ramon Abatti,Full time,1,1,Egypt,Belgium,away,Dodi Lukébakio,14,unused_bench,Attacker,,,
4667790,belgium-vs-egypt,https://www.fotmob.com/matches/belgium-vs-egypt/2u3bhg#4667790,Belgium vs Egypt (2026-06-15T19:00:00.000Z),Belgium,Egypt,2026-06-15T19:00:00.000Z,FIFA World Cup Round 1,Seattle Stadium,Ramon Abatti,Full time,1,1,Egypt,Belgium,away,Al Mahdi Soliman,16,unused_bench,Keeper,,,
4667790,belgium-vs-egypt,https://www.fotmob.com/matches/belgium-vs-egypt/2u3bhg#4667790,Belgium vs Egypt (2026-06-15T19:00:00.000Z),Belgium,Egypt,2026-06-15T19:00:00.000Z,FIFA World Cup Round 1,Seattle Stadium,Ramon Abatti,Full time,1,1,Egypt,Belgium,away,Mohamed Alaa,26,unused_bench,Keeper,,,
4667790,belgium-vs-egypt,https://www.fotmob.com/matches/belgium-vs-egypt/2u3bhg#4667790,Belgium vs Egypt (2026-06-15T19:00:00.000Z),Belgium,Egypt,2026-06-15T19:00:00.000Z,FIFA World Cup Round 1,Seattle Stadium,Ramon Abatti,Full time,1,1,Egypt,Belgium,away,Mohamed El Shenawy,1,unused_bench,Keeper,,,
4667790,belgium-vs-egypt,https://www.fotmob.com/matches/belgium-vs-egypt/2u3bhg#4667790,Belgium vs Egypt (2026-06-15T19:00:00.000Z),Belgium,Egypt,2026-06-15T19:00:00.000Z,FIFA World Cup Round 1,Seattle Stadium,Ramon Abatti,Full time,1,1,Egypt,Belgium,away,Hossam Abdelmaguid,4,unused_bench,Defender,,,
4667790,belgium-vs-egypt,https://www.fotmob.com/matches/belgium-vs-egypt/2u3bhg#4667790,Belgium vs Egypt (2026-06-15T19:00:00.000Z),Belgium,Egypt,2026-06-15T19:00:00.000Z,FIFA World Cup Round 1,Seattle Stadium,Ramon Abatti,Full time,1,1,Egypt,Belgium,away,Mohamed Abdelmonem,6,unused_bench,Defender,,,
4667790,belgium-vs-egypt,https://www.fotmob.com/matches/belgium-vs-egypt/2u3bhg#4667790,Belgium vs Egypt (2026-06-15T19:00:00.000Z),Belgium,Egypt,2026-06-15T19:00:00.000Z,FIFA World Cup Round 1,Seattle Stadium,Ramon Abatti,Full time,1,1,Egypt,Belgium,away,Tarek Alaa,24,unused_bench,Defender,,,
4667790,belgium-vs-egypt,https://www.fotmob.com/matches/belgium-vs-egypt/2u3bhg#4667790,Belgium vs Egypt (2026-06-15T19:00:00.000Z),Belgium,Egypt,2026-06-15T19:00:00.000Z,FIFA World Cup Round 1,Seattle Stadium,Ramon Abatti,Full time,1,1,Egypt,Belgium,away,Mahmoud Saber,21,unused_bench,Midfielder,,,
4667790,belgium-vs-egypt,https://www.fotmob.com/matches/belgium-vs-egypt/2u3bhg#4667790,Belgium vs Egypt (2026-06-15T19:00:00.000Z),Belgium,Egypt,2026-06-15T19:00:00.000Z,FIFA World Cup Round 1,Seattle Stadium,Ramon Abatti,Full time,1,1,Egypt,Belgium,away,Nabil Dunga,18,unused_bench,Midfielder,,,
4667790,belgium-vs-egypt,https://www.fotmob.com/matches/belgium-vs-egypt/2u3bhg#4667790,Belgium vs Egypt (2026-06-15T19:00:00.000Z),Belgium,Egypt,2026-06-15T19:00:00.000Z,FIFA World Cup Round 1,Seattle Stadium,Ramon Abatti,Full time,1,1,Egypt,Belgium,away,Haissem Hassan,12,unused_bench,Attacker,,,
4667790,belgium-vs-egypt,https://www.fotmob.com/matches/belgium-vs-egypt/2u3bhg#4667790,Belgium vs Egypt (2026-06-15T19:00:00.000Z),Belgium,Egypt,2026-06-15T19:00:00.000Z,FIFA World Cup Round 1,Seattle Stadium,Ramon Abatti,Full time,1,1,Egypt,Belgium,away,Trezeguet,7,unused_bench,Attacker,,,
4667799,uruguay-vs-saudi-arabia,https://www.fotmob.com/matches/uruguay-vs-saudi-arabia/1izuvb#4667799,Saudi Arabia vs Uruguay (2026-06-15T22:00:00.000Z),Saudi Arabia,Uruguay,2026-06-15T22:00:00.000Z,FIFA World Cup Round 1,Miami Stadium,Maurizio Mariani,Full time,1,1,Saudi Arabia,Uruguay,home,Nasser Al-Dawsari,6,used_substitute,Midfielder,6.5,63.0,
4667799,uruguay-vs-saudi-arabia,https://www.fotmob.com/matches/uruguay-vs-saudi-arabia/1izuvb#4667799,Saudi Arabia vs Uruguay (2026-06-15T22:00:00.000Z),Saudi Arabia,Uruguay,2026-06-15T22:00:00.000Z,FIFA World Cup Round 1,Miami Stadium,Maurizio Mariani,Full time,1,1,Saudi Arabia,Uruguay,home,Nawaf Al-Boushail,13,used_substitute,Defender,,81.0,
4667799,uruguay-vs-saudi-arabia,https://www.fotmob.com/matches/uruguay-vs-saudi-arabia/1izuvb#4667799,Saudi Arabia vs Uruguay (2026-06-15T22:00:00.000Z),Saudi Arabia,Uruguay,2026-06-15T22:00:00.000Z,FIFA World Cup Round 1,Miami Stadium,Maurizio Mariani,Full time,1,1,Saudi Arabia,Uruguay,home,Ali Lajami,3,used_substitute,Defender,,90.0,
4667799,uruguay-vs-saudi-arabia,https://www.fotmob.com/matches/uruguay-vs-saudi-arabia/1izuvb#4667799,Saudi Arabia vs Uruguay (2026-06-15T22:00:00.000Z),Saudi Arabia,Uruguay,2026-06-15T22:00:00.000Z,FIFA World Cup Round 1,Miami Stadium,Maurizio Mariani,Full time,1,1,Saudi Arabia,Uruguay,home,Alaa Hajji,18,used_substitute,Midfielder,,90.0,
4667799,uruguay-vs-saudi-arabia,https://www.fotmob.com/matches/uruguay-vs-saudi-arabia/1izuvb#4667799,Saudi Arabia vs Uruguay (2026-06-15T22:00:00.000Z),Saudi Arabia,Uruguay,2026-06-15T22:00:00.000Z,FIFA World Cup Round 1,Miami Stadium,Maurizio Mariani,Full time,1,1,Saudi Arabia,Uruguay,home,Abdullah Al-Hamdan,19,used_substitute,Attacker,,90.0,
4667799,uruguay-vs-saudi-arabia,https://www.fotmob.com/matches/uruguay-vs-saudi-arabia/1izuvb#4667799,Saudi Arabia vs Uruguay (2026-06-15T22:00:00.000Z),Saudi Arabia,Uruguay,2026-06-15T22:00:00.000Z,FIFA World Cup Round 1,Miami Stadium,Maurizio Mariani,Full time,1,1,Uruguay,Saudi Arabia,away,Juan Sanabria,25,used_substitute,Defender,6.7,46.0,
4667799,uruguay-vs-saudi-arabia,https://www.fotmob.com/matches/uruguay-vs-saudi-arabia/1izuvb#4667799,Saudi Arabia vs Uruguay (2026-06-15T22:00:00.000Z),Saudi Arabia,Uruguay,2026-06-15T22:00:00.000Z,FIFA World Cup Round 1,Miami Stadium,Maurizio Mariani,Full time,1,1,Uruguay,Saudi Arabia,away,Agustín Canobbio,14,used_substitute,Attacker,6.6,46.0,
4667799,uruguay-vs-saudi-arabia,https://www.fotmob.com/matches/uruguay-vs-saudi-arabia/1izuvb#4667799,Saudi Arabia vs Uruguay (2026-06-15T22:00:00.000Z),Saudi Arabia,Uruguay,2026-06-15T22:00:00.000Z,FIFA World Cup Round 1,Miami Stadium,Maurizio Mariani,Full time,1,1,Uruguay,Saudi Arabia,away,Nicolás de la Cruz,7,used_substitute,Midfielder,7.2,72.0,
4667799,uruguay-vs-saudi-arabia,https://www.fotmob.com/matches/uruguay-vs-saudi-arabia/1izuvb#4667799,Saudi Arabia vs Uruguay (2026-06-15T22:00:00.000Z),Saudi Arabia,Uruguay,2026-06-15T22:00:00.000Z,FIFA World Cup Round 1,Miami Stadium,Maurizio Mariani,Full time,1,1,Uruguay,Saudi Arabia,away,Brian Rodríguez,18,used_substitute,Attacker,,81.0,
4667799,uruguay-vs-saudi-arabia,https://www.fotmob.com/matches/uruguay-vs-saudi-arabia/1izuvb#4667799,Saudi Arabia vs Uruguay (2026-06-15T22:00:00.000Z),Saudi Arabia,Uruguay,2026-06-15T22:00:00.000Z,FIFA World Cup Round 1,Miami Stadium,Maurizio Mariani,Full time,1,1,Uruguay,Saudi Arabia,away,Rodrigo Aguirre,19,used_substitute,Attacker,,90.0,
4667799,uruguay-vs-saudi-arabia,https://www.fotmob.com/matches/uruguay-vs-saudi-arabia/1izuvb#4667799,Saudi Arabia vs Uruguay (2026-06-15T22:00:00.000Z),Saudi Arabia,Uruguay,2026-06-15T22:00:00.000Z,FIFA World Cup Round 1,Miami Stadium,Maurizio Mariani,Full time,1,1,Saudi Arabia,Uruguay,home,Ahmed Ali Al Kassar,22,unused_bench,Keeper,,,
4667799,uruguay-vs-saudi-arabia,https://www.fotmob.com/matches/uruguay-vs-saudi-arabia/1izuvb#4667799,Saudi Arabia vs Uruguay (2026-06-15T22:00:00.000Z),Saudi Arabia,Uruguay,2026-06-15T22:00:00.000Z,FIFA World Cup Round 1,Miami Stadium,Maurizio Mariani,Full time,1,1,Uruguay,Saudi Arabia,away,Nawaf Alaqidi,1,unused_bench,Keeper,,,
4667799,uruguay-vs-saudi-arabia,https://www.fotmob.com/matches/uruguay-vs-saudi-arabia/1izuvb#4667799,Saudi Arabia vs Uruguay (2026-06-15T22:00:00.000Z),Saudi Arabia,Uruguay,2026-06-15T22:00:00.000Z,FIFA World Cup Round 1,Miami Stadium,Maurizio Mariani,Full time,1,1,Uruguay,Saudi Arabia,away,Ali Majrashi,2,unused_bench,Defender,,,
4667799,uruguay-vs-saudi-arabia,https://www.fotmob.com/matches/uruguay-vs-saudi-arabia/1izuvb#4667799,Saudi Arabia vs Uruguay (2026-06-15T22:00:00.000Z),Saudi Arabia,Uruguay,2026-06-15T22:00:00.000Z,FIFA World Cup Round 1,Miami Stadium,Maurizio Mariani,Full time,1,1,Uruguay,Saudi Arabia,away,Ayman Yahya,8,unused_bench,Defender,,,
4667799,uruguay-vs-saudi-arabia,https://www.fotmob.com/matches/uruguay-vs-saudi-arabia/1izuvb#4667799,Saudi Arabia vs Uruguay (2026-06-15T22:00:00.000Z),Saudi Arabia,Uruguay,2026-06-15T22:00:00.000Z,FIFA World Cup Round 1,Miami Stadium,Maurizio Mariani,Full time,1,1,Uruguay,Saudi Arabia,away,Hasan Kadesh,14,unused_bench,Defender,,,
4667799,uruguay-vs-saudi-arabia,https://www.fotmob.com/matches/uruguay-vs-saudi-arabia/1izuvb#4667799,Saudi Arabia vs Uruguay (2026-06-15T22:00:00.000Z),Saudi Arabia,Uruguay,2026-06-15T22:00:00.000Z,FIFA World Cup Round 1,Miami Stadium,Maurizio Mariani,Full time,1,1,Uruguay,Saudi Arabia,away,Jehad Thakri,25,unused_bench,Defender,,,
4667799,uruguay-vs-saudi-arabia,https://www.fotmob.com/matches/uruguay-vs-saudi-arabia/1izuvb#4667799,Saudi Arabia vs Uruguay (2026-06-15T22:00:00.000Z),Saudi Arabia,Uruguay,2026-06-15T22:00:00.000Z,FIFA World Cup Round 1,Miami Stadium,Maurizio Mariani,Full time,1,1,Uruguay,Saudi Arabia,away,Ziyad Aljohani,16,unused_bench,Midfielder,,,
4667799,uruguay-vs-saudi-arabia,https://www.fotmob.com/matches/uruguay-vs-saudi-arabia/1izuvb#4667799,Saudi Arabia vs Uruguay (2026-06-15T22:00:00.000Z),Saudi Arabia,Uruguay,2026-06-15T22:00:00.000Z,FIFA World Cup Round 1,Miami Stadium,Maurizio Mariani,Full time,1,1,Uruguay,Saudi Arabia,away,Khalid Al Ghannam,17,unused_bench,Attacker,,,
4667799,uruguay-vs-saudi-arabia,https://www.fotmob.com/matches/uruguay-vs-saudi-arabia/1izuvb#4667799,Saudi Arabia vs Uruguay (2026-06-15T22:00:00.000Z),Saudi Arabia,Uruguay,2026-06-15T22:00:00.000Z,FIFA World Cup Round 1,Miami Stadium,Maurizio Mariani,Full time,1,1,Uruguay,Saudi Arabia,away,Saleh Al-Shehri,11,unused_bench,Attacker,,,
4667799,uruguay-vs-saudi-arabia,https://www.fotmob.com/matches/uruguay-vs-saudi-arabia/1izuvb#4667799,Saudi Arabia vs Uruguay (2026-06-15T22:00:00.000Z),Saudi Arabia,Uruguay,2026-06-15T22:00:00.000Z,FIFA World Cup Round 1,Miami Stadium,Maurizio Mariani,Full time,1,1,Uruguay,Saudi Arabia,away,Sultan Mandash,20,unused_bench,Attacker,,,
4667799,uruguay-vs-saudi-arabia,https://www.fotmob.com/matches/uruguay-vs-saudi-arabia/1izuvb#4667799,Saudi Arabia vs Uruguay (2026-06-15T22:00:00.000Z),Saudi Arabia,Uruguay,2026-06-15T22:00:00.000Z,FIFA World Cup Round 1,Miami Stadium,Maurizio Mariani,Full time,1,1,Uruguay,Saudi Arabia,away,Santiago Mele,12,unused_bench,Keeper,,,
4667799,uruguay-vs-saudi-arabia,https://www.fotmob.com/matches/uruguay-vs-saudi-arabia/1izuvb#4667799,Saudi Arabia vs Uruguay (2026-06-15T22:00:00.000Z),Saudi Arabia,Uruguay,2026-06-15T22:00:00.000Z,FIFA World Cup Round 1,Miami Stadium,Maurizio Mariani,Full time,1,1,Uruguay,Saudi Arabia,away,Sergio Rochet,1,unused_bench,Keeper,,,
4667799,uruguay-vs-saudi-arabia,https://www.fotmob.com/matches/uruguay-vs-saudi-arabia/1izuvb#4667799,Saudi Arabia vs Uruguay (2026-06-15T22:00:00.000Z),Saudi Arabia,Uruguay,2026-06-15T22:00:00.000Z,FIFA World Cup Round 1,Miami Stadium,Maurizio Mariani,Full time,1,1,Uruguay,Saudi Arabia,away,Joaquín Piquerez,22,unused_bench,Defender,,,
4667799,uruguay-vs-saudi-arabia,https://www.fotmob.com/matches/uruguay-vs-saudi-arabia/1izuvb#4667799,Saudi Arabia vs Uruguay (2026-06-15T22:00:00.000Z),Saudi Arabia,Uruguay,2026-06-15T22:00:00.000Z,FIFA World Cup Round 1,Miami Stadium,Maurizio Mariani,Full time,1,1,Uruguay,Saudi Arabia,away,José Giménez,2,unused_bench,Defender,,,
4667799,uruguay-vs-saudi-arabia,https://www.fotmob.com/matches/uruguay-vs-saudi-arabia/1izuvb#4667799,Saudi Arabia vs Uruguay (2026-06-15T22:00:00.000Z),Saudi Arabia,Uruguay,2026-06-15T22:00:00.000Z,FIFA World Cup Round 1,Miami Stadium,Maurizio Mariani,Full time,1,1,Uruguay,Saudi Arabia,away,Santiago Bueno,24,unused_bench,Defender,,,
4667799,uruguay-vs-saudi-arabia,https://www.fotmob.com/matches/uruguay-vs-saudi-arabia/1izuvb#4667799,Saudi Arabia vs Uruguay (2026-06-15T22:00:00.000Z),Saudi Arabia,Uruguay,2026-06-15T22:00:00.000Z,FIFA World Cup Round 1,Miami Stadium,Maurizio Mariani,Full time,1,1,Uruguay,Saudi Arabia,away,Emiliano Martínez,15,unused_bench,Midfielder,,,
4667799,uruguay-vs-saudi-arabia,https://www.fotmob.com/matches/uruguay-vs-saudi-arabia/1izuvb#4667799,Saudi Arabia vs Uruguay (2026-06-15T22:00:00.000Z),Saudi Arabia,Uruguay,2026-06-15T22:00:00.000Z,FIFA World Cup Round 1,Miami Stadium,Maurizio Mariani,Full time,1,1,Uruguay,Saudi Arabia,away,Facundo Pellistri,11,unused_bench,Attacker,,,
4667799,uruguay-vs-saudi-arabia,https://www.fotmob.com/matches/uruguay-vs-saudi-arabia/1izuvb#4667799,Saudi Arabia vs Uruguay (2026-06-15T22:00:00.000Z),Saudi Arabia,Uruguay,2026-06-15T22:00:00.000Z,FIFA World Cup Round 1,Miami Stadium,Maurizio Mariani,Full time,1,1,Uruguay,Saudi Arabia,away,Rodrigo Zalazar,26,unused_bench,Attacker,,,
4667798,cape-verde-vs-spain,https://www.fotmob.com/matches/cape-verde-vs-spain/1bbtuo#4667798,Spain vs Cape Verde (2026-06-15T16:00:00.000Z),Spain,Cape Verde,2026-06-15T16:00:00.000Z,FIFA World Cup Round 1,Atlanta Stadium,Adham Makhadmeh,Full time,0,0,Spain,Cape Verde,home,Mikel Merino,6,used_substitute,Midfielder,6.7,71.0,
4667798,cape-verde-vs-spain,https://www.fotmob.com/matches/cape-verde-vs-spain/1bbtuo#4667798,Spain vs Cape Verde (2026-06-15T16:00:00.000Z),Spain,Cape Verde,2026-06-15T16:00:00.000Z,FIFA World Cup Round 1,Atlanta Stadium,Adham Makhadmeh,Full time,0,0,Spain,Cape Verde,home,Lamine Yamal,19,used_substitute,Attacker,6.4,71.0,
4667798,cape-verde-vs-spain,https://www.fotmob.com/matches/cape-verde-vs-spain/1bbtuo#4667798,Spain vs Cape Verde (2026-06-15T16:00:00.000Z),Spain,Cape Verde,2026-06-15T16:00:00.000Z,FIFA World Cup Round 1,Atlanta Stadium,Adham Makhadmeh,Full time,0,0,Spain,Cape Verde,home,Dani Olmo,10,used_substitute,Midfielder,,81.0,
4667798,cape-verde-vs-spain,https://www.fotmob.com/matches/cape-verde-vs-spain/1bbtuo#4667798,Spain vs Cape Verde (2026-06-15T16:00:00.000Z),Spain,Cape Verde,2026-06-15T16:00:00.000Z,FIFA World Cup Round 1,Atlanta Stadium,Adham Makhadmeh,Full time,0,0,Spain,Cape Verde,home,Nico Williams,17,used_substitute,Attacker,,87.0,
4667798,cape-verde-vs-spain,https://www.fotmob.com/matches/cape-verde-vs-spain/1bbtuo#4667798,Spain vs Cape Verde (2026-06-15T16:00:00.000Z),Spain,Cape Verde,2026-06-15T16:00:00.000Z,FIFA World Cup Round 1,Atlanta Stadium,Adham Makhadmeh,Full time,0,0,Cape Verde,Spain,away,Deroy Duarte,14,used_substitute,Midfielder,6.6,61.0,
4667798,cape-verde-vs-spain,https://www.fotmob.com/matches/cape-verde-vs-spain/1bbtuo#4667798,Spain vs Cape Verde (2026-06-15T16:00:00.000Z),Spain,Cape Verde,2026-06-15T16:00:00.000Z,FIFA World Cup Round 1,Atlanta Stadium,Adham Makhadmeh,Full time,0,0,Cape Verde,Spain,away,Nuno da Costa,21,used_substitute,Attacker,6.1,61.0,
4667798,cape-verde-vs-spain,https://www.fotmob.com/matches/cape-verde-vs-spain/1bbtuo#4667798,Spain vs Cape Verde (2026-06-15T16:00:00.000Z),Spain,Cape Verde,2026-06-15T16:00:00.000Z,FIFA World Cup Round 1,Atlanta Stadium,Adham Makhadmeh,Full time,0,0,Cape Verde,Spain,away,Willy Semedo,17,used_substitute,Attacker,5.9,61.0,
4667798,cape-verde-vs-spain,https://www.fotmob.com/matches/cape-verde-vs-spain/1bbtuo#4667798,Spain vs Cape Verde (2026-06-15T16:00:00.000Z),Spain,Cape Verde,2026-06-15T16:00:00.000Z,FIFA World Cup Round 1,Atlanta Stadium,Adham Makhadmeh,Full time,0,0,Cape Verde,Spain,away,João Paulo,8,used_substitute,Midfielder,6.6,76.0,
4667798,cape-verde-vs-spain,https://www.fotmob.com/matches/cape-verde-vs-spain/1bbtuo#4667798,Spain vs Cape Verde (2026-06-15T16:00:00.000Z),Spain,Cape Verde,2026-06-15T16:00:00.000Z,FIFA World Cup Round 1,Atlanta Stadium,Adham Makhadmeh,Full time,0,0,Cape Verde,Spain,away,Telmo Arcanjo,18,used_substitute,Attacker,6.3,79.0,
4667798,cape-verde-vs-spain,https://www.fotmob.com/matches/cape-verde-vs-spain/1bbtuo#4667798,Spain vs Cape Verde (2026-06-15T16:00:00.000Z),Spain,Cape Verde,2026-06-15T16:00:00.000Z,FIFA World Cup Round 1,Atlanta Stadium,Adham Makhadmeh,Full time,0,0,Spain,Cape Verde,home,David Raya,1,unused_bench,Keeper,,,
4667798,cape-verde-vs-spain,https://www.fotmob.com/matches/cape-verde-vs-spain/1bbtuo#4667798,Spain vs Cape Verde (2026-06-15T16:00:00.000Z),Spain,Cape Verde,2026-06-15T16:00:00.000Z,FIFA World Cup Round 1,Atlanta Stadium,Adham Makhadmeh,Full time,0,0,Cape Verde,Spain,away,Joan García,13,unused_bench,Keeper,,,
4667798,cape-verde-vs-spain,https://www.fotmob.com/matches/cape-verde-vs-spain/1bbtuo#4667798,Spain vs Cape Verde (2026-06-15T16:00:00.000Z),Spain,Cape Verde,2026-06-15T16:00:00.000Z,FIFA World Cup Round 1,Atlanta Stadium,Adham Makhadmeh,Full time,0,0,Cape Verde,Spain,away,Eric García,4,unused_bench,Defender,,,
4667798,cape-verde-vs-spain,https://www.fotmob.com/matches/cape-verde-vs-spain/1bbtuo#4667798,Spain vs Cape Verde (2026-06-15T16:00:00.000Z),Spain,Cape Verde,2026-06-15T16:00:00.000Z,FIFA World Cup Round 1,Atlanta Stadium,Adham Makhadmeh,Full time,0,0,Cape Verde,Spain,away,Marc Pubill,2,unused_bench,Defender,,,
4667798,cape-verde-vs-spain,https://www.fotmob.com/matches/cape-verde-vs-spain/1bbtuo#4667798,Spain vs Cape Verde (2026-06-15T16:00:00.000Z),Spain,Cape Verde,2026-06-15T16:00:00.000Z,FIFA World Cup Round 1,Atlanta Stadium,Adham Makhadmeh,Full time,0,0,Cape Verde,Spain,away,Pedro Porro,12,unused_bench,Defender,,,
4667798,cape-verde-vs-spain,https://www.fotmob.com/matches/cape-verde-vs-spain/1bbtuo#4667798,Spain vs Cape Verde (2026-06-15T16:00:00.000Z),Spain,Cape Verde,2026-06-15T16:00:00.000Z,FIFA World Cup Round 1,Atlanta Stadium,Adham Makhadmeh,Full time,0,0,Cape Verde,Spain,away,Álex Baena,15,unused_bench,Midfielder,,,
4667798,cape-verde-vs-spain,https://www.fotmob.com/matches/cape-verde-vs-spain/1bbtuo#4667798,Spain vs Cape Verde (2026-06-15T16:00:00.000Z),Spain,Cape Verde,2026-06-15T16:00:00.000Z,FIFA World Cup Round 1,Atlanta Stadium,Adham Makhadmeh,Full time,0,0,Cape Verde,Spain,away,Alejandro Grimaldo,3,unused_bench,Midfielder,,,
4667798,cape-verde-vs-spain,https://www.fotmob.com/matches/cape-verde-vs-spain/1bbtuo#4667798,Spain vs Cape Verde (2026-06-15T16:00:00.000Z),Spain,Cape Verde,2026-06-15T16:00:00.000Z,FIFA World Cup Round 1,Atlanta Stadium,Adham Makhadmeh,Full time,0,0,Cape Verde,Spain,away,Martín Zubimendi,18,unused_bench,Midfielder,,,
4667798,cape-verde-vs-spain,https://www.fotmob.com/matches/cape-verde-vs-spain/1bbtuo#4667798,Spain vs Cape Verde (2026-06-15T16:00:00.000Z),Spain,Cape Verde,2026-06-15T16:00:00.000Z,FIFA World Cup Round 1,Atlanta Stadium,Adham Makhadmeh,Full time,0,0,Cape Verde,Spain,away,Yéremi Pino,11,unused_bench,Midfielder,,,
4667798,cape-verde-vs-spain,https://www.fotmob.com/matches/cape-verde-vs-spain/1bbtuo#4667798,Spain vs Cape Verde (2026-06-15T16:00:00.000Z),Spain,Cape Verde,2026-06-15T16:00:00.000Z,FIFA World Cup Round 1,Atlanta Stadium,Adham Makhadmeh,Full time,0,0,Cape Verde,Spain,away,Borja Iglesias,26,unused_bench,Attacker,,,
4667798,cape-verde-vs-spain,https://www.fotmob.com/matches/cape-verde-vs-spain/1bbtuo#4667798,Spain vs Cape Verde (2026-06-15T16:00:00.000Z),Spain,Cape Verde,2026-06-15T16:00:00.000Z,FIFA World Cup Round 1,Atlanta Stadium,Adham Makhadmeh,Full time,0,0,Cape Verde,Spain,away,Víctor Muñoz,25,unused_bench,Attacker,,,
4667798,cape-verde-vs-spain,https://www.fotmob.com/matches/cape-verde-vs-spain/1bbtuo#4667798,Spain vs Cape Verde (2026-06-15T16:00:00.000Z),Spain,Cape Verde,2026-06-15T16:00:00.000Z,FIFA World Cup Round 1,Atlanta Stadium,Adham Makhadmeh,Full time,0,0,Cape Verde,Spain,away,Carlos Dos Santos,23,unused_bench,Keeper,,,
4667798,cape-verde-vs-spain,https://www.fotmob.com/matches/cape-verde-vs-spain/1bbtuo#4667798,Spain vs Cape Verde (2026-06-15T16:00:00.000Z),Spain,Cape Verde,2026-06-15T16:00:00.000Z,FIFA World Cup Round 1,Atlanta Stadium,Adham Makhadmeh,Full time,0,0,Cape Verde,Spain,away,Márcio Rosa,12,unused_bench,Keeper,,,
4667798,cape-verde-vs-spain,https://www.fotmob.com/matches/cape-verde-vs-spain/1bbtuo#4667798,Spain vs Cape Verde (2026-06-15T16:00:00.000Z),Spain,Cape Verde,2026-06-15T16:00:00.000Z,FIFA World Cup Round 1,Atlanta Stadium,Adham Makhadmeh,Full time,0,0,Cape Verde,Spain,away,Kelvin Pires,25,unused_bench,Defender,,,
4667798,cape-verde-vs-spain,https://www.fotmob.com/matches/cape-verde-vs-spain/1bbtuo#4667798,Spain vs Cape Verde (2026-06-15T16:00:00.000Z),Spain,Cape Verde,2026-06-15T16:00:00.000Z,FIFA World Cup Round 1,Atlanta Stadium,Adham Makhadmeh,Full time,0,0,Cape Verde,Spain,away,Logan Costa,5,unused_bench,Defender,,,
4667798,cape-verde-vs-spain,https://www.fotmob.com/matches/cape-verde-vs-spain/1bbtuo#4667798,Spain vs Cape Verde (2026-06-15T16:00:00.000Z),Spain,Cape Verde,2026-06-15T16:00:00.000Z,FIFA World Cup Round 1,Atlanta Stadium,Adham Makhadmeh,Full time,0,0,Cape Verde,Spain,away,Stopira,2,unused_bench,Defender,,,
4667798,cape-verde-vs-spain,https://www.fotmob.com/matches/cape-verde-vs-spain/1bbtuo#4667798,Spain vs Cape Verde (2026-06-15T16:00:00.000Z),Spain,Cape Verde,2026-06-15T16:00:00.000Z,FIFA World Cup Round 1,Atlanta Stadium,Adham Makhadmeh,Full time,0,0,Cape Verde,Spain,away,Wagner Pina,24,unused_bench,Defender,,,
4667798,cape-verde-vs-spain,https://www.fotmob.com/matches/cape-verde-vs-spain/1bbtuo#4667798,Spain vs Cape Verde (2026-06-15T16:00:00.000Z),Spain,Cape Verde,2026-06-15T16:00:00.000Z,FIFA World Cup Round 1,Atlanta Stadium,Adham Makhadmeh,Full time,0,0,Cape Verde,Spain,away,Yannick Semedo,16,unused_bench,Midfielder,,,
4667798,cape-verde-vs-spain,https://www.fotmob.com/matches/cape-verde-vs-spain/1bbtuo#4667798,Spain vs Cape Verde (2026-06-15T16:00:00.000Z),Spain,Cape Verde,2026-06-15T16:00:00.000Z,FIFA World Cup Round 1,Atlanta Stadium,Adham Makhadmeh,Full time,0,0,Cape Verde,Spain,away,Garry Rodrigues,11,unused_bench,Attacker,,,
4667798,cape-verde-vs-spain,https://www.fotmob.com/matches/cape-verde-vs-spain/1bbtuo#4667798,Spain vs Cape Verde (2026-06-15T16:00:00.000Z),Spain,Cape Verde,2026-06-15T16:00:00.000Z,FIFA World Cup Round 1,Atlanta Stadium,Adham Makhadmeh,Full time,0,0,Cape Verde,Spain,away,Gilson Benchimol,9,unused_bench,Attacker,,,
4667798,cape-verde-vs-spain,https://www.fotmob.com/matches/cape-verde-vs-spain/1bbtuo#4667798,Spain vs Cape Verde (2026-06-15T16:00:00.000Z),Spain,Cape Verde,2026-06-15T16:00:00.000Z,FIFA World Cup Round 1,Atlanta Stadium,Adham Makhadmeh,Full time,0,0,Cape Verde,Spain,away,Hélio Varela,26,unused_bench,Attacker,,,
4667805,iraq-vs-norway,https://www.fotmob.com/matches/iraq-vs-norway/1oz68o#4667805,Iraq vs Norway (2026-06-16T22:00:00.000Z),Iraq,Norway,2026-06-16T22:00:00.000Z,FIFA World Cup Round 1,Boston Stadium,Pierre Ghislain Atcho,Full time,1,4,Iraq,Norway,home,Zidane Iqbal,14,used_substitute,Midfielder,6.4,59.0,
4667805,iraq-vs-norway,https://www.fotmob.com/matches/iraq-vs-norway/1oz68o#4667805,Iraq vs Norway (2026-06-16T22:00:00.000Z),Iraq,Norway,2026-06-16T22:00:00.000Z,FIFA World Cup Round 1,Boston Stadium,Pierre Ghislain Atcho,Full time,1,4,Iraq,Norway,home,Marko Lawk Farji,21,used_substitute,Attacker,6.4,59.0,
4667805,iraq-vs-norway,https://www.fotmob.com/matches/iraq-vs-norway/1oz68o#4667805,Iraq vs Norway (2026-06-16T22:00:00.000Z),Iraq,Norway,2026-06-16T22:00:00.000Z,FIFA World Cup Round 1,Boston Stadium,Pierre Ghislain Atcho,Full time,1,4,Iraq,Norway,home,Mustafa Saadoun,25,used_substitute,Defender,6.2,73.0,
4667805,iraq-vs-norway,https://www.fotmob.com/matches/iraq-vs-norway/1oz68o#4667805,Iraq vs Norway (2026-06-16T22:00:00.000Z),Iraq,Norway,2026-06-16T22:00:00.000Z,FIFA World Cup Round 1,Boston Stadium,Pierre Ghislain Atcho,Full time,1,4,Iraq,Norway,home,Ahmed Qasem,11,used_substitute,Midfielder,6.1,73.0,
4667805,iraq-vs-norway,https://www.fotmob.com/matches/iraq-vs-norway/1oz68o#4667805,Iraq vs Norway (2026-06-16T22:00:00.000Z),Iraq,Norway,2026-06-16T22:00:00.000Z,FIFA World Cup Round 1,Boston Stadium,Pierre Ghislain Atcho,Full time,1,4,Iraq,Norway,home,Mohanad Ali,10,used_substitute,Attacker,6.0,78.0,
4667805,iraq-vs-norway,https://www.fotmob.com/matches/iraq-vs-norway/1oz68o#4667805,Iraq vs Norway (2026-06-16T22:00:00.000Z),Iraq,Norway,2026-06-16T22:00:00.000Z,FIFA World Cup Round 1,Boston Stadium,Pierre Ghislain Atcho,Full time,1,4,Norway,Iraq,away,Leo Østigard,4,used_substitute,Defender,7.3,73.0,
4667805,iraq-vs-norway,https://www.fotmob.com/matches/iraq-vs-norway/1oz68o#4667805,Iraq vs Norway (2026-06-16T22:00:00.000Z),Iraq,Norway,2026-06-16T22:00:00.000Z,FIFA World Cup Round 1,Boston Stadium,Pierre Ghislain Atcho,Full time,1,4,Norway,Iraq,away,Kristian Thorstvedt,18,used_substitute,Midfielder,6.2,73.0,
4667805,iraq-vs-norway,https://www.fotmob.com/matches/iraq-vs-norway/1oz68o#4667805,Iraq vs Norway (2026-06-16T22:00:00.000Z),Iraq,Norway,2026-06-16T22:00:00.000Z,FIFA World Cup Round 1,Boston Stadium,Pierre Ghislain Atcho,Full time,1,4,Norway,Iraq,away,Andreas Schjelderup,21,used_substitute,Attacker,6.1,73.0,
4667805,iraq-vs-norway,https://www.fotmob.com/matches/iraq-vs-norway/1oz68o#4667805,Iraq vs Norway (2026-06-16T22:00:00.000Z),Iraq,Norway,2026-06-16T22:00:00.000Z,FIFA World Cup Round 1,Boston Stadium,Pierre Ghislain Atcho,Full time,1,4,Norway,Iraq,away,Oscar Bobb,22,used_substitute,Attacker,6.3,73.0,
4667805,iraq-vs-norway,https://www.fotmob.com/matches/iraq-vs-norway/1oz68o#4667805,Iraq vs Norway (2026-06-16T22:00:00.000Z),Iraq,Norway,2026-06-16T22:00:00.000Z,FIFA World Cup Round 1,Boston Stadium,Pierre Ghislain Atcho,Full time,1,4,Norway,Iraq,away,Patrick Berg,6,used_substitute,Midfielder,,81.0,
4667805,iraq-vs-norway,https://www.fotmob.com/matches/iraq-vs-norway/1oz68o#4667805,Iraq vs Norway (2026-06-16T22:00:00.000Z),Iraq,Norway,2026-06-16T22:00:00.000Z,FIFA World Cup Round 1,Boston Stadium,Pierre Ghislain Atcho,Full time,1,4,Iraq,Norway,home,Ahmed Basil Fadhil,22,unused_bench,Keeper,,,
4667805,iraq-vs-norway,https://www.fotmob.com/matches/iraq-vs-norway/1oz68o#4667805,Iraq vs Norway (2026-06-16T22:00:00.000Z),Iraq,Norway,2026-06-16T22:00:00.000Z,FIFA World Cup Round 1,Boston Stadium,Pierre Ghislain Atcho,Full time,1,4,Norway,Iraq,away,Fahad Talib,1,unused_bench,Keeper,,,
4667805,iraq-vs-norway,https://www.fotmob.com/matches/iraq-vs-norway/1oz68o#4667805,Iraq vs Norway (2026-06-16T22:00:00.000Z),Iraq,Norway,2026-06-16T22:00:00.000Z,FIFA World Cup Round 1,Boston Stadium,Pierre Ghislain Atcho,Full time,1,4,Norway,Iraq,away,Ahmed Maknzi,15,unused_bench,Defender,,,
4667805,iraq-vs-norway,https://www.fotmob.com/matches/iraq-vs-norway/1oz68o#4667805,Iraq vs Norway (2026-06-16T22:00:00.000Z),Iraq,Norway,2026-06-16T22:00:00.000Z,FIFA World Cup Round 1,Boston Stadium,Pierre Ghislain Atcho,Full time,1,4,Norway,Iraq,away,Manaf Younis,6,unused_bench,Defender,,,
4667805,iraq-vs-norway,https://www.fotmob.com/matches/iraq-vs-norway/1oz68o#4667805,Iraq vs Norway (2026-06-16T22:00:00.000Z),Iraq,Norway,2026-06-16T22:00:00.000Z,FIFA World Cup Round 1,Boston Stadium,Pierre Ghislain Atcho,Full time,1,4,Norway,Iraq,away,Rebin Sulaka,2,unused_bench,Defender,,,
4667805,iraq-vs-norway,https://www.fotmob.com/matches/iraq-vs-norway/1oz68o#4667805,Iraq vs Norway (2026-06-16T22:00:00.000Z),Iraq,Norway,2026-06-16T22:00:00.000Z,FIFA World Cup Round 1,Boston Stadium,Pierre Ghislain Atcho,Full time,1,4,Norway,Iraq,away,Aimar Sher,20,unused_bench,Midfielder,,,
4667805,iraq-vs-norway,https://www.fotmob.com/matches/iraq-vs-norway/1oz68o#4667805,Iraq vs Norway (2026-06-16T22:00:00.000Z),Iraq,Norway,2026-06-16T22:00:00.000Z,FIFA World Cup Round 1,Boston Stadium,Pierre Ghislain Atcho,Full time,1,4,Norway,Iraq,away,Frans Putros,26,unused_bench,Midfielder,,,
4667805,iraq-vs-norway,https://www.fotmob.com/matches/iraq-vs-norway/1oz68o#4667805,Iraq vs Norway (2026-06-16T22:00:00.000Z),Iraq,Norway,2026-06-16T22:00:00.000Z,FIFA World Cup Round 1,Boston Stadium,Pierre Ghislain Atcho,Full time,1,4,Norway,Iraq,away,Kevin Yakob,19,unused_bench,Midfielder,,,
4667805,iraq-vs-norway,https://www.fotmob.com/matches/iraq-vs-norway/1oz68o#4667805,Iraq vs Norway (2026-06-16T22:00:00.000Z),Iraq,Norway,2026-06-16T22:00:00.000Z,FIFA World Cup Round 1,Boston Stadium,Pierre Ghislain Atcho,Full time,1,4,Norway,Iraq,away,Ali Yousif,13,unused_bench,Attacker,,,
4667805,iraq-vs-norway,https://www.fotmob.com/matches/iraq-vs-norway/1oz68o#4667805,Iraq vs Norway (2026-06-16T22:00:00.000Z),Iraq,Norway,2026-06-16T22:00:00.000Z,FIFA World Cup Round 1,Boston Stadium,Pierre Ghislain Atcho,Full time,1,4,Norway,Iraq,away,Youssef Amyn,7,unused_bench,Attacker,,,
4667805,iraq-vs-norway,https://www.fotmob.com/matches/iraq-vs-norway/1oz68o#4667805,Iraq vs Norway (2026-06-16T22:00:00.000Z),Iraq,Norway,2026-06-16T22:00:00.000Z,FIFA World Cup Round 1,Boston Stadium,Pierre Ghislain Atcho,Full time,1,4,Norway,Iraq,away,Egil Selvik,13,unused_bench,Keeper,,,
4667805,iraq-vs-norway,https://www.fotmob.com/matches/iraq-vs-norway/1oz68o#4667805,Iraq vs Norway (2026-06-16T22:00:00.000Z),Iraq,Norway,2026-06-16T22:00:00.000Z,FIFA World Cup Round 1,Boston Stadium,Pierre Ghislain Atcho,Full time,1,4,Norway,Iraq,away,Sander Tangvik,12,unused_bench,Keeper,,,
4667805,iraq-vs-norway,https://www.fotmob.com/matches/iraq-vs-norway/1oz68o#4667805,Iraq vs Norway (2026-06-16T22:00:00.000Z),Iraq,Norway,2026-06-16T22:00:00.000Z,FIFA World Cup Round 1,Boston Stadium,Pierre Ghislain Atcho,Full time,1,4,Norway,Iraq,away,Fredrik André Bjørkan,15,unused_bench,Defender,,,
4667805,iraq-vs-norway,https://www.fotmob.com/matches/iraq-vs-norway/1oz68o#4667805,Iraq vs Norway (2026-06-16T22:00:00.000Z),Iraq,Norway,2026-06-16T22:00:00.000Z,FIFA World Cup Round 1,Boston Stadium,Pierre Ghislain Atcho,Full time,1,4,Norway,Iraq,away,Henrik Falchener,25,unused_bench,Defender,,,
4667805,iraq-vs-norway,https://www.fotmob.com/matches/iraq-vs-norway/1oz68o#4667805,Iraq vs Norway (2026-06-16T22:00:00.000Z),Iraq,Norway,2026-06-16T22:00:00.000Z,FIFA World Cup Round 1,Boston Stadium,Pierre Ghislain Atcho,Full time,1,4,Norway,Iraq,away,Sondre Klingen Langås,24,unused_bench,Defender,,,
4667805,iraq-vs-norway,https://www.fotmob.com/matches/iraq-vs-norway/1oz68o#4667805,Iraq vs Norway (2026-06-16T22:00:00.000Z),Iraq,Norway,2026-06-16T22:00:00.000Z,FIFA World Cup Round 1,Boston Stadium,Pierre Ghislain Atcho,Full time,1,4,Norway,Iraq,away,Marcus Holmgren Pedersen,16,unused_bench,Midfielder,,,
4667805,iraq-vs-norway,https://www.fotmob.com/matches/iraq-vs-norway/1oz68o#4667805,Iraq vs Norway (2026-06-16T22:00:00.000Z),Iraq,Norway,2026-06-16T22:00:00.000Z,FIFA World Cup Round 1,Boston Stadium,Pierre Ghislain Atcho,Full time,1,4,Norway,Iraq,away,Morten Thorsby,2,unused_bench,Midfielder,,,
4667805,iraq-vs-norway,https://www.fotmob.com/matches/iraq-vs-norway/1oz68o#4667805,Iraq vs Norway (2026-06-16T22:00:00.000Z),Iraq,Norway,2026-06-16T22:00:00.000Z,FIFA World Cup Round 1,Boston Stadium,Pierre Ghislain Atcho,Full time,1,4,Norway,Iraq,away,Thelo Aasgaard,19,unused_bench,Midfielder,,,
4667805,iraq-vs-norway,https://www.fotmob.com/matches/iraq-vs-norway/1oz68o#4667805,Iraq vs Norway (2026-06-16T22:00:00.000Z),Iraq,Norway,2026-06-16T22:00:00.000Z,FIFA World Cup Round 1,Boston Stadium,Pierre Ghislain Atcho,Full time,1,4,Norway,Iraq,away,Jens Petter Hauge,23,unused_bench,Attacker,,,
4667805,iraq-vs-norway,https://www.fotmob.com/matches/iraq-vs-norway/1oz68o#4667805,Iraq vs Norway (2026-06-16T22:00:00.000Z),Iraq,Norway,2026-06-16T22:00:00.000Z,FIFA World Cup Round 1,Boston Stadium,Pierre Ghislain Atcho,Full time,1,4,Norway,Iraq,away,Jørgen Strand Larsen,11,unused_bench,Attacker,,,
4667804,senegal-vs-france,https://www.fotmob.com/matches/senegal-vs-france/1f8fvo#4667804,France vs Senegal (2026-06-16T19:00:00.000Z),France,Senegal,2026-06-16T19:00:00.000Z,FIFA World Cup Round 1,New York New Jersey Stadium,Alireza Faghani,Full time,3,1,France,Senegal,home,Bradley Barcola,12,used_substitute,Attacker,7.4,80.0,
4667804,senegal-vs-france,https://www.fotmob.com/matches/senegal-vs-france/1f8fvo#4667804,France vs Senegal (2026-06-16T19:00:00.000Z),France,Senegal,2026-06-16T19:00:00.000Z,FIFA World Cup Round 1,New York New Jersey Stadium,Alireza Faghani,Full time,3,1,France,Senegal,home,Rayan Cherki,24,used_substitute,Midfielder,,87.0,
4667804,senegal-vs-france,https://www.fotmob.com/matches/senegal-vs-france/1f8fvo#4667804,France vs Senegal (2026-06-16T19:00:00.000Z),France,Senegal,2026-06-16T19:00:00.000Z,FIFA World Cup Round 1,New York New Jersey Stadium,Alireza Faghani,Full time,3,1,Senegal,France,away,Habib Diarra,21,used_substitute,Midfielder,6.1,75.0,
4667804,senegal-vs-france,https://www.fotmob.com/matches/senegal-vs-france/1f8fvo#4667804,France vs Senegal (2026-06-16T19:00:00.000Z),France,Senegal,2026-06-16T19:00:00.000Z,FIFA World Cup Round 1,New York New Jersey Stadium,Alireza Faghani,Full time,3,1,Senegal,France,away,Ibrahim Mbaye,20,used_substitute,Attacker,7.1,75.0,
4667804,senegal-vs-france,https://www.fotmob.com/matches/senegal-vs-france/1f8fvo#4667804,France vs Senegal (2026-06-16T19:00:00.000Z),France,Senegal,2026-06-16T19:00:00.000Z,FIFA World Cup Round 1,New York New Jersey Stadium,Alireza Faghani,Full time,3,1,Senegal,France,away,Bamba Dieng,9,used_substitute,Attacker,,83.0,
4667804,senegal-vs-france,https://www.fotmob.com/matches/senegal-vs-france/1f8fvo#4667804,France vs Senegal (2026-06-16T19:00:00.000Z),France,Senegal,2026-06-16T19:00:00.000Z,FIFA World Cup Round 1,New York New Jersey Stadium,Alireza Faghani,Full time,3,1,Senegal,France,away,Iliman Ndiaye,13,used_substitute,Attacker,,83.0,
4667804,senegal-vs-france,https://www.fotmob.com/matches/senegal-vs-france/1f8fvo#4667804,France vs Senegal (2026-06-16T19:00:00.000Z),France,Senegal,2026-06-16T19:00:00.000Z,FIFA World Cup Round 1,New York New Jersey Stadium,Alireza Faghani,Full time,3,1,Senegal,France,away,Pathé Ciss,6,used_substitute,Midfielder,,88.0,
4667804,senegal-vs-france,https://www.fotmob.com/matches/senegal-vs-france/1f8fvo#4667804,France vs Senegal (2026-06-16T19:00:00.000Z),France,Senegal,2026-06-16T19:00:00.000Z,FIFA World Cup Round 1,New York New Jersey Stadium,Alireza Faghani,Full time,3,1,France,Senegal,home,Brice Samba,1,unused_bench,Keeper,,,
4667804,senegal-vs-france,https://www.fotmob.com/matches/senegal-vs-france/1f8fvo#4667804,France vs Senegal (2026-06-16T19:00:00.000Z),France,Senegal,2026-06-16T19:00:00.000Z,FIFA World Cup Round 1,New York New Jersey Stadium,Alireza Faghani,Full time,3,1,Senegal,France,away,Robin Risser,23,unused_bench,Keeper,,,
4667804,senegal-vs-france,https://www.fotmob.com/matches/senegal-vs-france/1f8fvo#4667804,France vs Senegal (2026-06-16T19:00:00.000Z),France,Senegal,2026-06-16T19:00:00.000Z,FIFA World Cup Round 1,New York New Jersey Stadium,Alireza Faghani,Full time,3,1,Senegal,France,away,Ibrahima Konaté,15,unused_bench,Defender,,,
4667804,senegal-vs-france,https://www.fotmob.com/matches/senegal-vs-france/1f8fvo#4667804,France vs Senegal (2026-06-16T19:00:00.000Z),France,Senegal,2026-06-16T19:00:00.000Z,FIFA World Cup Round 1,New York New Jersey Stadium,Alireza Faghani,Full time,3,1,Senegal,France,away,Lucas Digne,3,unused_bench,Defender,,,
4667804,senegal-vs-france,https://www.fotmob.com/matches/senegal-vs-france/1f8fvo#4667804,France vs Senegal (2026-06-16T19:00:00.000Z),France,Senegal,2026-06-16T19:00:00.000Z,FIFA World Cup Round 1,New York New Jersey Stadium,Alireza Faghani,Full time,3,1,Senegal,France,away,Lucas Hernández,21,unused_bench,Defender,,,
4667804,senegal-vs-france,https://www.fotmob.com/matches/senegal-vs-france/1f8fvo#4667804,France vs Senegal (2026-06-16T19:00:00.000Z),France,Senegal,2026-06-16T19:00:00.000Z,FIFA World Cup Round 1,New York New Jersey Stadium,Alireza Faghani,Full time,3,1,Senegal,France,away,Malo Gusto,2,unused_bench,Defender,,,
4667804,senegal-vs-france,https://www.fotmob.com/matches/senegal-vs-france/1f8fvo#4667804,France vs Senegal (2026-06-16T19:00:00.000Z),France,Senegal,2026-06-16T19:00:00.000Z,FIFA World Cup Round 1,New York New Jersey Stadium,Alireza Faghani,Full time,3,1,Senegal,France,away,Maxence Lacroix,26,unused_bench,Defender,,,
4667804,senegal-vs-france,https://www.fotmob.com/matches/senegal-vs-france/1f8fvo#4667804,France vs Senegal (2026-06-16T19:00:00.000Z),France,Senegal,2026-06-16T19:00:00.000Z,FIFA World Cup Round 1,New York New Jersey Stadium,Alireza Faghani,Full time,3,1,Senegal,France,away,Kouadio Koné,6,unused_bench,Midfielder,,,
4667804,senegal-vs-france,https://www.fotmob.com/matches/senegal-vs-france/1f8fvo#4667804,France vs Senegal (2026-06-16T19:00:00.000Z),France,Senegal,2026-06-16T19:00:00.000Z,FIFA World Cup Round 1,New York New Jersey Stadium,Alireza Faghani,Full time,3,1,Senegal,France,away,N'Golo Kanté,13,unused_bench,Midfielder,,,
4667804,senegal-vs-france,https://www.fotmob.com/matches/senegal-vs-france/1f8fvo#4667804,France vs Senegal (2026-06-16T19:00:00.000Z),France,Senegal,2026-06-16T19:00:00.000Z,FIFA World Cup Round 1,New York New Jersey Stadium,Alireza Faghani,Full time,3,1,Senegal,France,away,Warren Zaïre-Emery,18,unused_bench,Midfielder,,,
4667804,senegal-vs-france,https://www.fotmob.com/matches/senegal-vs-france/1f8fvo#4667804,France vs Senegal (2026-06-16T19:00:00.000Z),France,Senegal,2026-06-16T19:00:00.000Z,FIFA World Cup Round 1,New York New Jersey Stadium,Alireza Faghani,Full time,3,1,Senegal,France,away,Jean-Philippe Mateta,22,unused_bench,Attacker,,,
4667804,senegal-vs-france,https://www.fotmob.com/matches/senegal-vs-france/1f8fvo#4667804,France vs Senegal (2026-06-16T19:00:00.000Z),France,Senegal,2026-06-16T19:00:00.000Z,FIFA World Cup Round 1,New York New Jersey Stadium,Alireza Faghani,Full time,3,1,Senegal,France,away,Maghnes Akliouche,25,unused_bench,Attacker,,,
4667804,senegal-vs-france,https://www.fotmob.com/matches/senegal-vs-france/1f8fvo#4667804,France vs Senegal (2026-06-16T19:00:00.000Z),France,Senegal,2026-06-16T19:00:00.000Z,FIFA World Cup Round 1,New York New Jersey Stadium,Alireza Faghani,Full time,3,1,Senegal,France,away,Marcus Thuram,9,unused_bench,Attacker,,,
4667804,senegal-vs-france,https://www.fotmob.com/matches/senegal-vs-france/1f8fvo#4667804,France vs Senegal (2026-06-16T19:00:00.000Z),France,Senegal,2026-06-16T19:00:00.000Z,FIFA World Cup Round 1,New York New Jersey Stadium,Alireza Faghani,Full time,3,1,Senegal,France,away,Mory Diaw,23,unused_bench,Keeper,,,
4667804,senegal-vs-france,https://www.fotmob.com/matches/senegal-vs-france/1f8fvo#4667804,France vs Senegal (2026-06-16T19:00:00.000Z),France,Senegal,2026-06-16T19:00:00.000Z,FIFA World Cup Round 1,New York New Jersey Stadium,Alireza Faghani,Full time,3,1,Senegal,France,away,Yehvann Diouf,1,unused_bench,Keeper,,,
4667804,senegal-vs-france,https://www.fotmob.com/matches/senegal-vs-france/1f8fvo#4667804,France vs Senegal (2026-06-16T19:00:00.000Z),France,Senegal,2026-06-16T19:00:00.000Z,FIFA World Cup Round 1,New York New Jersey Stadium,Alireza Faghani,Full time,3,1,Senegal,France,away,Abdoulaye Seck,4,unused_bench,Defender,,,
4667804,senegal-vs-france,https://www.fotmob.com/matches/senegal-vs-france/1f8fvo#4667804,France vs Senegal (2026-06-16T19:00:00.000Z),France,Senegal,2026-06-16T19:00:00.000Z,FIFA World Cup Round 1,New York New Jersey Stadium,Alireza Faghani,Full time,3,1,Senegal,France,away,Antoine Mendy,24,unused_bench,Defender,,,
4667804,senegal-vs-france,https://www.fotmob.com/matches/senegal-vs-france/1f8fvo#4667804,France vs Senegal (2026-06-16T19:00:00.000Z),France,Senegal,2026-06-16T19:00:00.000Z,FIFA World Cup Round 1,New York New Jersey Stadium,Alireza Faghani,Full time,3,1,Senegal,France,away,Ismail Jakobs,14,unused_bench,Defender,,,
4667804,senegal-vs-france,https://www.fotmob.com/matches/senegal-vs-france/1f8fvo#4667804,France vs Senegal (2026-06-16T19:00:00.000Z),France,Senegal,2026-06-16T19:00:00.000Z,FIFA World Cup Round 1,New York New Jersey Stadium,Alireza Faghani,Full time,3,1,Senegal,France,away,Mamadou Sarr,2,unused_bench,Defender,,,
4667804,senegal-vs-france,https://www.fotmob.com/matches/senegal-vs-france/1f8fvo#4667804,France vs Senegal (2026-06-16T19:00:00.000Z),France,Senegal,2026-06-16T19:00:00.000Z,FIFA World Cup Round 1,New York New Jersey Stadium,Alireza Faghani,Full time,3,1,Senegal,France,away,Bara Ndiaye,22,unused_bench,Midfielder,,,
4667804,senegal-vs-france,https://www.fotmob.com/matches/senegal-vs-france/1f8fvo#4667804,France vs Senegal (2026-06-16T19:00:00.000Z),France,Senegal,2026-06-16T19:00:00.000Z,FIFA World Cup Round 1,New York New Jersey Stadium,Alireza Faghani,Full time,3,1,Senegal,France,away,Pape Sarr,17,unused_bench,Midfielder,,,
4667804,senegal-vs-france,https://www.fotmob.com/matches/senegal-vs-france/1f8fvo#4667804,France vs Senegal (2026-06-16T19:00:00.000Z),France,Senegal,2026-06-16T19:00:00.000Z,FIFA World Cup Round 1,New York New Jersey Stadium,Alireza Faghani,Full time,3,1,Senegal,France,away,Assane Diao,7,unused_bench,Attacker,,,
4667804,senegal-vs-france,https://www.fotmob.com/matches/senegal-vs-france/1f8fvo#4667804,France vs Senegal (2026-06-16T19:00:00.000Z),France,Senegal,2026-06-16T19:00:00.000Z,FIFA World Cup Round 1,New York New Jersey Stadium,Alireza Faghani,Full time,3,1,Senegal,France,away,Cherif Ndiaye,12,unused_bench,Attacker,,,
4667812,algeria-vs-argentina,https://www.fotmob.com/matches/algeria-vs-argentina/1ehtqa#4667812,Argentina vs Algeria (2026-06-17T01:00:00.000Z),Argentina,Algeria,2026-06-17T01:00:00.000Z,FIFA World Cup Round 1,Kansas City Stadium,Szymon Marciniak,Full time,3,0,Argentina,Algeria,home,Nahuel Molina,26,used_substitute,Defender,7.0,46.0,
4667812,algeria-vs-argentina,https://www.fotmob.com/matches/algeria-vs-argentina/1ehtqa#4667812,Argentina vs Algeria (2026-06-17T01:00:00.000Z),Argentina,Algeria,2026-06-17T01:00:00.000Z,FIFA World Cup Round 1,Kansas City Stadium,Szymon Marciniak,Full time,3,0,Argentina,Algeria,home,Nicolás González,15,used_substitute,Midfielder,7.1,55.0,
4667812,algeria-vs-argentina,https://www.fotmob.com/matches/algeria-vs-argentina/1ehtqa#4667812,Argentina vs Algeria (2026-06-17T01:00:00.000Z),Argentina,Algeria,2026-06-17T01:00:00.000Z,FIFA World Cup Round 1,Kansas City Stadium,Szymon Marciniak,Full time,3,0,Argentina,Algeria,home,Julián Álvarez,9,used_substitute,Attacker,6.0,55.0,
4667812,algeria-vs-argentina,https://www.fotmob.com/matches/algeria-vs-argentina/1ehtqa#4667812,Argentina vs Algeria (2026-06-17T01:00:00.000Z),Argentina,Algeria,2026-06-17T01:00:00.000Z,FIFA World Cup Round 1,Kansas City Stadium,Szymon Marciniak,Full time,3,0,Argentina,Algeria,home,Nicolás Otamendi,19,used_substitute,Defender,6.7,80.0,
4667812,algeria-vs-argentina,https://www.fotmob.com/matches/algeria-vs-argentina/1ehtqa#4667812,Argentina vs Algeria (2026-06-17T01:00:00.000Z),Argentina,Algeria,2026-06-17T01:00:00.000Z,FIFA World Cup Round 1,Kansas City Stadium,Szymon Marciniak,Full time,3,0,Argentina,Algeria,home,Nico Paz,18,used_substitute,Midfielder,6.2,80.0,
4667812,algeria-vs-argentina,https://www.fotmob.com/matches/algeria-vs-argentina/1ehtqa#4667812,Argentina vs Algeria (2026-06-17T01:00:00.000Z),Argentina,Algeria,2026-06-17T01:00:00.000Z,FIFA World Cup Round 1,Kansas City Stadium,Szymon Marciniak,Full time,3,0,Algeria,Argentina,away,Houssem Aouar,8,used_substitute,Midfielder,6.0,64.0,
4667812,algeria-vs-argentina,https://www.fotmob.com/matches/algeria-vs-argentina/1ehtqa#4667812,Argentina vs Algeria (2026-06-17T01:00:00.000Z),Argentina,Algeria,2026-06-17T01:00:00.000Z,FIFA World Cup Round 1,Kansas City Stadium,Szymon Marciniak,Full time,3,0,Algeria,Argentina,away,Mohamed Amoura,18,used_substitute,Attacker,6.1,64.0,
4667812,algeria-vs-argentina,https://www.fotmob.com/matches/algeria-vs-argentina/1ehtqa#4667812,Argentina vs Algeria (2026-06-17T01:00:00.000Z),Argentina,Algeria,2026-06-17T01:00:00.000Z,FIFA World Cup Round 1,Kansas City Stadium,Szymon Marciniak,Full time,3,0,Algeria,Argentina,away,Riyad Mahrez,7,used_substitute,Attacker,6.4,64.0,
4667812,algeria-vs-argentina,https://www.fotmob.com/matches/algeria-vs-argentina/1ehtqa#4667812,Argentina vs Algeria (2026-06-17T01:00:00.000Z),Argentina,Algeria,2026-06-17T01:00:00.000Z,FIFA World Cup Round 1,Kansas City Stadium,Szymon Marciniak,Full time,3,0,Algeria,Argentina,away,Ramiz Zerrouki,6,used_substitute,Midfielder,,82.0,
4667812,algeria-vs-argentina,https://www.fotmob.com/matches/algeria-vs-argentina/1ehtqa#4667812,Argentina vs Algeria (2026-06-17T01:00:00.000Z),Argentina,Algeria,2026-06-17T01:00:00.000Z,FIFA World Cup Round 1,Kansas City Stadium,Szymon Marciniak,Full time,3,0,Algeria,Argentina,away,Adil Boulbina,20,used_substitute,Attacker,,82.0,
4667812,algeria-vs-argentina,https://www.fotmob.com/matches/algeria-vs-argentina/1ehtqa#4667812,Argentina vs Algeria (2026-06-17T01:00:00.000Z),Argentina,Algeria,2026-06-17T01:00:00.000Z,FIFA World Cup Round 1,Kansas City Stadium,Szymon Marciniak,Full time,3,0,Argentina,Algeria,home,Gerónimo Rulli,12,unused_bench,Keeper,,,
4667812,algeria-vs-argentina,https://www.fotmob.com/matches/algeria-vs-argentina/1ehtqa#4667812,Argentina vs Algeria (2026-06-17T01:00:00.000Z),Argentina,Algeria,2026-06-17T01:00:00.000Z,FIFA World Cup Round 1,Kansas City Stadium,Szymon Marciniak,Full time,3,0,Algeria,Argentina,away,Juan Musso,1,unused_bench,Keeper,,,
4667812,algeria-vs-argentina,https://www.fotmob.com/matches/algeria-vs-argentina/1ehtqa#4667812,Argentina vs Algeria (2026-06-17T01:00:00.000Z),Argentina,Algeria,2026-06-17T01:00:00.000Z,FIFA World Cup Round 1,Kansas City Stadium,Szymon Marciniak,Full time,3,0,Algeria,Argentina,away,Marcos Senesi,2,unused_bench,Defender,,,
4667812,algeria-vs-argentina,https://www.fotmob.com/matches/algeria-vs-argentina/1ehtqa#4667812,Argentina vs Algeria (2026-06-17T01:00:00.000Z),Argentina,Algeria,2026-06-17T01:00:00.000Z,FIFA World Cup Round 1,Kansas City Stadium,Szymon Marciniak,Full time,3,0,Algeria,Argentina,away,Nicolás Tagliafico,3,unused_bench,Defender,,,
4667812,algeria-vs-argentina,https://www.fotmob.com/matches/algeria-vs-argentina/1ehtqa#4667812,Argentina vs Algeria (2026-06-17T01:00:00.000Z),Argentina,Algeria,2026-06-17T01:00:00.000Z,FIFA World Cup Round 1,Kansas City Stadium,Szymon Marciniak,Full time,3,0,Algeria,Argentina,away,Exequiel Palacios,14,unused_bench,Midfielder,,,
4667812,algeria-vs-argentina,https://www.fotmob.com/matches/algeria-vs-argentina/1ehtqa#4667812,Argentina vs Algeria (2026-06-17T01:00:00.000Z),Argentina,Algeria,2026-06-17T01:00:00.000Z,FIFA World Cup Round 1,Kansas City Stadium,Szymon Marciniak,Full time,3,0,Algeria,Argentina,away,Giovani Lo Celso,11,unused_bench,Midfielder,,,
4667812,algeria-vs-argentina,https://www.fotmob.com/matches/algeria-vs-argentina/1ehtqa#4667812,Argentina vs Algeria (2026-06-17T01:00:00.000Z),Argentina,Algeria,2026-06-17T01:00:00.000Z,FIFA World Cup Round 1,Kansas City Stadium,Szymon Marciniak,Full time,3,0,Algeria,Argentina,away,Giuliano Simeone,17,unused_bench,Midfielder,,,
4667812,algeria-vs-argentina,https://www.fotmob.com/matches/algeria-vs-argentina/1ehtqa#4667812,Argentina vs Algeria (2026-06-17T01:00:00.000Z),Argentina,Algeria,2026-06-17T01:00:00.000Z,FIFA World Cup Round 1,Kansas City Stadium,Szymon Marciniak,Full time,3,0,Algeria,Argentina,away,Leandro Paredes,5,unused_bench,Midfielder,,,
4667812,algeria-vs-argentina,https://www.fotmob.com/matches/algeria-vs-argentina/1ehtqa#4667812,Argentina vs Algeria (2026-06-17T01:00:00.000Z),Argentina,Algeria,2026-06-17T01:00:00.000Z,FIFA World Cup Round 1,Kansas City Stadium,Szymon Marciniak,Full time,3,0,Algeria,Argentina,away,Valentín Barco,8,unused_bench,Midfielder,,,
4667812,algeria-vs-argentina,https://www.fotmob.com/matches/algeria-vs-argentina/1ehtqa#4667812,Argentina vs Algeria (2026-06-17T01:00:00.000Z),Argentina,Algeria,2026-06-17T01:00:00.000Z,FIFA World Cup Round 1,Kansas City Stadium,Szymon Marciniak,Full time,3,0,Algeria,Argentina,away,José López,21,unused_bench,Attacker,,,
4667812,algeria-vs-argentina,https://www.fotmob.com/matches/algeria-vs-argentina/1ehtqa#4667812,Argentina vs Algeria (2026-06-17T01:00:00.000Z),Argentina,Algeria,2026-06-17T01:00:00.000Z,FIFA World Cup Round 1,Kansas City Stadium,Szymon Marciniak,Full time,3,0,Algeria,Argentina,away,Melvin Mastil,1,unused_bench,Keeper,,,
4667812,algeria-vs-argentina,https://www.fotmob.com/matches/algeria-vs-argentina/1ehtqa#4667812,Argentina vs Algeria (2026-06-17T01:00:00.000Z),Argentina,Algeria,2026-06-17T01:00:00.000Z,FIFA World Cup Round 1,Kansas City Stadium,Szymon Marciniak,Full time,3,0,Algeria,Argentina,away,Oussama Benbot,16,unused_bench,Keeper,,,
4667812,algeria-vs-argentina,https://www.fotmob.com/matches/algeria-vs-argentina/1ehtqa#4667812,Argentina vs Algeria (2026-06-17T01:00:00.000Z),Argentina,Algeria,2026-06-17T01:00:00.000Z,FIFA World Cup Round 1,Kansas City Stadium,Szymon Marciniak,Full time,3,0,Algeria,Argentina,away,Achref Abada,3,unused_bench,Defender,,,
4667812,algeria-vs-argentina,https://www.fotmob.com/matches/algeria-vs-argentina/1ehtqa#4667812,Argentina vs Algeria (2026-06-17T01:00:00.000Z),Argentina,Algeria,2026-06-17T01:00:00.000Z,FIFA World Cup Round 1,Kansas City Stadium,Szymon Marciniak,Full time,3,0,Algeria,Argentina,away,Jaouen Hadjam,13,unused_bench,Defender,,,
4667812,algeria-vs-argentina,https://www.fotmob.com/matches/algeria-vs-argentina/1ehtqa#4667812,Argentina vs Algeria (2026-06-17T01:00:00.000Z),Argentina,Algeria,2026-06-17T01:00:00.000Z,FIFA World Cup Round 1,Kansas City Stadium,Szymon Marciniak,Full time,3,0,Algeria,Argentina,away,Mohamed Tougai,4,unused_bench,Defender,,,
4667812,algeria-vs-argentina,https://www.fotmob.com/matches/algeria-vs-argentina/1ehtqa#4667812,Argentina vs Algeria (2026-06-17T01:00:00.000Z),Argentina,Algeria,2026-06-17T01:00:00.000Z,FIFA World Cup Round 1,Kansas City Stadium,Szymon Marciniak,Full time,3,0,Algeria,Argentina,away,Samir Chergui,26,unused_bench,Defender,,,
4667812,algeria-vs-argentina,https://www.fotmob.com/matches/algeria-vs-argentina/1ehtqa#4667812,Argentina vs Algeria (2026-06-17T01:00:00.000Z),Argentina,Algeria,2026-06-17T01:00:00.000Z,FIFA World Cup Round 1,Kansas City Stadium,Szymon Marciniak,Full time,3,0,Algeria,Argentina,away,Zineddine Belaïd,5,unused_bench,Defender,,,
4667812,algeria-vs-argentina,https://www.fotmob.com/matches/algeria-vs-argentina/1ehtqa#4667812,Argentina vs Algeria (2026-06-17T01:00:00.000Z),Argentina,Algeria,2026-06-17T01:00:00.000Z,FIFA World Cup Round 1,Kansas City Stadium,Szymon Marciniak,Full time,3,0,Algeria,Argentina,away,Yacine Titraoui,24,unused_bench,Midfielder,,,
4667812,algeria-vs-argentina,https://www.fotmob.com/matches/algeria-vs-argentina/1ehtqa#4667812,Argentina vs Algeria (2026-06-17T01:00:00.000Z),Argentina,Algeria,2026-06-17T01:00:00.000Z,FIFA World Cup Round 1,Kansas City Stadium,Szymon Marciniak,Full time,3,0,Algeria,Argentina,away,Farès Ghedjemis,25,unused_bench,Attacker,,,
4667812,algeria-vs-argentina,https://www.fotmob.com/matches/algeria-vs-argentina/1ehtqa#4667812,Argentina vs Algeria (2026-06-17T01:00:00.000Z),Argentina,Algeria,2026-06-17T01:00:00.000Z,FIFA World Cup Round 1,Kansas City Stadium,Szymon Marciniak,Full time,3,0,Algeria,Argentina,away,Nadir Benbouali,12,unused_bench,Attacker,,,
4667813,jordan-vs-austria,https://www.fotmob.com/matches/jordan-vs-austria/1my603#4667813,Austria vs Jordan (2026-06-17T04:00:00.000Z),Austria,Jordan,2026-06-17T04:00:00.000Z,FIFA World Cup Round 1,San Francisco Bay Area Stadium,Dahane Beida,Full time,3,1,Austria,Jordan,home,Marko Arnautovic,7,used_substitute,Attacker,7.6,46.0,
4667813,jordan-vs-austria,https://www.fotmob.com/matches/jordan-vs-austria/1my603#4667813,Austria vs Jordan (2026-06-17T04:00:00.000Z),Austria,Jordan,2026-06-17T04:00:00.000Z,FIFA World Cup Round 1,San Francisco Bay Area Stadium,Dahane Beida,Full time,3,1,Austria,Jordan,home,Kevin Danso,3,used_substitute,Defender,6.8,59.0,
4667813,jordan-vs-austria,https://www.fotmob.com/matches/jordan-vs-austria/1my603#4667813,Austria vs Jordan (2026-06-17T04:00:00.000Z),Austria,Jordan,2026-06-17T04:00:00.000Z,FIFA World Cup Round 1,San Francisco Bay Area Stadium,Dahane Beida,Full time,3,1,Austria,Jordan,home,Carney Chukwuemeka,17,used_substitute,Midfielder,5.9,59.0,
4667813,jordan-vs-austria,https://www.fotmob.com/matches/jordan-vs-austria/1my603#4667813,Austria vs Jordan (2026-06-17T04:00:00.000Z),Austria,Jordan,2026-06-17T04:00:00.000Z,FIFA World Cup Round 1,San Francisco Bay Area Stadium,Dahane Beida,Full time,3,1,Austria,Jordan,home,Paul Wanner,24,used_substitute,Midfielder,6.1,59.0,
4667813,jordan-vs-austria,https://www.fotmob.com/matches/jordan-vs-austria/1my603#4667813,Austria vs Jordan (2026-06-17T04:00:00.000Z),Austria,Jordan,2026-06-17T04:00:00.000Z,FIFA World Cup Round 1,San Francisco Bay Area Stadium,Dahane Beida,Full time,3,1,Austria,Jordan,home,Patrick Wimmer,21,used_substitute,Attacker,,83.0,
4667813,jordan-vs-austria,https://www.fotmob.com/matches/jordan-vs-austria/1my603#4667813,Austria vs Jordan (2026-06-17T04:00:00.000Z),Austria,Jordan,2026-06-17T04:00:00.000Z,FIFA World Cup Round 1,San Francisco Bay Area Stadium,Dahane Beida,Full time,3,1,Jordan,Austria,away,Saleem Obaid,17,used_substitute,Defender,5.9,72.0,
4667813,jordan-vs-austria,https://www.fotmob.com/matches/jordan-vs-austria/1my603#4667813,Austria vs Jordan (2026-06-17T04:00:00.000Z),Austria,Jordan,2026-06-17T04:00:00.000Z,FIFA World Cup Round 1,San Francisco Bay Area Stadium,Dahane Beida,Full time,3,1,Jordan,Austria,away,Saed Al-Rosan,19,used_substitute,Defender,,81.0,
4667813,jordan-vs-austria,https://www.fotmob.com/matches/jordan-vs-austria/1my603#4667813,Austria vs Jordan (2026-06-17T04:00:00.000Z),Austria,Jordan,2026-06-17T04:00:00.000Z,FIFA World Cup Round 1,San Francisco Bay Area Stadium,Dahane Beida,Full time,3,1,Jordan,Austria,away,Mahmoud Al Mardi,13,used_substitute,Midfielder,,81.0,
4667813,jordan-vs-austria,https://www.fotmob.com/matches/jordan-vs-austria/1my603#4667813,Austria vs Jordan (2026-06-17T04:00:00.000Z),Austria,Jordan,2026-06-17T04:00:00.000Z,FIFA World Cup Round 1,San Francisco Bay Area Stadium,Dahane Beida,Full time,3,1,Jordan,Austria,away,Mohammad Al-Daoud,25,used_substitute,Midfielder,,88.0,
4667813,jordan-vs-austria,https://www.fotmob.com/matches/jordan-vs-austria/1my603#4667813,Austria vs Jordan (2026-06-17T04:00:00.000Z),Austria,Jordan,2026-06-17T04:00:00.000Z,FIFA World Cup Round 1,San Francisco Bay Area Stadium,Dahane Beida,Full time,3,1,Jordan,Austria,away,Ali Al-Azaizeh,24,used_substitute,Attacker,,88.0,
4667813,jordan-vs-austria,https://www.fotmob.com/matches/jordan-vs-austria/1my603#4667813,Austria vs Jordan (2026-06-17T04:00:00.000Z),Austria,Jordan,2026-06-17T04:00:00.000Z,FIFA World Cup Round 1,San Francisco Bay Area Stadium,Dahane Beida,Full time,3,1,Austria,Jordan,home,Florian Wiegele,12,unused_bench,Keeper,,,
4667813,jordan-vs-austria,https://www.fotmob.com/matches/jordan-vs-austria/1my603#4667813,Austria vs Jordan (2026-06-17T04:00:00.000Z),Austria,Jordan,2026-06-17T04:00:00.000Z,FIFA World Cup Round 1,San Francisco Bay Area Stadium,Dahane Beida,Full time,3,1,Jordan,Austria,away,Patrick Pentz,13,unused_bench,Keeper,,,
4667813,jordan-vs-austria,https://www.fotmob.com/matches/jordan-vs-austria/1my603#4667813,Austria vs Jordan (2026-06-17T04:00:00.000Z),Austria,Jordan,2026-06-17T04:00:00.000Z,FIFA World Cup Round 1,San Francisco Bay Area Stadium,Dahane Beida,Full time,3,1,Jordan,Austria,away,David Affengruber,2,unused_bench,Defender,,,
4667813,jordan-vs-austria,https://www.fotmob.com/matches/jordan-vs-austria/1my603#4667813,Austria vs Jordan (2026-06-17T04:00:00.000Z),Austria,Jordan,2026-06-17T04:00:00.000Z,FIFA World Cup Round 1,San Francisco Bay Area Stadium,Dahane Beida,Full time,3,1,Jordan,Austria,away,Marco Friedl,23,unused_bench,Defender,,,
4667813,jordan-vs-austria,https://www.fotmob.com/matches/jordan-vs-austria/1my603#4667813,Austria vs Jordan (2026-06-17T04:00:00.000Z),Austria,Jordan,2026-06-17T04:00:00.000Z,FIFA World Cup Round 1,San Francisco Bay Area Stadium,Dahane Beida,Full time,3,1,Jordan,Austria,away,Michael Svoboda,25,unused_bench,Defender,,,
4667813,jordan-vs-austria,https://www.fotmob.com/matches/jordan-vs-austria/1my603#4667813,Austria vs Jordan (2026-06-17T04:00:00.000Z),Austria,Jordan,2026-06-17T04:00:00.000Z,FIFA World Cup Round 1,San Francisco Bay Area Stadium,Dahane Beida,Full time,3,1,Jordan,Austria,away,Alessandro Schöpf,26,unused_bench,Midfielder,,,
4667813,jordan-vs-austria,https://www.fotmob.com/matches/jordan-vs-austria/1my603#4667813,Austria vs Jordan (2026-06-17T04:00:00.000Z),Austria,Jordan,2026-06-17T04:00:00.000Z,FIFA World Cup Round 1,San Francisco Bay Area Stadium,Dahane Beida,Full time,3,1,Jordan,Austria,away,Alexander Prass,22,unused_bench,Midfielder,,,
4667813,jordan-vs-austria,https://www.fotmob.com/matches/jordan-vs-austria/1my603#4667813,Austria vs Jordan (2026-06-17T04:00:00.000Z),Austria,Jordan,2026-06-17T04:00:00.000Z,FIFA World Cup Round 1,San Francisco Bay Area Stadium,Dahane Beida,Full time,3,1,Jordan,Austria,away,Dejan Ljubicic,19,unused_bench,Midfielder,,,
4667813,jordan-vs-austria,https://www.fotmob.com/matches/jordan-vs-austria/1my603#4667813,Austria vs Jordan (2026-06-17T04:00:00.000Z),Austria,Jordan,2026-06-17T04:00:00.000Z,FIFA World Cup Round 1,San Francisco Bay Area Stadium,Dahane Beida,Full time,3,1,Jordan,Austria,away,Florian Grillitsch,10,unused_bench,Midfielder,,,
4667813,jordan-vs-austria,https://www.fotmob.com/matches/jordan-vs-austria/1my603#4667813,Austria vs Jordan (2026-06-17T04:00:00.000Z),Austria,Jordan,2026-06-17T04:00:00.000Z,FIFA World Cup Round 1,San Francisco Bay Area Stadium,Dahane Beida,Full time,3,1,Jordan,Austria,away,Michael Gregoritsch,11,unused_bench,Attacker,,,
4667813,jordan-vs-austria,https://www.fotmob.com/matches/jordan-vs-austria/1my603#4667813,Austria vs Jordan (2026-06-17T04:00:00.000Z),Austria,Jordan,2026-06-17T04:00:00.000Z,FIFA World Cup Round 1,San Francisco Bay Area Stadium,Dahane Beida,Full time,3,1,Jordan,Austria,away,Abdullah Al Fakhouri,22,unused_bench,Keeper,,,
4667813,jordan-vs-austria,https://www.fotmob.com/matches/jordan-vs-austria/1my603#4667813,Austria vs Jordan (2026-06-17T04:00:00.000Z),Austria,Jordan,2026-06-17T04:00:00.000Z,FIFA World Cup Round 1,San Francisco Bay Area Stadium,Dahane Beida,Full time,3,1,Jordan,Austria,away,Nour Bani Attiah,12,unused_bench,Keeper,,,
4667813,jordan-vs-austria,https://www.fotmob.com/matches/jordan-vs-austria/1my603#4667813,Austria vs Jordan (2026-06-17T04:00:00.000Z),Austria,Jordan,2026-06-17T04:00:00.000Z,FIFA World Cup Round 1,San Francisco Bay Area Stadium,Dahane Beida,Full time,3,1,Jordan,Austria,away,Anas Badawi,26,unused_bench,Defender,,,
4667813,jordan-vs-austria,https://www.fotmob.com/matches/jordan-vs-austria/1my603#4667813,Austria vs Jordan (2026-06-17T04:00:00.000Z),Austria,Jordan,2026-06-17T04:00:00.000Z,FIFA World Cup Round 1,San Francisco Bay Area Stadium,Dahane Beida,Full time,3,1,Jordan,Austria,away,Husam Abu Dahab,4,unused_bench,Defender,,,
4667813,jordan-vs-austria,https://www.fotmob.com/matches/jordan-vs-austria/1my603#4667813,Austria vs Jordan (2026-06-17T04:00:00.000Z),Austria,Jordan,2026-06-17T04:00:00.000Z,FIFA World Cup Round 1,San Francisco Bay Area Stadium,Dahane Beida,Full time,3,1,Jordan,Austria,away,Mohammad Abu Ghoush,18,unused_bench,Defender,,,
4667813,jordan-vs-austria,https://www.fotmob.com/matches/jordan-vs-austria/1my603#4667813,Austria vs Jordan (2026-06-17T04:00:00.000Z),Austria,Jordan,2026-06-17T04:00:00.000Z,FIFA World Cup Round 1,San Francisco Bay Area Stadium,Dahane Beida,Full time,3,1,Jordan,Austria,away,Amer Jamous,6,unused_bench,Midfielder,,,
4667813,jordan-vs-austria,https://www.fotmob.com/matches/jordan-vs-austria/1my603#4667813,Austria vs Jordan (2026-06-17T04:00:00.000Z),Austria,Jordan,2026-06-17T04:00:00.000Z,FIFA World Cup Round 1,San Francisco Bay Area Stadium,Dahane Beida,Full time,3,1,Jordan,Austria,away,Ibrahim Saadeh,15,unused_bench,Midfielder,,,
4667813,jordan-vs-austria,https://www.fotmob.com/matches/jordan-vs-austria/1my603#4667813,Austria vs Jordan (2026-06-17T04:00:00.000Z),Austria,Jordan,2026-06-17T04:00:00.000Z,FIFA World Cup Round 1,San Francisco Bay Area Stadium,Dahane Beida,Full time,3,1,Jordan,Austria,away,Mohammad Abu Hasheesh,2,unused_bench,Midfielder,,,
4667813,jordan-vs-austria,https://www.fotmob.com/matches/jordan-vs-austria/1my603#4667813,Austria vs Jordan (2026-06-17T04:00:00.000Z),Austria,Jordan,2026-06-17T04:00:00.000Z,FIFA World Cup Round 1,San Francisco Bay Area Stadium,Dahane Beida,Full time,3,1,Jordan,Austria,away,Rajaei Ayed,14,unused_bench,Midfielder,,,
4667813,jordan-vs-austria,https://www.fotmob.com/matches/jordan-vs-austria/1my603#4667813,Austria vs Jordan (2026-06-17T04:00:00.000Z),Austria,Jordan,2026-06-17T04:00:00.000Z,FIFA World Cup Round 1,San Francisco Bay Area Stadium,Dahane Beida,Full time,3,1,Jordan,Austria,away,Mohammad Abuzraiq,7,unused_bench,Attacker,,,
4667820,colombia-vs-uzbekistan,https://www.fotmob.com/matches/colombia-vs-uzbekistan/2dm7x9#4667820,Uzbekistan vs Colombia (2026-06-18T02:00:00.000Z),Uzbekistan,Colombia,2026-06-18T02:00:00.000Z,FIFA World Cup Round 1,Mexico City Stadium,Anthony Taylor,Full time,1,3,Uzbekistan,Colombia,home,Dostonbek Khamdamov,17,used_substitute,Midfielder,6.7,46.0,
4667820,colombia-vs-uzbekistan,https://www.fotmob.com/matches/colombia-vs-uzbekistan/2dm7x9#4667820,Uzbekistan vs Colombia (2026-06-18T02:00:00.000Z),Uzbekistan,Colombia,2026-06-18T02:00:00.000Z,FIFA World Cup Round 1,Mexico City Stadium,Anthony Taylor,Full time,1,3,Uzbekistan,Colombia,home,Farrukh Sayfiev,4,used_substitute,Midfielder,6.4,46.0,
4667820,colombia-vs-uzbekistan,https://www.fotmob.com/matches/colombia-vs-uzbekistan/2dm7x9#4667820,Uzbekistan vs Colombia (2026-06-18T02:00:00.000Z),Uzbekistan,Colombia,2026-06-18T02:00:00.000Z,FIFA World Cup Round 1,Mexico City Stadium,Anthony Taylor,Full time,1,3,Uzbekistan,Colombia,home,Jakhongir Urozov,26,used_substitute,Defender,6.1,77.0,
4667820,colombia-vs-uzbekistan,https://www.fotmob.com/matches/colombia-vs-uzbekistan/2dm7x9#4667820,Uzbekistan vs Colombia (2026-06-18T02:00:00.000Z),Uzbekistan,Colombia,2026-06-18T02:00:00.000Z,FIFA World Cup Round 1,Mexico City Stadium,Anthony Taylor,Full time,1,3,Uzbekistan,Colombia,home,Azizbek Amonov,20,used_substitute,Midfielder,5.8,77.0,
4667820,colombia-vs-uzbekistan,https://www.fotmob.com/matches/colombia-vs-uzbekistan/2dm7x9#4667820,Uzbekistan vs Colombia (2026-06-18T02:00:00.000Z),Uzbekistan,Colombia,2026-06-18T02:00:00.000Z,FIFA World Cup Round 1,Mexico City Stadium,Anthony Taylor,Full time,1,3,Uzbekistan,Colombia,home,Igor Sergeev,21,used_substitute,Attacker,,90.0,
4667820,colombia-vs-uzbekistan,https://www.fotmob.com/matches/colombia-vs-uzbekistan/2dm7x9#4667820,Uzbekistan vs Colombia (2026-06-18T02:00:00.000Z),Uzbekistan,Colombia,2026-06-18T02:00:00.000Z,FIFA World Cup Round 1,Mexico City Stadium,Anthony Taylor,Full time,1,3,Colombia,Uzbekistan,away,Jaminton Campaz,21,used_substitute,Attacker,7.6,72.0,
4667820,colombia-vs-uzbekistan,https://www.fotmob.com/matches/colombia-vs-uzbekistan/2dm7x9#4667820,Uzbekistan vs Colombia (2026-06-18T02:00:00.000Z),Uzbekistan,Colombia,2026-06-18T02:00:00.000Z,FIFA World Cup Round 1,Mexico City Stadium,Anthony Taylor,Full time,1,3,Colombia,Uzbekistan,away,Richard Ríos,6,used_substitute,Midfielder,6.0,80.0,
4667820,colombia-vs-uzbekistan,https://www.fotmob.com/matches/colombia-vs-uzbekistan/2dm7x9#4667820,Uzbekistan vs Colombia (2026-06-18T02:00:00.000Z),Uzbekistan,Colombia,2026-06-18T02:00:00.000Z,FIFA World Cup Round 1,Mexico City Stadium,Anthony Taylor,Full time,1,3,Colombia,Uzbekistan,away,Juan Hernández,19,used_substitute,Attacker,6.7,80.0,
4667820,colombia-vs-uzbekistan,https://www.fotmob.com/matches/colombia-vs-uzbekistan/2dm7x9#4667820,Uzbekistan vs Colombia (2026-06-18T02:00:00.000Z),Uzbekistan,Colombia,2026-06-18T02:00:00.000Z,FIFA World Cup Round 1,Mexico City Stadium,Anthony Taylor,Full time,1,3,Colombia,Uzbekistan,away,Kevin Castaño,5,used_substitute,Midfielder,,90.0,
4667820,colombia-vs-uzbekistan,https://www.fotmob.com/matches/colombia-vs-uzbekistan/2dm7x9#4667820,Uzbekistan vs Colombia (2026-06-18T02:00:00.000Z),Uzbekistan,Colombia,2026-06-18T02:00:00.000Z,FIFA World Cup Round 1,Mexico City Stadium,Anthony Taylor,Full time,1,3,Colombia,Uzbekistan,away,Andrés Gómez,26,used_substitute,Attacker,,90.0,
4667820,colombia-vs-uzbekistan,https://www.fotmob.com/matches/colombia-vs-uzbekistan/2dm7x9#4667820,Uzbekistan vs Colombia (2026-06-18T02:00:00.000Z),Uzbekistan,Colombia,2026-06-18T02:00:00.000Z,FIFA World Cup Round 1,Mexico City Stadium,Anthony Taylor,Full time,1,3,Uzbekistan,Colombia,home,Abduvohid Nematov,12,unused_bench,Keeper,,,
4667820,colombia-vs-uzbekistan,https://www.fotmob.com/matches/colombia-vs-uzbekistan/2dm7x9#4667820,Uzbekistan vs Colombia (2026-06-18T02:00:00.000Z),Uzbekistan,Colombia,2026-06-18T02:00:00.000Z,FIFA World Cup Round 1,Mexico City Stadium,Anthony Taylor,Full time,1,3,Colombia,Uzbekistan,away,Botirali Ergashev,16,unused_bench,Keeper,,,
4667820,colombia-vs-uzbekistan,https://www.fotmob.com/matches/colombia-vs-uzbekistan/2dm7x9#4667820,Uzbekistan vs Colombia (2026-06-18T02:00:00.000Z),Uzbekistan,Colombia,2026-06-18T02:00:00.000Z,FIFA World Cup Round 1,Mexico City Stadium,Anthony Taylor,Full time,1,3,Colombia,Uzbekistan,away,Avazbek Ulasmaliev,25,unused_bench,Defender,,,
4667820,colombia-vs-uzbekistan,https://www.fotmob.com/matches/colombia-vs-uzbekistan/2dm7x9#4667820,Uzbekistan vs Colombia (2026-06-18T02:00:00.000Z),Uzbekistan,Colombia,2026-06-18T02:00:00.000Z,FIFA World Cup Round 1,Mexico City Stadium,Anthony Taylor,Full time,1,3,Colombia,Uzbekistan,away,Khoziakbar Alidzhanov,3,unused_bench,Defender,,,
4667820,colombia-vs-uzbekistan,https://www.fotmob.com/matches/colombia-vs-uzbekistan/2dm7x9#4667820,Uzbekistan vs Colombia (2026-06-18T02:00:00.000Z),Uzbekistan,Colombia,2026-06-18T02:00:00.000Z,FIFA World Cup Round 1,Mexico City Stadium,Anthony Taylor,Full time,1,3,Colombia,Uzbekistan,away,Azizjon Ganiev,19,unused_bench,Midfielder,,,
4667820,colombia-vs-uzbekistan,https://www.fotmob.com/matches/colombia-vs-uzbekistan/2dm7x9#4667820,Uzbekistan vs Colombia (2026-06-18T02:00:00.000Z),Uzbekistan,Colombia,2026-06-18T02:00:00.000Z,FIFA World Cup Round 1,Mexico City Stadium,Anthony Taylor,Full time,1,3,Colombia,Uzbekistan,away,Odildzhon Khamrobekov,9,unused_bench,Midfielder,,,
4667820,colombia-vs-uzbekistan,https://www.fotmob.com/matches/colombia-vs-uzbekistan/2dm7x9#4667820,Uzbekistan vs Colombia (2026-06-18T02:00:00.000Z),Uzbekistan,Colombia,2026-06-18T02:00:00.000Z,FIFA World Cup Round 1,Mexico City Stadium,Anthony Taylor,Full time,1,3,Colombia,Uzbekistan,away,Sherzod Esanov,23,unused_bench,Midfielder,,,
4667820,colombia-vs-uzbekistan,https://www.fotmob.com/matches/colombia-vs-uzbekistan/2dm7x9#4667820,Uzbekistan vs Colombia (2026-06-18T02:00:00.000Z),Uzbekistan,Colombia,2026-06-18T02:00:00.000Z,FIFA World Cup Round 1,Mexico City Stadium,Anthony Taylor,Full time,1,3,Colombia,Uzbekistan,away,Umar Eshmuradov,15,unused_bench,Midfielder,,,
4667820,colombia-vs-uzbekistan,https://www.fotmob.com/matches/colombia-vs-uzbekistan/2dm7x9#4667820,Uzbekistan vs Colombia (2026-06-18T02:00:00.000Z),Uzbekistan,Colombia,2026-06-18T02:00:00.000Z,FIFA World Cup Round 1,Mexico City Stadium,Anthony Taylor,Full time,1,3,Colombia,Uzbekistan,away,Jamshid Iskandarov,8,unused_bench,Attacker,,,
4667820,colombia-vs-uzbekistan,https://www.fotmob.com/matches/colombia-vs-uzbekistan/2dm7x9#4667820,Uzbekistan vs Colombia (2026-06-18T02:00:00.000Z),Uzbekistan,Colombia,2026-06-18T02:00:00.000Z,FIFA World Cup Round 1,Mexico City Stadium,Anthony Taylor,Full time,1,3,Colombia,Uzbekistan,away,Ruslanbek Jiyanov,10,unused_bench,Attacker,,,
4667820,colombia-vs-uzbekistan,https://www.fotmob.com/matches/colombia-vs-uzbekistan/2dm7x9#4667820,Uzbekistan vs Colombia (2026-06-18T02:00:00.000Z),Uzbekistan,Colombia,2026-06-18T02:00:00.000Z,FIFA World Cup Round 1,Mexico City Stadium,Anthony Taylor,Full time,1,3,Colombia,Uzbekistan,away,Álvaro Montero,24,unused_bench,Keeper,,,
4667820,colombia-vs-uzbekistan,https://www.fotmob.com/matches/colombia-vs-uzbekistan/2dm7x9#4667820,Uzbekistan vs Colombia (2026-06-18T02:00:00.000Z),Uzbekistan,Colombia,2026-06-18T02:00:00.000Z,FIFA World Cup Round 1,Mexico City Stadium,Anthony Taylor,Full time,1,3,Colombia,Uzbekistan,away,David Ospina,1,unused_bench,Keeper,,,
4667820,colombia-vs-uzbekistan,https://www.fotmob.com/matches/colombia-vs-uzbekistan/2dm7x9#4667820,Uzbekistan vs Colombia (2026-06-18T02:00:00.000Z),Uzbekistan,Colombia,2026-06-18T02:00:00.000Z,FIFA World Cup Round 1,Mexico City Stadium,Anthony Taylor,Full time,1,3,Colombia,Uzbekistan,away,Santiago Arias,4,unused_bench,Defender,,,
4667820,colombia-vs-uzbekistan,https://www.fotmob.com/matches/colombia-vs-uzbekistan/2dm7x9#4667820,Uzbekistan vs Colombia (2026-06-18T02:00:00.000Z),Uzbekistan,Colombia,2026-06-18T02:00:00.000Z,FIFA World Cup Round 1,Mexico City Stadium,Anthony Taylor,Full time,1,3,Colombia,Uzbekistan,away,Willer Ditta,18,unused_bench,Defender,,,
4667820,colombia-vs-uzbekistan,https://www.fotmob.com/matches/colombia-vs-uzbekistan/2dm7x9#4667820,Uzbekistan vs Colombia (2026-06-18T02:00:00.000Z),Uzbekistan,Colombia,2026-06-18T02:00:00.000Z,FIFA World Cup Round 1,Mexico City Stadium,Anthony Taylor,Full time,1,3,Colombia,Uzbekistan,away,Yerry Mina,13,unused_bench,Defender,,,
4667820,colombia-vs-uzbekistan,https://www.fotmob.com/matches/colombia-vs-uzbekistan/2dm7x9#4667820,Uzbekistan vs Colombia (2026-06-18T02:00:00.000Z),Uzbekistan,Colombia,2026-06-18T02:00:00.000Z,FIFA World Cup Round 1,Mexico City Stadium,Anthony Taylor,Full time,1,3,Colombia,Uzbekistan,away,Deiver Machado,22,unused_bench,Midfielder,,,
4667820,colombia-vs-uzbekistan,https://www.fotmob.com/matches/colombia-vs-uzbekistan/2dm7x9#4667820,Uzbekistan vs Colombia (2026-06-18T02:00:00.000Z),Uzbekistan,Colombia,2026-06-18T02:00:00.000Z,FIFA World Cup Round 1,Mexico City Stadium,Anthony Taylor,Full time,1,3,Colombia,Uzbekistan,away,Juan Portilla,15,unused_bench,Midfielder,,,
4667820,colombia-vs-uzbekistan,https://www.fotmob.com/matches/colombia-vs-uzbekistan/2dm7x9#4667820,Uzbekistan vs Colombia (2026-06-18T02:00:00.000Z),Uzbekistan,Colombia,2026-06-18T02:00:00.000Z,FIFA World Cup Round 1,Mexico City Stadium,Anthony Taylor,Full time,1,3,Colombia,Uzbekistan,away,Juan Quintero,20,unused_bench,Midfielder,,,
4667820,colombia-vs-uzbekistan,https://www.fotmob.com/matches/colombia-vs-uzbekistan/2dm7x9#4667820,Uzbekistan vs Colombia (2026-06-18T02:00:00.000Z),Uzbekistan,Colombia,2026-06-18T02:00:00.000Z,FIFA World Cup Round 1,Mexico City Stadium,Anthony Taylor,Full time,1,3,Colombia,Uzbekistan,away,Jhon Córdoba,9,unused_bench,Attacker,,,
4667820,colombia-vs-uzbekistan,https://www.fotmob.com/matches/colombia-vs-uzbekistan/2dm7x9#4667820,Uzbekistan vs Colombia (2026-06-18T02:00:00.000Z),Uzbekistan,Colombia,2026-06-18T02:00:00.000Z,FIFA World Cup Round 1,Mexico City Stadium,Anthony Taylor,Full time,1,3,Colombia,Uzbekistan,away,Jorge Carrascal,8,unused_bench,Attacker,,,
4667819,dr-congo-vs-portugal,https://www.fotmob.com/matches/dr-congo-vs-portugal/1s6g4o#4667819,Portugal vs DR Congo (2026-06-17T17:00:00.000Z),Portugal,DR Congo,2026-06-17T17:00:00.000Z,FIFA World Cup Round 1,Houston Stadium,Abdulrahman Ibrahim Al Jassim,Full time,1,1,Portugal,DR Congo,home,Francisco Conceição,26,used_substitute,Midfielder,6.4,46.0,
4667819,dr-congo-vs-portugal,https://www.fotmob.com/matches/dr-congo-vs-portugal/1s6g4o#4667819,Portugal vs DR Congo (2026-06-17T17:00:00.000Z),Portugal,DR Congo,2026-06-17T17:00:00.000Z,FIFA World Cup Round 1,Houston Stadium,Abdulrahman Ibrahim Al Jassim,Full time,1,1,Portugal,DR Congo,home,Nélson Semedo,2,used_substitute,Defender,6.0,72.0,
4667819,dr-congo-vs-portugal,https://www.fotmob.com/matches/dr-congo-vs-portugal/1s6g4o#4667819,Portugal vs DR Congo (2026-06-17T17:00:00.000Z),Portugal,DR Congo,2026-06-17T17:00:00.000Z,FIFA World Cup Round 1,Houston Stadium,Abdulrahman Ibrahim Al Jassim,Full time,1,1,Portugal,DR Congo,home,Rafael Leão,17,used_substitute,Attacker,6.1,72.0,
4667819,dr-congo-vs-portugal,https://www.fotmob.com/matches/dr-congo-vs-portugal/1s6g4o#4667819,Portugal vs DR Congo (2026-06-17T17:00:00.000Z),Portugal,DR Congo,2026-06-17T17:00:00.000Z,FIFA World Cup Round 1,Houston Stadium,Abdulrahman Ibrahim Al Jassim,Full time,1,1,Portugal,DR Congo,home,Gonçalo Ramos,9,used_substitute,Attacker,,83.0,
4667819,dr-congo-vs-portugal,https://www.fotmob.com/matches/dr-congo-vs-portugal/1s6g4o#4667819,Portugal vs DR Congo (2026-06-17T17:00:00.000Z),Portugal,DR Congo,2026-06-17T17:00:00.000Z,FIFA World Cup Round 1,Houston Stadium,Abdulrahman Ibrahim Al Jassim,Full time,1,1,DR Congo,Portugal,away,Noah Sadiki,14,used_substitute,Midfielder,6.4,57.0,
4667819,dr-congo-vs-portugal,https://www.fotmob.com/matches/dr-congo-vs-portugal/1s6g4o#4667819,Portugal vs DR Congo (2026-06-17T17:00:00.000Z),Portugal,DR Congo,2026-06-17T17:00:00.000Z,FIFA World Cup Round 1,Houston Stadium,Abdulrahman Ibrahim Al Jassim,Full time,1,1,DR Congo,Portugal,away,Joris Kayembe Ditu,12,used_substitute,Defender,6.6,74.0,
4667819,dr-congo-vs-portugal,https://www.fotmob.com/matches/dr-congo-vs-portugal/1s6g4o#4667819,Portugal vs DR Congo (2026-06-17T17:00:00.000Z),Portugal,DR Congo,2026-06-17T17:00:00.000Z,FIFA World Cup Round 1,Houston Stadium,Abdulrahman Ibrahim Al Jassim,Full time,1,1,DR Congo,Portugal,away,Charles Pickel,18,used_substitute,Midfielder,6.0,74.0,
4667819,dr-congo-vs-portugal,https://www.fotmob.com/matches/dr-congo-vs-portugal/1s6g4o#4667819,Portugal vs DR Congo (2026-06-17T17:00:00.000Z),Portugal,DR Congo,2026-06-17T17:00:00.000Z,FIFA World Cup Round 1,Houston Stadium,Abdulrahman Ibrahim Al Jassim,Full time,1,1,DR Congo,Portugal,away,Gédéon Kalulu,24,used_substitute,Defender,,85.0,
4667819,dr-congo-vs-portugal,https://www.fotmob.com/matches/dr-congo-vs-portugal/1s6g4o#4667819,Portugal vs DR Congo (2026-06-17T17:00:00.000Z),Portugal,DR Congo,2026-06-17T17:00:00.000Z,FIFA World Cup Round 1,Houston Stadium,Abdulrahman Ibrahim Al Jassim,Full time,1,1,DR Congo,Portugal,away,Simon Banza,23,used_substitute,Attacker,,85.0,
4667819,dr-congo-vs-portugal,https://www.fotmob.com/matches/dr-congo-vs-portugal/1s6g4o#4667819,Portugal vs DR Congo (2026-06-17T17:00:00.000Z),Portugal,DR Congo,2026-06-17T17:00:00.000Z,FIFA World Cup Round 1,Houston Stadium,Abdulrahman Ibrahim Al Jassim,Full time,1,1,Portugal,DR Congo,home,José Sá,12,unused_bench,Keeper,,,
4667819,dr-congo-vs-portugal,https://www.fotmob.com/matches/dr-congo-vs-portugal/1s6g4o#4667819,Portugal vs DR Congo (2026-06-17T17:00:00.000Z),Portugal,DR Congo,2026-06-17T17:00:00.000Z,FIFA World Cup Round 1,Houston Stadium,Abdulrahman Ibrahim Al Jassim,Full time,1,1,DR Congo,Portugal,away,Rui Silva,22,unused_bench,Keeper,,,
4667819,dr-congo-vs-portugal,https://www.fotmob.com/matches/dr-congo-vs-portugal/1s6g4o#4667819,Portugal vs DR Congo (2026-06-17T17:00:00.000Z),Portugal,DR Congo,2026-06-17T17:00:00.000Z,FIFA World Cup Round 1,Houston Stadium,Abdulrahman Ibrahim Al Jassim,Full time,1,1,DR Congo,Portugal,away,Diogo Dalot,5,unused_bench,Defender,,,
4667819,dr-congo-vs-portugal,https://www.fotmob.com/matches/dr-congo-vs-portugal/1s6g4o#4667819,Portugal vs DR Congo (2026-06-17T17:00:00.000Z),Portugal,DR Congo,2026-06-17T17:00:00.000Z,FIFA World Cup Round 1,Houston Stadium,Abdulrahman Ibrahim Al Jassim,Full time,1,1,DR Congo,Portugal,away,Gonçalo Inácio,14,unused_bench,Defender,,,
4667819,dr-congo-vs-portugal,https://www.fotmob.com/matches/dr-congo-vs-portugal/1s6g4o#4667819,Portugal vs DR Congo (2026-06-17T17:00:00.000Z),Portugal,DR Congo,2026-06-17T17:00:00.000Z,FIFA World Cup Round 1,Houston Stadium,Abdulrahman Ibrahim Al Jassim,Full time,1,1,DR Congo,Portugal,away,Matheus Nunes,6,unused_bench,Defender,,,
4667819,dr-congo-vs-portugal,https://www.fotmob.com/matches/dr-congo-vs-portugal/1s6g4o#4667819,Portugal vs DR Congo (2026-06-17T17:00:00.000Z),Portugal,DR Congo,2026-06-17T17:00:00.000Z,FIFA World Cup Round 1,Houston Stadium,Abdulrahman Ibrahim Al Jassim,Full time,1,1,DR Congo,Portugal,away,Rúben Dias,3,unused_bench,Defender,,,
4667819,dr-congo-vs-portugal,https://www.fotmob.com/matches/dr-congo-vs-portugal/1s6g4o#4667819,Portugal vs DR Congo (2026-06-17T17:00:00.000Z),Portugal,DR Congo,2026-06-17T17:00:00.000Z,FIFA World Cup Round 1,Houston Stadium,Abdulrahman Ibrahim Al Jassim,Full time,1,1,DR Congo,Portugal,away,Rúben Neves,21,unused_bench,Midfielder,,,
4667819,dr-congo-vs-portugal,https://www.fotmob.com/matches/dr-congo-vs-portugal/1s6g4o#4667819,Portugal vs DR Congo (2026-06-17T17:00:00.000Z),Portugal,DR Congo,2026-06-17T17:00:00.000Z,FIFA World Cup Round 1,Houston Stadium,Abdulrahman Ibrahim Al Jassim,Full time,1,1,DR Congo,Portugal,away,Samú,24,unused_bench,Midfielder,,,
4667819,dr-congo-vs-portugal,https://www.fotmob.com/matches/dr-congo-vs-portugal/1s6g4o#4667819,Portugal vs DR Congo (2026-06-17T17:00:00.000Z),Portugal,DR Congo,2026-06-17T17:00:00.000Z,FIFA World Cup Round 1,Houston Stadium,Abdulrahman Ibrahim Al Jassim,Full time,1,1,DR Congo,Portugal,away,Trincão,16,unused_bench,Midfielder,,,
4667819,dr-congo-vs-portugal,https://www.fotmob.com/matches/dr-congo-vs-portugal/1s6g4o#4667819,Portugal vs DR Congo (2026-06-17T17:00:00.000Z),Portugal,DR Congo,2026-06-17T17:00:00.000Z,FIFA World Cup Round 1,Houston Stadium,Abdulrahman Ibrahim Al Jassim,Full time,1,1,DR Congo,Portugal,away,Gonçalo Guedes,19,unused_bench,Attacker,,,
4667819,dr-congo-vs-portugal,https://www.fotmob.com/matches/dr-congo-vs-portugal/1s6g4o#4667819,Portugal vs DR Congo (2026-06-17T17:00:00.000Z),Portugal,DR Congo,2026-06-17T17:00:00.000Z,FIFA World Cup Round 1,Houston Stadium,Abdulrahman Ibrahim Al Jassim,Full time,1,1,DR Congo,Portugal,away,Joao Félix,11,unused_bench,Attacker,,,
4667819,dr-congo-vs-portugal,https://www.fotmob.com/matches/dr-congo-vs-portugal/1s6g4o#4667819,Portugal vs DR Congo (2026-06-17T17:00:00.000Z),Portugal,DR Congo,2026-06-17T17:00:00.000Z,FIFA World Cup Round 1,Houston Stadium,Abdulrahman Ibrahim Al Jassim,Full time,1,1,DR Congo,Portugal,away,Matthieu Epolo,21,unused_bench,Keeper,,,
4667819,dr-congo-vs-portugal,https://www.fotmob.com/matches/dr-congo-vs-portugal/1s6g4o#4667819,Portugal vs DR Congo (2026-06-17T17:00:00.000Z),Portugal,DR Congo,2026-06-17T17:00:00.000Z,FIFA World Cup Round 1,Houston Stadium,Abdulrahman Ibrahim Al Jassim,Full time,1,1,DR Congo,Portugal,away,Timothy Fayulu,16,unused_bench,Keeper,,,
4667819,dr-congo-vs-portugal,https://www.fotmob.com/matches/dr-congo-vs-portugal/1s6g4o#4667819,Portugal vs DR Congo (2026-06-17T17:00:00.000Z),Portugal,DR Congo,2026-06-17T17:00:00.000Z,FIFA World Cup Round 1,Houston Stadium,Abdulrahman Ibrahim Al Jassim,Full time,1,1,DR Congo,Portugal,away,Dylan Batubinsika,5,unused_bench,Defender,,,
4667819,dr-congo-vs-portugal,https://www.fotmob.com/matches/dr-congo-vs-portugal/1s6g4o#4667819,Portugal vs DR Congo (2026-06-17T17:00:00.000Z),Portugal,DR Congo,2026-06-17T17:00:00.000Z,FIFA World Cup Round 1,Houston Stadium,Abdulrahman Ibrahim Al Jassim,Full time,1,1,DR Congo,Portugal,away,Aaron Tshibola,15,unused_bench,Midfielder,,,
4667819,dr-congo-vs-portugal,https://www.fotmob.com/matches/dr-congo-vs-portugal/1s6g4o#4667819,Portugal vs DR Congo (2026-06-17T17:00:00.000Z),Portugal,DR Congo,2026-06-17T17:00:00.000Z,FIFA World Cup Round 1,Houston Stadium,Abdulrahman Ibrahim Al Jassim,Full time,1,1,DR Congo,Portugal,away,Brian Cipenga,9,unused_bench,Midfielder,,,
4667819,dr-congo-vs-portugal,https://www.fotmob.com/matches/dr-congo-vs-portugal/1s6g4o#4667819,Portugal vs DR Congo (2026-06-17T17:00:00.000Z),Portugal,DR Congo,2026-06-17T17:00:00.000Z,FIFA World Cup Round 1,Houston Stadium,Abdulrahman Ibrahim Al Jassim,Full time,1,1,DR Congo,Portugal,away,Fiston Mayele,19,unused_bench,Attacker,,,
4667819,dr-congo-vs-portugal,https://www.fotmob.com/matches/dr-congo-vs-portugal/1s6g4o#4667819,Portugal vs DR Congo (2026-06-17T17:00:00.000Z),Portugal,DR Congo,2026-06-17T17:00:00.000Z,FIFA World Cup Round 1,Houston Stadium,Abdulrahman Ibrahim Al Jassim,Full time,1,1,DR Congo,Portugal,away,Gaël Kakuta,11,unused_bench,Attacker,,,
4667819,dr-congo-vs-portugal,https://www.fotmob.com/matches/dr-congo-vs-portugal/1s6g4o#4667819,Portugal vs DR Congo (2026-06-17T17:00:00.000Z),Portugal,DR Congo,2026-06-17T17:00:00.000Z,FIFA World Cup Round 1,Houston Stadium,Abdulrahman Ibrahim Al Jassim,Full time,1,1,DR Congo,Portugal,away,Meschack Elia,13,unused_bench,Attacker,,,
4667819,dr-congo-vs-portugal,https://www.fotmob.com/matches/dr-congo-vs-portugal/1s6g4o#4667819,Portugal vs DR Congo (2026-06-17T17:00:00.000Z),Portugal,DR Congo,2026-06-17T17:00:00.000Z,FIFA World Cup Round 1,Houston Stadium,Abdulrahman Ibrahim Al Jassim,Full time,1,1,DR Congo,Portugal,away,Nathanaël Mbuku,7,unused_bench,Attacker,,,
4667819,dr-congo-vs-portugal,https://www.fotmob.com/matches/dr-congo-vs-portugal/1s6g4o#4667819,Portugal vs DR Congo (2026-06-17T17:00:00.000Z),Portugal,DR Congo,2026-06-17T17:00:00.000Z,FIFA World Cup Round 1,Houston Stadium,Abdulrahman Ibrahim Al Jassim,Full time,1,1,DR Congo,Portugal,away,Théo Bongonda,10,unused_bench,Attacker,,,
4667825,england-vs-croatia,https://www.fotmob.com/matches/england-vs-croatia/2viayw#4667825,England vs Croatia (2026-06-17T20:00:00.000Z),England,Croatia,2026-06-17T20:00:00.000Z,FIFA World Cup Round 1,Dallas Stadium,Clément Turpin,Full time,4,2,England,Croatia,home,Morgan Rogers,17,used_substitute,Midfielder,7.0,72.0,
4667825,england-vs-croatia,https://www.fotmob.com/matches/england-vs-croatia/2viayw#4667825,England vs Croatia (2026-06-17T20:00:00.000Z),England,Croatia,2026-06-17T20:00:00.000Z,FIFA World Cup Round 1,Dallas Stadium,Clément Turpin,Full time,4,2,England,Croatia,home,Bukayo Saka,7,used_substitute,Attacker,7.5,72.0,
4667825,england-vs-croatia,https://www.fotmob.com/matches/england-vs-croatia/2viayw#4667825,England vs Croatia (2026-06-17T20:00:00.000Z),England,Croatia,2026-06-17T20:00:00.000Z,FIFA World Cup Round 1,Dallas Stadium,Clément Turpin,Full time,4,2,England,Croatia,home,Marcus Rashford,11,used_substitute,Attacker,7.2,72.0,
4667825,england-vs-croatia,https://www.fotmob.com/matches/england-vs-croatia/2viayw#4667825,England vs Croatia (2026-06-17T20:00:00.000Z),England,Croatia,2026-06-17T20:00:00.000Z,FIFA World Cup Round 1,Dallas Stadium,Clément Turpin,Full time,4,2,England,Croatia,home,Djed Spence,25,used_substitute,Defender,6.3,79.0,
4667825,england-vs-croatia,https://www.fotmob.com/matches/england-vs-croatia/2viayw#4667825,England vs Croatia (2026-06-17T20:00:00.000Z),England,Croatia,2026-06-17T20:00:00.000Z,FIFA World Cup Round 1,Dallas Stadium,Clément Turpin,Full time,4,2,England,Croatia,home,Marc Guéhi,6,used_substitute,Defender,,87.0,
4667825,england-vs-croatia,https://www.fotmob.com/matches/england-vs-croatia/2viayw#4667825,England vs Croatia (2026-06-17T20:00:00.000Z),England,Croatia,2026-06-17T20:00:00.000Z,FIFA World Cup Round 1,Dallas Stadium,Clément Turpin,Full time,4,2,Croatia,England,away,Mateo Kovacic,8,used_substitute,Midfielder,6.8,58.0,
4667825,england-vs-croatia,https://www.fotmob.com/matches/england-vs-croatia/2viayw#4667825,England vs Croatia (2026-06-17T20:00:00.000Z),England,Croatia,2026-06-17T20:00:00.000Z,FIFA World Cup Round 1,Dallas Stadium,Clément Turpin,Full time,4,2,Croatia,England,away,Marco Pasalic,24,used_substitute,Midfielder,6.2,66.0,
4667825,england-vs-croatia,https://www.fotmob.com/matches/england-vs-croatia/2viayw#4667825,England vs Croatia (2026-06-17T20:00:00.000Z),England,Croatia,2026-06-17T20:00:00.000Z,FIFA World Cup Round 1,Dallas Stadium,Clément Turpin,Full time,4,2,Croatia,England,away,Igor Matanovic,20,used_substitute,Attacker,6.0,66.0,
4667825,england-vs-croatia,https://www.fotmob.com/matches/england-vs-croatia/2viayw#4667825,England vs Croatia (2026-06-17T20:00:00.000Z),England,Croatia,2026-06-17T20:00:00.000Z,FIFA World Cup Round 1,Dallas Stadium,Clément Turpin,Full time,4,2,Croatia,England,away,Andrej Kramaric,9,used_substitute,Midfielder,6.1,78.0,
4667825,england-vs-croatia,https://www.fotmob.com/matches/england-vs-croatia/2viayw#4667825,England vs Croatia (2026-06-17T20:00:00.000Z),England,Croatia,2026-06-17T20:00:00.000Z,FIFA World Cup Round 1,Dallas Stadium,Clément Turpin,Full time,4,2,Croatia,England,away,Nikola Vlasic,13,used_substitute,Midfielder,6.0,78.0,
4667825,england-vs-croatia,https://www.fotmob.com/matches/england-vs-croatia/2viayw#4667825,England vs Croatia (2026-06-17T20:00:00.000Z),England,Croatia,2026-06-17T20:00:00.000Z,FIFA World Cup Round 1,Dallas Stadium,Clément Turpin,Full time,4,2,England,Croatia,home,Dean Henderson,13,unused_bench,Keeper,,,
4667825,england-vs-croatia,https://www.fotmob.com/matches/england-vs-croatia/2viayw#4667825,England vs Croatia (2026-06-17T20:00:00.000Z),England,Croatia,2026-06-17T20:00:00.000Z,FIFA World Cup Round 1,Dallas Stadium,Clément Turpin,Full time,4,2,Croatia,England,away,James Trafford,23,unused_bench,Keeper,,,
4667825,england-vs-croatia,https://www.fotmob.com/matches/england-vs-croatia/2viayw#4667825,England vs Croatia (2026-06-17T20:00:00.000Z),England,Croatia,2026-06-17T20:00:00.000Z,FIFA World Cup Round 1,Dallas Stadium,Clément Turpin,Full time,4,2,Croatia,England,away,Daniel Burn,15,unused_bench,Defender,,,
4667825,england-vs-croatia,https://www.fotmob.com/matches/england-vs-croatia/2viayw#4667825,England vs Croatia (2026-06-17T20:00:00.000Z),England,Croatia,2026-06-17T20:00:00.000Z,FIFA World Cup Round 1,Dallas Stadium,Clément Turpin,Full time,4,2,Croatia,England,away,Jarell Quansah,26,unused_bench,Defender,,,
4667825,england-vs-croatia,https://www.fotmob.com/matches/england-vs-croatia/2viayw#4667825,England vs Croatia (2026-06-17T20:00:00.000Z),England,Croatia,2026-06-17T20:00:00.000Z,FIFA World Cup Round 1,Dallas Stadium,Clément Turpin,Full time,4,2,Croatia,England,away,Eberechi Eze,21,unused_bench,Midfielder,,,
4667825,england-vs-croatia,https://www.fotmob.com/matches/england-vs-croatia/2viayw#4667825,England vs Croatia (2026-06-17T20:00:00.000Z),England,Croatia,2026-06-17T20:00:00.000Z,FIFA World Cup Round 1,Dallas Stadium,Clément Turpin,Full time,4,2,Croatia,England,away,Jordan Henderson,14,unused_bench,Midfielder,,,
4667825,england-vs-croatia,https://www.fotmob.com/matches/england-vs-croatia/2viayw#4667825,England vs Croatia (2026-06-17T20:00:00.000Z),England,Croatia,2026-06-17T20:00:00.000Z,FIFA World Cup Round 1,Dallas Stadium,Clément Turpin,Full time,4,2,Croatia,England,away,Kobbie Mainoo,16,unused_bench,Midfielder,,,
4667825,england-vs-croatia,https://www.fotmob.com/matches/england-vs-croatia/2viayw#4667825,England vs Croatia (2026-06-17T20:00:00.000Z),England,Croatia,2026-06-17T20:00:00.000Z,FIFA World Cup Round 1,Dallas Stadium,Clément Turpin,Full time,4,2,Croatia,England,away,Ivan Toney,22,unused_bench,Attacker,,,
4667825,england-vs-croatia,https://www.fotmob.com/matches/england-vs-croatia/2viayw#4667825,England vs Croatia (2026-06-17T20:00:00.000Z),England,Croatia,2026-06-17T20:00:00.000Z,FIFA World Cup Round 1,Dallas Stadium,Clément Turpin,Full time,4,2,Croatia,England,away,Ollie Watkins,19,unused_bench,Attacker,,,
4667825,england-vs-croatia,https://www.fotmob.com/matches/england-vs-croatia/2viayw#4667825,England vs Croatia (2026-06-17T20:00:00.000Z),England,Croatia,2026-06-17T20:00:00.000Z,FIFA World Cup Round 1,Dallas Stadium,Clément Turpin,Full time,4,2,Croatia,England,away,Dominik Kotarski,23,unused_bench,Keeper,,,
4667825,england-vs-croatia,https://www.fotmob.com/matches/england-vs-croatia/2viayw#4667825,England vs Croatia (2026-06-17T20:00:00.000Z),England,Croatia,2026-06-17T20:00:00.000Z,FIFA World Cup Round 1,Dallas Stadium,Clément Turpin,Full time,4,2,Croatia,England,away,Ivor Pandur,12,unused_bench,Keeper,,,
4667825,england-vs-croatia,https://www.fotmob.com/matches/england-vs-croatia/2viayw#4667825,England vs Croatia (2026-06-17T20:00:00.000Z),England,Croatia,2026-06-17T20:00:00.000Z,FIFA World Cup Round 1,Dallas Stadium,Clément Turpin,Full time,4,2,Croatia,England,away,Duje Caleta-Car,5,unused_bench,Defender,,,
4667825,england-vs-croatia,https://www.fotmob.com/matches/england-vs-croatia/2viayw#4667825,England vs Croatia (2026-06-17T20:00:00.000Z),England,Croatia,2026-06-17T20:00:00.000Z,FIFA World Cup Round 1,Dallas Stadium,Clément Turpin,Full time,4,2,Croatia,England,away,Marin Pongracic,3,unused_bench,Defender,,,
4667825,england-vs-croatia,https://www.fotmob.com/matches/england-vs-croatia/2viayw#4667825,England vs Croatia (2026-06-17T20:00:00.000Z),England,Croatia,2026-06-17T20:00:00.000Z,FIFA World Cup Round 1,Dallas Stadium,Clément Turpin,Full time,4,2,Croatia,England,away,Martin Erlic,25,unused_bench,Defender,,,
4667825,england-vs-croatia,https://www.fotmob.com/matches/england-vs-croatia/2viayw#4667825,England vs Croatia (2026-06-17T20:00:00.000Z),England,Croatia,2026-06-17T20:00:00.000Z,FIFA World Cup Round 1,Dallas Stadium,Clément Turpin,Full time,4,2,Croatia,England,away,Kristijan Jakic,18,unused_bench,Midfielder,,,
4667825,england-vs-croatia,https://www.fotmob.com/matches/england-vs-croatia/2viayw#4667825,England vs Croatia (2026-06-17T20:00:00.000Z),England,Croatia,2026-06-17T20:00:00.000Z,FIFA World Cup Round 1,Dallas Stadium,Clément Turpin,Full time,4,2,Croatia,England,away,Luka Sucic,21,unused_bench,Midfielder,,,
4667825,england-vs-croatia,https://www.fotmob.com/matches/england-vs-croatia/2viayw#4667825,England vs Croatia (2026-06-17T20:00:00.000Z),England,Croatia,2026-06-17T20:00:00.000Z,FIFA World Cup Round 1,Dallas Stadium,Clément Turpin,Full time,4,2,Croatia,England,away,Nikola Moro,7,unused_bench,Midfielder,,,
4667825,england-vs-croatia,https://www.fotmob.com/matches/england-vs-croatia/2viayw#4667825,England vs Croatia (2026-06-17T20:00:00.000Z),England,Croatia,2026-06-17T20:00:00.000Z,FIFA World Cup Round 1,Dallas Stadium,Clément Turpin,Full time,4,2,Croatia,England,away,Toni Fruk,19,unused_bench,Midfielder,,,
4667825,england-vs-croatia,https://www.fotmob.com/matches/england-vs-croatia/2viayw#4667825,England vs Croatia (2026-06-17T20:00:00.000Z),England,Croatia,2026-06-17T20:00:00.000Z,FIFA World Cup Round 1,Dallas Stadium,Clément Turpin,Full time,4,2,Croatia,England,away,Ante Budimir,11,unused_bench,Attacker,,,
4667826,panama-vs-ghana,https://www.fotmob.com/matches/panama-vs-ghana/1bjek0#4667826,Ghana vs Panama (2026-06-17T23:00:00.000Z),Ghana,Panama,2026-06-17T23:00:00.000Z,FIFA World Cup Round 1,Toronto Stadium,Glenn Nyberg,Full time,1,0,Ghana,Panama,home,Benjamin Asare,16,used_substitute,Keeper,7.8,46.0,
4667826,panama-vs-ghana,https://www.fotmob.com/matches/panama-vs-ghana/1bjek0#4667826,Ghana vs Panama (2026-06-17T23:00:00.000Z),Ghana,Panama,2026-06-17T23:00:00.000Z,FIFA World Cup Round 1,Toronto Stadium,Glenn Nyberg,Full time,1,0,Ghana,Panama,home,Abdul Fatawu,7,used_substitute,Attacker,6.6,58.0,
4667826,panama-vs-ghana,https://www.fotmob.com/matches/panama-vs-ghana/1bjek0#4667826,Ghana vs Panama (2026-06-17T23:00:00.000Z),Ghana,Panama,2026-06-17T23:00:00.000Z,FIFA World Cup Round 1,Toronto Stadium,Glenn Nyberg,Full time,1,0,Ghana,Panama,home,Brandon Thomas-Asante,10,used_substitute,Attacker,6.5,58.0,
4667826,panama-vs-ghana,https://www.fotmob.com/matches/panama-vs-ghana/1bjek0#4667826,Ghana vs Panama (2026-06-17T23:00:00.000Z),Ghana,Panama,2026-06-17T23:00:00.000Z,FIFA World Cup Round 1,Toronto Stadium,Glenn Nyberg,Full time,1,0,Ghana,Panama,home,Kwasi Sibo,8,used_substitute,Midfielder,6.2,78.0,
4667826,panama-vs-ghana,https://www.fotmob.com/matches/panama-vs-ghana/1bjek0#4667826,Ghana vs Panama (2026-06-17T23:00:00.000Z),Ghana,Panama,2026-06-17T23:00:00.000Z,FIFA World Cup Round 1,Toronto Stadium,Glenn Nyberg,Full time,1,0,Ghana,Panama,home,Prince Adu,25,used_substitute,Attacker,,87.0,
4667826,panama-vs-ghana,https://www.fotmob.com/matches/panama-vs-ghana/1bjek0#4667826,Ghana vs Panama (2026-06-17T23:00:00.000Z),Ghana,Panama,2026-06-17T23:00:00.000Z,FIFA World Cup Round 1,Toronto Stadium,Glenn Nyberg,Full time,1,0,Panama,Ghana,away,Azarías Londoño,24,used_substitute,Attacker,6.4,63.0,
4667826,panama-vs-ghana,https://www.fotmob.com/matches/panama-vs-ghana/1bjek0#4667826,Ghana vs Panama (2026-06-17T23:00:00.000Z),Ghana,Panama,2026-06-17T23:00:00.000Z,FIFA World Cup Round 1,Toronto Stadium,Glenn Nyberg,Full time,1,0,Panama,Ghana,away,José Fajardo,17,used_substitute,Attacker,5.9,63.0,
4667826,panama-vs-ghana,https://www.fotmob.com/matches/panama-vs-ghana/1bjek0#4667826,Ghana vs Panama (2026-06-17T23:00:00.000Z),Ghana,Panama,2026-06-17T23:00:00.000Z,FIFA World Cup Round 1,Toronto Stadium,Glenn Nyberg,Full time,1,0,Panama,Ghana,away,Ismael Díaz,10,used_substitute,Attacker,6.7,74.0,
4667826,panama-vs-ghana,https://www.fotmob.com/matches/panama-vs-ghana/1bjek0#4667826,Ghana vs Panama (2026-06-17T23:00:00.000Z),Ghana,Panama,2026-06-17T23:00:00.000Z,FIFA World Cup Round 1,Toronto Stadium,Glenn Nyberg,Full time,1,0,Panama,Ghana,away,Aníbal Godoy,20,used_substitute,Midfielder,,90.0,
4667826,panama-vs-ghana,https://www.fotmob.com/matches/panama-vs-ghana/1bjek0#4667826,Ghana vs Panama (2026-06-17T23:00:00.000Z),Ghana,Panama,2026-06-17T23:00:00.000Z,FIFA World Cup Round 1,Toronto Stadium,Glenn Nyberg,Full time,1,0,Ghana,Panama,home,Joseph Anang,12,unused_bench,Keeper,,,
4667826,panama-vs-ghana,https://www.fotmob.com/matches/panama-vs-ghana/1bjek0#4667826,Ghana vs Panama (2026-06-17T23:00:00.000Z),Ghana,Panama,2026-06-17T23:00:00.000Z,FIFA World Cup Round 1,Toronto Stadium,Glenn Nyberg,Full time,1,0,Ghana,Panama,home,Abdul Mumin,6,unused_bench,Defender,,,
4667826,panama-vs-ghana,https://www.fotmob.com/matches/panama-vs-ghana/1bjek0#4667826,Ghana vs Panama (2026-06-17T23:00:00.000Z),Ghana,Panama,2026-06-17T23:00:00.000Z,FIFA World Cup Round 1,Toronto Stadium,Glenn Nyberg,Full time,1,0,Ghana,Panama,home,Abdul Rahman Baba,17,unused_bench,Defender,,,
4667826,panama-vs-ghana,https://www.fotmob.com/matches/panama-vs-ghana/1bjek0#4667826,Ghana vs Panama (2026-06-17T23:00:00.000Z),Ghana,Panama,2026-06-17T23:00:00.000Z,FIFA World Cup Round 1,Toronto Stadium,Glenn Nyberg,Full time,1,0,Ghana,Panama,home,Alidu Seidu,2,unused_bench,Defender,,,
4667826,panama-vs-ghana,https://www.fotmob.com/matches/panama-vs-ghana/1bjek0#4667826,Ghana vs Panama (2026-06-17T23:00:00.000Z),Ghana,Panama,2026-06-17T23:00:00.000Z,FIFA World Cup Round 1,Toronto Stadium,Glenn Nyberg,Full time,1,0,Ghana,Panama,home,Derrick Luckassen,23,unused_bench,Defender,,,
4667826,panama-vs-ghana,https://www.fotmob.com/matches/panama-vs-ghana/1bjek0#4667826,Ghana vs Panama (2026-06-17T23:00:00.000Z),Ghana,Panama,2026-06-17T23:00:00.000Z,FIFA World Cup Round 1,Toronto Stadium,Glenn Nyberg,Full time,1,0,Ghana,Panama,home,Kojo Peprah Oppong,21,unused_bench,Defender,,,
4667826,panama-vs-ghana,https://www.fotmob.com/matches/panama-vs-ghana/1bjek0#4667826,Ghana vs Panama (2026-06-17T23:00:00.000Z),Ghana,Panama,2026-06-17T23:00:00.000Z,FIFA World Cup Round 1,Toronto Stadium,Glenn Nyberg,Full time,1,0,Ghana,Panama,home,Christopher Bonsu Baah,13,unused_bench,Midfielder,,,
4667826,panama-vs-ghana,https://www.fotmob.com/matches/panama-vs-ghana/1bjek0#4667826,Ghana vs Panama (2026-06-17T23:00:00.000Z),Ghana,Panama,2026-06-17T23:00:00.000Z,FIFA World Cup Round 1,Toronto Stadium,Glenn Nyberg,Full time,1,0,Ghana,Panama,home,Augustine Boakye,20,unused_bench,Attacker,,,
4667826,panama-vs-ghana,https://www.fotmob.com/matches/panama-vs-ghana/1bjek0#4667826,Ghana vs Panama (2026-06-17T23:00:00.000Z),Ghana,Panama,2026-06-17T23:00:00.000Z,FIFA World Cup Round 1,Toronto Stadium,Glenn Nyberg,Full time,1,0,Ghana,Panama,home,Iñaki Williams,19,unused_bench,Attacker,,,
4667826,panama-vs-ghana,https://www.fotmob.com/matches/panama-vs-ghana/1bjek0#4667826,Ghana vs Panama (2026-06-17T23:00:00.000Z),Ghana,Panama,2026-06-17T23:00:00.000Z,FIFA World Cup Round 1,Toronto Stadium,Glenn Nyberg,Full time,1,0,Panama,Ghana,away,César Samudio,12,unused_bench,Keeper,,,
4667826,panama-vs-ghana,https://www.fotmob.com/matches/panama-vs-ghana/1bjek0#4667826,Ghana vs Panama (2026-06-17T23:00:00.000Z),Ghana,Panama,2026-06-17T23:00:00.000Z,FIFA World Cup Round 1,Toronto Stadium,Glenn Nyberg,Full time,1,0,Panama,Ghana,away,Luis Mejía,1,unused_bench,Keeper,,,
4667826,panama-vs-ghana,https://www.fotmob.com/matches/panama-vs-ghana/1bjek0#4667826,Ghana vs Panama (2026-06-17T23:00:00.000Z),Ghana,Panama,2026-06-17T23:00:00.000Z,FIFA World Cup Round 1,Toronto Stadium,Glenn Nyberg,Full time,1,0,Panama,Ghana,away,Edgardo Fariña,5,unused_bench,Defender,,,
4667826,panama-vs-ghana,https://www.fotmob.com/matches/panama-vs-ghana/1bjek0#4667826,Ghana vs Panama (2026-06-17T23:00:00.000Z),Ghana,Panama,2026-06-17T23:00:00.000Z,FIFA World Cup Round 1,Toronto Stadium,Glenn Nyberg,Full time,1,0,Panama,Ghana,away,Fidel Escobar,4,unused_bench,Defender,,,
4667826,panama-vs-ghana,https://www.fotmob.com/matches/panama-vs-ghana/1bjek0#4667826,Ghana vs Panama (2026-06-17T23:00:00.000Z),Ghana,Panama,2026-06-17T23:00:00.000Z,FIFA World Cup Round 1,Toronto Stadium,Glenn Nyberg,Full time,1,0,Panama,Ghana,away,Jorge Gutiérrez,26,unused_bench,Defender,,,
4667826,panama-vs-ghana,https://www.fotmob.com/matches/panama-vs-ghana/1bjek0#4667826,Ghana vs Panama (2026-06-17T23:00:00.000Z),Ghana,Panama,2026-06-17T23:00:00.000Z,FIFA World Cup Round 1,Toronto Stadium,Glenn Nyberg,Full time,1,0,Panama,Ghana,away,Roderick Miller,25,unused_bench,Defender,,,
4667826,panama-vs-ghana,https://www.fotmob.com/matches/panama-vs-ghana/1bjek0#4667826,Ghana vs Panama (2026-06-17T23:00:00.000Z),Ghana,Panama,2026-06-17T23:00:00.000Z,FIFA World Cup Round 1,Toronto Stadium,Glenn Nyberg,Full time,1,0,Panama,Ghana,away,Adalberto Carrasquilla,8,unused_bench,Midfielder,,,
4667826,panama-vs-ghana,https://www.fotmob.com/matches/panama-vs-ghana/1bjek0#4667826,Ghana vs Panama (2026-06-17T23:00:00.000Z),Ghana,Panama,2026-06-17T23:00:00.000Z,FIFA World Cup Round 1,Toronto Stadium,Glenn Nyberg,Full time,1,0,Panama,Ghana,away,César Yanis,21,unused_bench,Midfielder,,,
4667826,panama-vs-ghana,https://www.fotmob.com/matches/panama-vs-ghana/1bjek0#4667826,Ghana vs Panama (2026-06-17T23:00:00.000Z),Ghana,Panama,2026-06-17T23:00:00.000Z,FIFA World Cup Round 1,Toronto Stadium,Glenn Nyberg,Full time,1,0,Panama,Ghana,away,Éric Davis,15,unused_bench,Midfielder,,,
4667826,panama-vs-ghana,https://www.fotmob.com/matches/panama-vs-ghana/1bjek0#4667826,Ghana vs Panama (2026-06-17T23:00:00.000Z),Ghana,Panama,2026-06-17T23:00:00.000Z,FIFA World Cup Round 1,Toronto Stadium,Glenn Nyberg,Full time,1,0,Panama,Ghana,away,Alberto Quintero,19,unused_bench,Attacker,,,
4667826,panama-vs-ghana,https://www.fotmob.com/matches/panama-vs-ghana/1bjek0#4667826,Ghana vs Panama (2026-06-17T23:00:00.000Z),Ghana,Panama,2026-06-17T23:00:00.000Z,FIFA World Cup Round 1,Toronto Stadium,Glenn Nyberg,Full time,1,0,Panama,Ghana,away,Tomás Rodríguez,9,unused_bench,Attacker,,,
4667754,mexico-vs-south-korea,https://www.fotmob.com/matches/mexico-vs-south-korea/1qpvav#4667754,Mexico vs South Korea (2026-06-19T01:00:00.000Z),Mexico,South Korea,2026-06-19T01:00:00.000Z,,Guadalajara Stadium,Gustavo Adrian Tejera Capo,Full time,1,0,Mexico,South Korea,home,Obed Vargas,18,used_substitute,Midfielder,6.5,71.0,
4667754,mexico-vs-south-korea,https://www.fotmob.com/matches/mexico-vs-south-korea/1qpvav#4667754,Mexico vs South Korea (2026-06-19T01:00:00.000Z),Mexico,South Korea,2026-06-19T01:00:00.000Z,,Guadalajara Stadium,Gustavo Adrian Tejera Capo,Full time,1,0,Mexico,South Korea,home,Orbelín Pineda,17,used_substitute,Midfielder,6.0,71.0,
4667754,mexico-vs-south-korea,https://www.fotmob.com/matches/mexico-vs-south-korea/1qpvav#4667754,Mexico vs South Korea (2026-06-19T01:00:00.000Z),Mexico,South Korea,2026-06-19T01:00:00.000Z,,Guadalajara Stadium,Gustavo Adrian Tejera Capo,Full time,1,0,Mexico,South Korea,home,Israel Reyes,15,used_substitute,Defender,6.1,80.0,
4667754,mexico-vs-south-korea,https://www.fotmob.com/matches/mexico-vs-south-korea/1qpvav#4667754,Mexico vs South Korea (2026-06-19T01:00:00.000Z),Mexico,South Korea,2026-06-19T01:00:00.000Z,,Guadalajara Stadium,Gustavo Adrian Tejera Capo,Full time,1,0,Mexico,South Korea,home,Santiago Giménez,11,used_substitute,Attacker,5.7,80.0,
4667754,mexico-vs-south-korea,https://www.fotmob.com/matches/mexico-vs-south-korea/1qpvav#4667754,Mexico vs South Korea (2026-06-19T01:00:00.000Z),Mexico,South Korea,2026-06-19T01:00:00.000Z,,Guadalajara Stadium,Gustavo Adrian Tejera Capo,Full time,1,0,Mexico,South Korea,home,César Huerta,21,used_substitute,Attacker,,84.0,
4667754,mexico-vs-south-korea,https://www.fotmob.com/matches/mexico-vs-south-korea/1qpvav#4667754,Mexico vs South Korea (2026-06-19T01:00:00.000Z),Mexico,South Korea,2026-06-19T01:00:00.000Z,,Guadalajara Stadium,Gustavo Adrian Tejera Capo,Full time,1,0,South Korea,Mexico,away,Hee-Chan Hwang,11,used_substitute,Attacker,6.2,57.0,
4667754,mexico-vs-south-korea,https://www.fotmob.com/matches/mexico-vs-south-korea/1qpvav#4667754,Mexico vs South Korea (2026-06-19T01:00:00.000Z),Mexico,South Korea,2026-06-19T01:00:00.000Z,,Guadalajara Stadium,Gustavo Adrian Tejera Capo,Full time,1,0,South Korea,Mexico,away,Hyun-Gyu Oh,18,used_substitute,Attacker,5.8,57.0,
4667754,mexico-vs-south-korea,https://www.fotmob.com/matches/mexico-vs-south-korea/1qpvav#4667754,Mexico vs South Korea (2026-06-19T01:00:00.000Z),Mexico,South Korea,2026-06-19T01:00:00.000Z,,Guadalajara Stadium,Gustavo Adrian Tejera Capo,Full time,1,0,South Korea,Mexico,away,Hyun-Jun Yang,20,used_substitute,Attacker,6.4,71.0,
4667754,mexico-vs-south-korea,https://www.fotmob.com/matches/mexico-vs-south-korea/1qpvav#4667754,Mexico vs South Korea (2026-06-19T01:00:00.000Z),Mexico,South Korea,2026-06-19T01:00:00.000Z,,Guadalajara Stadium,Gustavo Adrian Tejera Capo,Full time,1,0,South Korea,Mexico,away,Ji-Sung Eom,25,used_substitute,Attacker,6.6,71.0,
4667754,mexico-vs-south-korea,https://www.fotmob.com/matches/mexico-vs-south-korea/1qpvav#4667754,Mexico vs South Korea (2026-06-19T01:00:00.000Z),Mexico,South Korea,2026-06-19T01:00:00.000Z,,Guadalajara Stadium,Gustavo Adrian Tejera Capo,Full time,1,0,South Korea,Mexico,away,Gue-Sung Cho,9,used_substitute,Attacker,5.9,77.0,
4667754,mexico-vs-south-korea,https://www.fotmob.com/matches/mexico-vs-south-korea/1qpvav#4667754,Mexico vs South Korea (2026-06-19T01:00:00.000Z),Mexico,South Korea,2026-06-19T01:00:00.000Z,,Guadalajara Stadium,Gustavo Adrian Tejera Capo,Full time,1,0,Mexico,South Korea,home,Carlos Acevedo,12,unused_bench,Keeper,,,
4667754,mexico-vs-south-korea,https://www.fotmob.com/matches/mexico-vs-south-korea/1qpvav#4667754,Mexico vs South Korea (2026-06-19T01:00:00.000Z),Mexico,South Korea,2026-06-19T01:00:00.000Z,,Guadalajara Stadium,Gustavo Adrian Tejera Capo,Full time,1,0,South Korea,Mexico,away,Guillermo Ochoa,13,unused_bench,Keeper,,,
4667754,mexico-vs-south-korea,https://www.fotmob.com/matches/mexico-vs-south-korea/1qpvav#4667754,Mexico vs South Korea (2026-06-19T01:00:00.000Z),Mexico,South Korea,2026-06-19T01:00:00.000Z,,Guadalajara Stadium,Gustavo Adrian Tejera Capo,Full time,1,0,South Korea,Mexico,away,Mateo Chávez,20,unused_bench,Defender,,,
4667754,mexico-vs-south-korea,https://www.fotmob.com/matches/mexico-vs-south-korea/1qpvav#4667754,Mexico vs South Korea (2026-06-19T01:00:00.000Z),Mexico,South Korea,2026-06-19T01:00:00.000Z,,Guadalajara Stadium,Gustavo Adrian Tejera Capo,Full time,1,0,South Korea,Mexico,away,Álvaro Fidalgo,8,unused_bench,Midfielder,,,
4667754,mexico-vs-south-korea,https://www.fotmob.com/matches/mexico-vs-south-korea/1qpvav#4667754,Mexico vs South Korea (2026-06-19T01:00:00.000Z),Mexico,South Korea,2026-06-19T01:00:00.000Z,,Guadalajara Stadium,Gustavo Adrian Tejera Capo,Full time,1,0,South Korea,Mexico,away,Gilberto Mora,19,unused_bench,Midfielder,,,
4667754,mexico-vs-south-korea,https://www.fotmob.com/matches/mexico-vs-south-korea/1qpvav#4667754,Mexico vs South Korea (2026-06-19T01:00:00.000Z),Mexico,South Korea,2026-06-19T01:00:00.000Z,,Guadalajara Stadium,Gustavo Adrian Tejera Capo,Full time,1,0,South Korea,Mexico,away,Luis Chávez,24,unused_bench,Midfielder,,,
4667754,mexico-vs-south-korea,https://www.fotmob.com/matches/mexico-vs-south-korea/1qpvav#4667754,Mexico vs South Korea (2026-06-19T01:00:00.000Z),Mexico,South Korea,2026-06-19T01:00:00.000Z,,Guadalajara Stadium,Gustavo Adrian Tejera Capo,Full time,1,0,South Korea,Mexico,away,Alexis Vega,10,unused_bench,Attacker,,,
4667754,mexico-vs-south-korea,https://www.fotmob.com/matches/mexico-vs-south-korea/1qpvav#4667754,Mexico vs South Korea (2026-06-19T01:00:00.000Z),Mexico,South Korea,2026-06-19T01:00:00.000Z,,Guadalajara Stadium,Gustavo Adrian Tejera Capo,Full time,1,0,South Korea,Mexico,away,Armando González,14,unused_bench,Attacker,,,
4667754,mexico-vs-south-korea,https://www.fotmob.com/matches/mexico-vs-south-korea/1qpvav#4667754,Mexico vs South Korea (2026-06-19T01:00:00.000Z),Mexico,South Korea,2026-06-19T01:00:00.000Z,,Guadalajara Stadium,Gustavo Adrian Tejera Capo,Full time,1,0,South Korea,Mexico,away,Guillermo Martínez,22,unused_bench,Attacker,,,
4667754,mexico-vs-south-korea,https://www.fotmob.com/matches/mexico-vs-south-korea/1qpvav#4667754,Mexico vs South Korea (2026-06-19T01:00:00.000Z),Mexico,South Korea,2026-06-19T01:00:00.000Z,,Guadalajara Stadium,Gustavo Adrian Tejera Capo,Full time,1,0,South Korea,Mexico,away,Bum-Keun Song,12,unused_bench,Keeper,,,
4667754,mexico-vs-south-korea,https://www.fotmob.com/matches/mexico-vs-south-korea/1qpvav#4667754,Mexico vs South Korea (2026-06-19T01:00:00.000Z),Mexico,South Korea,2026-06-19T01:00:00.000Z,,Guadalajara Stadium,Gustavo Adrian Tejera Capo,Full time,1,0,South Korea,Mexico,away,Hyeon-Woo Jo,21,unused_bench,Keeper,,,
4667754,mexico-vs-south-korea,https://www.fotmob.com/matches/mexico-vs-south-korea/1qpvav#4667754,Mexico vs South Korea (2026-06-19T01:00:00.000Z),Mexico,South Korea,2026-06-19T01:00:00.000Z,,Guadalajara Stadium,Gustavo Adrian Tejera Capo,Full time,1,0,South Korea,Mexico,away,Tae-Hyeon Kim,5,unused_bench,Defender,,,
4667754,mexico-vs-south-korea,https://www.fotmob.com/matches/mexico-vs-south-korea/1qpvav#4667754,Mexico vs South Korea (2026-06-19T01:00:00.000Z),Mexico,South Korea,2026-06-19T01:00:00.000Z,,Guadalajara Stadium,Gustavo Adrian Tejera Capo,Full time,1,0,South Korea,Mexico,away,Wi-Je Cho,14,unused_bench,Defender,,,
4667754,mexico-vs-south-korea,https://www.fotmob.com/matches/mexico-vs-south-korea/1qpvav#4667754,Mexico vs South Korea (2026-06-19T01:00:00.000Z),Mexico,South Korea,2026-06-19T01:00:00.000Z,,Guadalajara Stadium,Gustavo Adrian Tejera Capo,Full time,1,0,South Korea,Mexico,away,Dong-Gyeong Lee,26,unused_bench,Midfielder,,,
4667754,mexico-vs-south-korea,https://www.fotmob.com/matches/mexico-vs-south-korea/1qpvav#4667754,Mexico vs South Korea (2026-06-19T01:00:00.000Z),Mexico,South Korea,2026-06-19T01:00:00.000Z,,Guadalajara Stadium,Gustavo Adrian Tejera Capo,Full time,1,0,South Korea,Mexico,away,Jens Castrop,23,unused_bench,Midfielder,,,
4667754,mexico-vs-south-korea,https://www.fotmob.com/matches/mexico-vs-south-korea/1qpvav#4667754,Mexico vs South Korea (2026-06-19T01:00:00.000Z),Mexico,South Korea,2026-06-19T01:00:00.000Z,,Guadalajara Stadium,Gustavo Adrian Tejera Capo,Full time,1,0,South Korea,Mexico,away,Jin-Gyu Kim,24,unused_bench,Midfielder,,,
4667754,mexico-vs-south-korea,https://www.fotmob.com/matches/mexico-vs-south-korea/1qpvav#4667754,Mexico vs South Korea (2026-06-19T01:00:00.000Z),Mexico,South Korea,2026-06-19T01:00:00.000Z,,Guadalajara Stadium,Gustavo Adrian Tejera Capo,Full time,1,0,South Korea,Mexico,away,Jin-Seob Park,16,unused_bench,Midfielder,,,
4667754,mexico-vs-south-korea,https://www.fotmob.com/matches/mexico-vs-south-korea/1qpvav#4667754,Mexico vs South Korea (2026-06-19T01:00:00.000Z),Mexico,South Korea,2026-06-19T01:00:00.000Z,,Guadalajara Stadium,Gustavo Adrian Tejera Capo,Full time,1,0,South Korea,Mexico,away,Jun-Ho Bae,17,unused_bench,Midfielder,,,
4667754,mexico-vs-south-korea,https://www.fotmob.com/matches/mexico-vs-south-korea/1qpvav#4667754,Mexico vs South Korea (2026-06-19T01:00:00.000Z),Mexico,South Korea,2026-06-19T01:00:00.000Z,,Guadalajara Stadium,Gustavo Adrian Tejera Capo,Full time,1,0,South Korea,Mexico,away,Tae-Seok Lee,13,unused_bench,Midfielder,,,
4667753,south-africa-vs-czechia,https://www.fotmob.com/matches/south-africa-vs-czechia/1tbjja#4667753,Czechia vs South Africa (2026-06-18T16:00:00.000Z),Czechia,South Africa,2026-06-18T16:00:00.000Z,,Atlanta Stadium,Mary Victoria Penso,Full time,1,1,Czechia,South Africa,home,Jaroslav Zeleny,20,used_substitute,Defender,6.4,55.0,
4667753,south-africa-vs-czechia,https://www.fotmob.com/matches/south-africa-vs-czechia/1tbjja#4667753,Czechia vs South Africa (2026-06-18T16:00:00.000Z),Czechia,South Africa,2026-06-18T16:00:00.000Z,,Atlanta Stadium,Mary Victoria Penso,Full time,1,1,Czechia,South Africa,home,Pavel Sulc,15,used_substitute,Attacker,5.9,55.0,
4667753,south-africa-vs-czechia,https://www.fotmob.com/matches/south-africa-vs-czechia/1tbjja#4667753,Czechia vs South Africa (2026-06-18T16:00:00.000Z),Czechia,South Africa,2026-06-18T16:00:00.000Z,,Atlanta Stadium,Mary Victoria Penso,Full time,1,1,Czechia,South Africa,home,Lukás Provod,17,used_substitute,Midfielder,6.3,67.0,
4667753,south-africa-vs-czechia,https://www.fotmob.com/matches/south-africa-vs-czechia/1tbjja#4667753,Czechia vs South Africa (2026-06-18T16:00:00.000Z),Czechia,South Africa,2026-06-18T16:00:00.000Z,,Atlanta Stadium,Mary Victoria Penso,Full time,1,1,Czechia,South Africa,home,Tomás Soucek,22,used_substitute,Midfielder,6.2,67.0,
4667753,south-africa-vs-czechia,https://www.fotmob.com/matches/south-africa-vs-czechia/1tbjja#4667753,Czechia vs South Africa (2026-06-18T16:00:00.000Z),Czechia,South Africa,2026-06-18T16:00:00.000Z,,Atlanta Stadium,Mary Victoria Penso,Full time,1,1,Czechia,South Africa,home,David Zima,2,used_substitute,Defender,6.4,78.0,
4667753,south-africa-vs-czechia,https://www.fotmob.com/matches/south-africa-vs-czechia/1tbjja#4667753,Czechia vs South Africa (2026-06-18T16:00:00.000Z),Czechia,South Africa,2026-06-18T16:00:00.000Z,,Atlanta Stadium,Mary Victoria Penso,Full time,1,1,South Africa,Czechia,away,Relebohile Mofokeng,10,used_substitute,Attacker,6.2,46.0,
4667753,south-africa-vs-czechia,https://www.fotmob.com/matches/south-africa-vs-czechia/1tbjja#4667753,Czechia vs South Africa (2026-06-18T16:00:00.000Z),Czechia,South Africa,2026-06-18T16:00:00.000Z,,Atlanta Stadium,Mary Victoria Penso,Full time,1,1,South Africa,Czechia,away,Evidence Makgopa,17,used_substitute,Attacker,6.7,66.0,
4667753,south-africa-vs-czechia,https://www.fotmob.com/matches/south-africa-vs-czechia/1tbjja#4667753,Czechia vs South Africa (2026-06-18T16:00:00.000Z),Czechia,South Africa,2026-06-18T16:00:00.000Z,,Atlanta Stadium,Mary Victoria Penso,Full time,1,1,South Africa,Czechia,away,Kamogelo Sebelebele,25,used_substitute,Defender,,84.0,
4667753,south-africa-vs-czechia,https://www.fotmob.com/matches/south-africa-vs-czechia/1tbjja#4667753,Czechia vs South Africa (2026-06-18T16:00:00.000Z),Czechia,South Africa,2026-06-18T16:00:00.000Z,,Atlanta Stadium,Mary Victoria Penso,Full time,1,1,Czechia,South Africa,home,Jindrich Stanek,16,unused_bench,Keeper,,,
4667753,south-africa-vs-czechia,https://www.fotmob.com/matches/south-africa-vs-czechia/1tbjja#4667753,Czechia vs South Africa (2026-06-18T16:00:00.000Z),Czechia,South Africa,2026-06-18T16:00:00.000Z,,Atlanta Stadium,Mary Victoria Penso,Full time,1,1,South Africa,Czechia,away,Lukás Hornícek,23,unused_bench,Keeper,,,
4667753,south-africa-vs-czechia,https://www.fotmob.com/matches/south-africa-vs-czechia/1tbjja#4667753,Czechia vs South Africa (2026-06-18T16:00:00.000Z),Czechia,South Africa,2026-06-18T16:00:00.000Z,,Atlanta Stadium,Mary Victoria Penso,Full time,1,1,South Africa,Czechia,away,Stepán Chaloupek,6,unused_bench,Defender,,,
4667753,south-africa-vs-czechia,https://www.fotmob.com/matches/south-africa-vs-czechia/1tbjja#4667753,Czechia vs South Africa (2026-06-18T16:00:00.000Z),Czechia,South Africa,2026-06-18T16:00:00.000Z,,Atlanta Stadium,Mary Victoria Penso,Full time,1,1,South Africa,Czechia,away,David Doudera,21,unused_bench,Midfielder,,,
4667753,south-africa-vs-czechia,https://www.fotmob.com/matches/south-africa-vs-czechia/1tbjja#4667753,Czechia vs South Africa (2026-06-18T16:00:00.000Z),Czechia,South Africa,2026-06-18T16:00:00.000Z,,Atlanta Stadium,Mary Victoria Penso,Full time,1,1,South Africa,Czechia,away,Hugo Sochurek,25,unused_bench,Midfielder,,,
4667753,south-africa-vs-czechia,https://www.fotmob.com/matches/south-africa-vs-czechia/1tbjja#4667753,Czechia vs South Africa (2026-06-18T16:00:00.000Z),Czechia,South Africa,2026-06-18T16:00:00.000Z,,Atlanta Stadium,Mary Victoria Penso,Full time,1,1,South Africa,Czechia,away,Denis Visinsky,26,unused_bench,Attacker,,,
4667753,south-africa-vs-czechia,https://www.fotmob.com/matches/south-africa-vs-czechia/1tbjja#4667753,Czechia vs South Africa (2026-06-18T16:00:00.000Z),Czechia,South Africa,2026-06-18T16:00:00.000Z,,Atlanta Stadium,Mary Victoria Penso,Full time,1,1,South Africa,Czechia,away,Jan Kuchta,11,unused_bench,Attacker,,,
4667753,south-africa-vs-czechia,https://www.fotmob.com/matches/south-africa-vs-czechia/1tbjja#4667753,Czechia vs South Africa (2026-06-18T16:00:00.000Z),Czechia,South Africa,2026-06-18T16:00:00.000Z,,Atlanta Stadium,Mary Victoria Penso,Full time,1,1,South Africa,Czechia,away,Mojmír Chytil,13,unused_bench,Attacker,,,
4667753,south-africa-vs-czechia,https://www.fotmob.com/matches/south-africa-vs-czechia/1tbjja#4667753,Czechia vs South Africa (2026-06-18T16:00:00.000Z),Czechia,South Africa,2026-06-18T16:00:00.000Z,,Atlanta Stadium,Mary Victoria Penso,Full time,1,1,South Africa,Czechia,away,Tomás Chory,19,unused_bench,Attacker,,,
4667753,south-africa-vs-czechia,https://www.fotmob.com/matches/south-africa-vs-czechia/1tbjja#4667753,Czechia vs South Africa (2026-06-18T16:00:00.000Z),Czechia,South Africa,2026-06-18T16:00:00.000Z,,Atlanta Stadium,Mary Victoria Penso,Full time,1,1,South Africa,Czechia,away,Ricardo Goss,22,unused_bench,Keeper,,,
4667753,south-africa-vs-czechia,https://www.fotmob.com/matches/south-africa-vs-czechia/1tbjja#4667753,Czechia vs South Africa (2026-06-18T16:00:00.000Z),Czechia,South Africa,2026-06-18T16:00:00.000Z,,Atlanta Stadium,Mary Victoria Penso,Full time,1,1,South Africa,Czechia,away,Sipho Chaine,16,unused_bench,Keeper,,,
4667753,south-africa-vs-czechia,https://www.fotmob.com/matches/south-africa-vs-czechia/1tbjja#4667753,Czechia vs South Africa (2026-06-18T16:00:00.000Z),Czechia,South Africa,2026-06-18T16:00:00.000Z,,Atlanta Stadium,Mary Victoria Penso,Full time,1,1,South Africa,Czechia,away,Bradley Cross,26,unused_bench,Defender,,,
4667753,south-africa-vs-czechia,https://www.fotmob.com/matches/south-africa-vs-czechia/1tbjja#4667753,Czechia vs South Africa (2026-06-18T16:00:00.000Z),Czechia,South Africa,2026-06-18T16:00:00.000Z,,Atlanta Stadium,Mary Victoria Penso,Full time,1,1,South Africa,Czechia,away,Khulumani Ndamane,3,unused_bench,Defender,,,
4667753,south-africa-vs-czechia,https://www.fotmob.com/matches/south-africa-vs-czechia/1tbjja#4667753,Czechia vs South Africa (2026-06-18T16:00:00.000Z),Czechia,South Africa,2026-06-18T16:00:00.000Z,,Atlanta Stadium,Mary Victoria Penso,Full time,1,1,South Africa,Czechia,away,Nkosinathi Sibisi,19,unused_bench,Defender,,,
4667753,south-africa-vs-czechia,https://www.fotmob.com/matches/south-africa-vs-czechia/1tbjja#4667753,Czechia vs South Africa (2026-06-18T16:00:00.000Z),Czechia,South Africa,2026-06-18T16:00:00.000Z,,Atlanta Stadium,Mary Victoria Penso,Full time,1,1,South Africa,Czechia,away,Olwethu Makhanya,24,unused_bench,Defender,,,
4667753,south-africa-vs-czechia,https://www.fotmob.com/matches/south-africa-vs-czechia/1tbjja#4667753,Czechia vs South Africa (2026-06-18T16:00:00.000Z),Czechia,South Africa,2026-06-18T16:00:00.000Z,,Atlanta Stadium,Mary Victoria Penso,Full time,1,1,South Africa,Czechia,away,Samukelo Kabini,18,unused_bench,Defender,,,
4667753,south-africa-vs-czechia,https://www.fotmob.com/matches/south-africa-vs-czechia/1tbjja#4667753,Czechia vs South Africa (2026-06-18T16:00:00.000Z),Czechia,South Africa,2026-06-18T16:00:00.000Z,,Atlanta Stadium,Mary Victoria Penso,Full time,1,1,South Africa,Czechia,away,Thabang Matuludi,2,unused_bench,Defender,,,
4667753,south-africa-vs-czechia,https://www.fotmob.com/matches/south-africa-vs-czechia/1tbjja#4667753,Czechia vs South Africa (2026-06-18T16:00:00.000Z),Czechia,South Africa,2026-06-18T16:00:00.000Z,,Atlanta Stadium,Mary Victoria Penso,Full time,1,1,South Africa,Czechia,away,Lyle Foster,9,unused_bench,Attacker,,,
4667753,south-africa-vs-czechia,https://www.fotmob.com/matches/south-africa-vs-czechia/1tbjja#4667753,Czechia vs South Africa (2026-06-18T16:00:00.000Z),Czechia,South Africa,2026-06-18T16:00:00.000Z,,Atlanta Stadium,Mary Victoria Penso,Full time,1,1,South Africa,Czechia,away,Tshepang Moremi,8,unused_bench,Attacker,,,
4667760,canada-vs-qatar,https://www.fotmob.com/matches/canada-vs-qatar/14u9ym#4667760,Canada vs Qatar (2026-06-18T22:00:00.000Z),Canada,Qatar,2026-06-18T22:00:00.000Z,,,,Full time,6,0,Canada,Qatar,home,Moïse Bombito,15,used_substitute,Defender,6.3,46.0,
4667760,canada-vs-qatar,https://www.fotmob.com/matches/canada-vs-qatar/14u9ym#4667760,Canada vs Qatar (2026-06-18T22:00:00.000Z),Canada,Qatar,2026-06-18T22:00:00.000Z,,,,Full time,6,0,Canada,Qatar,home,Nathan Saliba,25,used_substitute,Midfielder,8.4,56.0,
4667760,canada-vs-qatar,https://www.fotmob.com/matches/canada-vs-qatar/14u9ym#4667760,Canada vs Qatar (2026-06-18T22:00:00.000Z),Canada,Qatar,2026-06-18T22:00:00.000Z,,,,Full time,6,0,Canada,Qatar,home,Jacob Shaffelburg,14,used_substitute,Attacker,6.5,71.0,
4667760,canada-vs-qatar,https://www.fotmob.com/matches/canada-vs-qatar/14u9ym#4667760,Canada vs Qatar (2026-06-18T22:00:00.000Z),Canada,Qatar,2026-06-18T22:00:00.000Z,,,,Full time,6,0,Canada,Qatar,home,Tani Oluwaseyi,12,used_substitute,Attacker,5.7,71.0,
4667760,canada-vs-qatar,https://www.fotmob.com/matches/canada-vs-qatar/14u9ym#4667760,Canada vs Qatar (2026-06-18T22:00:00.000Z),Canada,Qatar,2026-06-18T22:00:00.000Z,,,,Full time,6,0,Canada,Qatar,home,Niko Sigur,23,used_substitute,Defender,,83.0,
4667760,canada-vs-qatar,https://www.fotmob.com/matches/canada-vs-qatar/14u9ym#4667760,Canada vs Qatar (2026-06-18T22:00:00.000Z),Canada,Qatar,2026-06-18T22:00:00.000Z,,,,Full time,6,0,Qatar,Canada,away,Sultan Al Brake,18,used_substitute,Defender,6.6,40.0,
4667760,canada-vs-qatar,https://www.fotmob.com/matches/canada-vs-qatar/14u9ym#4667760,Canada vs Qatar (2026-06-18T22:00:00.000Z),Canada,Qatar,2026-06-18T22:00:00.000Z,,,,Full time,6,0,Qatar,Canada,away,Ahmed Fathi,20,used_substitute,Midfielder,6.0,46.0,
4667760,canada-vs-qatar,https://www.fotmob.com/matches/canada-vs-qatar/14u9ym#4667760,Canada vs Qatar (2026-06-18T22:00:00.000Z),Canada,Qatar,2026-06-18T22:00:00.000Z,,,,Full time,6,0,Qatar,Canada,away,Mohamed Al Mannai,26,used_substitute,Midfielder,4.0,46.0,
4667760,canada-vs-qatar,https://www.fotmob.com/matches/canada-vs-qatar/14u9ym#4667760,Canada vs Qatar (2026-06-18T22:00:00.000Z),Canada,Qatar,2026-06-18T22:00:00.000Z,,,,Full time,6,0,Qatar,Canada,away,Hashmi Al Hussain,25,used_substitute,Defender,6.6,59.0,
4667760,canada-vs-qatar,https://www.fotmob.com/matches/canada-vs-qatar/14u9ym#4667760,Canada vs Qatar (2026-06-18T22:00:00.000Z),Canada,Qatar,2026-06-18T22:00:00.000Z,,,,Full time,6,0,Qatar,Canada,away,Lucas Mendes,3,used_substitute,Defender,,87.0,
4667760,canada-vs-qatar,https://www.fotmob.com/matches/canada-vs-qatar/14u9ym#4667760,Canada vs Qatar (2026-06-18T22:00:00.000Z),Canada,Qatar,2026-06-18T22:00:00.000Z,,,,Full time,6,0,Canada,Qatar,home,Dayne St. Clair,1,unused_bench,Keeper,,,
4667760,canada-vs-qatar,https://www.fotmob.com/matches/canada-vs-qatar/14u9ym#4667760,Canada vs Qatar (2026-06-18T22:00:00.000Z),Canada,Qatar,2026-06-18T22:00:00.000Z,,,,Full time,6,0,Qatar,Canada,away,Owen Goodman,18,unused_bench,Keeper,,,
4667760,canada-vs-qatar,https://www.fotmob.com/matches/canada-vs-qatar/14u9ym#4667760,Canada vs Qatar (2026-06-18T22:00:00.000Z),Canada,Qatar,2026-06-18T22:00:00.000Z,,,,Full time,6,0,Qatar,Canada,away,Alphonso Davies,19,unused_bench,Defender,,,
4667760,canada-vs-qatar,https://www.fotmob.com/matches/canada-vs-qatar/14u9ym#4667760,Canada vs Qatar (2026-06-18T22:00:00.000Z),Canada,Qatar,2026-06-18T22:00:00.000Z,,,,Full time,6,0,Qatar,Canada,away,Joel Waterman,5,unused_bench,Defender,,,
4667760,canada-vs-qatar,https://www.fotmob.com/matches/canada-vs-qatar/14u9ym#4667760,Canada vs Qatar (2026-06-18T22:00:00.000Z),Canada,Qatar,2026-06-18T22:00:00.000Z,,,,Full time,6,0,Qatar,Canada,away,Jonathan Osorio,21,unused_bench,Midfielder,,,
4667760,canada-vs-qatar,https://www.fotmob.com/matches/canada-vs-qatar/14u9ym#4667760,Canada vs Qatar (2026-06-18T22:00:00.000Z),Canada,Qatar,2026-06-18T22:00:00.000Z,,,,Full time,6,0,Qatar,Canada,away,Mathieu Choinière,6,unused_bench,Midfielder,,,
4667760,canada-vs-qatar,https://www.fotmob.com/matches/canada-vs-qatar/14u9ym#4667760,Canada vs Qatar (2026-06-18T22:00:00.000Z),Canada,Qatar,2026-06-18T22:00:00.000Z,,,,Full time,6,0,Qatar,Canada,away,Jayden Nelson,26,unused_bench,Attacker,,,
4667760,canada-vs-qatar,https://www.fotmob.com/matches/canada-vs-qatar/14u9ym#4667760,Canada vs Qatar (2026-06-18T22:00:00.000Z),Canada,Qatar,2026-06-18T22:00:00.000Z,,,,Full time,6,0,Qatar,Canada,away,Liam Millar,11,unused_bench,Attacker,,,
4667760,canada-vs-qatar,https://www.fotmob.com/matches/canada-vs-qatar/14u9ym#4667760,Canada vs Qatar (2026-06-18T22:00:00.000Z),Canada,Qatar,2026-06-18T22:00:00.000Z,,,,Full time,6,0,Qatar,Canada,away,Promise David,24,unused_bench,Attacker,,,
4667760,canada-vs-qatar,https://www.fotmob.com/matches/canada-vs-qatar/14u9ym#4667760,Canada vs Qatar (2026-06-18T22:00:00.000Z),Canada,Qatar,2026-06-18T22:00:00.000Z,,,,Full time,6,0,Qatar,Canada,away,Meshaal Barsham,22,unused_bench,Keeper,,,
4667760,canada-vs-qatar,https://www.fotmob.com/matches/canada-vs-qatar/14u9ym#4667760,Canada vs Qatar (2026-06-18T22:00:00.000Z),Canada,Qatar,2026-06-18T22:00:00.000Z,,,,Full time,6,0,Qatar,Canada,away,Salah Zakaria,21,unused_bench,Keeper,,,
4667760,canada-vs-qatar,https://www.fotmob.com/matches/canada-vs-qatar/14u9ym#4667760,Canada vs Qatar (2026-06-18T22:00:00.000Z),Canada,Qatar,2026-06-18T22:00:00.000Z,,,,Full time,6,0,Qatar,Canada,away,Abdulaziz Hatem,6,unused_bench,Midfielder,,,
4667760,canada-vs-qatar,https://www.fotmob.com/matches/canada-vs-qatar/14u9ym#4667760,Canada vs Qatar (2026-06-18T22:00:00.000Z),Canada,Qatar,2026-06-18T22:00:00.000Z,,,,Full time,6,0,Qatar,Canada,away,Karim Boudiaf,12,unused_bench,Midfielder,,,
4667760,canada-vs-qatar,https://www.fotmob.com/matches/canada-vs-qatar/14u9ym#4667760,Canada vs Qatar (2026-06-18T22:00:00.000Z),Canada,Qatar,2026-06-18T22:00:00.000Z,,,,Full time,6,0,Qatar,Canada,away,Ahmed Al Ganehi,17,unused_bench,Attacker,,,
4667760,canada-vs-qatar,https://www.fotmob.com/matches/canada-vs-qatar/14u9ym#4667760,Canada vs Qatar (2026-06-18T22:00:00.000Z),Canada,Qatar,2026-06-18T22:00:00.000Z,,,,Full time,6,0,Qatar,Canada,away,Ahmed Alaaeldin,7,unused_bench,Attacker,,,
4667760,canada-vs-qatar,https://www.fotmob.com/matches/canada-vs-qatar/14u9ym#4667760,Canada vs Qatar (2026-06-18T22:00:00.000Z),Canada,Qatar,2026-06-18T22:00:00.000Z,,,,Full time,6,0,Qatar,Canada,away,Almoez Ali,19,unused_bench,Attacker,,,
4667760,canada-vs-qatar,https://www.fotmob.com/matches/canada-vs-qatar/14u9ym#4667760,Canada vs Qatar (2026-06-18T22:00:00.000Z),Canada,Qatar,2026-06-18T22:00:00.000Z,,,,Full time,6,0,Qatar,Canada,away,Hassan Al Haidos,10,unused_bench,Attacker,,,
4667760,canada-vs-qatar,https://www.fotmob.com/matches/canada-vs-qatar/14u9ym#4667760,Canada vs Qatar (2026-06-18T22:00:00.000Z),Canada,Qatar,2026-06-18T22:00:00.000Z,,,,Full time,6,0,Qatar,Canada,away,Mohammed Muntari,9,unused_bench,Attacker,,,
4667760,canada-vs-qatar,https://www.fotmob.com/matches/canada-vs-qatar/14u9ym#4667760,Canada vs Qatar (2026-06-18T22:00:00.000Z),Canada,Qatar,2026-06-18T22:00:00.000Z,,,,Full time,6,0,Qatar,Canada,away,Tahsin Jamshid,24,unused_bench,Attacker,,,
4667759,switzerland-vs-bosnia-herzegovina,https://www.fotmob.com/matches/switzerland-vs-bosnia-herzegovina/2c9awx#4667759,Switzerland vs Bosnia and Herzegovina (2026-06-18T19:00:00.000Z),Switzerland,Bosnia and Herzegovina,2026-06-18T19:00:00.000Z,,Los Angeles Stadium,João Pedro Silva Pinheiro,Full time,4,1,Switzerland,Bosnia and Herzegovina,home,Djibril Sow,15,used_substitute,Midfielder,6.7,72.0,
4667759,switzerland-vs-bosnia-herzegovina,https://www.fotmob.com/matches/switzerland-vs-bosnia-herzegovina/2c9awx#4667759,Switzerland vs Bosnia and Herzegovina (2026-06-18T19:00:00.000Z),Switzerland,Bosnia and Herzegovina,2026-06-18T19:00:00.000Z,,Los Angeles Stadium,João Pedro Silva Pinheiro,Full time,4,1,Switzerland,Bosnia and Herzegovina,home,Johan Manzambi,9,used_substitute,Midfielder,8.6,72.0,
4667759,switzerland-vs-bosnia-herzegovina,https://www.fotmob.com/matches/switzerland-vs-bosnia-herzegovina/2c9awx#4667759,Switzerland vs Bosnia and Herzegovina (2026-06-18T19:00:00.000Z),Switzerland,Bosnia and Herzegovina,2026-06-18T19:00:00.000Z,,Los Angeles Stadium,João Pedro Silva Pinheiro,Full time,4,1,Switzerland,Bosnia and Herzegovina,home,Rubén Vargas,17,used_substitute,Attacker,8.3,72.0,
4667759,switzerland-vs-bosnia-herzegovina,https://www.fotmob.com/matches/switzerland-vs-bosnia-herzegovina/2c9awx#4667759,Switzerland vs Bosnia and Herzegovina (2026-06-18T19:00:00.000Z),Switzerland,Bosnia and Herzegovina,2026-06-18T19:00:00.000Z,,Los Angeles Stadium,João Pedro Silva Pinheiro,Full time,4,1,Switzerland,Bosnia and Herzegovina,home,Luca Jaquez,25,used_substitute,Defender,,86.0,
4667759,switzerland-vs-bosnia-herzegovina,https://www.fotmob.com/matches/switzerland-vs-bosnia-herzegovina/2c9awx#4667759,Switzerland vs Bosnia and Herzegovina (2026-06-18T19:00:00.000Z),Switzerland,Bosnia and Herzegovina,2026-06-18T19:00:00.000Z,,Los Angeles Stadium,João Pedro Silva Pinheiro,Full time,4,1,Switzerland,Bosnia and Herzegovina,home,Cedric Itten,26,used_substitute,Attacker,,89.0,
4667759,switzerland-vs-bosnia-herzegovina,https://www.fotmob.com/matches/switzerland-vs-bosnia-herzegovina/2c9awx#4667759,Switzerland vs Bosnia and Herzegovina (2026-06-18T19:00:00.000Z),Switzerland,Bosnia and Herzegovina,2026-06-18T19:00:00.000Z,,Los Angeles Stadium,João Pedro Silva Pinheiro,Full time,4,1,Bosnia and Herzegovina,Switzerland,away,Ivan Basic,13,used_substitute,Midfielder,6.3,63.0,
4667759,switzerland-vs-bosnia-herzegovina,https://www.fotmob.com/matches/switzerland-vs-bosnia-herzegovina/2c9awx#4667759,Switzerland vs Bosnia and Herzegovina (2026-06-18T19:00:00.000Z),Switzerland,Bosnia and Herzegovina,2026-06-18T19:00:00.000Z,,Los Angeles Stadium,João Pedro Silva Pinheiro,Full time,4,1,Bosnia and Herzegovina,Switzerland,away,Esmir Bajraktarevic,20,used_substitute,Attacker,5.8,63.0,
4667759,switzerland-vs-bosnia-herzegovina,https://www.fotmob.com/matches/switzerland-vs-bosnia-herzegovina/2c9awx#4667759,Switzerland vs Bosnia and Herzegovina (2026-06-18T19:00:00.000Z),Switzerland,Bosnia and Herzegovina,2026-06-18T19:00:00.000Z,,Los Angeles Stadium,João Pedro Silva Pinheiro,Full time,4,1,Bosnia and Herzegovina,Switzerland,away,Amir Hadziahmetovic,16,used_substitute,Midfielder,,85.0,
4667759,switzerland-vs-bosnia-herzegovina,https://www.fotmob.com/matches/switzerland-vs-bosnia-herzegovina/2c9awx#4667759,Switzerland vs Bosnia and Herzegovina (2026-06-18T19:00:00.000Z),Switzerland,Bosnia and Herzegovina,2026-06-18T19:00:00.000Z,,Los Angeles Stadium,João Pedro Silva Pinheiro,Full time,4,1,Bosnia and Herzegovina,Switzerland,away,Jovo Lukic,25,used_substitute,Attacker,,85.0,
4667759,switzerland-vs-bosnia-herzegovina,https://www.fotmob.com/matches/switzerland-vs-bosnia-herzegovina/2c9awx#4667759,Switzerland vs Bosnia and Herzegovina (2026-06-18T19:00:00.000Z),Switzerland,Bosnia and Herzegovina,2026-06-18T19:00:00.000Z,,Los Angeles Stadium,João Pedro Silva Pinheiro,Full time,4,1,Bosnia and Herzegovina,Switzerland,away,Ermin Mahmic,26,used_substitute,Midfielder,,90.0,
4667759,switzerland-vs-bosnia-herzegovina,https://www.fotmob.com/matches/switzerland-vs-bosnia-herzegovina/2c9awx#4667759,Switzerland vs Bosnia and Herzegovina (2026-06-18T19:00:00.000Z),Switzerland,Bosnia and Herzegovina,2026-06-18T19:00:00.000Z,,Los Angeles Stadium,João Pedro Silva Pinheiro,Full time,4,1,Switzerland,Bosnia and Herzegovina,home,Marvin Keller,21,unused_bench,Keeper,,,
4667759,switzerland-vs-bosnia-herzegovina,https://www.fotmob.com/matches/switzerland-vs-bosnia-herzegovina/2c9awx#4667759,Switzerland vs Bosnia and Herzegovina (2026-06-18T19:00:00.000Z),Switzerland,Bosnia and Herzegovina,2026-06-18T19:00:00.000Z,,Los Angeles Stadium,João Pedro Silva Pinheiro,Full time,4,1,Bosnia and Herzegovina,Switzerland,away,Yvon Mvogo,12,unused_bench,Keeper,,,
4667759,switzerland-vs-bosnia-herzegovina,https://www.fotmob.com/matches/switzerland-vs-bosnia-herzegovina/2c9awx#4667759,Switzerland vs Bosnia and Herzegovina (2026-06-18T19:00:00.000Z),Switzerland,Bosnia and Herzegovina,2026-06-18T19:00:00.000Z,,Los Angeles Stadium,João Pedro Silva Pinheiro,Full time,4,1,Bosnia and Herzegovina,Switzerland,away,Aurèle Amenda,24,unused_bench,Defender,,,
4667759,switzerland-vs-bosnia-herzegovina,https://www.fotmob.com/matches/switzerland-vs-bosnia-herzegovina/2c9awx#4667759,Switzerland vs Bosnia and Herzegovina (2026-06-18T19:00:00.000Z),Switzerland,Bosnia and Herzegovina,2026-06-18T19:00:00.000Z,,Los Angeles Stadium,João Pedro Silva Pinheiro,Full time,4,1,Bosnia and Herzegovina,Switzerland,away,Eray Cömert,18,unused_bench,Defender,,,
4667759,switzerland-vs-bosnia-herzegovina,https://www.fotmob.com/matches/switzerland-vs-bosnia-herzegovina/2c9awx#4667759,Switzerland vs Bosnia and Herzegovina (2026-06-18T19:00:00.000Z),Switzerland,Bosnia and Herzegovina,2026-06-18T19:00:00.000Z,,Los Angeles Stadium,João Pedro Silva Pinheiro,Full time,4,1,Bosnia and Herzegovina,Switzerland,away,Ardon Jashari,14,unused_bench,Midfielder,,,
4667759,switzerland-vs-bosnia-herzegovina,https://www.fotmob.com/matches/switzerland-vs-bosnia-herzegovina/2c9awx#4667759,Switzerland vs Bosnia and Herzegovina (2026-06-18T19:00:00.000Z),Switzerland,Bosnia and Herzegovina,2026-06-18T19:00:00.000Z,,Los Angeles Stadium,João Pedro Silva Pinheiro,Full time,4,1,Bosnia and Herzegovina,Switzerland,away,Denis Zakaria,6,unused_bench,Midfielder,,,
4667759,switzerland-vs-bosnia-herzegovina,https://www.fotmob.com/matches/switzerland-vs-bosnia-herzegovina/2c9awx#4667759,Switzerland vs Bosnia and Herzegovina (2026-06-18T19:00:00.000Z),Switzerland,Bosnia and Herzegovina,2026-06-18T19:00:00.000Z,,Los Angeles Stadium,João Pedro Silva Pinheiro,Full time,4,1,Bosnia and Herzegovina,Switzerland,away,Christian Fassnacht,16,unused_bench,Attacker,,,
4667759,switzerland-vs-bosnia-herzegovina,https://www.fotmob.com/matches/switzerland-vs-bosnia-herzegovina/2c9awx#4667759,Switzerland vs Bosnia and Herzegovina (2026-06-18T19:00:00.000Z),Switzerland,Bosnia and Herzegovina,2026-06-18T19:00:00.000Z,,Los Angeles Stadium,João Pedro Silva Pinheiro,Full time,4,1,Bosnia and Herzegovina,Switzerland,away,Noah Okafor,19,unused_bench,Attacker,,,
4667759,switzerland-vs-bosnia-herzegovina,https://www.fotmob.com/matches/switzerland-vs-bosnia-herzegovina/2c9awx#4667759,Switzerland vs Bosnia and Herzegovina (2026-06-18T19:00:00.000Z),Switzerland,Bosnia and Herzegovina,2026-06-18T19:00:00.000Z,,Los Angeles Stadium,João Pedro Silva Pinheiro,Full time,4,1,Bosnia and Herzegovina,Switzerland,away,Zeki Amdouni,23,unused_bench,Attacker,,,
4667759,switzerland-vs-bosnia-herzegovina,https://www.fotmob.com/matches/switzerland-vs-bosnia-herzegovina/2c9awx#4667759,Switzerland vs Bosnia and Herzegovina (2026-06-18T19:00:00.000Z),Switzerland,Bosnia and Herzegovina,2026-06-18T19:00:00.000Z,,Los Angeles Stadium,João Pedro Silva Pinheiro,Full time,4,1,Bosnia and Herzegovina,Switzerland,away,Martin Zlomislic,22,unused_bench,Keeper,,,
4667759,switzerland-vs-bosnia-herzegovina,https://www.fotmob.com/matches/switzerland-vs-bosnia-herzegovina/2c9awx#4667759,Switzerland vs Bosnia and Herzegovina (2026-06-18T19:00:00.000Z),Switzerland,Bosnia and Herzegovina,2026-06-18T19:00:00.000Z,,Los Angeles Stadium,João Pedro Silva Pinheiro,Full time,4,1,Bosnia and Herzegovina,Switzerland,away,Mladen Jurkas,12,unused_bench,Keeper,,,
4667759,switzerland-vs-bosnia-herzegovina,https://www.fotmob.com/matches/switzerland-vs-bosnia-herzegovina/2c9awx#4667759,Switzerland vs Bosnia and Herzegovina (2026-06-18T19:00:00.000Z),Switzerland,Bosnia and Herzegovina,2026-06-18T19:00:00.000Z,,Los Angeles Stadium,João Pedro Silva Pinheiro,Full time,4,1,Bosnia and Herzegovina,Switzerland,away,Arjan Malic,24,unused_bench,Defender,,,
4667759,switzerland-vs-bosnia-herzegovina,https://www.fotmob.com/matches/switzerland-vs-bosnia-herzegovina/2c9awx#4667759,Switzerland vs Bosnia and Herzegovina (2026-06-18T19:00:00.000Z),Switzerland,Bosnia and Herzegovina,2026-06-18T19:00:00.000Z,,Los Angeles Stadium,João Pedro Silva Pinheiro,Full time,4,1,Bosnia and Herzegovina,Switzerland,away,Dennis Hadzikadunic,3,unused_bench,Defender,,,
4667759,switzerland-vs-bosnia-herzegovina,https://www.fotmob.com/matches/switzerland-vs-bosnia-herzegovina/2c9awx#4667759,Switzerland vs Bosnia and Herzegovina (2026-06-18T19:00:00.000Z),Switzerland,Bosnia and Herzegovina,2026-06-18T19:00:00.000Z,,Los Angeles Stadium,João Pedro Silva Pinheiro,Full time,4,1,Bosnia and Herzegovina,Switzerland,away,Nihad Mujakic,2,unused_bench,Defender,,,
4667759,switzerland-vs-bosnia-herzegovina,https://www.fotmob.com/matches/switzerland-vs-bosnia-herzegovina/2c9awx#4667759,Switzerland vs Bosnia and Herzegovina (2026-06-18T19:00:00.000Z),Switzerland,Bosnia and Herzegovina,2026-06-18T19:00:00.000Z,,Los Angeles Stadium,João Pedro Silva Pinheiro,Full time,4,1,Bosnia and Herzegovina,Switzerland,away,Stjepan Radeljic,21,unused_bench,Defender,,,
4667759,switzerland-vs-bosnia-herzegovina,https://www.fotmob.com/matches/switzerland-vs-bosnia-herzegovina/2c9awx#4667759,Switzerland vs Bosnia and Herzegovina (2026-06-18T19:00:00.000Z),Switzerland,Bosnia and Herzegovina,2026-06-18T19:00:00.000Z,,Los Angeles Stadium,João Pedro Silva Pinheiro,Full time,4,1,Bosnia and Herzegovina,Switzerland,away,Armin Gigovic,8,unused_bench,Midfielder,,,
4667759,switzerland-vs-bosnia-herzegovina,https://www.fotmob.com/matches/switzerland-vs-bosnia-herzegovina/2c9awx#4667759,Switzerland vs Bosnia and Herzegovina (2026-06-18T19:00:00.000Z),Switzerland,Bosnia and Herzegovina,2026-06-18T19:00:00.000Z,,Los Angeles Stadium,João Pedro Silva Pinheiro,Full time,4,1,Bosnia and Herzegovina,Switzerland,away,Dzenis Burnic,17,unused_bench,Midfielder,,,
4667759,switzerland-vs-bosnia-herzegovina,https://www.fotmob.com/matches/switzerland-vs-bosnia-herzegovina/2c9awx#4667759,Switzerland vs Bosnia and Herzegovina (2026-06-18T19:00:00.000Z),Switzerland,Bosnia and Herzegovina,2026-06-18T19:00:00.000Z,,Los Angeles Stadium,João Pedro Silva Pinheiro,Full time,4,1,Bosnia and Herzegovina,Switzerland,away,Haris Tabakovic,23,unused_bench,Attacker,,,
4667759,switzerland-vs-bosnia-herzegovina,https://www.fotmob.com/matches/switzerland-vs-bosnia-herzegovina/2c9awx#4667759,Switzerland vs Bosnia and Herzegovina (2026-06-18T19:00:00.000Z),Switzerland,Bosnia and Herzegovina,2026-06-18T19:00:00.000Z,,Los Angeles Stadium,João Pedro Silva Pinheiro,Full time,4,1,Bosnia and Herzegovina,Switzerland,away,Samed Bazdar,9,unused_bench,Attacker,,,
4667767,haiti-vs-brazil,https://www.fotmob.com/matches/haiti-vs-brazil/1ny7ix#4667767,Brazil vs Haiti (2026-06-20T00:30:00.000Z),Brazil,Haiti,2026-06-20T00:30:00.000Z,,Philadelphia Stadium,Alejandro José Hernández Hernández,Full time,3,0,Brazil,Haiti,home,Rayan,26,used_substitute,Attacker,6.3,40.0,
4667767,haiti-vs-brazil,https://www.fotmob.com/matches/haiti-vs-brazil/1ny7ix#4667767,Brazil vs Haiti (2026-06-20T00:30:00.000Z),Brazil,Haiti,2026-06-20T00:30:00.000Z,,Philadelphia Stadium,Alejandro José Hernández Hernández,Full time,3,0,Brazil,Haiti,home,Endrick,19,used_substitute,Attacker,6.1,64.0,
4667767,haiti-vs-brazil,https://www.fotmob.com/matches/haiti-vs-brazil/1ny7ix#4667767,Brazil vs Haiti (2026-06-20T00:30:00.000Z),Brazil,Haiti,2026-06-20T00:30:00.000Z,,Philadelphia Stadium,Alejandro José Hernández Hernández,Full time,3,0,Brazil,Haiti,home,Gabriel Martinelli,22,used_substitute,Attacker,6.4,64.0,
4667767,haiti-vs-brazil,https://www.fotmob.com/matches/haiti-vs-brazil/1ny7ix#4667767,Brazil vs Haiti (2026-06-20T00:30:00.000Z),Brazil,Haiti,2026-06-20T00:30:00.000Z,,Philadelphia Stadium,Alejandro José Hernández Hernández,Full time,3,0,Brazil,Haiti,home,Danilo,18,used_substitute,Midfielder,,81.0,
4667767,haiti-vs-brazil,https://www.fotmob.com/matches/haiti-vs-brazil/1ny7ix#4667767,Brazil vs Haiti (2026-06-20T00:30:00.000Z),Brazil,Haiti,2026-06-20T00:30:00.000Z,,Philadelphia Stadium,Alejandro José Hernández Hernández,Full time,3,0,Brazil,Haiti,home,Éderson,2,used_substitute,Midfielder,,81.0,
4667767,haiti-vs-brazil,https://www.fotmob.com/matches/haiti-vs-brazil/1ny7ix#4667767,Brazil vs Haiti (2026-06-20T00:30:00.000Z),Brazil,Haiti,2026-06-20T00:30:00.000Z,,Philadelphia Stadium,Alejandro José Hernández Hernández,Full time,3,0,Haiti,Brazil,away,Dominique Simon,25,used_substitute,Midfielder,6.6,46.0,
4667767,haiti-vs-brazil,https://www.fotmob.com/matches/haiti-vs-brazil/1ny7ix#4667767,Brazil vs Haiti (2026-06-20T00:30:00.000Z),Brazil,Haiti,2026-06-20T00:30:00.000Z,,Philadelphia Stadium,Alejandro José Hernández Hernández,Full time,3,0,Haiti,Brazil,away,Wilson Isidor,18,used_substitute,Attacker,6.1,46.0,
4667767,haiti-vs-brazil,https://www.fotmob.com/matches/haiti-vs-brazil/1ny7ix#4667767,Brazil vs Haiti (2026-06-20T00:30:00.000Z),Brazil,Haiti,2026-06-20T00:30:00.000Z,,Philadelphia Stadium,Alejandro José Hernández Hernández,Full time,3,0,Haiti,Brazil,away,Don Deedson Louicius,11,used_substitute,Midfielder,5.8,62.0,
4667767,haiti-vs-brazil,https://www.fotmob.com/matches/haiti-vs-brazil/1ny7ix#4667767,Brazil vs Haiti (2026-06-20T00:30:00.000Z),Brazil,Haiti,2026-06-20T00:30:00.000Z,,Philadelphia Stadium,Alejandro José Hernández Hernández,Full time,3,0,Haiti,Brazil,away,Lenny Joseph,16,used_substitute,Attacker,6.0,71.0,
4667767,haiti-vs-brazil,https://www.fotmob.com/matches/haiti-vs-brazil/1ny7ix#4667767,Brazil vs Haiti (2026-06-20T00:30:00.000Z),Brazil,Haiti,2026-06-20T00:30:00.000Z,,Philadelphia Stadium,Alejandro José Hernández Hernández,Full time,3,0,Haiti,Brazil,away,Derrick Etienne,7,used_substitute,Attacker,,81.0,
4667767,haiti-vs-brazil,https://www.fotmob.com/matches/haiti-vs-brazil/1ny7ix#4667767,Brazil vs Haiti (2026-06-20T00:30:00.000Z),Brazil,Haiti,2026-06-20T00:30:00.000Z,,Philadelphia Stadium,Alejandro José Hernández Hernández,Full time,3,0,Brazil,Haiti,home,Ederson,23,unused_bench,Keeper,,,
4667767,haiti-vs-brazil,https://www.fotmob.com/matches/haiti-vs-brazil/1ny7ix#4667767,Brazil vs Haiti (2026-06-20T00:30:00.000Z),Brazil,Haiti,2026-06-20T00:30:00.000Z,,Philadelphia Stadium,Alejandro José Hernández Hernández,Full time,3,0,Haiti,Brazil,away,Weverton,12,unused_bench,Keeper,,,
4667767,haiti-vs-brazil,https://www.fotmob.com/matches/haiti-vs-brazil/1ny7ix#4667767,Brazil vs Haiti (2026-06-20T00:30:00.000Z),Brazil,Haiti,2026-06-20T00:30:00.000Z,,Philadelphia Stadium,Alejandro José Hernández Hernández,Full time,3,0,Haiti,Brazil,away,Alex Sandro,6,unused_bench,Defender,,,
4667767,haiti-vs-brazil,https://www.fotmob.com/matches/haiti-vs-brazil/1ny7ix#4667767,Brazil vs Haiti (2026-06-20T00:30:00.000Z),Brazil,Haiti,2026-06-20T00:30:00.000Z,,Philadelphia Stadium,Alejandro José Hernández Hernández,Full time,3,0,Haiti,Brazil,away,Gleison Bremer,14,unused_bench,Defender,,,
4667767,haiti-vs-brazil,https://www.fotmob.com/matches/haiti-vs-brazil/1ny7ix#4667767,Brazil vs Haiti (2026-06-20T00:30:00.000Z),Brazil,Haiti,2026-06-20T00:30:00.000Z,,Philadelphia Stadium,Alejandro José Hernández Hernández,Full time,3,0,Haiti,Brazil,away,Léo Pereira,15,unused_bench,Defender,,,
4667767,haiti-vs-brazil,https://www.fotmob.com/matches/haiti-vs-brazil/1ny7ix#4667767,Brazil vs Haiti (2026-06-20T00:30:00.000Z),Brazil,Haiti,2026-06-20T00:30:00.000Z,,Philadelphia Stadium,Alejandro José Hernández Hernández,Full time,3,0,Haiti,Brazil,away,Roger Ibañez,24,unused_bench,Defender,,,
4667767,haiti-vs-brazil,https://www.fotmob.com/matches/haiti-vs-brazil/1ny7ix#4667767,Brazil vs Haiti (2026-06-20T00:30:00.000Z),Brazil,Haiti,2026-06-20T00:30:00.000Z,,Philadelphia Stadium,Alejandro José Hernández Hernández,Full time,3,0,Haiti,Brazil,away,Fabinho,17,unused_bench,Midfielder,,,
4667767,haiti-vs-brazil,https://www.fotmob.com/matches/haiti-vs-brazil/1ny7ix#4667767,Brazil vs Haiti (2026-06-20T00:30:00.000Z),Brazil,Haiti,2026-06-20T00:30:00.000Z,,Philadelphia Stadium,Alejandro José Hernández Hernández,Full time,3,0,Haiti,Brazil,away,Igor Thiago,25,unused_bench,Attacker,,,
4667767,haiti-vs-brazil,https://www.fotmob.com/matches/haiti-vs-brazil/1ny7ix#4667767,Brazil vs Haiti (2026-06-20T00:30:00.000Z),Brazil,Haiti,2026-06-20T00:30:00.000Z,,Philadelphia Stadium,Alejandro José Hernández Hernández,Full time,3,0,Haiti,Brazil,away,Luiz Henrique,21,unused_bench,Attacker,,,
4667767,haiti-vs-brazil,https://www.fotmob.com/matches/haiti-vs-brazil/1ny7ix#4667767,Brazil vs Haiti (2026-06-20T00:30:00.000Z),Brazil,Haiti,2026-06-20T00:30:00.000Z,,Philadelphia Stadium,Alejandro José Hernández Hernández,Full time,3,0,Haiti,Brazil,away,Alexandre Pierre,12,unused_bench,Keeper,,,
4667767,haiti-vs-brazil,https://www.fotmob.com/matches/haiti-vs-brazil/1ny7ix#4667767,Brazil vs Haiti (2026-06-20T00:30:00.000Z),Brazil,Haiti,2026-06-20T00:30:00.000Z,,Philadelphia Stadium,Alejandro José Hernández Hernández,Full time,3,0,Haiti,Brazil,away,Josué Duverger,23,unused_bench,Keeper,,,
4667767,haiti-vs-brazil,https://www.fotmob.com/matches/haiti-vs-brazil/1ny7ix#4667767,Brazil vs Haiti (2026-06-20T00:30:00.000Z),Brazil,Haiti,2026-06-20T00:30:00.000Z,,Philadelphia Stadium,Alejandro José Hernández Hernández,Full time,3,0,Haiti,Brazil,away,Carl Sainté,6,unused_bench,Defender,,,
4667767,haiti-vs-brazil,https://www.fotmob.com/matches/haiti-vs-brazil/1ny7ix#4667767,Brazil vs Haiti (2026-06-20T00:30:00.000Z),Brazil,Haiti,2026-06-20T00:30:00.000Z,,Philadelphia Stadium,Alejandro José Hernández Hernández,Full time,3,0,Haiti,Brazil,away,Duke Lacroix,13,unused_bench,Defender,,,
4667767,haiti-vs-brazil,https://www.fotmob.com/matches/haiti-vs-brazil/1ny7ix#4667767,Brazil vs Haiti (2026-06-20T00:30:00.000Z),Brazil,Haiti,2026-06-20T00:30:00.000Z,,Philadelphia Stadium,Alejandro José Hernández Hernández,Full time,3,0,Haiti,Brazil,away,Garven Metusala,14,unused_bench,Defender,,,
4667767,haiti-vs-brazil,https://www.fotmob.com/matches/haiti-vs-brazil/1ny7ix#4667767,Brazil vs Haiti (2026-06-20T00:30:00.000Z),Brazil,Haiti,2026-06-20T00:30:00.000Z,,Philadelphia Stadium,Alejandro José Hernández Hernández,Full time,3,0,Haiti,Brazil,away,Keeto Thermoncy,3,unused_bench,Defender,,,
4667767,haiti-vs-brazil,https://www.fotmob.com/matches/haiti-vs-brazil/1ny7ix#4667767,Brazil vs Haiti (2026-06-20T00:30:00.000Z),Brazil,Haiti,2026-06-20T00:30:00.000Z,,Philadelphia Stadium,Alejandro José Hernández Hernández,Full time,3,0,Haiti,Brazil,away,Olivier Pierre,26,unused_bench,Midfielder,,,
4667767,haiti-vs-brazil,https://www.fotmob.com/matches/haiti-vs-brazil/1ny7ix#4667767,Brazil vs Haiti (2026-06-20T00:30:00.000Z),Brazil,Haiti,2026-06-20T00:30:00.000Z,,Philadelphia Stadium,Alejandro José Hernández Hernández,Full time,3,0,Haiti,Brazil,away,Wilguens Paugain,24,unused_bench,Midfielder,,,
4667767,haiti-vs-brazil,https://www.fotmob.com/matches/haiti-vs-brazil/1ny7ix#4667767,Brazil vs Haiti (2026-06-20T00:30:00.000Z),Brazil,Haiti,2026-06-20T00:30:00.000Z,,Philadelphia Stadium,Alejandro José Hernández Hernández,Full time,3,0,Haiti,Brazil,away,Duckens Nazon,9,unused_bench,Attacker,,,
4667767,haiti-vs-brazil,https://www.fotmob.com/matches/haiti-vs-brazil/1ny7ix#4667767,Brazil vs Haiti (2026-06-20T00:30:00.000Z),Brazil,Haiti,2026-06-20T00:30:00.000Z,,Philadelphia Stadium,Alejandro José Hernández Hernández,Full time,3,0,Haiti,Brazil,away,Yassin Fortuné,19,unused_bench,Attacker,,,
4667766,morocco-vs-scotland,https://www.fotmob.com/matches/morocco-vs-scotland/1sv292#4667766,Scotland vs Morocco (2026-06-19T22:00:00.000Z),Scotland,Morocco,2026-06-19T22:00:00.000Z,,Boston Stadium,Ilgiz Tantashev,Full time,0,1,Scotland,Morocco,home,Ben Gannon-Doak,17,used_substitute,Attacker,6.1,60.0,
4667766,morocco-vs-scotland,https://www.fotmob.com/matches/morocco-vs-scotland/1sv292#4667766,Scotland vs Morocco (2026-06-19T22:00:00.000Z),Scotland,Morocco,2026-06-19T22:00:00.000Z,,Boston Stadium,Ilgiz Tantashev,Full time,0,1,Scotland,Morocco,home,Kenny McLean,23,used_substitute,Midfielder,6.4,71.0,
4667766,morocco-vs-scotland,https://www.fotmob.com/matches/morocco-vs-scotland/1sv292#4667766,Scotland vs Morocco (2026-06-19T22:00:00.000Z),Scotland,Morocco,2026-06-19T22:00:00.000Z,,Boston Stadium,Ilgiz Tantashev,Full time,0,1,Scotland,Morocco,home,Lyndon Dykes,9,used_substitute,Attacker,6.0,71.0,
4667766,morocco-vs-scotland,https://www.fotmob.com/matches/morocco-vs-scotland/1sv292#4667766,Scotland vs Morocco (2026-06-19T22:00:00.000Z),Scotland,Morocco,2026-06-19T22:00:00.000Z,,Boston Stadium,Ilgiz Tantashev,Full time,0,1,Scotland,Morocco,home,Anthony Ralston,24,used_substitute,Defender,,88.0,
4667766,morocco-vs-scotland,https://www.fotmob.com/matches/morocco-vs-scotland/1sv292#4667766,Scotland vs Morocco (2026-06-19T22:00:00.000Z),Scotland,Morocco,2026-06-19T22:00:00.000Z,,Boston Stadium,Ilgiz Tantashev,Full time,0,1,Scotland,Morocco,home,Ross Stewart,14,used_substitute,Attacker,,88.0,
4667766,morocco-vs-scotland,https://www.fotmob.com/matches/morocco-vs-scotland/1sv292#4667766,Scotland vs Morocco (2026-06-19T22:00:00.000Z),Scotland,Morocco,2026-06-19T22:00:00.000Z,,Boston Stadium,Ilgiz Tantashev,Full time,0,1,Morocco,Scotland,away,Ayoube Amaimouni-Echghouyab,21,used_substitute,Attacker,,83.0,
4667766,morocco-vs-scotland,https://www.fotmob.com/matches/morocco-vs-scotland/1sv292#4667766,Scotland vs Morocco (2026-06-19T22:00:00.000Z),Scotland,Morocco,2026-06-19T22:00:00.000Z,,Boston Stadium,Ilgiz Tantashev,Full time,0,1,Morocco,Scotland,away,Chemsdine Talbi,7,used_substitute,Attacker,,83.0,
4667766,morocco-vs-scotland,https://www.fotmob.com/matches/morocco-vs-scotland/1sv292#4667766,Scotland vs Morocco (2026-06-19T22:00:00.000Z),Scotland,Morocco,2026-06-19T22:00:00.000Z,,Boston Stadium,Ilgiz Tantashev,Full time,0,1,Morocco,Scotland,away,Soufiane Rahimi,9,used_substitute,Attacker,,83.0,
4667766,morocco-vs-scotland,https://www.fotmob.com/matches/morocco-vs-scotland/1sv292#4667766,Scotland vs Morocco (2026-06-19T22:00:00.000Z),Scotland,Morocco,2026-06-19T22:00:00.000Z,,Boston Stadium,Ilgiz Tantashev,Full time,0,1,Morocco,Scotland,away,Samir El Mourabet,15,used_substitute,Midfielder,,90.0,
4667766,morocco-vs-scotland,https://www.fotmob.com/matches/morocco-vs-scotland/1sv292#4667766,Scotland vs Morocco (2026-06-19T22:00:00.000Z),Scotland,Morocco,2026-06-19T22:00:00.000Z,,Boston Stadium,Ilgiz Tantashev,Full time,0,1,Scotland,Morocco,home,Craig Gordon,21,unused_bench,Keeper,,,
4667766,morocco-vs-scotland,https://www.fotmob.com/matches/morocco-vs-scotland/1sv292#4667766,Scotland vs Morocco (2026-06-19T22:00:00.000Z),Scotland,Morocco,2026-06-19T22:00:00.000Z,,Boston Stadium,Ilgiz Tantashev,Full time,0,1,Morocco,Scotland,away,Liam Kelly,12,unused_bench,Keeper,,,
4667766,morocco-vs-scotland,https://www.fotmob.com/matches/morocco-vs-scotland/1sv292#4667766,Scotland vs Morocco (2026-06-19T22:00:00.000Z),Scotland,Morocco,2026-06-19T22:00:00.000Z,,Boston Stadium,Ilgiz Tantashev,Full time,0,1,Morocco,Scotland,away,Aaron Hickey,2,unused_bench,Defender,,,
4667766,morocco-vs-scotland,https://www.fotmob.com/matches/morocco-vs-scotland/1sv292#4667766,Scotland vs Morocco (2026-06-19T22:00:00.000Z),Scotland,Morocco,2026-06-19T22:00:00.000Z,,Boston Stadium,Ilgiz Tantashev,Full time,0,1,Morocco,Scotland,away,Dominic Hyam,16,unused_bench,Defender,,,
4667766,morocco-vs-scotland,https://www.fotmob.com/matches/morocco-vs-scotland/1sv292#4667766,Scotland vs Morocco (2026-06-19T22:00:00.000Z),Scotland,Morocco,2026-06-19T22:00:00.000Z,,Boston Stadium,Ilgiz Tantashev,Full time,0,1,Morocco,Scotland,away,John Souttar,15,unused_bench,Defender,,,
4667766,morocco-vs-scotland,https://www.fotmob.com/matches/morocco-vs-scotland/1sv292#4667766,Scotland vs Morocco (2026-06-19T22:00:00.000Z),Scotland,Morocco,2026-06-19T22:00:00.000Z,,Boston Stadium,Ilgiz Tantashev,Full time,0,1,Morocco,Scotland,away,Scott McKenna,26,unused_bench,Defender,,,
4667766,morocco-vs-scotland,https://www.fotmob.com/matches/morocco-vs-scotland/1sv292#4667766,Scotland vs Morocco (2026-06-19T22:00:00.000Z),Scotland,Morocco,2026-06-19T22:00:00.000Z,,Boston Stadium,Ilgiz Tantashev,Full time,0,1,Morocco,Scotland,away,Findlay Curtis,25,unused_bench,Midfielder,,,
4667766,morocco-vs-scotland,https://www.fotmob.com/matches/morocco-vs-scotland/1sv292#4667766,Scotland vs Morocco (2026-06-19T22:00:00.000Z),Scotland,Morocco,2026-06-19T22:00:00.000Z,,Boston Stadium,Ilgiz Tantashev,Full time,0,1,Morocco,Scotland,away,Tyler Fletcher,8,unused_bench,Midfielder,,,
4667766,morocco-vs-scotland,https://www.fotmob.com/matches/morocco-vs-scotland/1sv292#4667766,Scotland vs Morocco (2026-06-19T22:00:00.000Z),Scotland,Morocco,2026-06-19T22:00:00.000Z,,Boston Stadium,Ilgiz Tantashev,Full time,0,1,Morocco,Scotland,away,George Hirst,18,unused_bench,Attacker,,,
4667766,morocco-vs-scotland,https://www.fotmob.com/matches/morocco-vs-scotland/1sv292#4667766,Scotland vs Morocco (2026-06-19T22:00:00.000Z),Scotland,Morocco,2026-06-19T22:00:00.000Z,,Boston Stadium,Ilgiz Tantashev,Full time,0,1,Morocco,Scotland,away,Lawrence Shankland,20,unused_bench,Attacker,,,
4667766,morocco-vs-scotland,https://www.fotmob.com/matches/morocco-vs-scotland/1sv292#4667766,Scotland vs Morocco (2026-06-19T22:00:00.000Z),Scotland,Morocco,2026-06-19T22:00:00.000Z,,Boston Stadium,Ilgiz Tantashev,Full time,0,1,Morocco,Scotland,away,Ahmed Tagnaouti,22,unused_bench,Keeper,,,
4667766,morocco-vs-scotland,https://www.fotmob.com/matches/morocco-vs-scotland/1sv292#4667766,Scotland vs Morocco (2026-06-19T22:00:00.000Z),Scotland,Morocco,2026-06-19T22:00:00.000Z,,Boston Stadium,Ilgiz Tantashev,Full time,0,1,Morocco,Scotland,away,Munir,12,unused_bench,Keeper,,,
4667766,morocco-vs-scotland,https://www.fotmob.com/matches/morocco-vs-scotland/1sv292#4667766,Scotland vs Morocco (2026-06-19T22:00:00.000Z),Scotland,Morocco,2026-06-19T22:00:00.000Z,,Boston Stadium,Ilgiz Tantashev,Full time,0,1,Morocco,Scotland,away,Anass Salah-Eddine,26,unused_bench,Defender,,,
4667766,morocco-vs-scotland,https://www.fotmob.com/matches/morocco-vs-scotland/1sv292#4667766,Scotland vs Morocco (2026-06-19T22:00:00.000Z),Scotland,Morocco,2026-06-19T22:00:00.000Z,,Boston Stadium,Ilgiz Tantashev,Full time,0,1,Morocco,Scotland,away,Marwane Saadane,5,unused_bench,Defender,,,
4667766,morocco-vs-scotland,https://www.fotmob.com/matches/morocco-vs-scotland/1sv292#4667766,Scotland vs Morocco (2026-06-19T22:00:00.000Z),Scotland,Morocco,2026-06-19T22:00:00.000Z,,Boston Stadium,Ilgiz Tantashev,Full time,0,1,Morocco,Scotland,away,Redouane Halhal,25,unused_bench,Defender,,,
4667766,morocco-vs-scotland,https://www.fotmob.com/matches/morocco-vs-scotland/1sv292#4667766,Scotland vs Morocco (2026-06-19T22:00:00.000Z),Scotland,Morocco,2026-06-19T22:00:00.000Z,,Boston Stadium,Ilgiz Tantashev,Full time,0,1,Morocco,Scotland,away,Youssef Belammari,19,unused_bench,Defender,,,
4667766,morocco-vs-scotland,https://www.fotmob.com/matches/morocco-vs-scotland/1sv292#4667766,Scotland vs Morocco (2026-06-19T22:00:00.000Z),Scotland,Morocco,2026-06-19T22:00:00.000Z,,Boston Stadium,Ilgiz Tantashev,Full time,0,1,Morocco,Scotland,away,Zakaria El Ouahdi,13,unused_bench,Defender,,,
4667766,morocco-vs-scotland,https://www.fotmob.com/matches/morocco-vs-scotland/1sv292#4667766,Scotland vs Morocco (2026-06-19T22:00:00.000Z),Scotland,Morocco,2026-06-19T22:00:00.000Z,,Boston Stadium,Ilgiz Tantashev,Full time,0,1,Morocco,Scotland,away,Sofyan Amrabat,4,unused_bench,Midfielder,,,
4667766,morocco-vs-scotland,https://www.fotmob.com/matches/morocco-vs-scotland/1sv292#4667766,Scotland vs Morocco (2026-06-19T22:00:00.000Z),Scotland,Morocco,2026-06-19T22:00:00.000Z,,Boston Stadium,Ilgiz Tantashev,Full time,0,1,Morocco,Scotland,away,Amine Sbaï,17,unused_bench,Attacker,,,
4667766,morocco-vs-scotland,https://www.fotmob.com/matches/morocco-vs-scotland/1sv292#4667766,Scotland vs Morocco (2026-06-19T22:00:00.000Z),Scotland,Morocco,2026-06-19T22:00:00.000Z,,Boston Stadium,Ilgiz Tantashev,Full time,0,1,Morocco,Scotland,away,Ayoub El Kaabi,20,unused_bench,Attacker,,,
4667766,morocco-vs-scotland,https://www.fotmob.com/matches/morocco-vs-scotland/1sv292#4667766,Scotland vs Morocco (2026-06-19T22:00:00.000Z),Scotland,Morocco,2026-06-19T22:00:00.000Z,,Boston Stadium,Ilgiz Tantashev,Full time,0,1,Morocco,Scotland,away,Gessime Yassine,16,unused_bench,Attacker,,,
4667774,usa-vs-australia,https://www.fotmob.com/matches/usa-vs-australia/1hox83#4667774,USA vs Australia (2026-06-19T19:00:00.000Z),USA,Australia,2026-06-19T19:00:00.000Z,,Seattle Stadium,Felix Zwayer,Full time,2,0,USA,Australia,home,Sebastian Berhalter,14,used_substitute,Midfielder,6.4,74.0,
4667774,usa-vs-australia,https://www.fotmob.com/matches/usa-vs-australia/1hox83#4667774,USA vs Australia (2026-06-19T19:00:00.000Z),USA,Australia,2026-06-19T19:00:00.000Z,,Seattle Stadium,Felix Zwayer,Full time,2,0,USA,Australia,home,Auston Trusty,6,used_substitute,Defender,6.2,80.0,
4667774,usa-vs-australia,https://www.fotmob.com/matches/usa-vs-australia/1hox83#4667774,USA vs Australia (2026-06-19T19:00:00.000Z),USA,Australia,2026-06-19T19:00:00.000Z,,Seattle Stadium,Felix Zwayer,Full time,2,0,USA,Australia,home,Joseph Scally,23,used_substitute,Defender,6.3,80.0,
4667774,usa-vs-australia,https://www.fotmob.com/matches/usa-vs-australia/1hox83#4667774,USA vs Australia (2026-06-19T19:00:00.000Z),USA,Australia,2026-06-19T19:00:00.000Z,,Seattle Stadium,Felix Zwayer,Full time,2,0,USA,Australia,home,Giovanni Reyna,7,used_substitute,Midfielder,,90.0,
4667774,usa-vs-australia,https://www.fotmob.com/matches/usa-vs-australia/1hox83#4667774,USA vs Australia (2026-06-19T19:00:00.000Z),USA,Australia,2026-06-19T19:00:00.000Z,,Seattle Stadium,Felix Zwayer,Full time,2,0,USA,Australia,home,Haji Wright,19,used_substitute,Attacker,,90.0,
4667774,usa-vs-australia,https://www.fotmob.com/matches/usa-vs-australia/1hox83#4667774,USA vs Australia (2026-06-19T19:00:00.000Z),USA,Australia,2026-06-19T19:00:00.000Z,,Seattle Stadium,Felix Zwayer,Full time,2,0,Australia,USA,away,Jason Geria,6,used_substitute,Defender,6.2,46.0,
4667774,usa-vs-australia,https://www.fotmob.com/matches/usa-vs-australia/1hox83#4667774,USA vs Australia (2026-06-19T19:00:00.000Z),USA,Australia,2026-06-19T19:00:00.000Z,,Seattle Stadium,Felix Zwayer,Full time,2,0,Australia,USA,away,Connor Metcalfe,8,used_substitute,Midfielder,6.4,46.0,
4667774,usa-vs-australia,https://www.fotmob.com/matches/usa-vs-australia/1hox83#4667774,USA vs Australia (2026-06-19T19:00:00.000Z),USA,Australia,2026-06-19T19:00:00.000Z,,Seattle Stadium,Felix Zwayer,Full time,2,0,Australia,USA,away,Nestory Irankunda,17,used_substitute,Midfielder,6.3,46.0,
4667774,usa-vs-australia,https://www.fotmob.com/matches/usa-vs-australia/1hox83#4667774,USA vs Australia (2026-06-19T19:00:00.000Z),USA,Australia,2026-06-19T19:00:00.000Z,,Seattle Stadium,Felix Zwayer,Full time,2,0,Australia,USA,away,Cristian Volpato,20,used_substitute,Attacker,6.8,61.0,
4667774,usa-vs-australia,https://www.fotmob.com/matches/usa-vs-australia/1hox83#4667774,USA vs Australia (2026-06-19T19:00:00.000Z),USA,Australia,2026-06-19T19:00:00.000Z,,Seattle Stadium,Felix Zwayer,Full time,2,0,Australia,USA,away,Jackson Irvine,22,used_substitute,Midfielder,6.3,78.0,
4667774,usa-vs-australia,https://www.fotmob.com/matches/usa-vs-australia/1hox83#4667774,USA vs Australia (2026-06-19T19:00:00.000Z),USA,Australia,2026-06-19T19:00:00.000Z,,Seattle Stadium,Felix Zwayer,Full time,2,0,USA,Australia,home,Chris Brady,25,unused_bench,Keeper,,,
4667774,usa-vs-australia,https://www.fotmob.com/matches/usa-vs-australia/1hox83#4667774,USA vs Australia (2026-06-19T19:00:00.000Z),USA,Australia,2026-06-19T19:00:00.000Z,,Seattle Stadium,Felix Zwayer,Full time,2,0,Australia,USA,away,Matt Turner,1,unused_bench,Keeper,,,
4667774,usa-vs-australia,https://www.fotmob.com/matches/usa-vs-australia/1hox83#4667774,USA vs Australia (2026-06-19T19:00:00.000Z),USA,Australia,2026-06-19T19:00:00.000Z,,Seattle Stadium,Felix Zwayer,Full time,2,0,Australia,USA,away,Mark McKenzie,22,unused_bench,Defender,,,
4667774,usa-vs-australia,https://www.fotmob.com/matches/usa-vs-australia/1hox83#4667774,USA vs Australia (2026-06-19T19:00:00.000Z),USA,Australia,2026-06-19T19:00:00.000Z,,Seattle Stadium,Felix Zwayer,Full time,2,0,Australia,USA,away,Miles Robinson,12,unused_bench,Defender,,,
4667774,usa-vs-australia,https://www.fotmob.com/matches/usa-vs-australia/1hox83#4667774,USA vs Australia (2026-06-19T19:00:00.000Z),USA,Australia,2026-06-19T19:00:00.000Z,,Seattle Stadium,Felix Zwayer,Full time,2,0,Australia,USA,away,Brenden Aaronson,11,unused_bench,Midfielder,,,
4667774,usa-vs-australia,https://www.fotmob.com/matches/usa-vs-australia/1hox83#4667774,USA vs Australia (2026-06-19T19:00:00.000Z),USA,Australia,2026-06-19T19:00:00.000Z,,Seattle Stadium,Felix Zwayer,Full time,2,0,Australia,USA,away,Cristian Roldan,15,unused_bench,Midfielder,,,
4667774,usa-vs-australia,https://www.fotmob.com/matches/usa-vs-australia/1hox83#4667774,USA vs Australia (2026-06-19T19:00:00.000Z),USA,Australia,2026-06-19T19:00:00.000Z,,Seattle Stadium,Felix Zwayer,Full time,2,0,Australia,USA,away,Max Arfsten,18,unused_bench,Midfielder,,,
4667774,usa-vs-australia,https://www.fotmob.com/matches/usa-vs-australia/1hox83#4667774,USA vs Australia (2026-06-19T19:00:00.000Z),USA,Australia,2026-06-19T19:00:00.000Z,,Seattle Stadium,Felix Zwayer,Full time,2,0,Australia,USA,away,Timothy Weah,21,unused_bench,Midfielder,,,
4667774,usa-vs-australia,https://www.fotmob.com/matches/usa-vs-australia/1hox83#4667774,USA vs Australia (2026-06-19T19:00:00.000Z),USA,Australia,2026-06-19T19:00:00.000Z,,Seattle Stadium,Felix Zwayer,Full time,2,0,Australia,USA,away,Alex Zendejas,26,unused_bench,Attacker,,,
4667774,usa-vs-australia,https://www.fotmob.com/matches/usa-vs-australia/1hox83#4667774,USA vs Australia (2026-06-19T19:00:00.000Z),USA,Australia,2026-06-19T19:00:00.000Z,,Seattle Stadium,Felix Zwayer,Full time,2,0,Australia,USA,away,Mathew Ryan,1,unused_bench,Keeper,,,
4667774,usa-vs-australia,https://www.fotmob.com/matches/usa-vs-australia/1hox83#4667774,USA vs Australia (2026-06-19T19:00:00.000Z),USA,Australia,2026-06-19T19:00:00.000Z,,Seattle Stadium,Felix Zwayer,Full time,2,0,Australia,USA,away,Paul Izzo,12,unused_bench,Keeper,,,
4667774,usa-vs-australia,https://www.fotmob.com/matches/usa-vs-australia/1hox83#4667774,USA vs Australia (2026-06-19T19:00:00.000Z),USA,Australia,2026-06-19T19:00:00.000Z,,Seattle Stadium,Felix Zwayer,Full time,2,0,Australia,USA,away,Aziz Behich,16,unused_bench,Defender,,,
4667774,usa-vs-australia,https://www.fotmob.com/matches/usa-vs-australia/1hox83#4667774,USA vs Australia (2026-06-19T19:00:00.000Z),USA,Australia,2026-06-19T19:00:00.000Z,,Seattle Stadium,Felix Zwayer,Full time,2,0,Australia,USA,away,Lucas Herrington,25,unused_bench,Defender,,,
4667774,usa-vs-australia,https://www.fotmob.com/matches/usa-vs-australia/1hox83#4667774,USA vs Australia (2026-06-19T19:00:00.000Z),USA,Australia,2026-06-19T19:00:00.000Z,,Seattle Stadium,Felix Zwayer,Full time,2,0,Australia,USA,away,Milos Degenek,2,unused_bench,Defender,,,
4667774,usa-vs-australia,https://www.fotmob.com/matches/usa-vs-australia/1hox83#4667774,USA vs Australia (2026-06-19T19:00:00.000Z),USA,Australia,2026-06-19T19:00:00.000Z,,Seattle Stadium,Felix Zwayer,Full time,2,0,Australia,USA,away,Ajdin Hrustic,10,unused_bench,Midfielder,,,
4667774,usa-vs-australia,https://www.fotmob.com/matches/usa-vs-australia/1hox83#4667774,USA vs Australia (2026-06-19T19:00:00.000Z),USA,Australia,2026-06-19T19:00:00.000Z,,Seattle Stadium,Felix Zwayer,Full time,2,0,Australia,USA,away,Cameron Devlin,14,unused_bench,Midfielder,,,
4667774,usa-vs-australia,https://www.fotmob.com/matches/usa-vs-australia/1hox83#4667774,USA vs Australia (2026-06-19T19:00:00.000Z),USA,Australia,2026-06-19T19:00:00.000Z,,Seattle Stadium,Felix Zwayer,Full time,2,0,Australia,USA,away,Kai Trewin,15,unused_bench,Midfielder,,,
4667774,usa-vs-australia,https://www.fotmob.com/matches/usa-vs-australia/1hox83#4667774,USA vs Australia (2026-06-19T19:00:00.000Z),USA,Australia,2026-06-19T19:00:00.000Z,,Seattle Stadium,Felix Zwayer,Full time,2,0,Australia,USA,away,Awer Mabil,11,unused_bench,Attacker,,,
4667774,usa-vs-australia,https://www.fotmob.com/matches/usa-vs-australia/1hox83#4667774,USA vs Australia (2026-06-19T19:00:00.000Z),USA,Australia,2026-06-19T19:00:00.000Z,,Seattle Stadium,Felix Zwayer,Full time,2,0,Australia,USA,away,Tete Yengi,26,unused_bench,Attacker,,,
4667773,turkiye-vs-paraguay,https://www.fotmob.com/matches/turkiye-vs-paraguay/1gte1s#4667773,Turkiye vs Paraguay (2026-06-20T03:00:00.000Z),Turkiye,Paraguay,2026-06-20T03:00:00.000Z,,San Francisco Bay Area Stadium,Iván Arcides Barton Cisneros,Full time,0,1,Turkiye,Paraguay,home,Baris Alper Yilmaz,21,used_substitute,Attacker,6.3,46.0,
4667773,turkiye-vs-paraguay,https://www.fotmob.com/matches/turkiye-vs-paraguay/1gte1s#4667773,Turkiye vs Paraguay (2026-06-20T03:00:00.000Z),Turkiye,Paraguay,2026-06-20T03:00:00.000Z,,San Francisco Bay Area Stadium,Iván Arcides Barton Cisneros,Full time,0,1,Turkiye,Paraguay,home,Can Uzun,26,used_substitute,Midfielder,7.2,60.0,
4667773,turkiye-vs-paraguay,https://www.fotmob.com/matches/turkiye-vs-paraguay/1gte1s#4667773,Turkiye vs Paraguay (2026-06-20T03:00:00.000Z),Turkiye,Paraguay,2026-06-20T03:00:00.000Z,,San Francisco Bay Area Stadium,Iván Arcides Barton Cisneros,Full time,0,1,Turkiye,Paraguay,home,Deniz Gül,9,used_substitute,Attacker,5.8,60.0,
4667773,turkiye-vs-paraguay,https://www.fotmob.com/matches/turkiye-vs-paraguay/1gte1s#4667773,Turkiye vs Paraguay (2026-06-20T03:00:00.000Z),Turkiye,Paraguay,2026-06-20T03:00:00.000Z,,San Francisco Bay Area Stadium,Iván Arcides Barton Cisneros,Full time,0,1,Turkiye,Paraguay,home,Eren Elmali,13,used_substitute,Defender,6.4,71.0,
4667773,turkiye-vs-paraguay,https://www.fotmob.com/matches/turkiye-vs-paraguay/1gte1s#4667773,Turkiye vs Paraguay (2026-06-20T03:00:00.000Z),Turkiye,Paraguay,2026-06-20T03:00:00.000Z,,San Francisco Bay Area Stadium,Iván Arcides Barton Cisneros,Full time,0,1,Turkiye,Paraguay,home,Orkun Kökcü,6,used_substitute,Midfielder,,86.0,
4667773,turkiye-vs-paraguay,https://www.fotmob.com/matches/turkiye-vs-paraguay/1gte1s#4667773,Turkiye vs Paraguay (2026-06-20T03:00:00.000Z),Turkiye,Paraguay,2026-06-20T03:00:00.000Z,,San Francisco Bay Area Stadium,Iván Arcides Barton Cisneros,Full time,0,1,Paraguay,Turkiye,away,Damián Bobadilla,16,used_substitute,Midfielder,6.7,46.0,
4667773,turkiye-vs-paraguay,https://www.fotmob.com/matches/turkiye-vs-paraguay/1gte1s#4667773,Turkiye vs Paraguay (2026-06-20T03:00:00.000Z),Turkiye,Paraguay,2026-06-20T03:00:00.000Z,,San Francisco Bay Area Stadium,Iván Arcides Barton Cisneros,Full time,0,1,Paraguay,Turkiye,away,Gustavo Velázquez,2,used_substitute,Defender,6.2,67.0,
4667773,turkiye-vs-paraguay,https://www.fotmob.com/matches/turkiye-vs-paraguay/1gte1s#4667773,Turkiye vs Paraguay (2026-06-20T03:00:00.000Z),Turkiye,Paraguay,2026-06-20T03:00:00.000Z,,San Francisco Bay Area Stadium,Iván Arcides Barton Cisneros,Full time,0,1,Paraguay,Turkiye,away,Alexandro Maidana,26,used_substitute,Defender,,81.0,
4667773,turkiye-vs-paraguay,https://www.fotmob.com/matches/turkiye-vs-paraguay/1gte1s#4667773,Turkiye vs Paraguay (2026-06-20T03:00:00.000Z),Turkiye,Paraguay,2026-06-20T03:00:00.000Z,,San Francisco Bay Area Stadium,Iván Arcides Barton Cisneros,Full time,0,1,Paraguay,Turkiye,away,José Canale,13,used_substitute,Defender,,90.0,
4667773,turkiye-vs-paraguay,https://www.fotmob.com/matches/turkiye-vs-paraguay/1gte1s#4667773,Turkiye vs Paraguay (2026-06-20T03:00:00.000Z),Turkiye,Paraguay,2026-06-20T03:00:00.000Z,,San Francisco Bay Area Stadium,Iván Arcides Barton Cisneros,Full time,0,1,Paraguay,Turkiye,away,Gabriel Ávalos,21,used_substitute,Attacker,,90.0,
4667773,turkiye-vs-paraguay,https://www.fotmob.com/matches/turkiye-vs-paraguay/1gte1s#4667773,Turkiye vs Paraguay (2026-06-20T03:00:00.000Z),Turkiye,Paraguay,2026-06-20T03:00:00.000Z,,San Francisco Bay Area Stadium,Iván Arcides Barton Cisneros,Full time,0,1,Turkiye,Paraguay,home,Altay Bayindir,12,unused_bench,Keeper,,,
4667773,turkiye-vs-paraguay,https://www.fotmob.com/matches/turkiye-vs-paraguay/1gte1s#4667773,Turkiye vs Paraguay (2026-06-20T03:00:00.000Z),Turkiye,Paraguay,2026-06-20T03:00:00.000Z,,San Francisco Bay Area Stadium,Iván Arcides Barton Cisneros,Full time,0,1,Paraguay,Turkiye,away,Mert Günok,1,unused_bench,Keeper,,,
4667773,turkiye-vs-paraguay,https://www.fotmob.com/matches/turkiye-vs-paraguay/1gte1s#4667773,Turkiye vs Paraguay (2026-06-20T03:00:00.000Z),Turkiye,Paraguay,2026-06-20T03:00:00.000Z,,San Francisco Bay Area Stadium,Iván Arcides Barton Cisneros,Full time,0,1,Paraguay,Turkiye,away,Caglar Söyüncü,4,unused_bench,Defender,,,
4667773,turkiye-vs-paraguay,https://www.fotmob.com/matches/turkiye-vs-paraguay/1gte1s#4667773,Turkiye vs Paraguay (2026-06-20T03:00:00.000Z),Turkiye,Paraguay,2026-06-20T03:00:00.000Z,,San Francisco Bay Area Stadium,Iván Arcides Barton Cisneros,Full time,0,1,Paraguay,Turkiye,away,Kaan Ayhan,22,unused_bench,Defender,,,
4667773,turkiye-vs-paraguay,https://www.fotmob.com/matches/turkiye-vs-paraguay/1gte1s#4667773,Turkiye vs Paraguay (2026-06-20T03:00:00.000Z),Turkiye,Paraguay,2026-06-20T03:00:00.000Z,,San Francisco Bay Area Stadium,Iván Arcides Barton Cisneros,Full time,0,1,Paraguay,Turkiye,away,Ozan Kabak,15,unused_bench,Defender,,,
4667773,turkiye-vs-paraguay,https://www.fotmob.com/matches/turkiye-vs-paraguay/1gte1s#4667773,Turkiye vs Paraguay (2026-06-20T03:00:00.000Z),Turkiye,Paraguay,2026-06-20T03:00:00.000Z,,San Francisco Bay Area Stadium,Iván Arcides Barton Cisneros,Full time,0,1,Paraguay,Turkiye,away,Samet Akaydin,25,unused_bench,Defender,,,
4667773,turkiye-vs-paraguay,https://www.fotmob.com/matches/turkiye-vs-paraguay/1gte1s#4667773,Turkiye vs Paraguay (2026-06-20T03:00:00.000Z),Turkiye,Paraguay,2026-06-20T03:00:00.000Z,,San Francisco Bay Area Stadium,Iván Arcides Barton Cisneros,Full time,0,1,Paraguay,Turkiye,away,Zeki Çelik,2,unused_bench,Midfielder,,,
4667773,turkiye-vs-paraguay,https://www.fotmob.com/matches/turkiye-vs-paraguay/1gte1s#4667773,Turkiye vs Paraguay (2026-06-20T03:00:00.000Z),Turkiye,Paraguay,2026-06-20T03:00:00.000Z,,San Francisco Bay Area Stadium,Iván Arcides Barton Cisneros,Full time,0,1,Paraguay,Turkiye,away,Salih Özcan,5,unused_bench,Midfielder,,,
4667773,turkiye-vs-paraguay,https://www.fotmob.com/matches/turkiye-vs-paraguay/1gte1s#4667773,Turkiye vs Paraguay (2026-06-20T03:00:00.000Z),Turkiye,Paraguay,2026-06-20T03:00:00.000Z,,San Francisco Bay Area Stadium,Iván Arcides Barton Cisneros,Full time,0,1,Paraguay,Turkiye,away,Irfan Kahveci,17,unused_bench,Attacker,,,
4667773,turkiye-vs-paraguay,https://www.fotmob.com/matches/turkiye-vs-paraguay/1gte1s#4667773,Turkiye vs Paraguay (2026-06-20T03:00:00.000Z),Turkiye,Paraguay,2026-06-20T03:00:00.000Z,,San Francisco Bay Area Stadium,Iván Arcides Barton Cisneros,Full time,0,1,Paraguay,Turkiye,away,Oguz Aydin,24,unused_bench,Attacker,,,
4667773,turkiye-vs-paraguay,https://www.fotmob.com/matches/turkiye-vs-paraguay/1gte1s#4667773,Turkiye vs Paraguay (2026-06-20T03:00:00.000Z),Turkiye,Paraguay,2026-06-20T03:00:00.000Z,,San Francisco Bay Area Stadium,Iván Arcides Barton Cisneros,Full time,0,1,Paraguay,Turkiye,away,Gastón Olveira,22,unused_bench,Keeper,,,
4667773,turkiye-vs-paraguay,https://www.fotmob.com/matches/turkiye-vs-paraguay/1gte1s#4667773,Turkiye vs Paraguay (2026-06-20T03:00:00.000Z),Turkiye,Paraguay,2026-06-20T03:00:00.000Z,,San Francisco Bay Area Stadium,Iván Arcides Barton Cisneros,Full time,0,1,Paraguay,Turkiye,away,Roberto Fernández,1,unused_bench,Keeper,,,
4667773,turkiye-vs-paraguay,https://www.fotmob.com/matches/turkiye-vs-paraguay/1gte1s#4667773,Turkiye vs Paraguay (2026-06-20T03:00:00.000Z),Turkiye,Paraguay,2026-06-20T03:00:00.000Z,,San Francisco Bay Area Stadium,Iván Arcides Barton Cisneros,Full time,0,1,Paraguay,Turkiye,away,Fabián Balbuena,5,unused_bench,Defender,,,
4667773,turkiye-vs-paraguay,https://www.fotmob.com/matches/turkiye-vs-paraguay/1gte1s#4667773,Turkiye vs Paraguay (2026-06-20T03:00:00.000Z),Turkiye,Paraguay,2026-06-20T03:00:00.000Z,,San Francisco Bay Area Stadium,Iván Arcides Barton Cisneros,Full time,0,1,Paraguay,Turkiye,away,Alejandro Romero,17,unused_bench,Midfielder,,,
4667773,turkiye-vs-paraguay,https://www.fotmob.com/matches/turkiye-vs-paraguay/1gte1s#4667773,Turkiye vs Paraguay (2026-06-20T03:00:00.000Z),Turkiye,Paraguay,2026-06-20T03:00:00.000Z,,San Francisco Bay Area Stadium,Iván Arcides Barton Cisneros,Full time,0,1,Paraguay,Turkiye,away,Braian Ojeda,20,unused_bench,Midfielder,,,
4667773,turkiye-vs-paraguay,https://www.fotmob.com/matches/turkiye-vs-paraguay/1gte1s#4667773,Turkiye vs Paraguay (2026-06-20T03:00:00.000Z),Turkiye,Paraguay,2026-06-20T03:00:00.000Z,,San Francisco Bay Area Stadium,Iván Arcides Barton Cisneros,Full time,0,1,Paraguay,Turkiye,away,Mauricio,11,unused_bench,Midfielder,,,
4667773,turkiye-vs-paraguay,https://www.fotmob.com/matches/turkiye-vs-paraguay/1gte1s#4667773,Turkiye vs Paraguay (2026-06-20T03:00:00.000Z),Turkiye,Paraguay,2026-06-20T03:00:00.000Z,,San Francisco Bay Area Stadium,Iván Arcides Barton Cisneros,Full time,0,1,Paraguay,Turkiye,away,Álex Arce,18,unused_bench,Attacker,,,
4667773,turkiye-vs-paraguay,https://www.fotmob.com/matches/turkiye-vs-paraguay/1gte1s#4667773,Turkiye vs Paraguay (2026-06-20T03:00:00.000Z),Turkiye,Paraguay,2026-06-20T03:00:00.000Z,,San Francisco Bay Area Stadium,Iván Arcides Barton Cisneros,Full time,0,1,Paraguay,Turkiye,away,Antonio Sanabria,9,unused_bench,Attacker,,,
4667773,turkiye-vs-paraguay,https://www.fotmob.com/matches/turkiye-vs-paraguay/1gte1s#4667773,Turkiye vs Paraguay (2026-06-20T03:00:00.000Z),Turkiye,Paraguay,2026-06-20T03:00:00.000Z,,San Francisco Bay Area Stadium,Iván Arcides Barton Cisneros,Full time,0,1,Paraguay,Turkiye,away,Gustavo Caballero,24,unused_bench,Attacker,,,
4667773,turkiye-vs-paraguay,https://www.fotmob.com/matches/turkiye-vs-paraguay/1gte1s#4667773,Turkiye vs Paraguay (2026-06-20T03:00:00.000Z),Turkiye,Paraguay,2026-06-20T03:00:00.000Z,,San Francisco Bay Area Stadium,Iván Arcides Barton Cisneros,Full time,0,1,Paraguay,Turkiye,away,Ramón Sosa,7,unused_bench,Attacker,,,
4667780,ivory-coast-vs-germany,https://www.fotmob.com/matches/ivory-coast-vs-germany/1xi59e#4667780,Germany vs Ivory Coast (2026-06-20T20:00:00.000Z),Germany,Ivory Coast,2026-06-20T20:00:00.000Z,,Toronto Stadium,Juan Gabriel Benítez Mareco,Full time,2,1,Germany,Ivory Coast,home,Antonio Rüdiger,2,used_substitute,Defender,6.5,46.0,
4667780,ivory-coast-vs-germany,https://www.fotmob.com/matches/ivory-coast-vs-germany/1xi59e#4667780,Germany vs Ivory Coast (2026-06-20T20:00:00.000Z),Germany,Ivory Coast,2026-06-20T20:00:00.000Z,,Toronto Stadium,Juan Gabriel Benítez Mareco,Full time,2,1,Germany,Ivory Coast,home,Nadiem Amiri,20,used_substitute,Midfielder,7.2,60.0,
4667780,ivory-coast-vs-germany,https://www.fotmob.com/matches/ivory-coast-vs-germany/1xi59e#4667780,Germany vs Ivory Coast (2026-06-20T20:00:00.000Z),Germany,Ivory Coast,2026-06-20T20:00:00.000Z,,Toronto Stadium,Juan Gabriel Benítez Mareco,Full time,2,1,Germany,Ivory Coast,home,Deniz Undav,26,used_substitute,Attacker,8.7,60.0,
4667780,ivory-coast-vs-germany,https://www.fotmob.com/matches/ivory-coast-vs-germany/1xi59e#4667780,Germany vs Ivory Coast (2026-06-20T20:00:00.000Z),Germany,Ivory Coast,2026-06-20T20:00:00.000Z,,Toronto Stadium,Juan Gabriel Benítez Mareco,Full time,2,1,Germany,Ivory Coast,home,Jamie Leweling,9,used_substitute,Attacker,6.4,60.0,
4667780,ivory-coast-vs-germany,https://www.fotmob.com/matches/ivory-coast-vs-germany/1xi59e#4667780,Germany vs Ivory Coast (2026-06-20T20:00:00.000Z),Germany,Ivory Coast,2026-06-20T20:00:00.000Z,,Toronto Stadium,Juan Gabriel Benítez Mareco,Full time,2,1,Germany,Ivory Coast,home,Leon Goretzka,8,used_substitute,Midfielder,,85.0,
4667780,ivory-coast-vs-germany,https://www.fotmob.com/matches/ivory-coast-vs-germany/1xi59e#4667780,Germany vs Ivory Coast (2026-06-20T20:00:00.000Z),Germany,Ivory Coast,2026-06-20T20:00:00.000Z,,Toronto Stadium,Juan Gabriel Benítez Mareco,Full time,2,1,Ivory Coast,Germany,away,Seko Fofana,6,used_substitute,Midfielder,6.0,75.0,
4667780,ivory-coast-vs-germany,https://www.fotmob.com/matches/ivory-coast-vs-germany/1xi59e#4667780,Germany vs Ivory Coast (2026-06-20T20:00:00.000Z),Germany,Ivory Coast,2026-06-20T20:00:00.000Z,,Toronto Stadium,Juan Gabriel Benítez Mareco,Full time,2,1,Ivory Coast,Germany,away,Evann Guessand,22,used_substitute,Attacker,5.9,75.0,
4667780,ivory-coast-vs-germany,https://www.fotmob.com/matches/ivory-coast-vs-germany/1xi59e#4667780,Germany vs Ivory Coast (2026-06-20T20:00:00.000Z),Germany,Ivory Coast,2026-06-20T20:00:00.000Z,,Toronto Stadium,Juan Gabriel Benítez Mareco,Full time,2,1,Ivory Coast,Germany,away,Simon Adingra,10,used_substitute,Attacker,6.1,75.0,
4667780,ivory-coast-vs-germany,https://www.fotmob.com/matches/ivory-coast-vs-germany/1xi59e#4667780,Germany vs Ivory Coast (2026-06-20T20:00:00.000Z),Germany,Ivory Coast,2026-06-20T20:00:00.000Z,,Toronto Stadium,Juan Gabriel Benítez Mareco,Full time,2,1,Ivory Coast,Germany,away,Guéla Doué,17,used_substitute,Defender,,82.0,
4667780,ivory-coast-vs-germany,https://www.fotmob.com/matches/ivory-coast-vs-germany/1xi59e#4667780,Germany vs Ivory Coast (2026-06-20T20:00:00.000Z),Germany,Ivory Coast,2026-06-20T20:00:00.000Z,,Toronto Stadium,Juan Gabriel Benítez Mareco,Full time,2,1,Ivory Coast,Germany,away,Nicolas Pépé,19,used_substitute,Midfielder,,85.0,
4667780,ivory-coast-vs-germany,https://www.fotmob.com/matches/ivory-coast-vs-germany/1xi59e#4667780,Germany vs Ivory Coast (2026-06-20T20:00:00.000Z),Germany,Ivory Coast,2026-06-20T20:00:00.000Z,,Toronto Stadium,Juan Gabriel Benítez Mareco,Full time,2,1,Germany,Ivory Coast,home,Alexander Nübel,21,unused_bench,Keeper,,,
4667780,ivory-coast-vs-germany,https://www.fotmob.com/matches/ivory-coast-vs-germany/1xi59e#4667780,Germany vs Ivory Coast (2026-06-20T20:00:00.000Z),Germany,Ivory Coast,2026-06-20T20:00:00.000Z,,Toronto Stadium,Juan Gabriel Benítez Mareco,Full time,2,1,Ivory Coast,Germany,away,Oliver Baumann,12,unused_bench,Keeper,,,
4667780,ivory-coast-vs-germany,https://www.fotmob.com/matches/ivory-coast-vs-germany/1xi59e#4667780,Germany vs Ivory Coast (2026-06-20T20:00:00.000Z),Germany,Ivory Coast,2026-06-20T20:00:00.000Z,,Toronto Stadium,Juan Gabriel Benítez Mareco,Full time,2,1,Ivory Coast,Germany,away,David Raum,22,unused_bench,Defender,,,
4667780,ivory-coast-vs-germany,https://www.fotmob.com/matches/ivory-coast-vs-germany/1xi59e#4667780,Germany vs Ivory Coast (2026-06-20T20:00:00.000Z),Germany,Ivory Coast,2026-06-20T20:00:00.000Z,,Toronto Stadium,Juan Gabriel Benítez Mareco,Full time,2,1,Ivory Coast,Germany,away,Malick Thiaw,24,unused_bench,Defender,,,
4667780,ivory-coast-vs-germany,https://www.fotmob.com/matches/ivory-coast-vs-germany/1xi59e#4667780,Germany vs Ivory Coast (2026-06-20T20:00:00.000Z),Germany,Ivory Coast,2026-06-20T20:00:00.000Z,,Toronto Stadium,Juan Gabriel Benítez Mareco,Full time,2,1,Ivory Coast,Germany,away,Waldemar Anton,3,unused_bench,Defender,,,
4667780,ivory-coast-vs-germany,https://www.fotmob.com/matches/ivory-coast-vs-germany/1xi59e#4667780,Germany vs Ivory Coast (2026-06-20T20:00:00.000Z),Germany,Ivory Coast,2026-06-20T20:00:00.000Z,,Toronto Stadium,Juan Gabriel Benítez Mareco,Full time,2,1,Ivory Coast,Germany,away,Angelo Stiller,16,unused_bench,Midfielder,,,
4667780,ivory-coast-vs-germany,https://www.fotmob.com/matches/ivory-coast-vs-germany/1xi59e#4667780,Germany vs Ivory Coast (2026-06-20T20:00:00.000Z),Germany,Ivory Coast,2026-06-20T20:00:00.000Z,,Toronto Stadium,Juan Gabriel Benítez Mareco,Full time,2,1,Ivory Coast,Germany,away,Assan Ouédraogo,25,unused_bench,Midfielder,,,
4667780,ivory-coast-vs-germany,https://www.fotmob.com/matches/ivory-coast-vs-germany/1xi59e#4667780,Germany vs Ivory Coast (2026-06-20T20:00:00.000Z),Germany,Ivory Coast,2026-06-20T20:00:00.000Z,,Toronto Stadium,Juan Gabriel Benítez Mareco,Full time,2,1,Ivory Coast,Germany,away,Maximilian Beier,14,unused_bench,Midfielder,,,
4667780,ivory-coast-vs-germany,https://www.fotmob.com/matches/ivory-coast-vs-germany/1xi59e#4667780,Germany vs Ivory Coast (2026-06-20T20:00:00.000Z),Germany,Ivory Coast,2026-06-20T20:00:00.000Z,,Toronto Stadium,Juan Gabriel Benítez Mareco,Full time,2,1,Ivory Coast,Germany,away,Pascal Groß,13,unused_bench,Midfielder,,,
4667780,ivory-coast-vs-germany,https://www.fotmob.com/matches/ivory-coast-vs-germany/1xi59e#4667780,Germany vs Ivory Coast (2026-06-20T20:00:00.000Z),Germany,Ivory Coast,2026-06-20T20:00:00.000Z,,Toronto Stadium,Juan Gabriel Benítez Mareco,Full time,2,1,Ivory Coast,Germany,away,Nick Woltemade,11,unused_bench,Attacker,,,
4667780,ivory-coast-vs-germany,https://www.fotmob.com/matches/ivory-coast-vs-germany/1xi59e#4667780,Germany vs Ivory Coast (2026-06-20T20:00:00.000Z),Germany,Ivory Coast,2026-06-20T20:00:00.000Z,,Toronto Stadium,Juan Gabriel Benítez Mareco,Full time,2,1,Ivory Coast,Germany,away,Alban Lafont,23,unused_bench,Keeper,,,
4667780,ivory-coast-vs-germany,https://www.fotmob.com/matches/ivory-coast-vs-germany/1xi59e#4667780,Germany vs Ivory Coast (2026-06-20T20:00:00.000Z),Germany,Ivory Coast,2026-06-20T20:00:00.000Z,,Toronto Stadium,Juan Gabriel Benítez Mareco,Full time,2,1,Ivory Coast,Germany,away,Mohamed Koné,16,unused_bench,Keeper,,,
4667780,ivory-coast-vs-germany,https://www.fotmob.com/matches/ivory-coast-vs-germany/1xi59e#4667780,Germany vs Ivory Coast (2026-06-20T20:00:00.000Z),Germany,Ivory Coast,2026-06-20T20:00:00.000Z,,Toronto Stadium,Juan Gabriel Benítez Mareco,Full time,2,1,Ivory Coast,Germany,away,Christopher Opéri,13,unused_bench,Defender,,,
4667780,ivory-coast-vs-germany,https://www.fotmob.com/matches/ivory-coast-vs-germany/1xi59e#4667780,Germany vs Ivory Coast (2026-06-20T20:00:00.000Z),Germany,Ivory Coast,2026-06-20T20:00:00.000Z,,Toronto Stadium,Juan Gabriel Benítez Mareco,Full time,2,1,Ivory Coast,Germany,away,Evan N'Dicka,21,unused_bench,Defender,,,
4667780,ivory-coast-vs-germany,https://www.fotmob.com/matches/ivory-coast-vs-germany/1xi59e#4667780,Germany vs Ivory Coast (2026-06-20T20:00:00.000Z),Germany,Ivory Coast,2026-06-20T20:00:00.000Z,,Toronto Stadium,Juan Gabriel Benítez Mareco,Full time,2,1,Ivory Coast,Germany,away,Ousmane Diomande,2,unused_bench,Defender,,,
4667780,ivory-coast-vs-germany,https://www.fotmob.com/matches/ivory-coast-vs-germany/1xi59e#4667780,Germany vs Ivory Coast (2026-06-20T20:00:00.000Z),Germany,Ivory Coast,2026-06-20T20:00:00.000Z,,Toronto Stadium,Juan Gabriel Benítez Mareco,Full time,2,1,Ivory Coast,Germany,away,Jean Michaël Seri,4,unused_bench,Midfielder,,,
4667780,ivory-coast-vs-germany,https://www.fotmob.com/matches/ivory-coast-vs-germany/1xi59e#4667780,Germany vs Ivory Coast (2026-06-20T20:00:00.000Z),Germany,Ivory Coast,2026-06-20T20:00:00.000Z,,Toronto Stadium,Juan Gabriel Benítez Mareco,Full time,2,1,Ivory Coast,Germany,away,Bazoumana Touré,24,unused_bench,Attacker,,,
4667780,ivory-coast-vs-germany,https://www.fotmob.com/matches/ivory-coast-vs-germany/1xi59e#4667780,Germany vs Ivory Coast (2026-06-20T20:00:00.000Z),Germany,Ivory Coast,2026-06-20T20:00:00.000Z,,Toronto Stadium,Juan Gabriel Benítez Mareco,Full time,2,1,Ivory Coast,Germany,away,Elye Wahi,12,unused_bench,Attacker,,,
4667780,ivory-coast-vs-germany,https://www.fotmob.com/matches/ivory-coast-vs-germany/1xi59e#4667780,Germany vs Ivory Coast (2026-06-20T20:00:00.000Z),Germany,Ivory Coast,2026-06-20T20:00:00.000Z,,Toronto Stadium,Juan Gabriel Benítez Mareco,Full time,2,1,Ivory Coast,Germany,away,Oumar Diakité,14,unused_bench,Attacker,,,
4667780,ivory-coast-vs-germany,https://www.fotmob.com/matches/ivory-coast-vs-germany/1xi59e#4667780,Germany vs Ivory Coast (2026-06-20T20:00:00.000Z),Germany,Ivory Coast,2026-06-20T20:00:00.000Z,,Toronto Stadium,Juan Gabriel Benítez Mareco,Full time,2,1,Ivory Coast,Germany,away,Parfait Guiagon,25,unused_bench,Attacker,,,
4667779,ecuador-vs-curacao,https://www.fotmob.com/matches/ecuador-vs-curacao/jy3jhs3#4667779,Ecuador vs Curacao (2026-06-21T00:00:00.000Z),Ecuador,Curacao,2026-06-21T00:00:00.000Z,,Kansas City Stadium,Ning Ma,Full time,0,0,Ecuador,Curacao,home,Kevin Rodríguez,11,used_substitute,Attacker,7.1,46.0,
4667779,ecuador-vs-curacao,https://www.fotmob.com/matches/ecuador-vs-curacao/jy3jhs3#4667779,Ecuador vs Curacao (2026-06-21T00:00:00.000Z),Ecuador,Curacao,2026-06-21T00:00:00.000Z,,Kansas City Stadium,Ning Ma,Full time,0,0,Ecuador,Curacao,home,Nilson Angulo,20,used_substitute,Attacker,6.7,71.0,
4667779,ecuador-vs-curacao,https://www.fotmob.com/matches/ecuador-vs-curacao/jy3jhs3#4667779,Ecuador vs Curacao (2026-06-21T00:00:00.000Z),Ecuador,Curacao,2026-06-21T00:00:00.000Z,,Kansas City Stadium,Ning Ma,Full time,0,0,Ecuador,Curacao,home,Ángelo Preciado,17,used_substitute,Midfielder,,83.0,
4667779,ecuador-vs-curacao,https://www.fotmob.com/matches/ecuador-vs-curacao/jy3jhs3#4667779,Ecuador vs Curacao (2026-06-21T00:00:00.000Z),Ecuador,Curacao,2026-06-21T00:00:00.000Z,,Kansas City Stadium,Ning Ma,Full time,0,0,Ecuador,Curacao,home,Jordy Caicedo,16,used_substitute,Attacker,,89.0,
4667779,ecuador-vs-curacao,https://www.fotmob.com/matches/ecuador-vs-curacao/jy3jhs3#4667779,Ecuador vs Curacao (2026-06-21T00:00:00.000Z),Ecuador,Curacao,2026-06-21T00:00:00.000Z,,Kansas City Stadium,Ning Ma,Full time,0,0,Curacao,Ecuador,away,Roshon van Eijma,4,used_substitute,Defender,6.3,75.0,
4667779,ecuador-vs-curacao,https://www.fotmob.com/matches/ecuador-vs-curacao/jy3jhs3#4667779,Ecuador vs Curacao (2026-06-21T00:00:00.000Z),Ecuador,Curacao,2026-06-21T00:00:00.000Z,,Kansas City Stadium,Ning Ma,Full time,0,0,Curacao,Ecuador,away,Jearl Margaritha,16,used_substitute,Attacker,6.0,75.0,
4667779,ecuador-vs-curacao,https://www.fotmob.com/matches/ecuador-vs-curacao/jy3jhs3#4667779,Ecuador vs Curacao (2026-06-21T00:00:00.000Z),Ecuador,Curacao,2026-06-21T00:00:00.000Z,,Kansas City Stadium,Ning Ma,Full time,0,0,Curacao,Ecuador,away,Kenji Gorré,14,used_substitute,Attacker,6.1,75.0,
4667779,ecuador-vs-curacao,https://www.fotmob.com/matches/ecuador-vs-curacao/jy3jhs3#4667779,Ecuador vs Curacao (2026-06-21T00:00:00.000Z),Ecuador,Curacao,2026-06-21T00:00:00.000Z,,Kansas City Stadium,Ning Ma,Full time,0,0,Curacao,Ecuador,away,Godfried Roemeratoe,6,used_substitute,Midfielder,,83.0,
4667779,ecuador-vs-curacao,https://www.fotmob.com/matches/ecuador-vs-curacao/jy3jhs3#4667779,Ecuador vs Curacao (2026-06-21T00:00:00.000Z),Ecuador,Curacao,2026-06-21T00:00:00.000Z,,Kansas City Stadium,Ning Ma,Full time,0,0,Curacao,Ecuador,away,Gervane Kastaneer,19,used_substitute,Attacker,,83.0,
4667779,ecuador-vs-curacao,https://www.fotmob.com/matches/ecuador-vs-curacao/jy3jhs3#4667779,Ecuador vs Curacao (2026-06-21T00:00:00.000Z),Ecuador,Curacao,2026-06-21T00:00:00.000Z,,Kansas City Stadium,Ning Ma,Full time,0,0,Ecuador,Curacao,home,Gonzalo Valle,22,unused_bench,Keeper,,,
4667779,ecuador-vs-curacao,https://www.fotmob.com/matches/ecuador-vs-curacao/jy3jhs3#4667779,Ecuador vs Curacao (2026-06-21T00:00:00.000Z),Ecuador,Curacao,2026-06-21T00:00:00.000Z,,Kansas City Stadium,Ning Ma,Full time,0,0,Curacao,Ecuador,away,Moisés Ramirez,12,unused_bench,Keeper,,,
4667779,ecuador-vs-curacao,https://www.fotmob.com/matches/ecuador-vs-curacao/jy3jhs3#4667779,Ecuador vs Curacao (2026-06-21T00:00:00.000Z),Ecuador,Curacao,2026-06-21T00:00:00.000Z,,Kansas City Stadium,Ning Ma,Full time,0,0,Curacao,Ecuador,away,Félix Torres,2,unused_bench,Defender,,,
4667779,ecuador-vs-curacao,https://www.fotmob.com/matches/ecuador-vs-curacao/jy3jhs3#4667779,Ecuador vs Curacao (2026-06-21T00:00:00.000Z),Ecuador,Curacao,2026-06-21T00:00:00.000Z,,Kansas City Stadium,Ning Ma,Full time,0,0,Curacao,Ecuador,away,Jackson Porozo,25,unused_bench,Defender,,,
4667779,ecuador-vs-curacao,https://www.fotmob.com/matches/ecuador-vs-curacao/jy3jhs3#4667779,Ecuador vs Curacao (2026-06-21T00:00:00.000Z),Ecuador,Curacao,2026-06-21T00:00:00.000Z,,Kansas City Stadium,Ning Ma,Full time,0,0,Curacao,Ecuador,away,Joel Ordóñez,4,unused_bench,Defender,,,
4667779,ecuador-vs-curacao,https://www.fotmob.com/matches/ecuador-vs-curacao/jy3jhs3#4667779,Ecuador vs Curacao (2026-06-21T00:00:00.000Z),Ecuador,Curacao,2026-06-21T00:00:00.000Z,,Kansas City Stadium,Ning Ma,Full time,0,0,Curacao,Ecuador,away,Yaimar Medina,26,unused_bench,Defender,,,
4667779,ecuador-vs-curacao,https://www.fotmob.com/matches/ecuador-vs-curacao/jy3jhs3#4667779,Ecuador vs Curacao (2026-06-21T00:00:00.000Z),Ecuador,Curacao,2026-06-21T00:00:00.000Z,,Kansas City Stadium,Ning Ma,Full time,0,0,Curacao,Ecuador,away,Anthony Valencia,8,unused_bench,Midfielder,,,
4667779,ecuador-vs-curacao,https://www.fotmob.com/matches/ecuador-vs-curacao/jy3jhs3#4667779,Ecuador vs Curacao (2026-06-21T00:00:00.000Z),Ecuador,Curacao,2026-06-21T00:00:00.000Z,,Kansas City Stadium,Ning Ma,Full time,0,0,Curacao,Ecuador,away,Denil Castillo,18,unused_bench,Midfielder,,,
4667779,ecuador-vs-curacao,https://www.fotmob.com/matches/ecuador-vs-curacao/jy3jhs3#4667779,Ecuador vs Curacao (2026-06-21T00:00:00.000Z),Ecuador,Curacao,2026-06-21T00:00:00.000Z,,Kansas City Stadium,Ning Ma,Full time,0,0,Curacao,Ecuador,away,Alan Minda,14,unused_bench,Attacker,,,
4667779,ecuador-vs-curacao,https://www.fotmob.com/matches/ecuador-vs-curacao/jy3jhs3#4667779,Ecuador vs Curacao (2026-06-21T00:00:00.000Z),Ecuador,Curacao,2026-06-21T00:00:00.000Z,,Kansas City Stadium,Ning Ma,Full time,0,0,Curacao,Ecuador,away,Jeremy Arévalo,24,unused_bench,Attacker,,,
4667779,ecuador-vs-curacao,https://www.fotmob.com/matches/ecuador-vs-curacao/jy3jhs3#4667779,Ecuador vs Curacao (2026-06-21T00:00:00.000Z),Ecuador,Curacao,2026-06-21T00:00:00.000Z,,Kansas City Stadium,Ning Ma,Full time,0,0,Curacao,Ecuador,away,Kendry Páez,10,unused_bench,Attacker,,,
4667779,ecuador-vs-curacao,https://www.fotmob.com/matches/ecuador-vs-curacao/jy3jhs3#4667779,Ecuador vs Curacao (2026-06-21T00:00:00.000Z),Ecuador,Curacao,2026-06-21T00:00:00.000Z,,Kansas City Stadium,Ning Ma,Full time,0,0,Curacao,Ecuador,away,Trevor Doornbusch,26,unused_bench,Keeper,,,
4667779,ecuador-vs-curacao,https://www.fotmob.com/matches/ecuador-vs-curacao/jy3jhs3#4667779,Ecuador vs Curacao (2026-06-21T00:00:00.000Z),Ecuador,Curacao,2026-06-21T00:00:00.000Z,,Kansas City Stadium,Ning Ma,Full time,0,0,Curacao,Ecuador,away,Tyrick Bodak,25,unused_bench,Keeper,,,
4667779,ecuador-vs-curacao,https://www.fotmob.com/matches/ecuador-vs-curacao/jy3jhs3#4667779,Ecuador vs Curacao (2026-06-21T00:00:00.000Z),Ecuador,Curacao,2026-06-21T00:00:00.000Z,,Kansas City Stadium,Ning Ma,Full time,0,0,Curacao,Ecuador,away,Riechedly Bazoer,23,unused_bench,Defender,,,
4667779,ecuador-vs-curacao,https://www.fotmob.com/matches/ecuador-vs-curacao/jy3jhs3#4667779,Ecuador vs Curacao (2026-06-21T00:00:00.000Z),Ecuador,Curacao,2026-06-21T00:00:00.000Z,,Kansas City Stadium,Ning Ma,Full time,0,0,Curacao,Ecuador,away,Shurandy Sambo,2,unused_bench,Defender,,,
4667779,ecuador-vs-curacao,https://www.fotmob.com/matches/ecuador-vs-curacao/jy3jhs3#4667779,Ecuador vs Curacao (2026-06-21T00:00:00.000Z),Ecuador,Curacao,2026-06-21T00:00:00.000Z,,Kansas City Stadium,Ning Ma,Full time,0,0,Curacao,Ecuador,away,Kevin Felida,22,unused_bench,Midfielder,,,
4667779,ecuador-vs-curacao,https://www.fotmob.com/matches/ecuador-vs-curacao/jy3jhs3#4667779,Ecuador vs Curacao (2026-06-21T00:00:00.000Z),Ecuador,Curacao,2026-06-21T00:00:00.000Z,,Kansas City Stadium,Ning Ma,Full time,0,0,Curacao,Ecuador,away,Tyrese Noslin,13,unused_bench,Midfielder,,,
4667779,ecuador-vs-curacao,https://www.fotmob.com/matches/ecuador-vs-curacao/jy3jhs3#4667779,Ecuador vs Curacao (2026-06-21T00:00:00.000Z),Ecuador,Curacao,2026-06-21T00:00:00.000Z,,Kansas City Stadium,Ning Ma,Full time,0,0,Curacao,Ecuador,away,Arjany Martha,15,unused_bench,Attacker,,,
4667779,ecuador-vs-curacao,https://www.fotmob.com/matches/ecuador-vs-curacao/jy3jhs3#4667779,Ecuador vs Curacao (2026-06-21T00:00:00.000Z),Ecuador,Curacao,2026-06-21T00:00:00.000Z,,Kansas City Stadium,Ning Ma,Full time,0,0,Curacao,Ecuador,away,Brandley Kuwas,17,unused_bench,Attacker,,,
4667779,ecuador-vs-curacao,https://www.fotmob.com/matches/ecuador-vs-curacao/jy3jhs3#4667779,Ecuador vs Curacao (2026-06-21T00:00:00.000Z),Ecuador,Curacao,2026-06-21T00:00:00.000Z,,Kansas City Stadium,Ning Ma,Full time,0,0,Curacao,Ecuador,away,Jeremy Antonisse,11,unused_bench,Attacker,,,
4667779,ecuador-vs-curacao,https://www.fotmob.com/matches/ecuador-vs-curacao/jy3jhs3#4667779,Ecuador vs Curacao (2026-06-21T00:00:00.000Z),Ecuador,Curacao,2026-06-21T00:00:00.000Z,,Kansas City Stadium,Ning Ma,Full time,0,0,Curacao,Ecuador,away,Sontje Hansen,12,unused_bench,Attacker,,,
4667786,netherlands-vs-sweden,https://www.fotmob.com/matches/netherlands-vs-sweden/1x1gy6#4667786,Netherlands vs Sweden (2026-06-20T17:00:00.000Z),Netherlands,Sweden,2026-06-20T17:00:00.000Z,,Houston Stadium,Michael Oliver,Full time,5,1,Netherlands,Sweden,home,Crysencio Summerville,24,used_substitute,Attacker,8.4,46.0,
4667786,netherlands-vs-sweden,https://www.fotmob.com/matches/netherlands-vs-sweden/1x1gy6#4667786,Netherlands vs Sweden (2026-06-20T17:00:00.000Z),Netherlands,Sweden,2026-06-20T17:00:00.000Z,,Houston Stadium,Michael Oliver,Full time,5,1,Netherlands,Sweden,home,Teun Koopmeiners,20,used_substitute,Midfielder,6.5,59.0,
4667786,netherlands-vs-sweden,https://www.fotmob.com/matches/netherlands-vs-sweden/1x1gy6#4667786,Netherlands vs Sweden (2026-06-20T17:00:00.000Z),Netherlands,Sweden,2026-06-20T17:00:00.000Z,,Houston Stadium,Michael Oliver,Full time,5,1,Netherlands,Sweden,home,Guus Til,16,used_substitute,Attacker,6.1,59.0,
4667786,netherlands-vs-sweden,https://www.fotmob.com/matches/netherlands-vs-sweden/1x1gy6#4667786,Netherlands vs Sweden (2026-06-20T17:00:00.000Z),Netherlands,Sweden,2026-06-20T17:00:00.000Z,,Houston Stadium,Michael Oliver,Full time,5,1,Netherlands,Sweden,home,Memphis Depay,10,used_substitute,Attacker,6.6,72.0,
4667786,netherlands-vs-sweden,https://www.fotmob.com/matches/netherlands-vs-sweden/1x1gy6#4667786,Netherlands vs Sweden (2026-06-20T17:00:00.000Z),Netherlands,Sweden,2026-06-20T17:00:00.000Z,,Houston Stadium,Michael Oliver,Full time,5,1,Netherlands,Sweden,home,Noa Lang,17,used_substitute,Attacker,,90.0,
4667786,netherlands-vs-sweden,https://www.fotmob.com/matches/netherlands-vs-sweden/1x1gy6#4667786,Netherlands vs Sweden (2026-06-20T17:00:00.000Z),Netherlands,Sweden,2026-06-20T17:00:00.000Z,,Houston Stadium,Michael Oliver,Full time,5,1,Sweden,Netherlands,away,Besfort Zeneli,22,used_substitute,Midfielder,6.3,55.0,
4667786,netherlands-vs-sweden,https://www.fotmob.com/matches/netherlands-vs-sweden/1x1gy6#4667786,Netherlands vs Sweden (2026-06-20T17:00:00.000Z),Netherlands,Sweden,2026-06-20T17:00:00.000Z,,Houston Stadium,Michael Oliver,Full time,5,1,Sweden,Netherlands,away,Lucas Bergvall,7,used_substitute,Midfielder,6.6,55.0,
4667786,netherlands-vs-sweden,https://www.fotmob.com/matches/netherlands-vs-sweden/1x1gy6#4667786,Netherlands vs Sweden (2026-06-20T17:00:00.000Z),Netherlands,Sweden,2026-06-20T17:00:00.000Z,,Houston Stadium,Michael Oliver,Full time,5,1,Sweden,Netherlands,away,Anthony Elanga,11,used_substitute,Attacker,7.4,55.0,
4667786,netherlands-vs-sweden,https://www.fotmob.com/matches/netherlands-vs-sweden/1x1gy6#4667786,Netherlands vs Sweden (2026-06-20T17:00:00.000Z),Netherlands,Sweden,2026-06-20T17:00:00.000Z,,Houston Stadium,Michael Oliver,Full time,5,1,Sweden,Netherlands,away,Taha Abdi Ali,26,used_substitute,Midfielder,6.6,79.0,
4667786,netherlands-vs-sweden,https://www.fotmob.com/matches/netherlands-vs-sweden/1x1gy6#4667786,Netherlands vs Sweden (2026-06-20T17:00:00.000Z),Netherlands,Sweden,2026-06-20T17:00:00.000Z,,Houston Stadium,Michael Oliver,Full time,5,1,Sweden,Netherlands,away,Elliot Stroud,24,used_substitute,Midfielder,,90.0,
4667786,netherlands-vs-sweden,https://www.fotmob.com/matches/netherlands-vs-sweden/1x1gy6#4667786,Netherlands vs Sweden (2026-06-20T17:00:00.000Z),Netherlands,Sweden,2026-06-20T17:00:00.000Z,,Houston Stadium,Michael Oliver,Full time,5,1,Netherlands,Sweden,home,Mark Flekken,23,unused_bench,Keeper,,,
4667786,netherlands-vs-sweden,https://www.fotmob.com/matches/netherlands-vs-sweden/1x1gy6#4667786,Netherlands vs Sweden (2026-06-20T17:00:00.000Z),Netherlands,Sweden,2026-06-20T17:00:00.000Z,,Houston Stadium,Michael Oliver,Full time,5,1,Sweden,Netherlands,away,Robin Roefs,13,unused_bench,Keeper,,,
4667786,netherlands-vs-sweden,https://www.fotmob.com/matches/netherlands-vs-sweden/1x1gy6#4667786,Netherlands vs Sweden (2026-06-20T17:00:00.000Z),Netherlands,Sweden,2026-06-20T17:00:00.000Z,,Houston Stadium,Michael Oliver,Full time,5,1,Sweden,Netherlands,away,Jorrel Hato,25,unused_bench,Defender,,,
4667786,netherlands-vs-sweden,https://www.fotmob.com/matches/netherlands-vs-sweden/1x1gy6#4667786,Netherlands vs Sweden (2026-06-20T17:00:00.000Z),Netherlands,Sweden,2026-06-20T17:00:00.000Z,,Houston Stadium,Michael Oliver,Full time,5,1,Sweden,Netherlands,away,Lutsharel Geertruida,2,unused_bench,Defender,,,
4667786,netherlands-vs-sweden,https://www.fotmob.com/matches/netherlands-vs-sweden/1x1gy6#4667786,Netherlands vs Sweden (2026-06-20T17:00:00.000Z),Netherlands,Sweden,2026-06-20T17:00:00.000Z,,Houston Stadium,Michael Oliver,Full time,5,1,Sweden,Netherlands,away,Mats Wieffer,12,unused_bench,Defender,,,
4667786,netherlands-vs-sweden,https://www.fotmob.com/matches/netherlands-vs-sweden/1x1gy6#4667786,Netherlands vs Sweden (2026-06-20T17:00:00.000Z),Netherlands,Sweden,2026-06-20T17:00:00.000Z,,Houston Stadium,Michael Oliver,Full time,5,1,Sweden,Netherlands,away,Nathan Aké,5,unused_bench,Defender,,,
4667786,netherlands-vs-sweden,https://www.fotmob.com/matches/netherlands-vs-sweden/1x1gy6#4667786,Netherlands vs Sweden (2026-06-20T17:00:00.000Z),Netherlands,Sweden,2026-06-20T17:00:00.000Z,,Houston Stadium,Michael Oliver,Full time,5,1,Sweden,Netherlands,away,Justin Kluivert,7,unused_bench,Midfielder,,,
4667786,netherlands-vs-sweden,https://www.fotmob.com/matches/netherlands-vs-sweden/1x1gy6#4667786,Netherlands vs Sweden (2026-06-20T17:00:00.000Z),Netherlands,Sweden,2026-06-20T17:00:00.000Z,,Houston Stadium,Michael Oliver,Full time,5,1,Sweden,Netherlands,away,Marten de Roon,3,unused_bench,Midfielder,,,
4667786,netherlands-vs-sweden,https://www.fotmob.com/matches/netherlands-vs-sweden/1x1gy6#4667786,Netherlands vs Sweden (2026-06-20T17:00:00.000Z),Netherlands,Sweden,2026-06-20T17:00:00.000Z,,Houston Stadium,Michael Oliver,Full time,5,1,Sweden,Netherlands,away,Wout Weghorst,9,unused_bench,Attacker,,,
4667786,netherlands-vs-sweden,https://www.fotmob.com/matches/netherlands-vs-sweden/1x1gy6#4667786,Netherlands vs Sweden (2026-06-20T17:00:00.000Z),Netherlands,Sweden,2026-06-20T17:00:00.000Z,,Houston Stadium,Michael Oliver,Full time,5,1,Sweden,Netherlands,away,Jacob Widell Zetterström,1,unused_bench,Keeper,,,
4667786,netherlands-vs-sweden,https://www.fotmob.com/matches/netherlands-vs-sweden/1x1gy6#4667786,Netherlands vs Sweden (2026-06-20T17:00:00.000Z),Netherlands,Sweden,2026-06-20T17:00:00.000Z,,Houston Stadium,Michael Oliver,Full time,5,1,Sweden,Netherlands,away,Viktor Johansson,12,unused_bench,Keeper,,,
4667786,netherlands-vs-sweden,https://www.fotmob.com/matches/netherlands-vs-sweden/1x1gy6#4667786,Netherlands vs Sweden (2026-06-20T17:00:00.000Z),Netherlands,Sweden,2026-06-20T17:00:00.000Z,,Houston Stadium,Michael Oliver,Full time,5,1,Sweden,Netherlands,away,Carl Starfelt,15,unused_bench,Defender,,,
4667786,netherlands-vs-sweden,https://www.fotmob.com/matches/netherlands-vs-sweden/1x1gy6#4667786,Netherlands vs Sweden (2026-06-20T17:00:00.000Z),Netherlands,Sweden,2026-06-20T17:00:00.000Z,,Houston Stadium,Michael Oliver,Full time,5,1,Sweden,Netherlands,away,Eric Smith,20,unused_bench,Defender,,,
4667786,netherlands-vs-sweden,https://www.fotmob.com/matches/netherlands-vs-sweden/1x1gy6#4667786,Netherlands vs Sweden (2026-06-20T17:00:00.000Z),Netherlands,Sweden,2026-06-20T17:00:00.000Z,,Houston Stadium,Michael Oliver,Full time,5,1,Sweden,Netherlands,away,Hjalmar Ekdal,14,unused_bench,Defender,,,
4667786,netherlands-vs-sweden,https://www.fotmob.com/matches/netherlands-vs-sweden/1x1gy6#4667786,Netherlands vs Sweden (2026-06-20T17:00:00.000Z),Netherlands,Sweden,2026-06-20T17:00:00.000Z,,Houston Stadium,Michael Oliver,Full time,5,1,Sweden,Netherlands,away,Daniel Svensson,8,unused_bench,Midfielder,,,
4667786,netherlands-vs-sweden,https://www.fotmob.com/matches/netherlands-vs-sweden/1x1gy6#4667786,Netherlands vs Sweden (2026-06-20T17:00:00.000Z),Netherlands,Sweden,2026-06-20T17:00:00.000Z,,Houston Stadium,Michael Oliver,Full time,5,1,Sweden,Netherlands,away,Herman Johansson,6,unused_bench,Midfielder,,,
4667786,netherlands-vs-sweden,https://www.fotmob.com/matches/netherlands-vs-sweden/1x1gy6#4667786,Netherlands vs Sweden (2026-06-20T17:00:00.000Z),Netherlands,Sweden,2026-06-20T17:00:00.000Z,,Houston Stadium,Michael Oliver,Full time,5,1,Sweden,Netherlands,away,Ken Sema,13,unused_bench,Midfielder,,,
4667786,netherlands-vs-sweden,https://www.fotmob.com/matches/netherlands-vs-sweden/1x1gy6#4667786,Netherlands vs Sweden (2026-06-20T17:00:00.000Z),Netherlands,Sweden,2026-06-20T17:00:00.000Z,,Houston Stadium,Michael Oliver,Full time,5,1,Sweden,Netherlands,away,Mattias Svanberg,19,unused_bench,Midfielder,,,
4667786,netherlands-vs-sweden,https://www.fotmob.com/matches/netherlands-vs-sweden/1x1gy6#4667786,Netherlands vs Sweden (2026-06-20T17:00:00.000Z),Netherlands,Sweden,2026-06-20T17:00:00.000Z,,Houston Stadium,Michael Oliver,Full time,5,1,Sweden,Netherlands,away,Gustaf Nilsson,25,unused_bench,Attacker,,,
4667785,japan-vs-tunisia,https://www.fotmob.com/matches/japan-vs-tunisia/1hqd1q#4667785,Tunisia vs Japan (2026-06-21T04:00:00.000Z),Tunisia,Japan,2026-06-21T04:00:00.000Z,,Monterrey Stadium,István Kovács,Full time,0,4,Tunisia,Japan,home,Amine Ben Hamida,21,used_substitute,Defender,6.7,46.0,
4667785,japan-vs-tunisia,https://www.fotmob.com/matches/japan-vs-tunisia/1hqd1q#4667785,Tunisia vs Japan (2026-06-21T04:00:00.000Z),Tunisia,Japan,2026-06-21T04:00:00.000Z,,Monterrey Stadium,István Kovács,Full time,0,4,Tunisia,Japan,home,Ismaël Gharbi,11,used_substitute,Midfielder,6.0,46.0,
4667785,japan-vs-tunisia,https://www.fotmob.com/matches/japan-vs-tunisia/1hqd1q#4667785,Tunisia vs Japan (2026-06-21T04:00:00.000Z),Tunisia,Japan,2026-06-21T04:00:00.000Z,,Monterrey Stadium,István Kovács,Full time,0,4,Tunisia,Japan,home,Firas Chaouat,19,used_substitute,Attacker,5.8,64.0,
4667785,japan-vs-tunisia,https://www.fotmob.com/matches/japan-vs-tunisia/1hqd1q#4667785,Tunisia vs Japan (2026-06-21T04:00:00.000Z),Tunisia,Japan,2026-06-21T04:00:00.000Z,,Monterrey Stadium,István Kovács,Full time,0,4,Tunisia,Japan,home,Elias Achouri,7,used_substitute,Midfielder,,90.0,
4667785,japan-vs-tunisia,https://www.fotmob.com/matches/japan-vs-tunisia/1hqd1q#4667785,Tunisia vs Japan (2026-06-21T04:00:00.000Z),Tunisia,Japan,2026-06-21T04:00:00.000Z,,Monterrey Stadium,István Kovács,Full time,0,4,Tunisia,Japan,home,Rani Khedira,13,used_substitute,Midfielder,,90.0,
4667785,japan-vs-tunisia,https://www.fotmob.com/matches/japan-vs-tunisia/1hqd1q#4667785,Tunisia vs Japan (2026-06-21T04:00:00.000Z),Tunisia,Japan,2026-06-21T04:00:00.000Z,,Monterrey Stadium,István Kovács,Full time,0,4,Japan,Tunisia,away,Junnosuke Suzuki,25,used_substitute,Defender,6.2,74.0,
4667785,japan-vs-tunisia,https://www.fotmob.com/matches/japan-vs-tunisia/1hqd1q#4667785,Tunisia vs Japan (2026-06-21T04:00:00.000Z),Tunisia,Japan,2026-06-21T04:00:00.000Z,,Monterrey Stadium,István Kovács,Full time,0,4,Japan,Tunisia,away,Yukinari Sugawara,2,used_substitute,Defender,6.3,74.0,
4667785,japan-vs-tunisia,https://www.fotmob.com/matches/japan-vs-tunisia/1hqd1q#4667785,Tunisia vs Japan (2026-06-21T04:00:00.000Z),Tunisia,Japan,2026-06-21T04:00:00.000Z,,Monterrey Stadium,István Kovács,Full time,0,4,Japan,Tunisia,away,Ayumu Seko,20,used_substitute,Defender,6.6,78.0,
4667785,japan-vs-tunisia,https://www.fotmob.com/matches/japan-vs-tunisia/1hqd1q#4667785,Tunisia vs Japan (2026-06-21T04:00:00.000Z),Tunisia,Japan,2026-06-21T04:00:00.000Z,,Monterrey Stadium,István Kovács,Full time,0,4,Japan,Tunisia,away,Yuito Suzuki,17,used_substitute,Midfielder,6.1,78.0,
4667785,japan-vs-tunisia,https://www.fotmob.com/matches/japan-vs-tunisia/1hqd1q#4667785,Tunisia vs Japan (2026-06-21T04:00:00.000Z),Tunisia,Japan,2026-06-21T04:00:00.000Z,,Monterrey Stadium,István Kovács,Full time,0,4,Japan,Tunisia,away,Keisuke Goto,9,used_substitute,Attacker,,84.0,
4667785,japan-vs-tunisia,https://www.fotmob.com/matches/japan-vs-tunisia/1hqd1q#4667785,Tunisia vs Japan (2026-06-21T04:00:00.000Z),Tunisia,Japan,2026-06-21T04:00:00.000Z,,Monterrey Stadium,István Kovács,Full time,0,4,Tunisia,Japan,home,Abdelmouhib Chamakh,1,unused_bench,Keeper,,,
4667785,japan-vs-tunisia,https://www.fotmob.com/matches/japan-vs-tunisia/1hqd1q#4667785,Tunisia vs Japan (2026-06-21T04:00:00.000Z),Tunisia,Japan,2026-06-21T04:00:00.000Z,,Monterrey Stadium,István Kovács,Full time,0,4,Japan,Tunisia,away,Sabri Ben Hessen,22,unused_bench,Keeper,,,
4667785,japan-vs-tunisia,https://www.fotmob.com/matches/japan-vs-tunisia/1hqd1q#4667785,Tunisia vs Japan (2026-06-21T04:00:00.000Z),Tunisia,Japan,2026-06-21T04:00:00.000Z,,Monterrey Stadium,István Kovács,Full time,0,4,Japan,Tunisia,away,Adem Arous,5,unused_bench,Defender,,,
4667785,japan-vs-tunisia,https://www.fotmob.com/matches/japan-vs-tunisia/1hqd1q#4667785,Tunisia vs Japan (2026-06-21T04:00:00.000Z),Tunisia,Japan,2026-06-21T04:00:00.000Z,,Monterrey Stadium,István Kovács,Full time,0,4,Japan,Tunisia,away,Moutaz Neffati,23,unused_bench,Defender,,,
4667785,japan-vs-tunisia,https://www.fotmob.com/matches/japan-vs-tunisia/1hqd1q#4667785,Tunisia vs Japan (2026-06-21T04:00:00.000Z),Tunisia,Japan,2026-06-21T04:00:00.000Z,,Monterrey Stadium,István Kovács,Full time,0,4,Japan,Tunisia,away,Raed Chikhaoui,24,unused_bench,Defender,,,
4667785,japan-vs-tunisia,https://www.fotmob.com/matches/japan-vs-tunisia/1hqd1q#4667785,Tunisia vs Japan (2026-06-21T04:00:00.000Z),Tunisia,Japan,2026-06-21T04:00:00.000Z,,Monterrey Stadium,István Kovács,Full time,0,4,Japan,Tunisia,away,Hadj Mahmoud,15,unused_bench,Midfielder,,,
4667785,japan-vs-tunisia,https://www.fotmob.com/matches/japan-vs-tunisia/1hqd1q#4667785,Tunisia vs Japan (2026-06-21T04:00:00.000Z),Tunisia,Japan,2026-06-21T04:00:00.000Z,,Monterrey Stadium,István Kovács,Full time,0,4,Japan,Tunisia,away,Khalil Ayari,14,unused_bench,Midfielder,,,
4667785,japan-vs-tunisia,https://www.fotmob.com/matches/japan-vs-tunisia/1hqd1q#4667785,Tunisia vs Japan (2026-06-21T04:00:00.000Z),Tunisia,Japan,2026-06-21T04:00:00.000Z,,Monterrey Stadium,István Kovács,Full time,0,4,Japan,Tunisia,away,Hazem Mastouri,9,unused_bench,Attacker,,,
4667785,japan-vs-tunisia,https://www.fotmob.com/matches/japan-vs-tunisia/1hqd1q#4667785,Tunisia vs Japan (2026-06-21T04:00:00.000Z),Tunisia,Japan,2026-06-21T04:00:00.000Z,,Monterrey Stadium,István Kovács,Full time,0,4,Japan,Tunisia,away,Mortadha Ben Ouanes,12,unused_bench,Attacker,,,
4667785,japan-vs-tunisia,https://www.fotmob.com/matches/japan-vs-tunisia/1hqd1q#4667785,Tunisia vs Japan (2026-06-21T04:00:00.000Z),Tunisia,Japan,2026-06-21T04:00:00.000Z,,Monterrey Stadium,István Kovács,Full time,0,4,Japan,Tunisia,away,Rayan Elloumi,18,unused_bench,Attacker,,,
4667785,japan-vs-tunisia,https://www.fotmob.com/matches/japan-vs-tunisia/1hqd1q#4667785,Tunisia vs Japan (2026-06-21T04:00:00.000Z),Tunisia,Japan,2026-06-21T04:00:00.000Z,,Monterrey Stadium,István Kovács,Full time,0,4,Japan,Tunisia,away,Keisuke Osako,12,unused_bench,Keeper,,,
4667785,japan-vs-tunisia,https://www.fotmob.com/matches/japan-vs-tunisia/1hqd1q#4667785,Tunisia vs Japan (2026-06-21T04:00:00.000Z),Tunisia,Japan,2026-06-21T04:00:00.000Z,,Monterrey Stadium,István Kovács,Full time,0,4,Japan,Tunisia,away,Tomoki Hayakawa,23,unused_bench,Keeper,,,
4667785,japan-vs-tunisia,https://www.fotmob.com/matches/japan-vs-tunisia/1hqd1q#4667785,Tunisia vs Japan (2026-06-21T04:00:00.000Z),Tunisia,Japan,2026-06-21T04:00:00.000Z,,Monterrey Stadium,István Kovács,Full time,0,4,Japan,Tunisia,away,Shogo Taniguchi,3,unused_bench,Defender,,,
4667785,japan-vs-tunisia,https://www.fotmob.com/matches/japan-vs-tunisia/1hqd1q#4667785,Tunisia vs Japan (2026-06-21T04:00:00.000Z),Tunisia,Japan,2026-06-21T04:00:00.000Z,,Monterrey Stadium,István Kovács,Full time,0,4,Japan,Tunisia,away,Tsuyoshi Watanabe,16,unused_bench,Defender,,,
4667785,japan-vs-tunisia,https://www.fotmob.com/matches/japan-vs-tunisia/1hqd1q#4667785,Tunisia vs Japan (2026-06-21T04:00:00.000Z),Tunisia,Japan,2026-06-21T04:00:00.000Z,,Monterrey Stadium,István Kovács,Full time,0,4,Japan,Tunisia,away,Yuto Nagatomo,5,unused_bench,Defender,,,
4667785,japan-vs-tunisia,https://www.fotmob.com/matches/japan-vs-tunisia/1hqd1q#4667785,Tunisia vs Japan (2026-06-21T04:00:00.000Z),Tunisia,Japan,2026-06-21T04:00:00.000Z,,Monterrey Stadium,István Kovács,Full time,0,4,Japan,Tunisia,away,Daizen Maeda,11,unused_bench,Attacker,,,
4667785,japan-vs-tunisia,https://www.fotmob.com/matches/japan-vs-tunisia/1hqd1q#4667785,Tunisia vs Japan (2026-06-21T04:00:00.000Z),Tunisia,Japan,2026-06-21T04:00:00.000Z,,Monterrey Stadium,István Kovács,Full time,0,4,Japan,Tunisia,away,Kento Shiogai,26,unused_bench,Attacker,,,
4667785,japan-vs-tunisia,https://www.fotmob.com/matches/japan-vs-tunisia/1hqd1q#4667785,Tunisia vs Japan (2026-06-21T04:00:00.000Z),Tunisia,Japan,2026-06-21T04:00:00.000Z,,Monterrey Stadium,István Kovács,Full time,0,4,Japan,Tunisia,away,Koki Ogawa,19,unused_bench,Attacker,,,
4667792,new-zealand-vs-egypt,https://www.fotmob.com/matches/new-zealand-vs-egypt/24xk7y#4667792,New Zealand vs Egypt (2026-06-22T01:00:00.000Z),New Zealand,Egypt,2026-06-22T01:00:00.000Z,,,,Full time,1,3,New Zealand,Egypt,home,Benjamin Old,19,used_substitute,Defender,6.2,66.0,
4667792,new-zealand-vs-egypt,https://www.fotmob.com/matches/new-zealand-vs-egypt/24xk7y#4667792,New Zealand vs Egypt (2026-06-22T01:00:00.000Z),New Zealand,Egypt,2026-06-22T01:00:00.000Z,,,,Full time,1,3,New Zealand,Egypt,home,Ryan Thomas,23,used_substitute,Midfielder,6.4,76.0,
4667792,new-zealand-vs-egypt,https://www.fotmob.com/matches/new-zealand-vs-egypt/24xk7y#4667792,New Zealand vs Egypt (2026-06-22T01:00:00.000Z),New Zealand,Egypt,2026-06-22T01:00:00.000Z,,,,Full time,1,3,New Zealand,Egypt,home,Jesse Randall,21,used_substitute,Attacker,6.3,76.0,
4667792,new-zealand-vs-egypt,https://www.fotmob.com/matches/new-zealand-vs-egypt/24xk7y#4667792,New Zealand vs Egypt (2026-06-22T01:00:00.000Z),New Zealand,Egypt,2026-06-22T01:00:00.000Z,,,,Full time,1,3,New Zealand,Egypt,home,Francis De Vries,3,used_substitute,Defender,,85.0,
4667792,new-zealand-vs-egypt,https://www.fotmob.com/matches/new-zealand-vs-egypt/24xk7y#4667792,New Zealand vs Egypt (2026-06-22T01:00:00.000Z),New Zealand,Egypt,2026-06-22T01:00:00.000Z,,,,Full time,1,3,New Zealand,Egypt,home,Tyler Bindon,4,used_substitute,Defender,,85.0,
4667792,new-zealand-vs-egypt,https://www.fotmob.com/matches/new-zealand-vs-egypt/24xk7y#4667792,New Zealand vs Egypt (2026-06-22T01:00:00.000Z),New Zealand,Egypt,2026-06-22T01:00:00.000Z,,,,Full time,1,3,Egypt,New Zealand,away,Rami Rabia,5,used_substitute,Defender,6.8,41.0,
4667792,new-zealand-vs-egypt,https://www.fotmob.com/matches/new-zealand-vs-egypt/24xk7y#4667792,New Zealand vs Egypt (2026-06-22T01:00:00.000Z),New Zealand,Egypt,2026-06-22T01:00:00.000Z,,,,Full time,1,3,Egypt,New Zealand,away,Hamza Abdelkarim,9,used_substitute,Attacker,6.0,76.0,
4667792,new-zealand-vs-egypt,https://www.fotmob.com/matches/new-zealand-vs-egypt/24xk7y#4667792,New Zealand vs Egypt (2026-06-22T01:00:00.000Z),New Zealand,Egypt,2026-06-22T01:00:00.000Z,,,,Full time,1,3,Egypt,New Zealand,away,Trezeguet,7,used_substitute,Attacker,7.1,76.0,
4667792,new-zealand-vs-egypt,https://www.fotmob.com/matches/new-zealand-vs-egypt/24xk7y#4667792,New Zealand vs Egypt (2026-06-22T01:00:00.000Z),New Zealand,Egypt,2026-06-22T01:00:00.000Z,,,,Full time,1,3,Egypt,New Zealand,away,Hossam Abdelmaguid,4,used_substitute,Defender,,84.0,
4667792,new-zealand-vs-egypt,https://www.fotmob.com/matches/new-zealand-vs-egypt/24xk7y#4667792,New Zealand vs Egypt (2026-06-22T01:00:00.000Z),New Zealand,Egypt,2026-06-22T01:00:00.000Z,,,,Full time,1,3,Egypt,New Zealand,away,Zizo,25,used_substitute,Attacker,,84.0,
4667792,new-zealand-vs-egypt,https://www.fotmob.com/matches/new-zealand-vs-egypt/24xk7y#4667792,New Zealand vs Egypt (2026-06-22T01:00:00.000Z),New Zealand,Egypt,2026-06-22T01:00:00.000Z,,,,Full time,1,3,Egypt,New Zealand,away,Mohamed Abdelmonem,6,used_substitute,Defender,,90.0,
4667792,new-zealand-vs-egypt,https://www.fotmob.com/matches/new-zealand-vs-egypt/24xk7y#4667792,New Zealand vs Egypt (2026-06-22T01:00:00.000Z),New Zealand,Egypt,2026-06-22T01:00:00.000Z,,,,Full time,1,3,New Zealand,Egypt,home,Alex Paulsen,12,unused_bench,Keeper,,,
4667792,new-zealand-vs-egypt,https://www.fotmob.com/matches/new-zealand-vs-egypt/24xk7y#4667792,New Zealand vs Egypt (2026-06-22T01:00:00.000Z),New Zealand,Egypt,2026-06-22T01:00:00.000Z,,,,Full time,1,3,Egypt,New Zealand,away,Michael Woud,22,unused_bench,Keeper,,,
4667792,new-zealand-vs-egypt,https://www.fotmob.com/matches/new-zealand-vs-egypt/24xk7y#4667792,New Zealand vs Egypt (2026-06-22T01:00:00.000Z),New Zealand,Egypt,2026-06-22T01:00:00.000Z,,,,Full time,1,3,Egypt,New Zealand,away,Callan Elliot,24,unused_bench,Defender,,,
4667792,new-zealand-vs-egypt,https://www.fotmob.com/matches/new-zealand-vs-egypt/24xk7y#4667792,New Zealand vs Egypt (2026-06-22T01:00:00.000Z),New Zealand,Egypt,2026-06-22T01:00:00.000Z,,,,Full time,1,3,Egypt,New Zealand,away,Nando Pijnaker,15,unused_bench,Defender,,,
4667792,new-zealand-vs-egypt,https://www.fotmob.com/matches/new-zealand-vs-egypt/24xk7y#4667792,New Zealand vs Egypt (2026-06-22T01:00:00.000Z),New Zealand,Egypt,2026-06-22T01:00:00.000Z,,,,Full time,1,3,Egypt,New Zealand,away,Tommy Smith,26,unused_bench,Defender,,,
4667792,new-zealand-vs-egypt,https://www.fotmob.com/matches/new-zealand-vs-egypt/24xk7y#4667792,New Zealand vs Egypt (2026-06-22T01:00:00.000Z),New Zealand,Egypt,2026-06-22T01:00:00.000Z,,,,Full time,1,3,Egypt,New Zealand,away,Alex Rufer,14,unused_bench,Midfielder,,,
4667792,new-zealand-vs-egypt,https://www.fotmob.com/matches/new-zealand-vs-egypt/24xk7y#4667792,New Zealand vs Egypt (2026-06-22T01:00:00.000Z),New Zealand,Egypt,2026-06-22T01:00:00.000Z,,,,Full time,1,3,Egypt,New Zealand,away,Lachlan Bayliss,25,unused_bench,Midfielder,,,
4667792,new-zealand-vs-egypt,https://www.fotmob.com/matches/new-zealand-vs-egypt/24xk7y#4667792,New Zealand vs Egypt (2026-06-22T01:00:00.000Z),New Zealand,Egypt,2026-06-22T01:00:00.000Z,,,,Full time,1,3,Egypt,New Zealand,away,Ben Waine,18,unused_bench,Attacker,,,
4667792,new-zealand-vs-egypt,https://www.fotmob.com/matches/new-zealand-vs-egypt/24xk7y#4667792,New Zealand vs Egypt (2026-06-22T01:00:00.000Z),New Zealand,Egypt,2026-06-22T01:00:00.000Z,,,,Full time,1,3,Egypt,New Zealand,away,Kosta Barbarouses,17,unused_bench,Attacker,,,
4667792,new-zealand-vs-egypt,https://www.fotmob.com/matches/new-zealand-vs-egypt/24xk7y#4667792,New Zealand vs Egypt (2026-06-22T01:00:00.000Z),New Zealand,Egypt,2026-06-22T01:00:00.000Z,,,,Full time,1,3,Egypt,New Zealand,away,Logan Rogerson,7,unused_bench,Attacker,,,
4667792,new-zealand-vs-egypt,https://www.fotmob.com/matches/new-zealand-vs-egypt/24xk7y#4667792,New Zealand vs Egypt (2026-06-22T01:00:00.000Z),New Zealand,Egypt,2026-06-22T01:00:00.000Z,,,,Full time,1,3,Egypt,New Zealand,away,Al Mahdi Soliman,16,unused_bench,Keeper,,,
4667792,new-zealand-vs-egypt,https://www.fotmob.com/matches/new-zealand-vs-egypt/24xk7y#4667792,New Zealand vs Egypt (2026-06-22T01:00:00.000Z),New Zealand,Egypt,2026-06-22T01:00:00.000Z,,,,Full time,1,3,Egypt,New Zealand,away,Mohamed Alaa,26,unused_bench,Keeper,,,
4667792,new-zealand-vs-egypt,https://www.fotmob.com/matches/new-zealand-vs-egypt/24xk7y#4667792,New Zealand vs Egypt (2026-06-22T01:00:00.000Z),New Zealand,Egypt,2026-06-22T01:00:00.000Z,,,,Full time,1,3,Egypt,New Zealand,away,Mohamed El Shenawy,1,unused_bench,Keeper,,,
4667792,new-zealand-vs-egypt,https://www.fotmob.com/matches/new-zealand-vs-egypt/24xk7y#4667792,New Zealand vs Egypt (2026-06-22T01:00:00.000Z),New Zealand,Egypt,2026-06-22T01:00:00.000Z,,,,Full time,1,3,Egypt,New Zealand,away,Karim Hafez,15,unused_bench,Defender,,,
4667792,new-zealand-vs-egypt,https://www.fotmob.com/matches/new-zealand-vs-egypt/24xk7y#4667792,New Zealand vs Egypt (2026-06-22T01:00:00.000Z),New Zealand,Egypt,2026-06-22T01:00:00.000Z,,,,Full time,1,3,Egypt,New Zealand,away,Tarek Alaa,24,unused_bench,Defender,,,
4667792,new-zealand-vs-egypt,https://www.fotmob.com/matches/new-zealand-vs-egypt/24xk7y#4667792,New Zealand vs Egypt (2026-06-22T01:00:00.000Z),New Zealand,Egypt,2026-06-22T01:00:00.000Z,,,,Full time,1,3,Egypt,New Zealand,away,Mahmoud Saber,21,unused_bench,Midfielder,,,
4667792,new-zealand-vs-egypt,https://www.fotmob.com/matches/new-zealand-vs-egypt/24xk7y#4667792,New Zealand vs Egypt (2026-06-22T01:00:00.000Z),New Zealand,Egypt,2026-06-22T01:00:00.000Z,,,,Full time,1,3,Egypt,New Zealand,away,Nabil Dunga,18,unused_bench,Midfielder,,,
4667792,new-zealand-vs-egypt,https://www.fotmob.com/matches/new-zealand-vs-egypt/24xk7y#4667792,New Zealand vs Egypt (2026-06-22T01:00:00.000Z),New Zealand,Egypt,2026-06-22T01:00:00.000Z,,,,Full time,1,3,Egypt,New Zealand,away,Haissem Hassan,12,unused_bench,Attacker,,,
4667792,new-zealand-vs-egypt,https://www.fotmob.com/matches/new-zealand-vs-egypt/24xk7y#4667792,New Zealand vs Egypt (2026-06-22T01:00:00.000Z),New Zealand,Egypt,2026-06-22T01:00:00.000Z,,,,Full time,1,3,Egypt,New Zealand,away,Ibrahim Adel,20,unused_bench,Attacker,,,
4667793,iran-vs-belgium,https://www.fotmob.com/matches/iran-vs-belgium/1ur91k#4667793,Belgium vs Iran (2026-06-21T19:00:00.000Z),Belgium,Iran,2026-06-21T19:00:00.000Z,,Los Angeles Stadium,Darío Herrera,Full time,0,0,Belgium,Iran,home,Timothy Castagne,21,used_substitute,Defender,7.1,58.0,
4667793,iran-vs-belgium,https://www.fotmob.com/matches/iran-vs-belgium/1ur91k#4667793,Belgium vs Iran (2026-06-21T19:00:00.000Z),Belgium,Iran,2026-06-21T19:00:00.000Z,,Los Angeles Stadium,Darío Herrera,Full time,0,0,Belgium,Iran,home,Hans Vanaken,20,used_substitute,Midfielder,6.2,58.0,
4667793,iran-vs-belgium,https://www.fotmob.com/matches/iran-vs-belgium/1ur91k#4667793,Belgium vs Iran (2026-06-21T19:00:00.000Z),Belgium,Iran,2026-06-21T19:00:00.000Z,,Los Angeles Stadium,Darío Herrera,Full time,0,0,Belgium,Iran,home,Dodi Lukébakio,14,used_substitute,Attacker,6.1,58.0,
4667793,iran-vs-belgium,https://www.fotmob.com/matches/iran-vs-belgium/1ur91k#4667793,Belgium vs Iran (2026-06-21T19:00:00.000Z),Belgium,Iran,2026-06-21T19:00:00.000Z,,Los Angeles Stadium,Darío Herrera,Full time,0,0,Belgium,Iran,home,Arthur Theate,3,used_substitute,Defender,6.4,73.0,
4667793,iran-vs-belgium,https://www.fotmob.com/matches/iran-vs-belgium/1ur91k#4667793,Belgium vs Iran (2026-06-21T19:00:00.000Z),Belgium,Iran,2026-06-21T19:00:00.000Z,,Los Angeles Stadium,Darío Herrera,Full time,0,0,Belgium,Iran,home,Matias Fernandez-Pardo,26,used_substitute,Attacker,,87.0,
4667793,iran-vs-belgium,https://www.fotmob.com/matches/iran-vs-belgium/1ur91k#4667793,Belgium vs Iran (2026-06-21T19:00:00.000Z),Belgium,Iran,2026-06-21T19:00:00.000Z,,Los Angeles Stadium,Darío Herrera,Full time,0,0,Iran,Belgium,away,Alireza Jahanbakhsh,7,used_substitute,Attacker,6.3,46.0,
4667793,iran-vs-belgium,https://www.fotmob.com/matches/iran-vs-belgium/1ur91k#4667793,Belgium vs Iran (2026-06-21T19:00:00.000Z),Belgium,Iran,2026-06-21T19:00:00.000Z,,Los Angeles Stadium,Darío Herrera,Full time,0,0,Iran,Belgium,away,Milad Mohammadi,5,used_substitute,Defender,6.5,66.0,
4667793,iran-vs-belgium,https://www.fotmob.com/matches/iran-vs-belgium/1ur91k#4667793,Belgium vs Iran (2026-06-21T19:00:00.000Z),Belgium,Iran,2026-06-21T19:00:00.000Z,,Los Angeles Stadium,Darío Herrera,Full time,0,0,Iran,Belgium,away,Mehdi Torabi,16,used_substitute,Midfielder,6.4,66.0,
4667793,iran-vs-belgium,https://www.fotmob.com/matches/iran-vs-belgium/1ur91k#4667793,Belgium vs Iran (2026-06-21T19:00:00.000Z),Belgium,Iran,2026-06-21T19:00:00.000Z,,Los Angeles Stadium,Darío Herrera,Full time,0,0,Iran,Belgium,away,Shahriar Moghanlou,20,used_substitute,Attacker,6.3,79.0,
4667793,iran-vs-belgium,https://www.fotmob.com/matches/iran-vs-belgium/1ur91k#4667793,Belgium vs Iran (2026-06-21T19:00:00.000Z),Belgium,Iran,2026-06-21T19:00:00.000Z,,Los Angeles Stadium,Darío Herrera,Full time,0,0,Iran,Belgium,away,Amirhossein Hosseinzadeh,18,used_substitute,Attacker,,85.0,
4667793,iran-vs-belgium,https://www.fotmob.com/matches/iran-vs-belgium/1ur91k#4667793,Belgium vs Iran (2026-06-21T19:00:00.000Z),Belgium,Iran,2026-06-21T19:00:00.000Z,,Los Angeles Stadium,Darío Herrera,Full time,0,0,Belgium,Iran,home,Mike Penders,13,unused_bench,Keeper,,,
4667793,iran-vs-belgium,https://www.fotmob.com/matches/iran-vs-belgium/1ur91k#4667793,Belgium vs Iran (2026-06-21T19:00:00.000Z),Belgium,Iran,2026-06-21T19:00:00.000Z,,Los Angeles Stadium,Darío Herrera,Full time,0,0,Iran,Belgium,away,Senne Lammens,12,unused_bench,Keeper,,,
4667793,iran-vs-belgium,https://www.fotmob.com/matches/iran-vs-belgium/1ur91k#4667793,Belgium vs Iran (2026-06-21T19:00:00.000Z),Belgium,Iran,2026-06-21T19:00:00.000Z,,Los Angeles Stadium,Darío Herrera,Full time,0,0,Iran,Belgium,away,Joaquin Seys,18,unused_bench,Defender,,,
4667793,iran-vs-belgium,https://www.fotmob.com/matches/iran-vs-belgium/1ur91k#4667793,Belgium vs Iran (2026-06-21T19:00:00.000Z),Belgium,Iran,2026-06-21T19:00:00.000Z,,Los Angeles Stadium,Darío Herrera,Full time,0,0,Iran,Belgium,away,Koni De Winter,16,unused_bench,Defender,,,
4667793,iran-vs-belgium,https://www.fotmob.com/matches/iran-vs-belgium/1ur91k#4667793,Belgium vs Iran (2026-06-21T19:00:00.000Z),Belgium,Iran,2026-06-21T19:00:00.000Z,,Los Angeles Stadium,Darío Herrera,Full time,0,0,Iran,Belgium,away,Amadou Onana,24,unused_bench,Midfielder,,,
4667793,iran-vs-belgium,https://www.fotmob.com/matches/iran-vs-belgium/1ur91k#4667793,Belgium vs Iran (2026-06-21T19:00:00.000Z),Belgium,Iran,2026-06-21T19:00:00.000Z,,Los Angeles Stadium,Darío Herrera,Full time,0,0,Iran,Belgium,away,Axel Witsel,6,unused_bench,Midfielder,,,
4667793,iran-vs-belgium,https://www.fotmob.com/matches/iran-vs-belgium/1ur91k#4667793,Belgium vs Iran (2026-06-21T19:00:00.000Z),Belgium,Iran,2026-06-21T19:00:00.000Z,,Los Angeles Stadium,Darío Herrera,Full time,0,0,Iran,Belgium,away,Charles De Ketelaere,17,unused_bench,Midfielder,,,
4667793,iran-vs-belgium,https://www.fotmob.com/matches/iran-vs-belgium/1ur91k#4667793,Belgium vs Iran (2026-06-21T19:00:00.000Z),Belgium,Iran,2026-06-21T19:00:00.000Z,,Los Angeles Stadium,Darío Herrera,Full time,0,0,Iran,Belgium,away,Diego Moreira,19,unused_bench,Midfielder,,,
4667793,iran-vs-belgium,https://www.fotmob.com/matches/iran-vs-belgium/1ur91k#4667793,Belgium vs Iran (2026-06-21T19:00:00.000Z),Belgium,Iran,2026-06-21T19:00:00.000Z,,Los Angeles Stadium,Darío Herrera,Full time,0,0,Iran,Belgium,away,Hossein Hosseini,22,unused_bench,Keeper,,,
4667793,iran-vs-belgium,https://www.fotmob.com/matches/iran-vs-belgium/1ur91k#4667793,Belgium vs Iran (2026-06-21T19:00:00.000Z),Belgium,Iran,2026-06-21T19:00:00.000Z,,Los Angeles Stadium,Darío Herrera,Full time,0,0,Iran,Belgium,away,Payam Niazmand,12,unused_bench,Keeper,,,
4667793,iran-vs-belgium,https://www.fotmob.com/matches/iran-vs-belgium/1ur91k#4667793,Belgium vs Iran (2026-06-21T19:00:00.000Z),Belgium,Iran,2026-06-21T19:00:00.000Z,,Los Angeles Stadium,Darío Herrera,Full time,0,0,Iran,Belgium,away,Aria Yousefi,17,unused_bench,Defender,,,
4667793,iran-vs-belgium,https://www.fotmob.com/matches/iran-vs-belgium/1ur91k#4667793,Belgium vs Iran (2026-06-21T19:00:00.000Z),Belgium,Iran,2026-06-21T19:00:00.000Z,,Los Angeles Stadium,Darío Herrera,Full time,0,0,Iran,Belgium,away,Danial Eiri,25,unused_bench,Defender,,,
4667793,iran-vs-belgium,https://www.fotmob.com/matches/iran-vs-belgium/1ur91k#4667793,Belgium vs Iran (2026-06-21T19:00:00.000Z),Belgium,Iran,2026-06-21T19:00:00.000Z,,Los Angeles Stadium,Darío Herrera,Full time,0,0,Iran,Belgium,away,Amirmohammad Razaghinia,26,unused_bench,Midfielder,,,
4667793,iran-vs-belgium,https://www.fotmob.com/matches/iran-vs-belgium/1ur91k#4667793,Belgium vs Iran (2026-06-21T19:00:00.000Z),Belgium,Iran,2026-06-21T19:00:00.000Z,,Los Angeles Stadium,Darío Herrera,Full time,0,0,Iran,Belgium,away,Dennis Eckert,24,unused_bench,Midfielder,,,
4667793,iran-vs-belgium,https://www.fotmob.com/matches/iran-vs-belgium/1ur91k#4667793,Belgium vs Iran (2026-06-21T19:00:00.000Z),Belgium,Iran,2026-06-21T19:00:00.000Z,,Los Angeles Stadium,Darío Herrera,Full time,0,0,Iran,Belgium,away,Mohammad Ghorbani,21,unused_bench,Midfielder,,,
4667793,iran-vs-belgium,https://www.fotmob.com/matches/iran-vs-belgium/1ur91k#4667793,Belgium vs Iran (2026-06-21T19:00:00.000Z),Belgium,Iran,2026-06-21T19:00:00.000Z,,Los Angeles Stadium,Darío Herrera,Full time,0,0,Iran,Belgium,away,Roozbeh Cheshmi,15,unused_bench,Midfielder,,,
4667793,iran-vs-belgium,https://www.fotmob.com/matches/iran-vs-belgium/1ur91k#4667793,Belgium vs Iran (2026-06-21T19:00:00.000Z),Belgium,Iran,2026-06-21T19:00:00.000Z,,Los Angeles Stadium,Darío Herrera,Full time,0,0,Iran,Belgium,away,Ali Alipour,11,unused_bench,Attacker,,,
4667793,iran-vs-belgium,https://www.fotmob.com/matches/iran-vs-belgium/1ur91k#4667793,Belgium vs Iran (2026-06-21T19:00:00.000Z),Belgium,Iran,2026-06-21T19:00:00.000Z,,Los Angeles Stadium,Darío Herrera,Full time,0,0,Iran,Belgium,away,Mehdi Ghayedi,10,unused_bench,Attacker,,,
4667801,spain-vs-saudi-arabia,https://www.fotmob.com/matches/spain-vs-saudi-arabia/1qq6ht#4667801,Spain vs Saudi Arabia (2026-06-21T16:00:00.000Z),Spain,Saudi Arabia,2026-06-21T16:00:00.000Z,,Atlanta Stadium,Raphael Claus,Full time,4,0,Spain,Saudi Arabia,home,Yéremi Pino,11,used_substitute,Midfielder,6.1,46.0,
4667801,spain-vs-saudi-arabia,https://www.fotmob.com/matches/spain-vs-saudi-arabia/1qq6ht#4667801,Spain vs Saudi Arabia (2026-06-21T16:00:00.000Z),Spain,Saudi Arabia,2026-06-21T16:00:00.000Z,,Atlanta Stadium,Raphael Claus,Full time,4,0,Spain,Saudi Arabia,home,Ferran Torres,7,used_substitute,Attacker,6.3,46.0,
4667801,spain-vs-saudi-arabia,https://www.fotmob.com/matches/spain-vs-saudi-arabia/1qq6ht#4667801,Spain vs Saudi Arabia (2026-06-21T16:00:00.000Z),Spain,Saudi Arabia,2026-06-21T16:00:00.000Z,,Atlanta Stadium,Raphael Claus,Full time,4,0,Spain,Saudi Arabia,home,Mikel Merino,6,used_substitute,Midfielder,6.2,61.0,
4667801,spain-vs-saudi-arabia,https://www.fotmob.com/matches/spain-vs-saudi-arabia/1qq6ht#4667801,Spain vs Saudi Arabia (2026-06-21T16:00:00.000Z),Spain,Saudi Arabia,2026-06-21T16:00:00.000Z,,Atlanta Stadium,Raphael Claus,Full time,4,0,Spain,Saudi Arabia,home,Nico Williams,17,used_substitute,Attacker,5.8,61.0,
4667801,spain-vs-saudi-arabia,https://www.fotmob.com/matches/spain-vs-saudi-arabia/1qq6ht#4667801,Spain vs Saudi Arabia (2026-06-21T16:00:00.000Z),Spain,Saudi Arabia,2026-06-21T16:00:00.000Z,,Atlanta Stadium,Raphael Claus,Full time,4,0,Spain,Saudi Arabia,home,Fabián Ruiz,8,used_substitute,Midfielder,6.6,70.0,
4667801,spain-vs-saudi-arabia,https://www.fotmob.com/matches/spain-vs-saudi-arabia/1qq6ht#4667801,Spain vs Saudi Arabia (2026-06-21T16:00:00.000Z),Spain,Saudi Arabia,2026-06-21T16:00:00.000Z,,Atlanta Stadium,Raphael Claus,Full time,4,0,Saudi Arabia,Spain,away,Mohamed Kanno,23,used_substitute,Midfielder,6.2,46.0,
4667801,spain-vs-saudi-arabia,https://www.fotmob.com/matches/spain-vs-saudi-arabia/1qq6ht#4667801,Spain vs Saudi Arabia (2026-06-21T16:00:00.000Z),Spain,Saudi Arabia,2026-06-21T16:00:00.000Z,,Atlanta Stadium,Raphael Claus,Full time,4,0,Saudi Arabia,Spain,away,Abdullah Al-Hamdan,19,used_substitute,Attacker,6.3,46.0,
4667801,spain-vs-saudi-arabia,https://www.fotmob.com/matches/spain-vs-saudi-arabia/1qq6ht#4667801,Spain vs Saudi Arabia (2026-06-21T16:00:00.000Z),Spain,Saudi Arabia,2026-06-21T16:00:00.000Z,,Atlanta Stadium,Raphael Claus,Full time,4,0,Saudi Arabia,Spain,away,Alaa Hajji,18,used_substitute,Midfielder,6.2,60.0,
4667801,spain-vs-saudi-arabia,https://www.fotmob.com/matches/spain-vs-saudi-arabia/1qq6ht#4667801,Spain vs Saudi Arabia (2026-06-21T16:00:00.000Z),Spain,Saudi Arabia,2026-06-21T16:00:00.000Z,,Atlanta Stadium,Raphael Claus,Full time,4,0,Saudi Arabia,Spain,away,Mohammed Abu Al Shamat,26,used_substitute,Midfielder,6.8,60.0,
4667801,spain-vs-saudi-arabia,https://www.fotmob.com/matches/spain-vs-saudi-arabia/1qq6ht#4667801,Spain vs Saudi Arabia (2026-06-21T16:00:00.000Z),Spain,Saudi Arabia,2026-06-21T16:00:00.000Z,,Atlanta Stadium,Raphael Claus,Full time,4,0,Saudi Arabia,Spain,away,Khalid Al Ghannam,17,used_substitute,Attacker,,90.0,
4667801,spain-vs-saudi-arabia,https://www.fotmob.com/matches/spain-vs-saudi-arabia/1qq6ht#4667801,Spain vs Saudi Arabia (2026-06-21T16:00:00.000Z),Spain,Saudi Arabia,2026-06-21T16:00:00.000Z,,Atlanta Stadium,Raphael Claus,Full time,4,0,Spain,Saudi Arabia,home,David Raya,1,unused_bench,Keeper,,,
4667801,spain-vs-saudi-arabia,https://www.fotmob.com/matches/spain-vs-saudi-arabia/1qq6ht#4667801,Spain vs Saudi Arabia (2026-06-21T16:00:00.000Z),Spain,Saudi Arabia,2026-06-21T16:00:00.000Z,,Atlanta Stadium,Raphael Claus,Full time,4,0,Saudi Arabia,Spain,away,Joan García,13,unused_bench,Keeper,,,
4667801,spain-vs-saudi-arabia,https://www.fotmob.com/matches/spain-vs-saudi-arabia/1qq6ht#4667801,Spain vs Saudi Arabia (2026-06-21T16:00:00.000Z),Spain,Saudi Arabia,2026-06-21T16:00:00.000Z,,Atlanta Stadium,Raphael Claus,Full time,4,0,Saudi Arabia,Spain,away,Eric García,4,unused_bench,Defender,,,
4667801,spain-vs-saudi-arabia,https://www.fotmob.com/matches/spain-vs-saudi-arabia/1qq6ht#4667801,Spain vs Saudi Arabia (2026-06-21T16:00:00.000Z),Spain,Saudi Arabia,2026-06-21T16:00:00.000Z,,Atlanta Stadium,Raphael Claus,Full time,4,0,Saudi Arabia,Spain,away,Marc Pubill,2,unused_bench,Defender,,,
4667801,spain-vs-saudi-arabia,https://www.fotmob.com/matches/spain-vs-saudi-arabia/1qq6ht#4667801,Spain vs Saudi Arabia (2026-06-21T16:00:00.000Z),Spain,Saudi Arabia,2026-06-21T16:00:00.000Z,,Atlanta Stadium,Raphael Claus,Full time,4,0,Saudi Arabia,Spain,away,Marcos Llorente,5,unused_bench,Defender,,,
4667801,spain-vs-saudi-arabia,https://www.fotmob.com/matches/spain-vs-saudi-arabia/1qq6ht#4667801,Spain vs Saudi Arabia (2026-06-21T16:00:00.000Z),Spain,Saudi Arabia,2026-06-21T16:00:00.000Z,,Atlanta Stadium,Raphael Claus,Full time,4,0,Saudi Arabia,Spain,away,Alejandro Grimaldo,3,unused_bench,Midfielder,,,
4667801,spain-vs-saudi-arabia,https://www.fotmob.com/matches/spain-vs-saudi-arabia/1qq6ht#4667801,Spain vs Saudi Arabia (2026-06-21T16:00:00.000Z),Spain,Saudi Arabia,2026-06-21T16:00:00.000Z,,Atlanta Stadium,Raphael Claus,Full time,4,0,Saudi Arabia,Spain,away,Gavi,9,unused_bench,Midfielder,,,
4667801,spain-vs-saudi-arabia,https://www.fotmob.com/matches/spain-vs-saudi-arabia/1qq6ht#4667801,Spain vs Saudi Arabia (2026-06-21T16:00:00.000Z),Spain,Saudi Arabia,2026-06-21T16:00:00.000Z,,Atlanta Stadium,Raphael Claus,Full time,4,0,Saudi Arabia,Spain,away,Martín Zubimendi,18,unused_bench,Midfielder,,,
4667801,spain-vs-saudi-arabia,https://www.fotmob.com/matches/spain-vs-saudi-arabia/1qq6ht#4667801,Spain vs Saudi Arabia (2026-06-21T16:00:00.000Z),Spain,Saudi Arabia,2026-06-21T16:00:00.000Z,,Atlanta Stadium,Raphael Claus,Full time,4,0,Saudi Arabia,Spain,away,Borja Iglesias,26,unused_bench,Attacker,,,
4667801,spain-vs-saudi-arabia,https://www.fotmob.com/matches/spain-vs-saudi-arabia/1qq6ht#4667801,Spain vs Saudi Arabia (2026-06-21T16:00:00.000Z),Spain,Saudi Arabia,2026-06-21T16:00:00.000Z,,Atlanta Stadium,Raphael Claus,Full time,4,0,Saudi Arabia,Spain,away,Víctor Muñoz,25,unused_bench,Attacker,,,
4667801,spain-vs-saudi-arabia,https://www.fotmob.com/matches/spain-vs-saudi-arabia/1qq6ht#4667801,Spain vs Saudi Arabia (2026-06-21T16:00:00.000Z),Spain,Saudi Arabia,2026-06-21T16:00:00.000Z,,Atlanta Stadium,Raphael Claus,Full time,4,0,Saudi Arabia,Spain,away,Ahmed Ali Al Kassar,22,unused_bench,Keeper,,,
4667801,spain-vs-saudi-arabia,https://www.fotmob.com/matches/spain-vs-saudi-arabia/1qq6ht#4667801,Spain vs Saudi Arabia (2026-06-21T16:00:00.000Z),Spain,Saudi Arabia,2026-06-21T16:00:00.000Z,,Atlanta Stadium,Raphael Claus,Full time,4,0,Saudi Arabia,Spain,away,Nawaf Alaqidi,1,unused_bench,Keeper,,,
4667801,spain-vs-saudi-arabia,https://www.fotmob.com/matches/spain-vs-saudi-arabia/1qq6ht#4667801,Spain vs Saudi Arabia (2026-06-21T16:00:00.000Z),Spain,Saudi Arabia,2026-06-21T16:00:00.000Z,,Atlanta Stadium,Raphael Claus,Full time,4,0,Saudi Arabia,Spain,away,Ali Majrashi,2,unused_bench,Defender,,,
4667801,spain-vs-saudi-arabia,https://www.fotmob.com/matches/spain-vs-saudi-arabia/1qq6ht#4667801,Spain vs Saudi Arabia (2026-06-21T16:00:00.000Z),Spain,Saudi Arabia,2026-06-21T16:00:00.000Z,,Atlanta Stadium,Raphael Claus,Full time,4,0,Saudi Arabia,Spain,away,Ayman Yahya,8,unused_bench,Defender,,,
4667801,spain-vs-saudi-arabia,https://www.fotmob.com/matches/spain-vs-saudi-arabia/1qq6ht#4667801,Spain vs Saudi Arabia (2026-06-21T16:00:00.000Z),Spain,Saudi Arabia,2026-06-21T16:00:00.000Z,,Atlanta Stadium,Raphael Claus,Full time,4,0,Saudi Arabia,Spain,away,Hasan Kadesh,14,unused_bench,Defender,,,
4667801,spain-vs-saudi-arabia,https://www.fotmob.com/matches/spain-vs-saudi-arabia/1qq6ht#4667801,Spain vs Saudi Arabia (2026-06-21T16:00:00.000Z),Spain,Saudi Arabia,2026-06-21T16:00:00.000Z,,Atlanta Stadium,Raphael Claus,Full time,4,0,Saudi Arabia,Spain,away,Jehad Thakri,25,unused_bench,Defender,,,
4667801,spain-vs-saudi-arabia,https://www.fotmob.com/matches/spain-vs-saudi-arabia/1qq6ht#4667801,Spain vs Saudi Arabia (2026-06-21T16:00:00.000Z),Spain,Saudi Arabia,2026-06-21T16:00:00.000Z,,Atlanta Stadium,Raphael Claus,Full time,4,0,Saudi Arabia,Spain,away,Nawaf Al-Boushail,13,unused_bench,Defender,,,
4667801,spain-vs-saudi-arabia,https://www.fotmob.com/matches/spain-vs-saudi-arabia/1qq6ht#4667801,Spain vs Saudi Arabia (2026-06-21T16:00:00.000Z),Spain,Saudi Arabia,2026-06-21T16:00:00.000Z,,Atlanta Stadium,Raphael Claus,Full time,4,0,Saudi Arabia,Spain,away,Ziyad Aljohani,16,unused_bench,Midfielder,,,
4667801,spain-vs-saudi-arabia,https://www.fotmob.com/matches/spain-vs-saudi-arabia/1qq6ht#4667801,Spain vs Saudi Arabia (2026-06-21T16:00:00.000Z),Spain,Saudi Arabia,2026-06-21T16:00:00.000Z,,Atlanta Stadium,Raphael Claus,Full time,4,0,Saudi Arabia,Spain,away,Saleh Al-Shehri,11,unused_bench,Attacker,,,
4667801,spain-vs-saudi-arabia,https://www.fotmob.com/matches/spain-vs-saudi-arabia/1qq6ht#4667801,Spain vs Saudi Arabia (2026-06-21T16:00:00.000Z),Spain,Saudi Arabia,2026-06-21T16:00:00.000Z,,Atlanta Stadium,Raphael Claus,Full time,4,0,Saudi Arabia,Spain,away,Sultan Mandash,20,unused_bench,Attacker,,,
4667800,uruguay-vs-cape-verde,https://www.fotmob.com/matches/uruguay-vs-cape-verde/14n97e#4667800,Uruguay vs Cape Verde (2026-06-21T22:00:00.000Z),Uruguay,Cape Verde,2026-06-21T22:00:00.000Z,,Miami Stadium,Espen Eskås,Full time,2,2,Uruguay,Cape Verde,home,Nicolás de la Cruz,7,used_substitute,Midfielder,6.5,70.0,
4667800,uruguay-vs-cape-verde,https://www.fotmob.com/matches/uruguay-vs-cape-verde/14n97e#4667800,Uruguay vs Cape Verde (2026-06-21T22:00:00.000Z),Uruguay,Cape Verde,2026-06-21T22:00:00.000Z,,Miami Stadium,Espen Eskås,Full time,2,2,Uruguay,Cape Verde,home,Darwin Núñez,9,used_substitute,Attacker,6.4,70.0,
4667800,uruguay-vs-cape-verde,https://www.fotmob.com/matches/uruguay-vs-cape-verde/14n97e#4667800,Uruguay vs Cape Verde (2026-06-21T22:00:00.000Z),Uruguay,Cape Verde,2026-06-21T22:00:00.000Z,,Miami Stadium,Espen Eskås,Full time,2,2,Uruguay,Cape Verde,home,Brian Rodríguez,18,used_substitute,Attacker,,81.0,
4667800,uruguay-vs-cape-verde,https://www.fotmob.com/matches/uruguay-vs-cape-verde/14n97e#4667800,Uruguay vs Cape Verde (2026-06-21T22:00:00.000Z),Uruguay,Cape Verde,2026-06-21T22:00:00.000Z,,Miami Stadium,Espen Eskås,Full time,2,2,Cape Verde,Uruguay,away,Deroy Duarte,14,used_substitute,Midfielder,6.7,46.0,
4667800,uruguay-vs-cape-verde,https://www.fotmob.com/matches/uruguay-vs-cape-verde/14n97e#4667800,Uruguay vs Cape Verde (2026-06-21T22:00:00.000Z),Uruguay,Cape Verde,2026-06-21T22:00:00.000Z,,Miami Stadium,Espen Eskås,Full time,2,2,Cape Verde,Uruguay,away,Hélio Varela,26,used_substitute,Attacker,7.0,58.0,
4667800,uruguay-vs-cape-verde,https://www.fotmob.com/matches/uruguay-vs-cape-verde/14n97e#4667800,Uruguay vs Cape Verde (2026-06-21T22:00:00.000Z),Uruguay,Cape Verde,2026-06-21T22:00:00.000Z,,Miami Stadium,Espen Eskås,Full time,2,2,Cape Verde,Uruguay,away,Nuno da Costa,21,used_substitute,Attacker,6.4,58.0,
4667800,uruguay-vs-cape-verde,https://www.fotmob.com/matches/uruguay-vs-cape-verde/14n97e#4667800,Uruguay vs Cape Verde (2026-06-21T22:00:00.000Z),Uruguay,Cape Verde,2026-06-21T22:00:00.000Z,,Miami Stadium,Espen Eskås,Full time,2,2,Cape Verde,Uruguay,away,Laros Duarte,15,used_substitute,Midfielder,7.1,70.0,
4667800,uruguay-vs-cape-verde,https://www.fotmob.com/matches/uruguay-vs-cape-verde/14n97e#4667800,Uruguay vs Cape Verde (2026-06-21T22:00:00.000Z),Uruguay,Cape Verde,2026-06-21T22:00:00.000Z,,Miami Stadium,Espen Eskås,Full time,2,2,Cape Verde,Uruguay,away,Yannick Semedo,16,used_substitute,Midfielder,6.6,80.0,
4667800,uruguay-vs-cape-verde,https://www.fotmob.com/matches/uruguay-vs-cape-verde/14n97e#4667800,Uruguay vs Cape Verde (2026-06-21T22:00:00.000Z),Uruguay,Cape Verde,2026-06-21T22:00:00.000Z,,Miami Stadium,Espen Eskås,Full time,2,2,Uruguay,Cape Verde,home,Santiago Mele,12,unused_bench,Keeper,,,
4667800,uruguay-vs-cape-verde,https://www.fotmob.com/matches/uruguay-vs-cape-verde/14n97e#4667800,Uruguay vs Cape Verde (2026-06-21T22:00:00.000Z),Uruguay,Cape Verde,2026-06-21T22:00:00.000Z,,Miami Stadium,Espen Eskås,Full time,2,2,Cape Verde,Uruguay,away,Sergio Rochet,1,unused_bench,Keeper,,,
4667800,uruguay-vs-cape-verde,https://www.fotmob.com/matches/uruguay-vs-cape-verde/14n97e#4667800,Uruguay vs Cape Verde (2026-06-21T22:00:00.000Z),Uruguay,Cape Verde,2026-06-21T22:00:00.000Z,,Miami Stadium,Espen Eskås,Full time,2,2,Cape Verde,Uruguay,away,Joaquín Piquerez,22,unused_bench,Defender,,,
4667800,uruguay-vs-cape-verde,https://www.fotmob.com/matches/uruguay-vs-cape-verde/14n97e#4667800,Uruguay vs Cape Verde (2026-06-21T22:00:00.000Z),Uruguay,Cape Verde,2026-06-21T22:00:00.000Z,,Miami Stadium,Espen Eskås,Full time,2,2,Cape Verde,Uruguay,away,José Giménez,2,unused_bench,Defender,,,
4667800,uruguay-vs-cape-verde,https://www.fotmob.com/matches/uruguay-vs-cape-verde/14n97e#4667800,Uruguay vs Cape Verde (2026-06-21T22:00:00.000Z),Uruguay,Cape Verde,2026-06-21T22:00:00.000Z,,Miami Stadium,Espen Eskås,Full time,2,2,Cape Verde,Uruguay,away,Matías Viña,17,unused_bench,Defender,,,
4667800,uruguay-vs-cape-verde,https://www.fotmob.com/matches/uruguay-vs-cape-verde/14n97e#4667800,Uruguay vs Cape Verde (2026-06-21T22:00:00.000Z),Uruguay,Cape Verde,2026-06-21T22:00:00.000Z,,Miami Stadium,Espen Eskås,Full time,2,2,Cape Verde,Uruguay,away,Santiago Bueno,24,unused_bench,Defender,,,
4667800,uruguay-vs-cape-verde,https://www.fotmob.com/matches/uruguay-vs-cape-verde/14n97e#4667800,Uruguay vs Cape Verde (2026-06-21T22:00:00.000Z),Uruguay,Cape Verde,2026-06-21T22:00:00.000Z,,Miami Stadium,Espen Eskås,Full time,2,2,Cape Verde,Uruguay,away,Emiliano Martínez,15,unused_bench,Midfielder,,,
4667800,uruguay-vs-cape-verde,https://www.fotmob.com/matches/uruguay-vs-cape-verde/14n97e#4667800,Uruguay vs Cape Verde (2026-06-21T22:00:00.000Z),Uruguay,Cape Verde,2026-06-21T22:00:00.000Z,,Miami Stadium,Espen Eskås,Full time,2,2,Cape Verde,Uruguay,away,Facundo Pellistri,11,unused_bench,Attacker,,,
4667800,uruguay-vs-cape-verde,https://www.fotmob.com/matches/uruguay-vs-cape-verde/14n97e#4667800,Uruguay vs Cape Verde (2026-06-21T22:00:00.000Z),Uruguay,Cape Verde,2026-06-21T22:00:00.000Z,,Miami Stadium,Espen Eskås,Full time,2,2,Cape Verde,Uruguay,away,Rodrigo Aguirre,19,unused_bench,Attacker,,,
4667800,uruguay-vs-cape-verde,https://www.fotmob.com/matches/uruguay-vs-cape-verde/14n97e#4667800,Uruguay vs Cape Verde (2026-06-21T22:00:00.000Z),Uruguay,Cape Verde,2026-06-21T22:00:00.000Z,,Miami Stadium,Espen Eskås,Full time,2,2,Cape Verde,Uruguay,away,Rodrigo Zalazar,26,unused_bench,Attacker,,,
4667800,uruguay-vs-cape-verde,https://www.fotmob.com/matches/uruguay-vs-cape-verde/14n97e#4667800,Uruguay vs Cape Verde (2026-06-21T22:00:00.000Z),Uruguay,Cape Verde,2026-06-21T22:00:00.000Z,,Miami Stadium,Espen Eskås,Full time,2,2,Cape Verde,Uruguay,away,Carlos Dos Santos,23,unused_bench,Keeper,,,
4667800,uruguay-vs-cape-verde,https://www.fotmob.com/matches/uruguay-vs-cape-verde/14n97e#4667800,Uruguay vs Cape Verde (2026-06-21T22:00:00.000Z),Uruguay,Cape Verde,2026-06-21T22:00:00.000Z,,Miami Stadium,Espen Eskås,Full time,2,2,Cape Verde,Uruguay,away,Márcio Rosa,12,unused_bench,Keeper,,,
4667800,uruguay-vs-cape-verde,https://www.fotmob.com/matches/uruguay-vs-cape-verde/14n97e#4667800,Uruguay vs Cape Verde (2026-06-21T22:00:00.000Z),Uruguay,Cape Verde,2026-06-21T22:00:00.000Z,,Miami Stadium,Espen Eskås,Full time,2,2,Cape Verde,Uruguay,away,Kelvin Pires,25,unused_bench,Defender,,,
4667800,uruguay-vs-cape-verde,https://www.fotmob.com/matches/uruguay-vs-cape-verde/14n97e#4667800,Uruguay vs Cape Verde (2026-06-21T22:00:00.000Z),Uruguay,Cape Verde,2026-06-21T22:00:00.000Z,,Miami Stadium,Espen Eskås,Full time,2,2,Cape Verde,Uruguay,away,Logan Costa,5,unused_bench,Defender,,,
4667800,uruguay-vs-cape-verde,https://www.fotmob.com/matches/uruguay-vs-cape-verde/14n97e#4667800,Uruguay vs Cape Verde (2026-06-21T22:00:00.000Z),Uruguay,Cape Verde,2026-06-21T22:00:00.000Z,,Miami Stadium,Espen Eskås,Full time,2,2,Cape Verde,Uruguay,away,Stopira,2,unused_bench,Defender,,,
4667800,uruguay-vs-cape-verde,https://www.fotmob.com/matches/uruguay-vs-cape-verde/14n97e#4667800,Uruguay vs Cape Verde (2026-06-21T22:00:00.000Z),Uruguay,Cape Verde,2026-06-21T22:00:00.000Z,,Miami Stadium,Espen Eskås,Full time,2,2,Cape Verde,Uruguay,away,Wagner Pina,24,unused_bench,Defender,,,
4667800,uruguay-vs-cape-verde,https://www.fotmob.com/matches/uruguay-vs-cape-verde/14n97e#4667800,Uruguay vs Cape Verde (2026-06-21T22:00:00.000Z),Uruguay,Cape Verde,2026-06-21T22:00:00.000Z,,Miami Stadium,Espen Eskås,Full time,2,2,Cape Verde,Uruguay,away,João Paulo,8,unused_bench,Midfielder,,,
4667800,uruguay-vs-cape-verde,https://www.fotmob.com/matches/uruguay-vs-cape-verde/14n97e#4667800,Uruguay vs Cape Verde (2026-06-21T22:00:00.000Z),Uruguay,Cape Verde,2026-06-21T22:00:00.000Z,,Miami Stadium,Espen Eskås,Full time,2,2,Cape Verde,Uruguay,away,Dailon Livramento,19,unused_bench,Attacker,,,
4667800,uruguay-vs-cape-verde,https://www.fotmob.com/matches/uruguay-vs-cape-verde/14n97e#4667800,Uruguay vs Cape Verde (2026-06-21T22:00:00.000Z),Uruguay,Cape Verde,2026-06-21T22:00:00.000Z,,Miami Stadium,Espen Eskås,Full time,2,2,Cape Verde,Uruguay,away,Jovane Cabral,7,unused_bench,Attacker,,,
4667800,uruguay-vs-cape-verde,https://www.fotmob.com/matches/uruguay-vs-cape-verde/14n97e#4667800,Uruguay vs Cape Verde (2026-06-21T22:00:00.000Z),Uruguay,Cape Verde,2026-06-21T22:00:00.000Z,,Miami Stadium,Espen Eskås,Full time,2,2,Cape Verde,Uruguay,away,Willy Semedo,17,unused_bench,Attacker,,,
4667827,panama-vs-croatia,https://www.fotmob.com/matches/panama-vs-croatia/24y93x#4667827,Panama vs Croatia (2026-06-23T23:00:00.000Z),Panama,Croatia,2026-06-23T23:00:00.000Z,,Toronto Stadium,Pierre Ghislain Atcho,Full time,0,1,Panama,Croatia,home,Cecilio Waterman,18,used_substitute,Attacker,6.2,77.0,
4667827,panama-vs-croatia,https://www.fotmob.com/matches/panama-vs-croatia/24y93x#4667827,Panama vs Croatia (2026-06-23T23:00:00.000Z),Panama,Croatia,2026-06-23T23:00:00.000Z,,Toronto Stadium,Pierre Ghislain Atcho,Full time,0,1,Panama,Croatia,home,Azarías Londoño,24,used_substitute,Attacker,,83.0,
4667827,panama-vs-croatia,https://www.fotmob.com/matches/panama-vs-croatia/24y93x#4667827,Panama vs Croatia (2026-06-23T23:00:00.000Z),Panama,Croatia,2026-06-23T23:00:00.000Z,,Toronto Stadium,Pierre Ghislain Atcho,Full time,0,1,Panama,Croatia,home,Éric Davis,15,used_substitute,Midfielder,,90.0,
4667827,panama-vs-croatia,https://www.fotmob.com/matches/panama-vs-croatia/24y93x#4667827,Panama vs Croatia (2026-06-23T23:00:00.000Z),Panama,Croatia,2026-06-23T23:00:00.000Z,,Toronto Stadium,Pierre Ghislain Atcho,Full time,0,1,Panama,Croatia,home,Tomás Rodríguez,9,used_substitute,Attacker,,90.0,
4667827,panama-vs-croatia,https://www.fotmob.com/matches/panama-vs-croatia/24y93x#4667827,Panama vs Croatia (2026-06-23T23:00:00.000Z),Panama,Croatia,2026-06-23T23:00:00.000Z,,Toronto Stadium,Pierre Ghislain Atcho,Full time,0,1,Croatia,Panama,away,Andrej Kramaric,9,used_substitute,Midfielder,6.6,46.0,
4667827,panama-vs-croatia,https://www.fotmob.com/matches/panama-vs-croatia/24y93x#4667827,Panama vs Croatia (2026-06-23T23:00:00.000Z),Panama,Croatia,2026-06-23T23:00:00.000Z,,Toronto Stadium,Pierre Ghislain Atcho,Full time,0,1,Croatia,Panama,away,Ante Budimir,11,used_substitute,Attacker,7.6,46.0,
4667827,panama-vs-croatia,https://www.fotmob.com/matches/panama-vs-croatia/24y93x#4667827,Panama vs Croatia (2026-06-23T23:00:00.000Z),Panama,Croatia,2026-06-23T23:00:00.000Z,,Toronto Stadium,Pierre Ghislain Atcho,Full time,0,1,Croatia,Panama,away,Luka Sucic,21,used_substitute,Midfielder,5.9,72.0,
4667827,panama-vs-croatia,https://www.fotmob.com/matches/panama-vs-croatia/24y93x#4667827,Panama vs Croatia (2026-06-23T23:00:00.000Z),Panama,Croatia,2026-06-23T23:00:00.000Z,,Toronto Stadium,Pierre Ghislain Atcho,Full time,0,1,Croatia,Panama,away,Petar Sucic,17,used_substitute,Midfielder,6.0,72.0,
4667827,panama-vs-croatia,https://www.fotmob.com/matches/panama-vs-croatia/24y93x#4667827,Panama vs Croatia (2026-06-23T23:00:00.000Z),Panama,Croatia,2026-06-23T23:00:00.000Z,,Toronto Stadium,Pierre Ghislain Atcho,Full time,0,1,Croatia,Panama,away,Mario Pasalic,15,used_substitute,Midfielder,,81.0,
4667827,panama-vs-croatia,https://www.fotmob.com/matches/panama-vs-croatia/24y93x#4667827,Panama vs Croatia (2026-06-23T23:00:00.000Z),Panama,Croatia,2026-06-23T23:00:00.000Z,,Toronto Stadium,Pierre Ghislain Atcho,Full time,0,1,Panama,Croatia,home,César Samudio,12,unused_bench,Keeper,,,
4667827,panama-vs-croatia,https://www.fotmob.com/matches/panama-vs-croatia/24y93x#4667827,Panama vs Croatia (2026-06-23T23:00:00.000Z),Panama,Croatia,2026-06-23T23:00:00.000Z,,Toronto Stadium,Pierre Ghislain Atcho,Full time,0,1,Croatia,Panama,away,Luis Mejía,1,unused_bench,Keeper,,,
4667827,panama-vs-croatia,https://www.fotmob.com/matches/panama-vs-croatia/24y93x#4667827,Panama vs Croatia (2026-06-23T23:00:00.000Z),Panama,Croatia,2026-06-23T23:00:00.000Z,,Toronto Stadium,Pierre Ghislain Atcho,Full time,0,1,Croatia,Panama,away,Edgardo Fariña,5,unused_bench,Defender,,,
4667827,panama-vs-croatia,https://www.fotmob.com/matches/panama-vs-croatia/24y93x#4667827,Panama vs Croatia (2026-06-23T23:00:00.000Z),Panama,Croatia,2026-06-23T23:00:00.000Z,,Toronto Stadium,Pierre Ghislain Atcho,Full time,0,1,Croatia,Panama,away,Fidel Escobar,4,unused_bench,Defender,,,
4667827,panama-vs-croatia,https://www.fotmob.com/matches/panama-vs-croatia/24y93x#4667827,Panama vs Croatia (2026-06-23T23:00:00.000Z),Panama,Croatia,2026-06-23T23:00:00.000Z,,Toronto Stadium,Pierre Ghislain Atcho,Full time,0,1,Croatia,Panama,away,Jorge Gutiérrez,26,unused_bench,Defender,,,
4667827,panama-vs-croatia,https://www.fotmob.com/matches/panama-vs-croatia/24y93x#4667827,Panama vs Croatia (2026-06-23T23:00:00.000Z),Panama,Croatia,2026-06-23T23:00:00.000Z,,Toronto Stadium,Pierre Ghislain Atcho,Full time,0,1,Croatia,Panama,away,Roderick Miller,25,unused_bench,Defender,,,
4667827,panama-vs-croatia,https://www.fotmob.com/matches/panama-vs-croatia/24y93x#4667827,Panama vs Croatia (2026-06-23T23:00:00.000Z),Panama,Croatia,2026-06-23T23:00:00.000Z,,Toronto Stadium,Pierre Ghislain Atcho,Full time,0,1,Croatia,Panama,away,Adalberto Carrasquilla,8,unused_bench,Midfielder,,,
4667827,panama-vs-croatia,https://www.fotmob.com/matches/panama-vs-croatia/24y93x#4667827,Panama vs Croatia (2026-06-23T23:00:00.000Z),Panama,Croatia,2026-06-23T23:00:00.000Z,,Toronto Stadium,Pierre Ghislain Atcho,Full time,0,1,Croatia,Panama,away,Aníbal Godoy,20,unused_bench,Midfielder,,,
4667827,panama-vs-croatia,https://www.fotmob.com/matches/panama-vs-croatia/24y93x#4667827,Panama vs Croatia (2026-06-23T23:00:00.000Z),Panama,Croatia,2026-06-23T23:00:00.000Z,,Toronto Stadium,Pierre Ghislain Atcho,Full time,0,1,Croatia,Panama,away,César Yanis,21,unused_bench,Midfielder,,,
4667827,panama-vs-croatia,https://www.fotmob.com/matches/panama-vs-croatia/24y93x#4667827,Panama vs Croatia (2026-06-23T23:00:00.000Z),Panama,Croatia,2026-06-23T23:00:00.000Z,,Toronto Stadium,Pierre Ghislain Atcho,Full time,0,1,Croatia,Panama,away,Alberto Quintero,19,unused_bench,Attacker,,,
4667827,panama-vs-croatia,https://www.fotmob.com/matches/panama-vs-croatia/24y93x#4667827,Panama vs Croatia (2026-06-23T23:00:00.000Z),Panama,Croatia,2026-06-23T23:00:00.000Z,,Toronto Stadium,Pierre Ghislain Atcho,Full time,0,1,Croatia,Panama,away,Ismael Díaz,10,unused_bench,Attacker,,,
4667827,panama-vs-croatia,https://www.fotmob.com/matches/panama-vs-croatia/24y93x#4667827,Panama vs Croatia (2026-06-23T23:00:00.000Z),Panama,Croatia,2026-06-23T23:00:00.000Z,,Toronto Stadium,Pierre Ghislain Atcho,Full time,0,1,Croatia,Panama,away,Dominik Kotarski,23,unused_bench,Keeper,,,
4667827,panama-vs-croatia,https://www.fotmob.com/matches/panama-vs-croatia/24y93x#4667827,Panama vs Croatia (2026-06-23T23:00:00.000Z),Panama,Croatia,2026-06-23T23:00:00.000Z,,Toronto Stadium,Pierre Ghislain Atcho,Full time,0,1,Croatia,Panama,away,Ivor Pandur,12,unused_bench,Keeper,,,
4667827,panama-vs-croatia,https://www.fotmob.com/matches/panama-vs-croatia/24y93x#4667827,Panama vs Croatia (2026-06-23T23:00:00.000Z),Panama,Croatia,2026-06-23T23:00:00.000Z,,Toronto Stadium,Pierre Ghislain Atcho,Full time,0,1,Croatia,Panama,away,Duje Caleta-Car,5,unused_bench,Defender,,,
4667827,panama-vs-croatia,https://www.fotmob.com/matches/panama-vs-croatia/24y93x#4667827,Panama vs Croatia (2026-06-23T23:00:00.000Z),Panama,Croatia,2026-06-23T23:00:00.000Z,,Toronto Stadium,Pierre Ghislain Atcho,Full time,0,1,Croatia,Panama,away,Luka Vuskovic,22,unused_bench,Defender,,,
4667827,panama-vs-croatia,https://www.fotmob.com/matches/panama-vs-croatia/24y93x#4667827,Panama vs Croatia (2026-06-23T23:00:00.000Z),Panama,Croatia,2026-06-23T23:00:00.000Z,,Toronto Stadium,Pierre Ghislain Atcho,Full time,0,1,Croatia,Panama,away,Martin Erlic,25,unused_bench,Defender,,,
4667827,panama-vs-croatia,https://www.fotmob.com/matches/panama-vs-croatia/24y93x#4667827,Panama vs Croatia (2026-06-23T23:00:00.000Z),Panama,Croatia,2026-06-23T23:00:00.000Z,,Toronto Stadium,Pierre Ghislain Atcho,Full time,0,1,Croatia,Panama,away,Kristijan Jakic,18,unused_bench,Midfielder,,,
4667827,panama-vs-croatia,https://www.fotmob.com/matches/panama-vs-croatia/24y93x#4667827,Panama vs Croatia (2026-06-23T23:00:00.000Z),Panama,Croatia,2026-06-23T23:00:00.000Z,,Toronto Stadium,Pierre Ghislain Atcho,Full time,0,1,Croatia,Panama,away,Nikola Moro,7,unused_bench,Midfielder,,,
4667827,panama-vs-croatia,https://www.fotmob.com/matches/panama-vs-croatia/24y93x#4667827,Panama vs Croatia (2026-06-23T23:00:00.000Z),Panama,Croatia,2026-06-23T23:00:00.000Z,,Toronto Stadium,Pierre Ghislain Atcho,Full time,0,1,Croatia,Panama,away,Nikola Vlasic,13,unused_bench,Midfielder,,,
4667827,panama-vs-croatia,https://www.fotmob.com/matches/panama-vs-croatia/24y93x#4667827,Panama vs Croatia (2026-06-23T23:00:00.000Z),Panama,Croatia,2026-06-23T23:00:00.000Z,,Toronto Stadium,Pierre Ghislain Atcho,Full time,0,1,Croatia,Panama,away,Toni Fruk,19,unused_bench,Midfielder,,,
4667827,panama-vs-croatia,https://www.fotmob.com/matches/panama-vs-croatia/24y93x#4667827,Panama vs Croatia (2026-06-23T23:00:00.000Z),Panama,Croatia,2026-06-23T23:00:00.000Z,,Toronto Stadium,Pierre Ghislain Atcho,Full time,0,1,Croatia,Panama,away,Igor Matanovic,20,unused_bench,Attacker,,,
4667821,dr-congo-vs-colombia,https://www.fotmob.com/matches/dr-congo-vs-colombia/1ra58w#4667821,Colombia vs DR Congo (2026-06-24T02:00:00.000Z),Colombia,DR Congo,2026-06-24T02:00:00.000Z,,Guadalajara Stadium,Maurizio Mariani,Full time,1,0,Colombia,DR Congo,home,Juan Quintero,20,used_substitute,Midfielder,7.3,58.0,
4667821,dr-congo-vs-colombia,https://www.fotmob.com/matches/dr-congo-vs-colombia/1ra58w#4667821,Colombia vs DR Congo (2026-06-24T02:00:00.000Z),Colombia,DR Congo,2026-06-24T02:00:00.000Z,,Guadalajara Stadium,Maurizio Mariani,Full time,1,0,Colombia,DR Congo,home,Jhon Córdoba,9,used_substitute,Attacker,6.2,58.0,
4667821,dr-congo-vs-colombia,https://www.fotmob.com/matches/dr-congo-vs-colombia/1ra58w#4667821,Colombia vs DR Congo (2026-06-24T02:00:00.000Z),Colombia,DR Congo,2026-06-24T02:00:00.000Z,,Guadalajara Stadium,Maurizio Mariani,Full time,1,0,Colombia,DR Congo,home,Richard Ríos,6,used_substitute,Midfielder,5.9,77.0,
4667821,dr-congo-vs-colombia,https://www.fotmob.com/matches/dr-congo-vs-colombia/1ra58w#4667821,Colombia vs DR Congo (2026-06-24T02:00:00.000Z),Colombia,DR Congo,2026-06-24T02:00:00.000Z,,Guadalajara Stadium,Maurizio Mariani,Full time,1,0,DR Congo,Colombia,away,Noah Sadiki,14,used_substitute,Midfielder,6.1,46.0,
4667821,dr-congo-vs-colombia,https://www.fotmob.com/matches/dr-congo-vs-colombia/1ra58w#4667821,Colombia vs DR Congo (2026-06-24T02:00:00.000Z),Colombia,DR Congo,2026-06-24T02:00:00.000Z,,Guadalajara Stadium,Maurizio Mariani,Full time,1,0,DR Congo,Colombia,away,Simon Banza,23,used_substitute,Attacker,6.3,57.0,
4667821,dr-congo-vs-colombia,https://www.fotmob.com/matches/dr-congo-vs-colombia/1ra58w#4667821,Colombia vs DR Congo (2026-06-24T02:00:00.000Z),Colombia,DR Congo,2026-06-24T02:00:00.000Z,,Guadalajara Stadium,Maurizio Mariani,Full time,1,0,DR Congo,Colombia,away,Joris Kayembe Ditu,12,used_substitute,Defender,6.8,71.0,
4667821,dr-congo-vs-colombia,https://www.fotmob.com/matches/dr-congo-vs-colombia/1ra58w#4667821,Colombia vs DR Congo (2026-06-24T02:00:00.000Z),Colombia,DR Congo,2026-06-24T02:00:00.000Z,,Guadalajara Stadium,Maurizio Mariani,Full time,1,0,DR Congo,Colombia,away,Charles Pickel,18,used_substitute,Midfielder,6.1,71.0,
4667821,dr-congo-vs-colombia,https://www.fotmob.com/matches/dr-congo-vs-colombia/1ra58w#4667821,Colombia vs DR Congo (2026-06-24T02:00:00.000Z),Colombia,DR Congo,2026-06-24T02:00:00.000Z,,Guadalajara Stadium,Maurizio Mariani,Full time,1,0,DR Congo,Colombia,away,Nathanaël Mbuku,7,used_substitute,Attacker,,82.0,
4667821,dr-congo-vs-colombia,https://www.fotmob.com/matches/dr-congo-vs-colombia/1ra58w#4667821,Colombia vs DR Congo (2026-06-24T02:00:00.000Z),Colombia,DR Congo,2026-06-24T02:00:00.000Z,,Guadalajara Stadium,Maurizio Mariani,Full time,1,0,Colombia,DR Congo,home,Álvaro Montero,24,unused_bench,Keeper,,,
4667821,dr-congo-vs-colombia,https://www.fotmob.com/matches/dr-congo-vs-colombia/1ra58w#4667821,Colombia vs DR Congo (2026-06-24T02:00:00.000Z),Colombia,DR Congo,2026-06-24T02:00:00.000Z,,Guadalajara Stadium,Maurizio Mariani,Full time,1,0,DR Congo,Colombia,away,David Ospina,1,unused_bench,Keeper,,,
4667821,dr-congo-vs-colombia,https://www.fotmob.com/matches/dr-congo-vs-colombia/1ra58w#4667821,Colombia vs DR Congo (2026-06-24T02:00:00.000Z),Colombia,DR Congo,2026-06-24T02:00:00.000Z,,Guadalajara Stadium,Maurizio Mariani,Full time,1,0,DR Congo,Colombia,away,Santiago Arias,4,unused_bench,Defender,,,
4667821,dr-congo-vs-colombia,https://www.fotmob.com/matches/dr-congo-vs-colombia/1ra58w#4667821,Colombia vs DR Congo (2026-06-24T02:00:00.000Z),Colombia,DR Congo,2026-06-24T02:00:00.000Z,,Guadalajara Stadium,Maurizio Mariani,Full time,1,0,DR Congo,Colombia,away,Willer Ditta,18,unused_bench,Defender,,,
4667821,dr-congo-vs-colombia,https://www.fotmob.com/matches/dr-congo-vs-colombia/1ra58w#4667821,Colombia vs DR Congo (2026-06-24T02:00:00.000Z),Colombia,DR Congo,2026-06-24T02:00:00.000Z,,Guadalajara Stadium,Maurizio Mariani,Full time,1,0,DR Congo,Colombia,away,Yerry Mina,13,unused_bench,Defender,,,
4667821,dr-congo-vs-colombia,https://www.fotmob.com/matches/dr-congo-vs-colombia/1ra58w#4667821,Colombia vs DR Congo (2026-06-24T02:00:00.000Z),Colombia,DR Congo,2026-06-24T02:00:00.000Z,,Guadalajara Stadium,Maurizio Mariani,Full time,1,0,DR Congo,Colombia,away,Deiver Machado,22,unused_bench,Midfielder,,,
4667821,dr-congo-vs-colombia,https://www.fotmob.com/matches/dr-congo-vs-colombia/1ra58w#4667821,Colombia vs DR Congo (2026-06-24T02:00:00.000Z),Colombia,DR Congo,2026-06-24T02:00:00.000Z,,Guadalajara Stadium,Maurizio Mariani,Full time,1,0,DR Congo,Colombia,away,Juan Portilla,15,unused_bench,Midfielder,,,
4667821,dr-congo-vs-colombia,https://www.fotmob.com/matches/dr-congo-vs-colombia/1ra58w#4667821,Colombia vs DR Congo (2026-06-24T02:00:00.000Z),Colombia,DR Congo,2026-06-24T02:00:00.000Z,,Guadalajara Stadium,Maurizio Mariani,Full time,1,0,DR Congo,Colombia,away,Kevin Castaño,5,unused_bench,Midfielder,,,
4667821,dr-congo-vs-colombia,https://www.fotmob.com/matches/dr-congo-vs-colombia/1ra58w#4667821,Colombia vs DR Congo (2026-06-24T02:00:00.000Z),Colombia,DR Congo,2026-06-24T02:00:00.000Z,,Guadalajara Stadium,Maurizio Mariani,Full time,1,0,DR Congo,Colombia,away,Andrés Gómez,26,unused_bench,Attacker,,,
4667821,dr-congo-vs-colombia,https://www.fotmob.com/matches/dr-congo-vs-colombia/1ra58w#4667821,Colombia vs DR Congo (2026-06-24T02:00:00.000Z),Colombia,DR Congo,2026-06-24T02:00:00.000Z,,Guadalajara Stadium,Maurizio Mariani,Full time,1,0,DR Congo,Colombia,away,Jaminton Campaz,21,unused_bench,Attacker,,,
4667821,dr-congo-vs-colombia,https://www.fotmob.com/matches/dr-congo-vs-colombia/1ra58w#4667821,Colombia vs DR Congo (2026-06-24T02:00:00.000Z),Colombia,DR Congo,2026-06-24T02:00:00.000Z,,Guadalajara Stadium,Maurizio Mariani,Full time,1,0,DR Congo,Colombia,away,Jorge Carrascal,8,unused_bench,Attacker,,,
4667821,dr-congo-vs-colombia,https://www.fotmob.com/matches/dr-congo-vs-colombia/1ra58w#4667821,Colombia vs DR Congo (2026-06-24T02:00:00.000Z),Colombia,DR Congo,2026-06-24T02:00:00.000Z,,Guadalajara Stadium,Maurizio Mariani,Full time,1,0,DR Congo,Colombia,away,Juan Hernández,19,unused_bench,Attacker,,,
4667821,dr-congo-vs-colombia,https://www.fotmob.com/matches/dr-congo-vs-colombia/1ra58w#4667821,Colombia vs DR Congo (2026-06-24T02:00:00.000Z),Colombia,DR Congo,2026-06-24T02:00:00.000Z,,Guadalajara Stadium,Maurizio Mariani,Full time,1,0,DR Congo,Colombia,away,Matthieu Epolo,21,unused_bench,Keeper,,,
4667821,dr-congo-vs-colombia,https://www.fotmob.com/matches/dr-congo-vs-colombia/1ra58w#4667821,Colombia vs DR Congo (2026-06-24T02:00:00.000Z),Colombia,DR Congo,2026-06-24T02:00:00.000Z,,Guadalajara Stadium,Maurizio Mariani,Full time,1,0,DR Congo,Colombia,away,Timothy Fayulu,16,unused_bench,Keeper,,,
4667821,dr-congo-vs-colombia,https://www.fotmob.com/matches/dr-congo-vs-colombia/1ra58w#4667821,Colombia vs DR Congo (2026-06-24T02:00:00.000Z),Colombia,DR Congo,2026-06-24T02:00:00.000Z,,Guadalajara Stadium,Maurizio Mariani,Full time,1,0,DR Congo,Colombia,away,Dylan Batubinsika,5,unused_bench,Defender,,,
4667821,dr-congo-vs-colombia,https://www.fotmob.com/matches/dr-congo-vs-colombia/1ra58w#4667821,Colombia vs DR Congo (2026-06-24T02:00:00.000Z),Colombia,DR Congo,2026-06-24T02:00:00.000Z,,Guadalajara Stadium,Maurizio Mariani,Full time,1,0,DR Congo,Colombia,away,Gédéon Kalulu,24,unused_bench,Defender,,,
4667821,dr-congo-vs-colombia,https://www.fotmob.com/matches/dr-congo-vs-colombia/1ra58w#4667821,Colombia vs DR Congo (2026-06-24T02:00:00.000Z),Colombia,DR Congo,2026-06-24T02:00:00.000Z,,Guadalajara Stadium,Maurizio Mariani,Full time,1,0,DR Congo,Colombia,away,Aaron Tshibola,15,unused_bench,Midfielder,,,
4667821,dr-congo-vs-colombia,https://www.fotmob.com/matches/dr-congo-vs-colombia/1ra58w#4667821,Colombia vs DR Congo (2026-06-24T02:00:00.000Z),Colombia,DR Congo,2026-06-24T02:00:00.000Z,,Guadalajara Stadium,Maurizio Mariani,Full time,1,0,DR Congo,Colombia,away,Brian Cipenga,9,unused_bench,Midfielder,,,
4667821,dr-congo-vs-colombia,https://www.fotmob.com/matches/dr-congo-vs-colombia/1ra58w#4667821,Colombia vs DR Congo (2026-06-24T02:00:00.000Z),Colombia,DR Congo,2026-06-24T02:00:00.000Z,,Guadalajara Stadium,Maurizio Mariani,Full time,1,0,DR Congo,Colombia,away,Fiston Mayele,19,unused_bench,Attacker,,,
4667821,dr-congo-vs-colombia,https://www.fotmob.com/matches/dr-congo-vs-colombia/1ra58w#4667821,Colombia vs DR Congo (2026-06-24T02:00:00.000Z),Colombia,DR Congo,2026-06-24T02:00:00.000Z,,Guadalajara Stadium,Maurizio Mariani,Full time,1,0,DR Congo,Colombia,away,Gaël Kakuta,11,unused_bench,Attacker,,,
4667821,dr-congo-vs-colombia,https://www.fotmob.com/matches/dr-congo-vs-colombia/1ra58w#4667821,Colombia vs DR Congo (2026-06-24T02:00:00.000Z),Colombia,DR Congo,2026-06-24T02:00:00.000Z,,Guadalajara Stadium,Maurizio Mariani,Full time,1,0,DR Congo,Colombia,away,Meschack Elia,13,unused_bench,Attacker,,,
4667821,dr-congo-vs-colombia,https://www.fotmob.com/matches/dr-congo-vs-colombia/1ra58w#4667821,Colombia vs DR Congo (2026-06-24T02:00:00.000Z),Colombia,DR Congo,2026-06-24T02:00:00.000Z,,Guadalajara Stadium,Maurizio Mariani,Full time,1,0,DR Congo,Colombia,away,Théo Bongonda,10,unused_bench,Attacker,,,
4667756,south-africa-vs-south-korea,https://www.fotmob.com/matches/south-africa-vs-south-korea/1ncyls#4667756,South Africa vs South Korea (2026-06-25T01:00:00.000Z),South Africa,South Korea,2026-06-25T01:00:00.000Z,,Monterrey Stadium,Facundo Raúl Tello Figueroa,Full time,1,0,South Africa,South Korea,home,Tshepang Moremi,8,used_substitute,Attacker,7.4,62.0,
4667756,south-africa-vs-south-korea,https://www.fotmob.com/matches/south-africa-vs-south-korea/1ncyls#4667756,South Africa vs South Korea (2026-06-25T01:00:00.000Z),South Africa,South Korea,2026-06-25T01:00:00.000Z,,Monterrey Stadium,Facundo Raúl Tello Figueroa,Full time,1,0,South Africa,South Korea,home,Iqraam Rayners,15,used_substitute,Attacker,6.5,75.0,
4667756,south-africa-vs-south-korea,https://www.fotmob.com/matches/south-africa-vs-south-korea/1ncyls#4667756,South Africa vs South Korea (2026-06-25T01:00:00.000Z),South Africa,South Korea,2026-06-25T01:00:00.000Z,,Monterrey Stadium,Facundo Raúl Tello Figueroa,Full time,1,0,South Africa,South Korea,home,Jayden Adams,23,used_substitute,Midfielder,6.3,80.0,
4667756,south-africa-vs-south-korea,https://www.fotmob.com/matches/south-africa-vs-south-korea/1ncyls#4667756,South Africa vs South Korea (2026-06-25T01:00:00.000Z),South Africa,South Korea,2026-06-25T01:00:00.000Z,,Monterrey Stadium,Facundo Raúl Tello Figueroa,Full time,1,0,South Korea,South Africa,away,Jens Castrop,23,used_substitute,Midfielder,6.5,46.0,
4667756,south-africa-vs-south-korea,https://www.fotmob.com/matches/south-africa-vs-south-korea/1ncyls#4667756,South Africa vs South Korea (2026-06-25T01:00:00.000Z),South Africa,South Korea,2026-06-25T01:00:00.000Z,,Monterrey Stadium,Facundo Raúl Tello Figueroa,Full time,1,0,South Korea,South Africa,away,Jin-Gyu Kim,24,used_substitute,Midfielder,6.5,46.0,
4667756,south-africa-vs-south-korea,https://www.fotmob.com/matches/south-africa-vs-south-korea/1ncyls#4667756,South Africa vs South Korea (2026-06-25T01:00:00.000Z),South Africa,South Korea,2026-06-25T01:00:00.000Z,,Monterrey Stadium,Facundo Raúl Tello Figueroa,Full time,1,0,South Korea,South Africa,away,Heung-Min Son,7,used_substitute,Attacker,6.4,46.0,
4667756,south-africa-vs-south-korea,https://www.fotmob.com/matches/south-africa-vs-south-korea/1ncyls#4667756,South Africa vs South Korea (2026-06-25T01:00:00.000Z),South Africa,South Korea,2026-06-25T01:00:00.000Z,,Monterrey Stadium,Facundo Raúl Tello Figueroa,Full time,1,0,South Korea,South Africa,away,Jin-Seob Park,16,used_substitute,Midfielder,6.8,65.0,
4667756,south-africa-vs-south-korea,https://www.fotmob.com/matches/south-africa-vs-south-korea/1ncyls#4667756,South Africa vs South Korea (2026-06-25T01:00:00.000Z),South Africa,South Korea,2026-06-25T01:00:00.000Z,,Monterrey Stadium,Facundo Raúl Tello Figueroa,Full time,1,0,South Korea,South Africa,away,Gue-Sung Cho,9,used_substitute,Attacker,5.8,74.0,
4667756,south-africa-vs-south-korea,https://www.fotmob.com/matches/south-africa-vs-south-korea/1ncyls#4667756,South Africa vs South Korea (2026-06-25T01:00:00.000Z),South Africa,South Korea,2026-06-25T01:00:00.000Z,,Monterrey Stadium,Facundo Raúl Tello Figueroa,Full time,1,0,South Africa,South Korea,home,Ricardo Goss,22,unused_bench,Keeper,,,
4667756,south-africa-vs-south-korea,https://www.fotmob.com/matches/south-africa-vs-south-korea/1ncyls#4667756,South Africa vs South Korea (2026-06-25T01:00:00.000Z),South Africa,South Korea,2026-06-25T01:00:00.000Z,,Monterrey Stadium,Facundo Raúl Tello Figueroa,Full time,1,0,South Korea,South Africa,away,Sipho Chaine,16,unused_bench,Keeper,,,
4667756,south-africa-vs-south-korea,https://www.fotmob.com/matches/south-africa-vs-south-korea/1ncyls#4667756,South Africa vs South Korea (2026-06-25T01:00:00.000Z),South Africa,South Korea,2026-06-25T01:00:00.000Z,,Monterrey Stadium,Facundo Raúl Tello Figueroa,Full time,1,0,South Korea,South Africa,away,Bradley Cross,26,unused_bench,Defender,,,
4667756,south-africa-vs-south-korea,https://www.fotmob.com/matches/south-africa-vs-south-korea/1ncyls#4667756,South Africa vs South Korea (2026-06-25T01:00:00.000Z),South Africa,South Korea,2026-06-25T01:00:00.000Z,,Monterrey Stadium,Facundo Raúl Tello Figueroa,Full time,1,0,South Korea,South Africa,away,Kamogelo Sebelebele,25,unused_bench,Defender,,,
4667756,south-africa-vs-south-korea,https://www.fotmob.com/matches/south-africa-vs-south-korea/1ncyls#4667756,South Africa vs South Korea (2026-06-25T01:00:00.000Z),South Africa,South Korea,2026-06-25T01:00:00.000Z,,Monterrey Stadium,Facundo Raúl Tello Figueroa,Full time,1,0,South Korea,South Africa,away,Khulumani Ndamane,3,unused_bench,Defender,,,
4667756,south-africa-vs-south-korea,https://www.fotmob.com/matches/south-africa-vs-south-korea/1ncyls#4667756,South Africa vs South Korea (2026-06-25T01:00:00.000Z),South Africa,South Korea,2026-06-25T01:00:00.000Z,,Monterrey Stadium,Facundo Raúl Tello Figueroa,Full time,1,0,South Korea,South Africa,away,Nkosinathi Sibisi,19,unused_bench,Defender,,,
4667756,south-africa-vs-south-korea,https://www.fotmob.com/matches/south-africa-vs-south-korea/1ncyls#4667756,South Africa vs South Korea (2026-06-25T01:00:00.000Z),South Africa,South Korea,2026-06-25T01:00:00.000Z,,Monterrey Stadium,Facundo Raúl Tello Figueroa,Full time,1,0,South Korea,South Africa,away,Olwethu Makhanya,24,unused_bench,Defender,,,
4667756,south-africa-vs-south-korea,https://www.fotmob.com/matches/south-africa-vs-south-korea/1ncyls#4667756,South Africa vs South Korea (2026-06-25T01:00:00.000Z),South Africa,South Korea,2026-06-25T01:00:00.000Z,,Monterrey Stadium,Facundo Raúl Tello Figueroa,Full time,1,0,South Korea,South Africa,away,Samukelo Kabini,18,unused_bench,Defender,,,
4667756,south-africa-vs-south-korea,https://www.fotmob.com/matches/south-africa-vs-south-korea/1ncyls#4667756,South Africa vs South Korea (2026-06-25T01:00:00.000Z),South Africa,South Korea,2026-06-25T01:00:00.000Z,,Monterrey Stadium,Facundo Raúl Tello Figueroa,Full time,1,0,South Korea,South Africa,away,Thabang Matuludi,2,unused_bench,Defender,,,
4667756,south-africa-vs-south-korea,https://www.fotmob.com/matches/south-africa-vs-south-korea/1ncyls#4667756,South Africa vs South Korea (2026-06-25T01:00:00.000Z),South Africa,South Korea,2026-06-25T01:00:00.000Z,,Monterrey Stadium,Facundo Raúl Tello Figueroa,Full time,1,0,South Korea,South Africa,away,Lyle Foster,9,unused_bench,Attacker,,,
4667756,south-africa-vs-south-korea,https://www.fotmob.com/matches/south-africa-vs-south-korea/1ncyls#4667756,South Africa vs South Korea (2026-06-25T01:00:00.000Z),South Africa,South Korea,2026-06-25T01:00:00.000Z,,Monterrey Stadium,Facundo Raúl Tello Figueroa,Full time,1,0,South Korea,South Africa,away,Bum-Keun Song,12,unused_bench,Keeper,,,
4667756,south-africa-vs-south-korea,https://www.fotmob.com/matches/south-africa-vs-south-korea/1ncyls#4667756,South Africa vs South Korea (2026-06-25T01:00:00.000Z),South Africa,South Korea,2026-06-25T01:00:00.000Z,,Monterrey Stadium,Facundo Raúl Tello Figueroa,Full time,1,0,South Korea,South Africa,away,Hyeon-Woo Jo,21,unused_bench,Keeper,,,
4667756,south-africa-vs-south-korea,https://www.fotmob.com/matches/south-africa-vs-south-korea/1ncyls#4667756,South Africa vs South Korea (2026-06-25T01:00:00.000Z),South Africa,South Korea,2026-06-25T01:00:00.000Z,,Monterrey Stadium,Facundo Raúl Tello Figueroa,Full time,1,0,South Korea,South Africa,away,Moon-Hwan Kim,15,unused_bench,Defender,,,
4667756,south-africa-vs-south-korea,https://www.fotmob.com/matches/south-africa-vs-south-korea/1ncyls#4667756,South Africa vs South Korea (2026-06-25T01:00:00.000Z),South Africa,South Korea,2026-06-25T01:00:00.000Z,,Monterrey Stadium,Facundo Raúl Tello Figueroa,Full time,1,0,South Korea,South Africa,away,Tae-Hyeon Kim,5,unused_bench,Defender,,,
4667756,south-africa-vs-south-korea,https://www.fotmob.com/matches/south-africa-vs-south-korea/1ncyls#4667756,South Africa vs South Korea (2026-06-25T01:00:00.000Z),South Africa,South Korea,2026-06-25T01:00:00.000Z,,Monterrey Stadium,Facundo Raúl Tello Figueroa,Full time,1,0,South Korea,South Africa,away,Wi-Je Cho,14,unused_bench,Defender,,,
4667756,south-africa-vs-south-korea,https://www.fotmob.com/matches/south-africa-vs-south-korea/1ncyls#4667756,South Africa vs South Korea (2026-06-25T01:00:00.000Z),South Africa,South Korea,2026-06-25T01:00:00.000Z,,Monterrey Stadium,Facundo Raúl Tello Figueroa,Full time,1,0,South Korea,South Africa,away,Dong-Gyeong Lee,26,unused_bench,Midfielder,,,
4667756,south-africa-vs-south-korea,https://www.fotmob.com/matches/south-africa-vs-south-korea/1ncyls#4667756,South Africa vs South Korea (2026-06-25T01:00:00.000Z),South Africa,South Korea,2026-06-25T01:00:00.000Z,,Monterrey Stadium,Facundo Raúl Tello Figueroa,Full time,1,0,South Korea,South Africa,away,Jae-Sung Lee,10,unused_bench,Midfielder,,,
4667756,south-africa-vs-south-korea,https://www.fotmob.com/matches/south-africa-vs-south-korea/1ncyls#4667756,South Africa vs South Korea (2026-06-25T01:00:00.000Z),South Africa,South Korea,2026-06-25T01:00:00.000Z,,Monterrey Stadium,Facundo Raúl Tello Figueroa,Full time,1,0,South Korea,South Africa,away,Jun-Ho Bae,17,unused_bench,Midfielder,,,
4667756,south-africa-vs-south-korea,https://www.fotmob.com/matches/south-africa-vs-south-korea/1ncyls#4667756,South Africa vs South Korea (2026-06-25T01:00:00.000Z),South Africa,South Korea,2026-06-25T01:00:00.000Z,,Monterrey Stadium,Facundo Raúl Tello Figueroa,Full time,1,0,South Korea,South Africa,away,Hyun-Jun Yang,20,unused_bench,Attacker,,,
4667756,south-africa-vs-south-korea,https://www.fotmob.com/matches/south-africa-vs-south-korea/1ncyls#4667756,South Africa vs South Korea (2026-06-25T01:00:00.000Z),South Africa,South Korea,2026-06-25T01:00:00.000Z,,Monterrey Stadium,Facundo Raúl Tello Figueroa,Full time,1,0,South Korea,South Africa,away,Ji-Sung Eom,25,unused_bench,Attacker,,,
4667761,canada-vs-switzerland,https://www.fotmob.com/matches/canada-vs-switzerland/1aq0cl#4667761,Switzerland vs Canada (2026-06-24T19:00:00.000Z),Switzerland,Canada,2026-06-24T19:00:00.000Z,,,,Full time,2,1,Switzerland,Canada,home,Michel Aebischer,20,used_substitute,Midfielder,6.3,74.0,
4667761,canada-vs-switzerland,https://www.fotmob.com/matches/canada-vs-switzerland/1aq0cl#4667761,Switzerland vs Canada (2026-06-24T19:00:00.000Z),Switzerland,Canada,2026-06-24T19:00:00.000Z,,,,Full time,2,1,Switzerland,Canada,home,Silvan Widmer,3,used_substitute,Midfielder,5.9,74.0,
4667761,canada-vs-switzerland,https://www.fotmob.com/matches/canada-vs-switzerland/1aq0cl#4667761,Switzerland vs Canada (2026-06-24T19:00:00.000Z),Switzerland,Canada,2026-06-24T19:00:00.000Z,,,,Full time,2,1,Switzerland,Canada,home,Dan Ndoye,11,used_substitute,Attacker,6.3,80.0,
4667761,canada-vs-switzerland,https://www.fotmob.com/matches/canada-vs-switzerland/1aq0cl#4667761,Switzerland vs Canada (2026-06-24T19:00:00.000Z),Switzerland,Canada,2026-06-24T19:00:00.000Z,,,,Full time,2,1,Switzerland,Canada,home,Cedric Itten,26,used_substitute,Attacker,,85.0,
4667761,canada-vs-switzerland,https://www.fotmob.com/matches/canada-vs-switzerland/1aq0cl#4667761,Switzerland vs Canada (2026-06-24T19:00:00.000Z),Switzerland,Canada,2026-06-24T19:00:00.000Z,,,,Full time,2,1,Switzerland,Canada,home,Christian Fassnacht,16,used_substitute,Attacker,,85.0,
4667761,canada-vs-switzerland,https://www.fotmob.com/matches/canada-vs-switzerland/1aq0cl#4667761,Switzerland vs Canada (2026-06-24T19:00:00.000Z),Switzerland,Canada,2026-06-24T19:00:00.000Z,,,,Full time,2,1,Canada,Switzerland,away,Stephen Eustaquio,7,used_substitute,Midfielder,6.5,58.0,
4667761,canada-vs-switzerland,https://www.fotmob.com/matches/canada-vs-switzerland/1aq0cl#4667761,Switzerland vs Canada (2026-06-24T19:00:00.000Z),Switzerland,Canada,2026-06-24T19:00:00.000Z,,,,Full time,2,1,Canada,Switzerland,away,Liam Millar,11,used_substitute,Attacker,6.3,58.0,
4667761,canada-vs-switzerland,https://www.fotmob.com/matches/canada-vs-switzerland/1aq0cl#4667761,Switzerland vs Canada (2026-06-24T19:00:00.000Z),Switzerland,Canada,2026-06-24T19:00:00.000Z,,,,Full time,2,1,Canada,Switzerland,away,Tani Oluwaseyi,12,used_substitute,Attacker,6.2,58.0,
4667761,canada-vs-switzerland,https://www.fotmob.com/matches/canada-vs-switzerland/1aq0cl#4667761,Switzerland vs Canada (2026-06-24T19:00:00.000Z),Switzerland,Canada,2026-06-24T19:00:00.000Z,,,,Full time,2,1,Canada,Switzerland,away,Promise David,24,used_substitute,Attacker,7.5,74.0,
4667761,canada-vs-switzerland,https://www.fotmob.com/matches/canada-vs-switzerland/1aq0cl#4667761,Switzerland vs Canada (2026-06-24T19:00:00.000Z),Switzerland,Canada,2026-06-24T19:00:00.000Z,,,,Full time,2,1,Canada,Switzerland,away,Jacob Shaffelburg,14,used_substitute,Attacker,,83.0,
4667761,canada-vs-switzerland,https://www.fotmob.com/matches/canada-vs-switzerland/1aq0cl#4667761,Switzerland vs Canada (2026-06-24T19:00:00.000Z),Switzerland,Canada,2026-06-24T19:00:00.000Z,,,,Full time,2,1,Switzerland,Canada,home,Marvin Keller,21,unused_bench,Keeper,,,
4667761,canada-vs-switzerland,https://www.fotmob.com/matches/canada-vs-switzerland/1aq0cl#4667761,Switzerland vs Canada (2026-06-24T19:00:00.000Z),Switzerland,Canada,2026-06-24T19:00:00.000Z,,,,Full time,2,1,Canada,Switzerland,away,Yvon Mvogo,12,unused_bench,Keeper,,,
4667761,canada-vs-switzerland,https://www.fotmob.com/matches/canada-vs-switzerland/1aq0cl#4667761,Switzerland vs Canada (2026-06-24T19:00:00.000Z),Switzerland,Canada,2026-06-24T19:00:00.000Z,,,,Full time,2,1,Canada,Switzerland,away,Aurèle Amenda,24,unused_bench,Defender,,,
4667761,canada-vs-switzerland,https://www.fotmob.com/matches/canada-vs-switzerland/1aq0cl#4667761,Switzerland vs Canada (2026-06-24T19:00:00.000Z),Switzerland,Canada,2026-06-24T19:00:00.000Z,,,,Full time,2,1,Canada,Switzerland,away,Eray Cömert,18,unused_bench,Defender,,,
4667761,canada-vs-switzerland,https://www.fotmob.com/matches/canada-vs-switzerland/1aq0cl#4667761,Switzerland vs Canada (2026-06-24T19:00:00.000Z),Switzerland,Canada,2026-06-24T19:00:00.000Z,,,,Full time,2,1,Canada,Switzerland,away,Ardon Jashari,14,unused_bench,Midfielder,,,
4667761,canada-vs-switzerland,https://www.fotmob.com/matches/canada-vs-switzerland/1aq0cl#4667761,Switzerland vs Canada (2026-06-24T19:00:00.000Z),Switzerland,Canada,2026-06-24T19:00:00.000Z,,,,Full time,2,1,Canada,Switzerland,away,Denis Zakaria,6,unused_bench,Midfielder,,,
4667761,canada-vs-switzerland,https://www.fotmob.com/matches/canada-vs-switzerland/1aq0cl#4667761,Switzerland vs Canada (2026-06-24T19:00:00.000Z),Switzerland,Canada,2026-06-24T19:00:00.000Z,,,,Full time,2,1,Canada,Switzerland,away,Fabian Rieder,22,unused_bench,Midfielder,,,
4667761,canada-vs-switzerland,https://www.fotmob.com/matches/canada-vs-switzerland/1aq0cl#4667761,Switzerland vs Canada (2026-06-24T19:00:00.000Z),Switzerland,Canada,2026-06-24T19:00:00.000Z,,,,Full time,2,1,Canada,Switzerland,away,Noah Okafor,19,unused_bench,Attacker,,,
4667761,canada-vs-switzerland,https://www.fotmob.com/matches/canada-vs-switzerland/1aq0cl#4667761,Switzerland vs Canada (2026-06-24T19:00:00.000Z),Switzerland,Canada,2026-06-24T19:00:00.000Z,,,,Full time,2,1,Canada,Switzerland,away,Zeki Amdouni,23,unused_bench,Attacker,,,
4667761,canada-vs-switzerland,https://www.fotmob.com/matches/canada-vs-switzerland/1aq0cl#4667761,Switzerland vs Canada (2026-06-24T19:00:00.000Z),Switzerland,Canada,2026-06-24T19:00:00.000Z,,,,Full time,2,1,Canada,Switzerland,away,Dayne St. Clair,1,unused_bench,Keeper,,,
4667761,canada-vs-switzerland,https://www.fotmob.com/matches/canada-vs-switzerland/1aq0cl#4667761,Switzerland vs Canada (2026-06-24T19:00:00.000Z),Switzerland,Canada,2026-06-24T19:00:00.000Z,,,,Full time,2,1,Canada,Switzerland,away,Owen Goodman,18,unused_bench,Keeper,,,
4667761,canada-vs-switzerland,https://www.fotmob.com/matches/canada-vs-switzerland/1aq0cl#4667761,Switzerland vs Canada (2026-06-24T19:00:00.000Z),Switzerland,Canada,2026-06-24T19:00:00.000Z,,,,Full time,2,1,Canada,Switzerland,away,Alphonso Davies,19,unused_bench,Defender,,,
4667761,canada-vs-switzerland,https://www.fotmob.com/matches/canada-vs-switzerland/1aq0cl#4667761,Switzerland vs Canada (2026-06-24T19:00:00.000Z),Switzerland,Canada,2026-06-24T19:00:00.000Z,,,,Full time,2,1,Canada,Switzerland,away,Joel Waterman,5,unused_bench,Defender,,,
4667761,canada-vs-switzerland,https://www.fotmob.com/matches/canada-vs-switzerland/1aq0cl#4667761,Switzerland vs Canada (2026-06-24T19:00:00.000Z),Switzerland,Canada,2026-06-24T19:00:00.000Z,,,,Full time,2,1,Canada,Switzerland,away,Moïse Bombito,15,unused_bench,Defender,,,
4667761,canada-vs-switzerland,https://www.fotmob.com/matches/canada-vs-switzerland/1aq0cl#4667761,Switzerland vs Canada (2026-06-24T19:00:00.000Z),Switzerland,Canada,2026-06-24T19:00:00.000Z,,,,Full time,2,1,Canada,Switzerland,away,Niko Sigur,23,unused_bench,Defender,,,
4667761,canada-vs-switzerland,https://www.fotmob.com/matches/canada-vs-switzerland/1aq0cl#4667761,Switzerland vs Canada (2026-06-24T19:00:00.000Z),Switzerland,Canada,2026-06-24T19:00:00.000Z,,,,Full time,2,1,Canada,Switzerland,away,Jonathan Osorio,21,unused_bench,Midfielder,,,
4667761,canada-vs-switzerland,https://www.fotmob.com/matches/canada-vs-switzerland/1aq0cl#4667761,Switzerland vs Canada (2026-06-24T19:00:00.000Z),Switzerland,Canada,2026-06-24T19:00:00.000Z,,,,Full time,2,1,Canada,Switzerland,away,Jayden Nelson,26,unused_bench,Attacker,,,
4667762,qatar-vs-bosnia-herzegovina,https://www.fotmob.com/matches/qatar-vs-bosnia-herzegovina/24aiya#4667762,Bosnia and Herzegovina vs Qatar (2026-06-24T19:00:00.000Z),Bosnia and Herzegovina,Qatar,2026-06-24T19:00:00.000Z,,Seattle Stadium,Jesús Noel Valenzuela Sáez,Full time,3,1,Bosnia and Herzegovina,Qatar,home,Amar Memic,15,used_substitute,Midfielder,6.7,46.0,
4667762,qatar-vs-bosnia-herzegovina,https://www.fotmob.com/matches/qatar-vs-bosnia-herzegovina/24aiya#4667762,Bosnia and Herzegovina vs Qatar (2026-06-24T19:00:00.000Z),Bosnia and Herzegovina,Qatar,2026-06-24T19:00:00.000Z,,Seattle Stadium,Jesús Noel Valenzuela Sáez,Full time,3,1,Bosnia and Herzegovina,Qatar,home,Benjamin Tahirovic,6,used_substitute,Midfielder,7.0,46.0,
4667762,qatar-vs-bosnia-herzegovina,https://www.fotmob.com/matches/qatar-vs-bosnia-herzegovina/24aiya#4667762,Bosnia and Herzegovina vs Qatar (2026-06-24T19:00:00.000Z),Bosnia and Herzegovina,Qatar,2026-06-24T19:00:00.000Z,,Seattle Stadium,Jesús Noel Valenzuela Sáez,Full time,3,1,Bosnia and Herzegovina,Qatar,home,Dennis Hadzikadunic,3,used_substitute,Defender,7.1,63.0,
4667762,qatar-vs-bosnia-herzegovina,https://www.fotmob.com/matches/qatar-vs-bosnia-herzegovina/24aiya#4667762,Bosnia and Herzegovina vs Qatar (2026-06-24T19:00:00.000Z),Bosnia and Herzegovina,Qatar,2026-06-24T19:00:00.000Z,,Seattle Stadium,Jesús Noel Valenzuela Sáez,Full time,3,1,Bosnia and Herzegovina,Qatar,home,Ermin Mahmic,26,used_substitute,Midfielder,7.5,63.0,
4667762,qatar-vs-bosnia-herzegovina,https://www.fotmob.com/matches/qatar-vs-bosnia-herzegovina/24aiya#4667762,Bosnia and Herzegovina vs Qatar (2026-06-24T19:00:00.000Z),Bosnia and Herzegovina,Qatar,2026-06-24T19:00:00.000Z,,Seattle Stadium,Jesús Noel Valenzuela Sáez,Full time,3,1,Bosnia and Herzegovina,Qatar,home,Dzenis Burnic,17,used_substitute,Midfielder,,82.0,
4667762,qatar-vs-bosnia-herzegovina,https://www.fotmob.com/matches/qatar-vs-bosnia-herzegovina/24aiya#4667762,Bosnia and Herzegovina vs Qatar (2026-06-24T19:00:00.000Z),Bosnia and Herzegovina,Qatar,2026-06-24T19:00:00.000Z,,Seattle Stadium,Jesús Noel Valenzuela Sáez,Full time,3,1,Qatar,Bosnia and Herzegovina,away,Abdulaziz Hatem,6,used_substitute,Midfielder,6.4,46.0,
4667762,qatar-vs-bosnia-herzegovina,https://www.fotmob.com/matches/qatar-vs-bosnia-herzegovina/24aiya#4667762,Bosnia and Herzegovina vs Qatar (2026-06-24T19:00:00.000Z),Bosnia and Herzegovina,Qatar,2026-06-24T19:00:00.000Z,,Seattle Stadium,Jesús Noel Valenzuela Sáez,Full time,3,1,Qatar,Bosnia and Herzegovina,away,Ahmed Al Ganehi,17,used_substitute,Attacker,6.5,55.0,
4667762,qatar-vs-bosnia-herzegovina,https://www.fotmob.com/matches/qatar-vs-bosnia-herzegovina/24aiya#4667762,Bosnia and Herzegovina vs Qatar (2026-06-24T19:00:00.000Z),Bosnia and Herzegovina,Qatar,2026-06-24T19:00:00.000Z,,Seattle Stadium,Jesús Noel Valenzuela Sáez,Full time,3,1,Qatar,Bosnia and Herzegovina,away,Almoez Ali,19,used_substitute,Attacker,5.9,72.0,
4667762,qatar-vs-bosnia-herzegovina,https://www.fotmob.com/matches/qatar-vs-bosnia-herzegovina/24aiya#4667762,Bosnia and Herzegovina vs Qatar (2026-06-24T19:00:00.000Z),Bosnia and Herzegovina,Qatar,2026-06-24T19:00:00.000Z,,Seattle Stadium,Jesús Noel Valenzuela Sáez,Full time,3,1,Qatar,Bosnia and Herzegovina,away,Mohamed Al Mannai,26,used_substitute,Midfielder,5.8,79.0,
4667762,qatar-vs-bosnia-herzegovina,https://www.fotmob.com/matches/qatar-vs-bosnia-herzegovina/24aiya#4667762,Bosnia and Herzegovina vs Qatar (2026-06-24T19:00:00.000Z),Bosnia and Herzegovina,Qatar,2026-06-24T19:00:00.000Z,,Seattle Stadium,Jesús Noel Valenzuela Sáez,Full time,3,1,Qatar,Bosnia and Herzegovina,away,Ahmed Alaaeldin,7,used_substitute,Attacker,6.1,79.0,
4667762,qatar-vs-bosnia-herzegovina,https://www.fotmob.com/matches/qatar-vs-bosnia-herzegovina/24aiya#4667762,Bosnia and Herzegovina vs Qatar (2026-06-24T19:00:00.000Z),Bosnia and Herzegovina,Qatar,2026-06-24T19:00:00.000Z,,Seattle Stadium,Jesús Noel Valenzuela Sáez,Full time,3,1,Bosnia and Herzegovina,Qatar,home,Martin Zlomislic,22,unused_bench,Keeper,,,
4667762,qatar-vs-bosnia-herzegovina,https://www.fotmob.com/matches/qatar-vs-bosnia-herzegovina/24aiya#4667762,Bosnia and Herzegovina vs Qatar (2026-06-24T19:00:00.000Z),Bosnia and Herzegovina,Qatar,2026-06-24T19:00:00.000Z,,Seattle Stadium,Jesús Noel Valenzuela Sáez,Full time,3,1,Qatar,Bosnia and Herzegovina,away,Mladen Jurkas,12,unused_bench,Keeper,,,
4667762,qatar-vs-bosnia-herzegovina,https://www.fotmob.com/matches/qatar-vs-bosnia-herzegovina/24aiya#4667762,Bosnia and Herzegovina vs Qatar (2026-06-24T19:00:00.000Z),Bosnia and Herzegovina,Qatar,2026-06-24T19:00:00.000Z,,Seattle Stadium,Jesús Noel Valenzuela Sáez,Full time,3,1,Qatar,Bosnia and Herzegovina,away,Amar Dedic,7,unused_bench,Defender,,,
4667762,qatar-vs-bosnia-herzegovina,https://www.fotmob.com/matches/qatar-vs-bosnia-herzegovina/24aiya#4667762,Bosnia and Herzegovina vs Qatar (2026-06-24T19:00:00.000Z),Bosnia and Herzegovina,Qatar,2026-06-24T19:00:00.000Z,,Seattle Stadium,Jesús Noel Valenzuela Sáez,Full time,3,1,Qatar,Bosnia and Herzegovina,away,Nihad Mujakic,2,unused_bench,Defender,,,
4667762,qatar-vs-bosnia-herzegovina,https://www.fotmob.com/matches/qatar-vs-bosnia-herzegovina/24aiya#4667762,Bosnia and Herzegovina vs Qatar (2026-06-24T19:00:00.000Z),Bosnia and Herzegovina,Qatar,2026-06-24T19:00:00.000Z,,Seattle Stadium,Jesús Noel Valenzuela Sáez,Full time,3,1,Qatar,Bosnia and Herzegovina,away,Amir Hadziahmetovic,16,unused_bench,Midfielder,,,
4667762,qatar-vs-bosnia-herzegovina,https://www.fotmob.com/matches/qatar-vs-bosnia-herzegovina/24aiya#4667762,Bosnia and Herzegovina vs Qatar (2026-06-24T19:00:00.000Z),Bosnia and Herzegovina,Qatar,2026-06-24T19:00:00.000Z,,Seattle Stadium,Jesús Noel Valenzuela Sáez,Full time,3,1,Qatar,Bosnia and Herzegovina,away,Armin Gigovic,8,unused_bench,Midfielder,,,
4667762,qatar-vs-bosnia-herzegovina,https://www.fotmob.com/matches/qatar-vs-bosnia-herzegovina/24aiya#4667762,Bosnia and Herzegovina vs Qatar (2026-06-24T19:00:00.000Z),Bosnia and Herzegovina,Qatar,2026-06-24T19:00:00.000Z,,Seattle Stadium,Jesús Noel Valenzuela Sáez,Full time,3,1,Qatar,Bosnia and Herzegovina,away,Haris Tabakovic,23,unused_bench,Attacker,,,
4667762,qatar-vs-bosnia-herzegovina,https://www.fotmob.com/matches/qatar-vs-bosnia-herzegovina/24aiya#4667762,Bosnia and Herzegovina vs Qatar (2026-06-24T19:00:00.000Z),Bosnia and Herzegovina,Qatar,2026-06-24T19:00:00.000Z,,Seattle Stadium,Jesús Noel Valenzuela Sáez,Full time,3,1,Qatar,Bosnia and Herzegovina,away,Jovo Lukic,25,unused_bench,Attacker,,,
4667762,qatar-vs-bosnia-herzegovina,https://www.fotmob.com/matches/qatar-vs-bosnia-herzegovina/24aiya#4667762,Bosnia and Herzegovina vs Qatar (2026-06-24T19:00:00.000Z),Bosnia and Herzegovina,Qatar,2026-06-24T19:00:00.000Z,,Seattle Stadium,Jesús Noel Valenzuela Sáez,Full time,3,1,Qatar,Bosnia and Herzegovina,away,Samed Bazdar,9,unused_bench,Attacker,,,
4667762,qatar-vs-bosnia-herzegovina,https://www.fotmob.com/matches/qatar-vs-bosnia-herzegovina/24aiya#4667762,Bosnia and Herzegovina vs Qatar (2026-06-24T19:00:00.000Z),Bosnia and Herzegovina,Qatar,2026-06-24T19:00:00.000Z,,Seattle Stadium,Jesús Noel Valenzuela Sáez,Full time,3,1,Qatar,Bosnia and Herzegovina,away,Meshaal Barsham,22,unused_bench,Keeper,,,
4667762,qatar-vs-bosnia-herzegovina,https://www.fotmob.com/matches/qatar-vs-bosnia-herzegovina/24aiya#4667762,Bosnia and Herzegovina vs Qatar (2026-06-24T19:00:00.000Z),Bosnia and Herzegovina,Qatar,2026-06-24T19:00:00.000Z,,Seattle Stadium,Jesús Noel Valenzuela Sáez,Full time,3,1,Qatar,Bosnia and Herzegovina,away,Salah Zakaria,21,unused_bench,Keeper,,,
4667762,qatar-vs-bosnia-herzegovina,https://www.fotmob.com/matches/qatar-vs-bosnia-herzegovina/24aiya#4667762,Bosnia and Herzegovina vs Qatar (2026-06-24T19:00:00.000Z),Bosnia and Herzegovina,Qatar,2026-06-24T19:00:00.000Z,,Seattle Stadium,Jesús Noel Valenzuela Sáez,Full time,3,1,Qatar,Bosnia and Herzegovina,away,Ayoub Al Oui,13,unused_bench,Defender,,,
4667762,qatar-vs-bosnia-herzegovina,https://www.fotmob.com/matches/qatar-vs-bosnia-herzegovina/24aiya#4667762,Bosnia and Herzegovina vs Qatar (2026-06-24T19:00:00.000Z),Bosnia and Herzegovina,Qatar,2026-06-24T19:00:00.000Z,,Seattle Stadium,Jesús Noel Valenzuela Sáez,Full time,3,1,Qatar,Bosnia and Herzegovina,away,Hashmi Al Hussain,25,unused_bench,Defender,,,
4667762,qatar-vs-bosnia-herzegovina,https://www.fotmob.com/matches/qatar-vs-bosnia-herzegovina/24aiya#4667762,Bosnia and Herzegovina vs Qatar (2026-06-24T19:00:00.000Z),Bosnia and Herzegovina,Qatar,2026-06-24T19:00:00.000Z,,Seattle Stadium,Jesús Noel Valenzuela Sáez,Full time,3,1,Qatar,Bosnia and Herzegovina,away,Lucas Mendes,3,unused_bench,Defender,,,
4667762,qatar-vs-bosnia-herzegovina,https://www.fotmob.com/matches/qatar-vs-bosnia-herzegovina/24aiya#4667762,Bosnia and Herzegovina vs Qatar (2026-06-24T19:00:00.000Z),Bosnia and Herzegovina,Qatar,2026-06-24T19:00:00.000Z,,Seattle Stadium,Jesús Noel Valenzuela Sáez,Full time,3,1,Qatar,Bosnia and Herzegovina,away,Mohammed Muntari,9,unused_bench,Attacker,,,
4667762,qatar-vs-bosnia-herzegovina,https://www.fotmob.com/matches/qatar-vs-bosnia-herzegovina/24aiya#4667762,Bosnia and Herzegovina vs Qatar (2026-06-24T19:00:00.000Z),Bosnia and Herzegovina,Qatar,2026-06-24T19:00:00.000Z,,Seattle Stadium,Jesús Noel Valenzuela Sáez,Full time,3,1,Qatar,Bosnia and Herzegovina,away,Tahsin Jamshid,24,unused_bench,Attacker,,,
4667762,qatar-vs-bosnia-herzegovina,https://www.fotmob.com/matches/qatar-vs-bosnia-herzegovina/24aiya#4667762,Bosnia and Herzegovina vs Qatar (2026-06-24T19:00:00.000Z),Bosnia and Herzegovina,Qatar,2026-06-24T19:00:00.000Z,,Seattle Stadium,Jesús Noel Valenzuela Sáez,Full time,3,1,Qatar,Bosnia and Herzegovina,away,Yusuf Abdurisag,15,unused_bench,Attacker,,,
4667768,brazil-vs-scotland,https://www.fotmob.com/matches/brazil-vs-scotland/2bkifh#4667768,Scotland vs Brazil (2026-06-24T22:00:00.000Z),Scotland,Brazil,2026-06-24T22:00:00.000Z,,Miami Stadium,César Arturo Ramos Palazuelos,Full time,0,3,Scotland,Brazil,home,Kieran Tierney,6,used_substitute,Defender,6.4,46.0,
4667768,brazil-vs-scotland,https://www.fotmob.com/matches/brazil-vs-scotland/2bkifh#4667768,Scotland vs Brazil (2026-06-24T22:00:00.000Z),Scotland,Brazil,2026-06-24T22:00:00.000Z,,Miami Stadium,César Arturo Ramos Palazuelos,Full time,0,3,Scotland,Brazil,home,Anthony Ralston,24,used_substitute,Defender,,81.0,
4667768,brazil-vs-scotland,https://www.fotmob.com/matches/brazil-vs-scotland/2bkifh#4667768,Scotland vs Brazil (2026-06-24T22:00:00.000Z),Scotland,Brazil,2026-06-24T22:00:00.000Z,,Miami Stadium,César Arturo Ramos Palazuelos,Full time,0,3,Scotland,Brazil,home,Ryan Christie,11,used_substitute,Midfielder,,81.0,
4667768,brazil-vs-scotland,https://www.fotmob.com/matches/brazil-vs-scotland/2bkifh#4667768,Scotland vs Brazil (2026-06-24T22:00:00.000Z),Scotland,Brazil,2026-06-24T22:00:00.000Z,,Miami Stadium,César Arturo Ramos Palazuelos,Full time,0,3,Scotland,Brazil,home,Findlay Curtis,25,used_substitute,Midfielder,,90.0,
4667768,brazil-vs-scotland,https://www.fotmob.com/matches/brazil-vs-scotland/2bkifh#4667768,Scotland vs Brazil (2026-06-24T22:00:00.000Z),Scotland,Brazil,2026-06-24T22:00:00.000Z,,Miami Stadium,César Arturo Ramos Palazuelos,Full time,0,3,Scotland,Brazil,home,Ché Adams,10,used_substitute,Attacker,,90.0,
4667768,brazil-vs-scotland,https://www.fotmob.com/matches/brazil-vs-scotland/2bkifh#4667768,Scotland vs Brazil (2026-06-24T22:00:00.000Z),Scotland,Brazil,2026-06-24T22:00:00.000Z,,Miami Stadium,César Arturo Ramos Palazuelos,Full time,0,3,Brazil,Scotland,away,Fabinho,17,used_substitute,Midfielder,6.7,66.0,
4667768,brazil-vs-scotland,https://www.fotmob.com/matches/brazil-vs-scotland/2bkifh#4667768,Scotland vs Brazil (2026-06-24T22:00:00.000Z),Scotland,Brazil,2026-06-24T22:00:00.000Z,,Miami Stadium,César Arturo Ramos Palazuelos,Full time,0,3,Brazil,Scotland,away,Gabriel Martinelli,22,used_substitute,Attacker,6.1,66.0,
4667768,brazil-vs-scotland,https://www.fotmob.com/matches/brazil-vs-scotland/2bkifh#4667768,Scotland vs Brazil (2026-06-24T22:00:00.000Z),Scotland,Brazil,2026-06-24T22:00:00.000Z,,Miami Stadium,César Arturo Ramos Palazuelos,Full time,0,3,Brazil,Scotland,away,Neymar,10,used_substitute,Attacker,6.2,76.0,
4667768,brazil-vs-scotland,https://www.fotmob.com/matches/brazil-vs-scotland/2bkifh#4667768,Scotland vs Brazil (2026-06-24T22:00:00.000Z),Scotland,Brazil,2026-06-24T22:00:00.000Z,,Miami Stadium,César Arturo Ramos Palazuelos,Full time,0,3,Brazil,Scotland,away,Alex Sandro,6,used_substitute,Defender,,82.0,
4667768,brazil-vs-scotland,https://www.fotmob.com/matches/brazil-vs-scotland/2bkifh#4667768,Scotland vs Brazil (2026-06-24T22:00:00.000Z),Scotland,Brazil,2026-06-24T22:00:00.000Z,,Miami Stadium,César Arturo Ramos Palazuelos,Full time,0,3,Brazil,Scotland,away,Endrick,19,used_substitute,Attacker,,82.0,
4667768,brazil-vs-scotland,https://www.fotmob.com/matches/brazil-vs-scotland/2bkifh#4667768,Scotland vs Brazil (2026-06-24T22:00:00.000Z),Scotland,Brazil,2026-06-24T22:00:00.000Z,,Miami Stadium,César Arturo Ramos Palazuelos,Full time,0,3,Scotland,Brazil,home,Craig Gordon,21,unused_bench,Keeper,,,
4667768,brazil-vs-scotland,https://www.fotmob.com/matches/brazil-vs-scotland/2bkifh#4667768,Scotland vs Brazil (2026-06-24T22:00:00.000Z),Scotland,Brazil,2026-06-24T22:00:00.000Z,,Miami Stadium,César Arturo Ramos Palazuelos,Full time,0,3,Brazil,Scotland,away,Liam Kelly,12,unused_bench,Keeper,,,
4667768,brazil-vs-scotland,https://www.fotmob.com/matches/brazil-vs-scotland/2bkifh#4667768,Scotland vs Brazil (2026-06-24T22:00:00.000Z),Scotland,Brazil,2026-06-24T22:00:00.000Z,,Miami Stadium,César Arturo Ramos Palazuelos,Full time,0,3,Brazil,Scotland,away,Aaron Hickey,2,unused_bench,Defender,,,
4667768,brazil-vs-scotland,https://www.fotmob.com/matches/brazil-vs-scotland/2bkifh#4667768,Scotland vs Brazil (2026-06-24T22:00:00.000Z),Scotland,Brazil,2026-06-24T22:00:00.000Z,,Miami Stadium,César Arturo Ramos Palazuelos,Full time,0,3,Brazil,Scotland,away,Dominic Hyam,16,unused_bench,Defender,,,
4667768,brazil-vs-scotland,https://www.fotmob.com/matches/brazil-vs-scotland/2bkifh#4667768,Scotland vs Brazil (2026-06-24T22:00:00.000Z),Scotland,Brazil,2026-06-24T22:00:00.000Z,,Miami Stadium,César Arturo Ramos Palazuelos,Full time,0,3,Brazil,Scotland,away,Grant Hanley,5,unused_bench,Defender,,,
4667768,brazil-vs-scotland,https://www.fotmob.com/matches/brazil-vs-scotland/2bkifh#4667768,Scotland vs Brazil (2026-06-24T22:00:00.000Z),Scotland,Brazil,2026-06-24T22:00:00.000Z,,Miami Stadium,César Arturo Ramos Palazuelos,Full time,0,3,Brazil,Scotland,away,John Souttar,15,unused_bench,Defender,,,
4667768,brazil-vs-scotland,https://www.fotmob.com/matches/brazil-vs-scotland/2bkifh#4667768,Scotland vs Brazil (2026-06-24T22:00:00.000Z),Scotland,Brazil,2026-06-24T22:00:00.000Z,,Miami Stadium,César Arturo Ramos Palazuelos,Full time,0,3,Brazil,Scotland,away,Tyler Fletcher,8,unused_bench,Midfielder,,,
4667768,brazil-vs-scotland,https://www.fotmob.com/matches/brazil-vs-scotland/2bkifh#4667768,Scotland vs Brazil (2026-06-24T22:00:00.000Z),Scotland,Brazil,2026-06-24T22:00:00.000Z,,Miami Stadium,César Arturo Ramos Palazuelos,Full time,0,3,Brazil,Scotland,away,George Hirst,18,unused_bench,Attacker,,,
4667768,brazil-vs-scotland,https://www.fotmob.com/matches/brazil-vs-scotland/2bkifh#4667768,Scotland vs Brazil (2026-06-24T22:00:00.000Z),Scotland,Brazil,2026-06-24T22:00:00.000Z,,Miami Stadium,César Arturo Ramos Palazuelos,Full time,0,3,Brazil,Scotland,away,Lyndon Dykes,9,unused_bench,Attacker,,,
4667768,brazil-vs-scotland,https://www.fotmob.com/matches/brazil-vs-scotland/2bkifh#4667768,Scotland vs Brazil (2026-06-24T22:00:00.000Z),Scotland,Brazil,2026-06-24T22:00:00.000Z,,Miami Stadium,César Arturo Ramos Palazuelos,Full time,0,3,Brazil,Scotland,away,Ross Stewart,14,unused_bench,Attacker,,,
4667768,brazil-vs-scotland,https://www.fotmob.com/matches/brazil-vs-scotland/2bkifh#4667768,Scotland vs Brazil (2026-06-24T22:00:00.000Z),Scotland,Brazil,2026-06-24T22:00:00.000Z,,Miami Stadium,César Arturo Ramos Palazuelos,Full time,0,3,Brazil,Scotland,away,Ederson,23,unused_bench,Keeper,,,
4667768,brazil-vs-scotland,https://www.fotmob.com/matches/brazil-vs-scotland/2bkifh#4667768,Scotland vs Brazil (2026-06-24T22:00:00.000Z),Scotland,Brazil,2026-06-24T22:00:00.000Z,,Miami Stadium,César Arturo Ramos Palazuelos,Full time,0,3,Brazil,Scotland,away,Weverton,12,unused_bench,Keeper,,,
4667768,brazil-vs-scotland,https://www.fotmob.com/matches/brazil-vs-scotland/2bkifh#4667768,Scotland vs Brazil (2026-06-24T22:00:00.000Z),Scotland,Brazil,2026-06-24T22:00:00.000Z,,Miami Stadium,César Arturo Ramos Palazuelos,Full time,0,3,Brazil,Scotland,away,Gleison Bremer,14,unused_bench,Defender,,,
4667768,brazil-vs-scotland,https://www.fotmob.com/matches/brazil-vs-scotland/2bkifh#4667768,Scotland vs Brazil (2026-06-24T22:00:00.000Z),Scotland,Brazil,2026-06-24T22:00:00.000Z,,Miami Stadium,César Arturo Ramos Palazuelos,Full time,0,3,Brazil,Scotland,away,Léo Pereira,15,unused_bench,Defender,,,
4667768,brazil-vs-scotland,https://www.fotmob.com/matches/brazil-vs-scotland/2bkifh#4667768,Scotland vs Brazil (2026-06-24T22:00:00.000Z),Scotland,Brazil,2026-06-24T22:00:00.000Z,,Miami Stadium,César Arturo Ramos Palazuelos,Full time,0,3,Brazil,Scotland,away,Roger Ibañez,24,unused_bench,Defender,,,
4667768,brazil-vs-scotland,https://www.fotmob.com/matches/brazil-vs-scotland/2bkifh#4667768,Scotland vs Brazil (2026-06-24T22:00:00.000Z),Scotland,Brazil,2026-06-24T22:00:00.000Z,,Miami Stadium,César Arturo Ramos Palazuelos,Full time,0,3,Brazil,Scotland,away,Danilo,18,unused_bench,Midfielder,,,
4667768,brazil-vs-scotland,https://www.fotmob.com/matches/brazil-vs-scotland/2bkifh#4667768,Scotland vs Brazil (2026-06-24T22:00:00.000Z),Scotland,Brazil,2026-06-24T22:00:00.000Z,,Miami Stadium,César Arturo Ramos Palazuelos,Full time,0,3,Brazil,Scotland,away,Éderson,2,unused_bench,Midfielder,,,
4667768,brazil-vs-scotland,https://www.fotmob.com/matches/brazil-vs-scotland/2bkifh#4667768,Scotland vs Brazil (2026-06-24T22:00:00.000Z),Scotland,Brazil,2026-06-24T22:00:00.000Z,,Miami Stadium,César Arturo Ramos Palazuelos,Full time,0,3,Brazil,Scotland,away,Igor Thiago,25,unused_bench,Attacker,,,
4667768,brazil-vs-scotland,https://www.fotmob.com/matches/brazil-vs-scotland/2bkifh#4667768,Scotland vs Brazil (2026-06-24T22:00:00.000Z),Scotland,Brazil,2026-06-24T22:00:00.000Z,,Miami Stadium,César Arturo Ramos Palazuelos,Full time,0,3,Brazil,Scotland,away,Luiz Henrique,21,unused_bench,Attacker,,,
4667769,haiti-vs-morocco,https://www.fotmob.com/matches/haiti-vs-morocco/18aaq8#4667769,Morocco vs Haiti (2026-06-24T22:00:00.000Z),Morocco,Haiti,2026-06-24T22:00:00.000Z,,Atlanta Stadium,Danny Desmond Makkelie,Full time,4,2,Morocco,Haiti,home,Azzedine Ounahi,8,used_substitute,Midfielder,6.0,70.0,
4667769,haiti-vs-morocco,https://www.fotmob.com/matches/haiti-vs-morocco/18aaq8#4667769,Morocco vs Haiti (2026-06-24T22:00:00.000Z),Morocco,Haiti,2026-06-24T22:00:00.000Z,,Atlanta Stadium,Danny Desmond Makkelie,Full time,4,2,Morocco,Haiti,home,Gessime Yassine,16,used_substitute,Attacker,7.5,70.0,
4667769,haiti-vs-morocco,https://www.fotmob.com/matches/haiti-vs-morocco/18aaq8#4667769,Morocco vs Haiti (2026-06-24T22:00:00.000Z),Morocco,Haiti,2026-06-24T22:00:00.000Z,,Atlanta Stadium,Danny Desmond Makkelie,Full time,4,2,Morocco,Haiti,home,Soufiane Rahimi,9,used_substitute,Attacker,8.1,70.0,
4667769,haiti-vs-morocco,https://www.fotmob.com/matches/haiti-vs-morocco/18aaq8#4667769,Morocco vs Haiti (2026-06-24T22:00:00.000Z),Morocco,Haiti,2026-06-24T22:00:00.000Z,,Atlanta Stadium,Danny Desmond Makkelie,Full time,4,2,Morocco,Haiti,home,Noussair Mazraoui,3,used_substitute,Defender,,83.0,
4667769,haiti-vs-morocco,https://www.fotmob.com/matches/haiti-vs-morocco/18aaq8#4667769,Morocco vs Haiti (2026-06-24T22:00:00.000Z),Morocco,Haiti,2026-06-24T22:00:00.000Z,,Atlanta Stadium,Danny Desmond Makkelie,Full time,4,2,Morocco,Haiti,home,Samir El Mourabet,15,used_substitute,Midfielder,,83.0,
4667769,haiti-vs-morocco,https://www.fotmob.com/matches/haiti-vs-morocco/18aaq8#4667769,Morocco vs Haiti (2026-06-24T22:00:00.000Z),Morocco,Haiti,2026-06-24T22:00:00.000Z,,Atlanta Stadium,Danny Desmond Makkelie,Full time,4,2,Haiti,Morocco,away,Don Deedson Louicius,11,used_substitute,Midfielder,6.1,67.0,
4667769,haiti-vs-morocco,https://www.fotmob.com/matches/haiti-vs-morocco/18aaq8#4667769,Morocco vs Haiti (2026-06-24T22:00:00.000Z),Morocco,Haiti,2026-06-24T22:00:00.000Z,,Atlanta Stadium,Danny Desmond Makkelie,Full time,4,2,Haiti,Morocco,away,Duckens Nazon,9,used_substitute,Attacker,6.3,67.0,
4667769,haiti-vs-morocco,https://www.fotmob.com/matches/haiti-vs-morocco/18aaq8#4667769,Morocco vs Haiti (2026-06-24T22:00:00.000Z),Morocco,Haiti,2026-06-24T22:00:00.000Z,,Atlanta Stadium,Danny Desmond Makkelie,Full time,4,2,Haiti,Morocco,away,Carlens Arcus,2,used_substitute,Defender,5.2,80.0,
4667769,haiti-vs-morocco,https://www.fotmob.com/matches/haiti-vs-morocco/18aaq8#4667769,Morocco vs Haiti (2026-06-24T22:00:00.000Z),Morocco,Haiti,2026-06-24T22:00:00.000Z,,Atlanta Stadium,Danny Desmond Makkelie,Full time,4,2,Haiti,Morocco,away,Dominique Simon,25,used_substitute,Midfielder,6.4,80.0,
4667769,haiti-vs-morocco,https://www.fotmob.com/matches/haiti-vs-morocco/18aaq8#4667769,Morocco vs Haiti (2026-06-24T22:00:00.000Z),Morocco,Haiti,2026-06-24T22:00:00.000Z,,Atlanta Stadium,Danny Desmond Makkelie,Full time,4,2,Haiti,Morocco,away,Frantzdy Pierrot,20,used_substitute,Attacker,,83.0,
4667769,haiti-vs-morocco,https://www.fotmob.com/matches/haiti-vs-morocco/18aaq8#4667769,Morocco vs Haiti (2026-06-24T22:00:00.000Z),Morocco,Haiti,2026-06-24T22:00:00.000Z,,Atlanta Stadium,Danny Desmond Makkelie,Full time,4,2,Morocco,Haiti,home,Ahmed Tagnaouti,22,unused_bench,Keeper,,,
4667769,haiti-vs-morocco,https://www.fotmob.com/matches/haiti-vs-morocco/18aaq8#4667769,Morocco vs Haiti (2026-06-24T22:00:00.000Z),Morocco,Haiti,2026-06-24T22:00:00.000Z,,Atlanta Stadium,Danny Desmond Makkelie,Full time,4,2,Haiti,Morocco,away,Munir,12,unused_bench,Keeper,,,
4667769,haiti-vs-morocco,https://www.fotmob.com/matches/haiti-vs-morocco/18aaq8#4667769,Morocco vs Haiti (2026-06-24T22:00:00.000Z),Morocco,Haiti,2026-06-24T22:00:00.000Z,,Atlanta Stadium,Danny Desmond Makkelie,Full time,4,2,Haiti,Morocco,away,Issa Diop,14,unused_bench,Defender,,,
4667769,haiti-vs-morocco,https://www.fotmob.com/matches/haiti-vs-morocco/18aaq8#4667769,Morocco vs Haiti (2026-06-24T22:00:00.000Z),Morocco,Haiti,2026-06-24T22:00:00.000Z,,Atlanta Stadium,Danny Desmond Makkelie,Full time,4,2,Haiti,Morocco,away,Marwane Saadane,5,unused_bench,Defender,,,
4667769,haiti-vs-morocco,https://www.fotmob.com/matches/haiti-vs-morocco/18aaq8#4667769,Morocco vs Haiti (2026-06-24T22:00:00.000Z),Morocco,Haiti,2026-06-24T22:00:00.000Z,,Atlanta Stadium,Danny Desmond Makkelie,Full time,4,2,Haiti,Morocco,away,Youssef Belammari,19,unused_bench,Defender,,,
4667769,haiti-vs-morocco,https://www.fotmob.com/matches/haiti-vs-morocco/18aaq8#4667769,Morocco vs Haiti (2026-06-24T22:00:00.000Z),Morocco,Haiti,2026-06-24T22:00:00.000Z,,Atlanta Stadium,Danny Desmond Makkelie,Full time,4,2,Haiti,Morocco,away,Zakaria El Ouahdi,13,unused_bench,Defender,,,
4667769,haiti-vs-morocco,https://www.fotmob.com/matches/haiti-vs-morocco/18aaq8#4667769,Morocco vs Haiti (2026-06-24T22:00:00.000Z),Morocco,Haiti,2026-06-24T22:00:00.000Z,,Atlanta Stadium,Danny Desmond Makkelie,Full time,4,2,Haiti,Morocco,away,Ayyoub Bouaddi,6,unused_bench,Midfielder,,,
4667769,haiti-vs-morocco,https://www.fotmob.com/matches/haiti-vs-morocco/18aaq8#4667769,Morocco vs Haiti (2026-06-24T22:00:00.000Z),Morocco,Haiti,2026-06-24T22:00:00.000Z,,Atlanta Stadium,Danny Desmond Makkelie,Full time,4,2,Haiti,Morocco,away,Amine Sbaï,17,unused_bench,Attacker,,,
4667769,haiti-vs-morocco,https://www.fotmob.com/matches/haiti-vs-morocco/18aaq8#4667769,Morocco vs Haiti (2026-06-24T22:00:00.000Z),Morocco,Haiti,2026-06-24T22:00:00.000Z,,Atlanta Stadium,Danny Desmond Makkelie,Full time,4,2,Haiti,Morocco,away,Ayoube Amaimouni-Echghouyab,21,unused_bench,Attacker,,,
4667769,haiti-vs-morocco,https://www.fotmob.com/matches/haiti-vs-morocco/18aaq8#4667769,Morocco vs Haiti (2026-06-24T22:00:00.000Z),Morocco,Haiti,2026-06-24T22:00:00.000Z,,Atlanta Stadium,Danny Desmond Makkelie,Full time,4,2,Haiti,Morocco,away,Chemsdine Talbi,7,unused_bench,Attacker,,,
4667769,haiti-vs-morocco,https://www.fotmob.com/matches/haiti-vs-morocco/18aaq8#4667769,Morocco vs Haiti (2026-06-24T22:00:00.000Z),Morocco,Haiti,2026-06-24T22:00:00.000Z,,Atlanta Stadium,Danny Desmond Makkelie,Full time,4,2,Haiti,Morocco,away,Alexandre Pierre,12,unused_bench,Keeper,,,
4667769,haiti-vs-morocco,https://www.fotmob.com/matches/haiti-vs-morocco/18aaq8#4667769,Morocco vs Haiti (2026-06-24T22:00:00.000Z),Morocco,Haiti,2026-06-24T22:00:00.000Z,,Atlanta Stadium,Danny Desmond Makkelie,Full time,4,2,Haiti,Morocco,away,Josué Duverger,23,unused_bench,Keeper,,,
4667769,haiti-vs-morocco,https://www.fotmob.com/matches/haiti-vs-morocco/18aaq8#4667769,Morocco vs Haiti (2026-06-24T22:00:00.000Z),Morocco,Haiti,2026-06-24T22:00:00.000Z,,Atlanta Stadium,Danny Desmond Makkelie,Full time,4,2,Haiti,Morocco,away,Carl Sainté,6,unused_bench,Defender,,,
4667769,haiti-vs-morocco,https://www.fotmob.com/matches/haiti-vs-morocco/18aaq8#4667769,Morocco vs Haiti (2026-06-24T22:00:00.000Z),Morocco,Haiti,2026-06-24T22:00:00.000Z,,Atlanta Stadium,Danny Desmond Makkelie,Full time,4,2,Haiti,Morocco,away,Duke Lacroix,13,unused_bench,Defender,,,
4667769,haiti-vs-morocco,https://www.fotmob.com/matches/haiti-vs-morocco/18aaq8#4667769,Morocco vs Haiti (2026-06-24T22:00:00.000Z),Morocco,Haiti,2026-06-24T22:00:00.000Z,,Atlanta Stadium,Danny Desmond Makkelie,Full time,4,2,Haiti,Morocco,away,Garven Metusala,14,unused_bench,Defender,,,
4667769,haiti-vs-morocco,https://www.fotmob.com/matches/haiti-vs-morocco/18aaq8#4667769,Morocco vs Haiti (2026-06-24T22:00:00.000Z),Morocco,Haiti,2026-06-24T22:00:00.000Z,,Atlanta Stadium,Danny Desmond Makkelie,Full time,4,2,Haiti,Morocco,away,Keeto Thermoncy,3,unused_bench,Defender,,,
4667769,haiti-vs-morocco,https://www.fotmob.com/matches/haiti-vs-morocco/18aaq8#4667769,Morocco vs Haiti (2026-06-24T22:00:00.000Z),Morocco,Haiti,2026-06-24T22:00:00.000Z,,Atlanta Stadium,Danny Desmond Makkelie,Full time,4,2,Haiti,Morocco,away,Olivier Pierre,26,unused_bench,Midfielder,,,
4667769,haiti-vs-morocco,https://www.fotmob.com/matches/haiti-vs-morocco/18aaq8#4667769,Morocco vs Haiti (2026-06-24T22:00:00.000Z),Morocco,Haiti,2026-06-24T22:00:00.000Z,,Atlanta Stadium,Danny Desmond Makkelie,Full time,4,2,Haiti,Morocco,away,Wilguens Paugain,24,unused_bench,Midfielder,,,
4667769,haiti-vs-morocco,https://www.fotmob.com/matches/haiti-vs-morocco/18aaq8#4667769,Morocco vs Haiti (2026-06-24T22:00:00.000Z),Morocco,Haiti,2026-06-24T22:00:00.000Z,,Atlanta Stadium,Danny Desmond Makkelie,Full time,4,2,Haiti,Morocco,away,Derrick Etienne,7,unused_bench,Attacker,,,
4667769,haiti-vs-morocco,https://www.fotmob.com/matches/haiti-vs-morocco/18aaq8#4667769,Morocco vs Haiti (2026-06-24T22:00:00.000Z),Morocco,Haiti,2026-06-24T22:00:00.000Z,,Atlanta Stadium,Danny Desmond Makkelie,Full time,4,2,Haiti,Morocco,away,Yassin Fortuné,19,unused_bench,Attacker,,,
4667775,turkiye-vs-usa,https://www.fotmob.com/matches/turkiye-vs-usa/1gq91b#4667775,Turkiye vs USA (2026-06-26T02:00:00.000Z),Turkiye,USA,2026-06-26T02:00:00.000Z,,Los Angeles Stadium,Mustapha Ghorbal,Full time,3,2,Turkiye,USA,home,Caglar Söyüncü,4,used_substitute,Defender,,84.0,
4667775,turkiye-vs-usa,https://www.fotmob.com/matches/turkiye-vs-usa/1gq91b#4667775,Turkiye vs USA (2026-06-26T02:00:00.000Z),Turkiye,USA,2026-06-26T02:00:00.000Z,,Los Angeles Stadium,Mustapha Ghorbal,Full time,3,2,Turkiye,USA,home,Can Uzun,26,used_substitute,Midfielder,,84.0,
4667775,turkiye-vs-usa,https://www.fotmob.com/matches/turkiye-vs-usa/1gq91b#4667775,Turkiye vs USA (2026-06-26T02:00:00.000Z),Turkiye,USA,2026-06-26T02:00:00.000Z,,Los Angeles Stadium,Mustapha Ghorbal,Full time,3,2,Turkiye,USA,home,Kaan Ayhan,22,used_substitute,Defender,,88.0,
4667775,turkiye-vs-usa,https://www.fotmob.com/matches/turkiye-vs-usa/1gq91b#4667775,Turkiye vs USA (2026-06-26T02:00:00.000Z),Turkiye,USA,2026-06-26T02:00:00.000Z,,Los Angeles Stadium,Mustapha Ghorbal,Full time,3,2,Turkiye,USA,home,Mert Müldür,18,used_substitute,Defender,,90.0,
4667775,turkiye-vs-usa,https://www.fotmob.com/matches/turkiye-vs-usa/1gq91b#4667775,Turkiye vs USA (2026-06-26T02:00:00.000Z),Turkiye,USA,2026-06-26T02:00:00.000Z,,Los Angeles Stadium,Mustapha Ghorbal,Full time,3,2,Turkiye,USA,home,Irfan Kahveci,17,used_substitute,Attacker,,90.0,
4667775,turkiye-vs-usa,https://www.fotmob.com/matches/turkiye-vs-usa/1gq91b#4667775,Turkiye vs USA (2026-06-26T02:00:00.000Z),Turkiye,USA,2026-06-26T02:00:00.000Z,,Los Angeles Stadium,Mustapha Ghorbal,Full time,3,2,USA,Turkiye,away,Christian Pulisic,10,used_substitute,Attacker,6.2,58.0,
4667775,turkiye-vs-usa,https://www.fotmob.com/matches/turkiye-vs-usa/1gq91b#4667775,Turkiye vs USA (2026-06-26T02:00:00.000Z),Turkiye,USA,2026-06-26T02:00:00.000Z,,Los Angeles Stadium,Mustapha Ghorbal,Full time,3,2,USA,Turkiye,away,Alex Freeman,16,used_substitute,Defender,6.4,76.0,
4667775,turkiye-vs-usa,https://www.fotmob.com/matches/turkiye-vs-usa/1gq91b#4667775,Turkiye vs USA (2026-06-26T02:00:00.000Z),Turkiye,USA,2026-06-26T02:00:00.000Z,,Los Angeles Stadium,Mustapha Ghorbal,Full time,3,2,USA,Turkiye,away,Sergiño Dest,2,used_substitute,Defender,6.4,76.0,
4667775,turkiye-vs-usa,https://www.fotmob.com/matches/turkiye-vs-usa/1gq91b#4667775,Turkiye vs USA (2026-06-26T02:00:00.000Z),Turkiye,USA,2026-06-26T02:00:00.000Z,,Los Angeles Stadium,Mustapha Ghorbal,Full time,3,2,USA,Turkiye,away,Alex Zendejas,26,used_substitute,Attacker,5.9,76.0,
4667775,turkiye-vs-usa,https://www.fotmob.com/matches/turkiye-vs-usa/1gq91b#4667775,Turkiye vs USA (2026-06-26T02:00:00.000Z),Turkiye,USA,2026-06-26T02:00:00.000Z,,Los Angeles Stadium,Mustapha Ghorbal,Full time,3,2,USA,Turkiye,away,Malik Tillman,17,used_substitute,Midfielder,,86.0,
4667775,turkiye-vs-usa,https://www.fotmob.com/matches/turkiye-vs-usa/1gq91b#4667775,Turkiye vs USA (2026-06-26T02:00:00.000Z),Turkiye,USA,2026-06-26T02:00:00.000Z,,Los Angeles Stadium,Mustapha Ghorbal,Full time,3,2,Turkiye,USA,home,Altay Bayindir,12,unused_bench,Keeper,,,
4667775,turkiye-vs-usa,https://www.fotmob.com/matches/turkiye-vs-usa/1gq91b#4667775,Turkiye vs USA (2026-06-26T02:00:00.000Z),Turkiye,USA,2026-06-26T02:00:00.000Z,,Los Angeles Stadium,Mustapha Ghorbal,Full time,3,2,USA,Turkiye,away,Mert Günok,1,unused_bench,Keeper,,,
4667775,turkiye-vs-usa,https://www.fotmob.com/matches/turkiye-vs-usa/1gq91b#4667775,Turkiye vs USA (2026-06-26T02:00:00.000Z),Turkiye,USA,2026-06-26T02:00:00.000Z,,Los Angeles Stadium,Mustapha Ghorbal,Full time,3,2,USA,Turkiye,away,Ferdi Kadioglu,20,unused_bench,Defender,,,
4667775,turkiye-vs-usa,https://www.fotmob.com/matches/turkiye-vs-usa/1gq91b#4667775,Turkiye vs USA (2026-06-26T02:00:00.000Z),Turkiye,USA,2026-06-26T02:00:00.000Z,,Los Angeles Stadium,Mustapha Ghorbal,Full time,3,2,USA,Turkiye,away,Merih Demiral,3,unused_bench,Defender,,,
4667775,turkiye-vs-usa,https://www.fotmob.com/matches/turkiye-vs-usa/1gq91b#4667775,Turkiye vs USA (2026-06-26T02:00:00.000Z),Turkiye,USA,2026-06-26T02:00:00.000Z,,Los Angeles Stadium,Mustapha Ghorbal,Full time,3,2,USA,Turkiye,away,Samet Akaydin,25,unused_bench,Defender,,,
4667775,turkiye-vs-usa,https://www.fotmob.com/matches/turkiye-vs-usa/1gq91b#4667775,Turkiye vs USA (2026-06-26T02:00:00.000Z),Turkiye,USA,2026-06-26T02:00:00.000Z,,Los Angeles Stadium,Mustapha Ghorbal,Full time,3,2,USA,Turkiye,away,Hakan Çalhanoglu,10,unused_bench,Midfielder,,,
4667775,turkiye-vs-usa,https://www.fotmob.com/matches/turkiye-vs-usa/1gq91b#4667775,Turkiye vs USA (2026-06-26T02:00:00.000Z),Turkiye,USA,2026-06-26T02:00:00.000Z,,Los Angeles Stadium,Mustapha Ghorbal,Full time,3,2,USA,Turkiye,away,Ismail Yüksek,16,unused_bench,Midfielder,,,
4667775,turkiye-vs-usa,https://www.fotmob.com/matches/turkiye-vs-usa/1gq91b#4667775,Turkiye vs USA (2026-06-26T02:00:00.000Z),Turkiye,USA,2026-06-26T02:00:00.000Z,,Los Angeles Stadium,Mustapha Ghorbal,Full time,3,2,USA,Turkiye,away,Yunus Akgün,19,unused_bench,Midfielder,,,
4667775,turkiye-vs-usa,https://www.fotmob.com/matches/turkiye-vs-usa/1gq91b#4667775,Turkiye vs USA (2026-06-26T02:00:00.000Z),Turkiye,USA,2026-06-26T02:00:00.000Z,,Los Angeles Stadium,Mustapha Ghorbal,Full time,3,2,USA,Turkiye,away,Deniz Gül,9,unused_bench,Attacker,,,
4667775,turkiye-vs-usa,https://www.fotmob.com/matches/turkiye-vs-usa/1gq91b#4667775,Turkiye vs USA (2026-06-26T02:00:00.000Z),Turkiye,USA,2026-06-26T02:00:00.000Z,,Los Angeles Stadium,Mustapha Ghorbal,Full time,3,2,USA,Turkiye,away,Kerem Aktürkoglu,7,unused_bench,Attacker,,,
4667775,turkiye-vs-usa,https://www.fotmob.com/matches/turkiye-vs-usa/1gq91b#4667775,Turkiye vs USA (2026-06-26T02:00:00.000Z),Turkiye,USA,2026-06-26T02:00:00.000Z,,Los Angeles Stadium,Mustapha Ghorbal,Full time,3,2,USA,Turkiye,away,Chris Brady,25,unused_bench,Keeper,,,
4667775,turkiye-vs-usa,https://www.fotmob.com/matches/turkiye-vs-usa/1gq91b#4667775,Turkiye vs USA (2026-06-26T02:00:00.000Z),Turkiye,USA,2026-06-26T02:00:00.000Z,,Los Angeles Stadium,Mustapha Ghorbal,Full time,3,2,USA,Turkiye,away,Matt Freese,24,unused_bench,Keeper,,,
4667775,turkiye-vs-usa,https://www.fotmob.com/matches/turkiye-vs-usa/1gq91b#4667775,Turkiye vs USA (2026-06-26T02:00:00.000Z),Turkiye,USA,2026-06-26T02:00:00.000Z,,Los Angeles Stadium,Mustapha Ghorbal,Full time,3,2,USA,Turkiye,away,Antonee Robinson,5,unused_bench,Defender,,,
4667775,turkiye-vs-usa,https://www.fotmob.com/matches/turkiye-vs-usa/1gq91b#4667775,Turkiye vs USA (2026-06-26T02:00:00.000Z),Turkiye,USA,2026-06-26T02:00:00.000Z,,Los Angeles Stadium,Mustapha Ghorbal,Full time,3,2,USA,Turkiye,away,Chris Richards,3,unused_bench,Defender,,,
4667775,turkiye-vs-usa,https://www.fotmob.com/matches/turkiye-vs-usa/1gq91b#4667775,Turkiye vs USA (2026-06-26T02:00:00.000Z),Turkiye,USA,2026-06-26T02:00:00.000Z,,Los Angeles Stadium,Mustapha Ghorbal,Full time,3,2,USA,Turkiye,away,Tim Ream,13,unused_bench,Defender,,,
4667775,turkiye-vs-usa,https://www.fotmob.com/matches/turkiye-vs-usa/1gq91b#4667775,Turkiye vs USA (2026-06-26T02:00:00.000Z),Turkiye,USA,2026-06-26T02:00:00.000Z,,Los Angeles Stadium,Mustapha Ghorbal,Full time,3,2,USA,Turkiye,away,Max Arfsten,18,unused_bench,Midfielder,,,
4667775,turkiye-vs-usa,https://www.fotmob.com/matches/turkiye-vs-usa/1gq91b#4667775,Turkiye vs USA (2026-06-26T02:00:00.000Z),Turkiye,USA,2026-06-26T02:00:00.000Z,,Los Angeles Stadium,Mustapha Ghorbal,Full time,3,2,USA,Turkiye,away,Tyler Adams,4,unused_bench,Midfielder,,,
4667775,turkiye-vs-usa,https://www.fotmob.com/matches/turkiye-vs-usa/1gq91b#4667775,Turkiye vs USA (2026-06-26T02:00:00.000Z),Turkiye,USA,2026-06-26T02:00:00.000Z,,Los Angeles Stadium,Mustapha Ghorbal,Full time,3,2,USA,Turkiye,away,Folarin Balogun,20,unused_bench,Attacker,,,
4667775,turkiye-vs-usa,https://www.fotmob.com/matches/turkiye-vs-usa/1gq91b#4667775,Turkiye vs USA (2026-06-26T02:00:00.000Z),Turkiye,USA,2026-06-26T02:00:00.000Z,,Los Angeles Stadium,Mustapha Ghorbal,Full time,3,2,USA,Turkiye,away,Haji Wright,19,unused_bench,Attacker,,,
4667776,australia-vs-paraguay,https://www.fotmob.com/matches/australia-vs-paraguay/1hs39g#4667776,Paraguay vs Australia (2026-06-26T02:00:00.000Z),Paraguay,Australia,2026-06-26T02:00:00.000Z,,San Francisco Bay Area Stadium,Clément Turpin,Full time,0,0,Paraguay,Australia,home,Mauricio,11,used_substitute,Midfielder,6.7,46.0,
4667776,australia-vs-paraguay,https://www.fotmob.com/matches/australia-vs-paraguay/1hs39g#4667776,Paraguay vs Australia (2026-06-26T02:00:00.000Z),Paraguay,Australia,2026-06-26T02:00:00.000Z,,San Francisco Bay Area Stadium,Clément Turpin,Full time,0,0,Paraguay,Australia,home,Álex Arce,18,used_substitute,Attacker,6.0,67.0,
4667776,australia-vs-paraguay,https://www.fotmob.com/matches/australia-vs-paraguay/1hs39g#4667776,Paraguay vs Australia (2026-06-26T02:00:00.000Z),Paraguay,Australia,2026-06-26T02:00:00.000Z,,San Francisco Bay Area Stadium,Clément Turpin,Full time,0,0,Paraguay,Australia,home,José Canale,13,used_substitute,Defender,,84.0,
4667776,australia-vs-paraguay,https://www.fotmob.com/matches/australia-vs-paraguay/1hs39g#4667776,Paraguay vs Australia (2026-06-26T02:00:00.000Z),Paraguay,Australia,2026-06-26T02:00:00.000Z,,San Francisco Bay Area Stadium,Clément Turpin,Full time,0,0,Paraguay,Australia,home,Júnior Alonso,6,used_substitute,Defender,,90.0,
4667776,australia-vs-paraguay,https://www.fotmob.com/matches/australia-vs-paraguay/1hs39g#4667776,Paraguay vs Australia (2026-06-26T02:00:00.000Z),Paraguay,Australia,2026-06-26T02:00:00.000Z,,San Francisco Bay Area Stadium,Clément Turpin,Full time,0,0,Paraguay,Australia,home,Damián Bobadilla,16,used_substitute,Midfielder,,90.0,
4667776,australia-vs-paraguay,https://www.fotmob.com/matches/australia-vs-paraguay/1hs39g#4667776,Paraguay vs Australia (2026-06-26T02:00:00.000Z),Paraguay,Australia,2026-06-26T02:00:00.000Z,,San Francisco Bay Area Stadium,Clément Turpin,Full time,0,0,Australia,Paraguay,away,Ajdin Hrustic,10,used_substitute,Midfielder,6.4,58.0,
4667776,australia-vs-paraguay,https://www.fotmob.com/matches/australia-vs-paraguay/1hs39g#4667776,Paraguay vs Australia (2026-06-26T02:00:00.000Z),Paraguay,Australia,2026-06-26T02:00:00.000Z,,San Francisco Bay Area Stadium,Clément Turpin,Full time,0,0,Australia,Paraguay,away,Paul Okon-Engstler,24,used_substitute,Midfielder,,84.0,
4667776,australia-vs-paraguay,https://www.fotmob.com/matches/australia-vs-paraguay/1hs39g#4667776,Paraguay vs Australia (2026-06-26T02:00:00.000Z),Paraguay,Australia,2026-06-26T02:00:00.000Z,,San Francisco Bay Area Stadium,Clément Turpin,Full time,0,0,Australia,Paraguay,away,Tete Yengi,26,used_substitute,Attacker,,84.0,
4667776,australia-vs-paraguay,https://www.fotmob.com/matches/australia-vs-paraguay/1hs39g#4667776,Paraguay vs Australia (2026-06-26T02:00:00.000Z),Paraguay,Australia,2026-06-26T02:00:00.000Z,,San Francisco Bay Area Stadium,Clément Turpin,Full time,0,0,Paraguay,Australia,home,Gastón Olveira,22,unused_bench,Keeper,,,
4667776,australia-vs-paraguay,https://www.fotmob.com/matches/australia-vs-paraguay/1hs39g#4667776,Paraguay vs Australia (2026-06-26T02:00:00.000Z),Paraguay,Australia,2026-06-26T02:00:00.000Z,,San Francisco Bay Area Stadium,Clément Turpin,Full time,0,0,Australia,Paraguay,away,Roberto Fernández,1,unused_bench,Keeper,,,
4667776,australia-vs-paraguay,https://www.fotmob.com/matches/australia-vs-paraguay/1hs39g#4667776,Paraguay vs Australia (2026-06-26T02:00:00.000Z),Paraguay,Australia,2026-06-26T02:00:00.000Z,,San Francisco Bay Area Stadium,Clément Turpin,Full time,0,0,Australia,Paraguay,away,Fabián Balbuena,5,unused_bench,Defender,,,
4667776,australia-vs-paraguay,https://www.fotmob.com/matches/australia-vs-paraguay/1hs39g#4667776,Paraguay vs Australia (2026-06-26T02:00:00.000Z),Paraguay,Australia,2026-06-26T02:00:00.000Z,,San Francisco Bay Area Stadium,Clément Turpin,Full time,0,0,Australia,Paraguay,away,Alejandro Romero,17,unused_bench,Midfielder,,,
4667776,australia-vs-paraguay,https://www.fotmob.com/matches/australia-vs-paraguay/1hs39g#4667776,Paraguay vs Australia (2026-06-26T02:00:00.000Z),Paraguay,Australia,2026-06-26T02:00:00.000Z,,San Francisco Bay Area Stadium,Clément Turpin,Full time,0,0,Australia,Paraguay,away,Braian Ojeda,20,unused_bench,Midfielder,,,
4667776,australia-vs-paraguay,https://www.fotmob.com/matches/australia-vs-paraguay/1hs39g#4667776,Paraguay vs Australia (2026-06-26T02:00:00.000Z),Paraguay,Australia,2026-06-26T02:00:00.000Z,,San Francisco Bay Area Stadium,Clément Turpin,Full time,0,0,Australia,Paraguay,away,Antonio Sanabria,9,unused_bench,Attacker,,,
4667776,australia-vs-paraguay,https://www.fotmob.com/matches/australia-vs-paraguay/1hs39g#4667776,Paraguay vs Australia (2026-06-26T02:00:00.000Z),Paraguay,Australia,2026-06-26T02:00:00.000Z,,San Francisco Bay Area Stadium,Clément Turpin,Full time,0,0,Australia,Paraguay,away,Gustavo Caballero,24,unused_bench,Attacker,,,
4667776,australia-vs-paraguay,https://www.fotmob.com/matches/australia-vs-paraguay/1hs39g#4667776,Paraguay vs Australia (2026-06-26T02:00:00.000Z),Paraguay,Australia,2026-06-26T02:00:00.000Z,,San Francisco Bay Area Stadium,Clément Turpin,Full time,0,0,Australia,Paraguay,away,Isidro Pitta,25,unused_bench,Attacker,,,
4667776,australia-vs-paraguay,https://www.fotmob.com/matches/australia-vs-paraguay/1hs39g#4667776,Paraguay vs Australia (2026-06-26T02:00:00.000Z),Paraguay,Australia,2026-06-26T02:00:00.000Z,,San Francisco Bay Area Stadium,Clément Turpin,Full time,0,0,Australia,Paraguay,away,Ramón Sosa,7,unused_bench,Attacker,,,
4667776,australia-vs-paraguay,https://www.fotmob.com/matches/australia-vs-paraguay/1hs39g#4667776,Paraguay vs Australia (2026-06-26T02:00:00.000Z),Paraguay,Australia,2026-06-26T02:00:00.000Z,,San Francisco Bay Area Stadium,Clément Turpin,Full time,0,0,Australia,Paraguay,away,Mathew Ryan,1,unused_bench,Keeper,,,
4667776,australia-vs-paraguay,https://www.fotmob.com/matches/australia-vs-paraguay/1hs39g#4667776,Paraguay vs Australia (2026-06-26T02:00:00.000Z),Paraguay,Australia,2026-06-26T02:00:00.000Z,,San Francisco Bay Area Stadium,Clément Turpin,Full time,0,0,Australia,Paraguay,away,Paul Izzo,12,unused_bench,Keeper,,,
4667776,australia-vs-paraguay,https://www.fotmob.com/matches/australia-vs-paraguay/1hs39g#4667776,Paraguay vs Australia (2026-06-26T02:00:00.000Z),Paraguay,Australia,2026-06-26T02:00:00.000Z,,San Francisco Bay Area Stadium,Clément Turpin,Full time,0,0,Australia,Paraguay,away,Cameron Burgess,21,unused_bench,Defender,,,
4667776,australia-vs-paraguay,https://www.fotmob.com/matches/australia-vs-paraguay/1hs39g#4667776,Paraguay vs Australia (2026-06-26T02:00:00.000Z),Paraguay,Australia,2026-06-26T02:00:00.000Z,,San Francisco Bay Area Stadium,Clément Turpin,Full time,0,0,Australia,Paraguay,away,Jason Geria,6,unused_bench,Defender,,,
4667776,australia-vs-paraguay,https://www.fotmob.com/matches/australia-vs-paraguay/1hs39g#4667776,Paraguay vs Australia (2026-06-26T02:00:00.000Z),Paraguay,Australia,2026-06-26T02:00:00.000Z,,San Francisco Bay Area Stadium,Clément Turpin,Full time,0,0,Australia,Paraguay,away,Milos Degenek,2,unused_bench,Defender,,,
4667776,australia-vs-paraguay,https://www.fotmob.com/matches/australia-vs-paraguay/1hs39g#4667776,Paraguay vs Australia (2026-06-26T02:00:00.000Z),Paraguay,Australia,2026-06-26T02:00:00.000Z,,San Francisco Bay Area Stadium,Clément Turpin,Full time,0,0,Australia,Paraguay,away,Cameron Devlin,14,unused_bench,Midfielder,,,
4667776,australia-vs-paraguay,https://www.fotmob.com/matches/australia-vs-paraguay/1hs39g#4667776,Paraguay vs Australia (2026-06-26T02:00:00.000Z),Paraguay,Australia,2026-06-26T02:00:00.000Z,,San Francisco Bay Area Stadium,Clément Turpin,Full time,0,0,Australia,Paraguay,away,Kai Trewin,15,unused_bench,Midfielder,,,
4667776,australia-vs-paraguay,https://www.fotmob.com/matches/australia-vs-paraguay/1hs39g#4667776,Paraguay vs Australia (2026-06-26T02:00:00.000Z),Paraguay,Australia,2026-06-26T02:00:00.000Z,,San Francisco Bay Area Stadium,Clément Turpin,Full time,0,0,Australia,Paraguay,away,Awer Mabil,11,unused_bench,Attacker,,,
4667776,australia-vs-paraguay,https://www.fotmob.com/matches/australia-vs-paraguay/1hs39g#4667776,Paraguay vs Australia (2026-06-26T02:00:00.000Z),Paraguay,Australia,2026-06-26T02:00:00.000Z,,San Francisco Bay Area Stadium,Clément Turpin,Full time,0,0,Australia,Paraguay,away,Mohamed Touré,9,unused_bench,Attacker,,,
4667776,australia-vs-paraguay,https://www.fotmob.com/matches/australia-vs-paraguay/1hs39g#4667776,Paraguay vs Australia (2026-06-26T02:00:00.000Z),Paraguay,Australia,2026-06-26T02:00:00.000Z,,San Francisco Bay Area Stadium,Clément Turpin,Full time,0,0,Australia,Paraguay,away,Nishan Velupillay,23,unused_bench,Attacker,,,
4667781,ecuador-vs-germany,https://www.fotmob.com/matches/ecuador-vs-germany/1xhhol#4667781,Ecuador vs Germany (2026-06-25T20:00:00.000Z),Ecuador,Germany,2026-06-25T20:00:00.000Z,,New York New Jersey Stadium,Mary Victoria Penso,Full time,2,1,Ecuador,Germany,home,Ángelo Preciado,17,used_substitute,Midfielder,6.4,64.0,
4667781,ecuador-vs-germany,https://www.fotmob.com/matches/ecuador-vs-germany/1xhhol#4667781,Ecuador vs Germany (2026-06-25T20:00:00.000Z),Ecuador,Germany,2026-06-25T20:00:00.000Z,,New York New Jersey Stadium,Mary Victoria Penso,Full time,2,1,Ecuador,Germany,home,Kevin Rodríguez,11,used_substitute,Attacker,7.1,64.0,
4667781,ecuador-vs-germany,https://www.fotmob.com/matches/ecuador-vs-germany/1xhhol#4667781,Ecuador vs Germany (2026-06-25T20:00:00.000Z),Ecuador,Germany,2026-06-25T20:00:00.000Z,,New York New Jersey Stadium,Mary Victoria Penso,Full time,2,1,Ecuador,Germany,home,Pervis Estupinán,7,used_substitute,Midfielder,6.5,71.0,
4667781,ecuador-vs-germany,https://www.fotmob.com/matches/ecuador-vs-germany/1xhhol#4667781,Ecuador vs Germany (2026-06-25T20:00:00.000Z),Ecuador,Germany,2026-06-25T20:00:00.000Z,,New York New Jersey Stadium,Mary Victoria Penso,Full time,2,1,Ecuador,Germany,home,Félix Torres,2,used_substitute,Defender,,85.0,
4667781,ecuador-vs-germany,https://www.fotmob.com/matches/ecuador-vs-germany/1xhhol#4667781,Ecuador vs Germany (2026-06-25T20:00:00.000Z),Ecuador,Germany,2026-06-25T20:00:00.000Z,,New York New Jersey Stadium,Mary Victoria Penso,Full time,2,1,Ecuador,Germany,home,Jordy Caicedo,16,used_substitute,Attacker,,85.0,
4667781,ecuador-vs-germany,https://www.fotmob.com/matches/ecuador-vs-germany/1xhhol#4667781,Ecuador vs Germany (2026-06-25T20:00:00.000Z),Ecuador,Germany,2026-06-25T20:00:00.000Z,,New York New Jersey Stadium,Mary Victoria Penso,Full time,2,1,Germany,Ecuador,away,Angelo Stiller,16,used_substitute,Midfielder,6.4,46.0,
4667781,ecuador-vs-germany,https://www.fotmob.com/matches/ecuador-vs-germany/1xhhol#4667781,Ecuador vs Germany (2026-06-25T20:00:00.000Z),Ecuador,Germany,2026-06-25T20:00:00.000Z,,New York New Jersey Stadium,Mary Victoria Penso,Full time,2,1,Germany,Ecuador,away,Malick Thiaw,24,used_substitute,Defender,6.7,60.0,
4667781,ecuador-vs-germany,https://www.fotmob.com/matches/ecuador-vs-germany/1xhhol#4667781,Ecuador vs Germany (2026-06-25T20:00:00.000Z),Ecuador,Germany,2026-06-25T20:00:00.000Z,,New York New Jersey Stadium,Mary Victoria Penso,Full time,2,1,Germany,Ecuador,away,Deniz Undav,26,used_substitute,Attacker,6.3,60.0,
4667781,ecuador-vs-germany,https://www.fotmob.com/matches/ecuador-vs-germany/1xhhol#4667781,Ecuador vs Germany (2026-06-25T20:00:00.000Z),Ecuador,Germany,2026-06-25T20:00:00.000Z,,New York New Jersey Stadium,Mary Victoria Penso,Full time,2,1,Germany,Ecuador,away,Maximilian Beier,14,used_substitute,Midfielder,6.0,64.0,
4667781,ecuador-vs-germany,https://www.fotmob.com/matches/ecuador-vs-germany/1xhhol#4667781,Ecuador vs Germany (2026-06-25T20:00:00.000Z),Ecuador,Germany,2026-06-25T20:00:00.000Z,,New York New Jersey Stadium,Mary Victoria Penso,Full time,2,1,Germany,Ecuador,away,Pascal Groß,13,used_substitute,Midfielder,6.6,73.0,
4667781,ecuador-vs-germany,https://www.fotmob.com/matches/ecuador-vs-germany/1xhhol#4667781,Ecuador vs Germany (2026-06-25T20:00:00.000Z),Ecuador,Germany,2026-06-25T20:00:00.000Z,,New York New Jersey Stadium,Mary Victoria Penso,Full time,2,1,Ecuador,Germany,home,Gonzalo Valle,22,unused_bench,Keeper,,,
4667781,ecuador-vs-germany,https://www.fotmob.com/matches/ecuador-vs-germany/1xhhol#4667781,Ecuador vs Germany (2026-06-25T20:00:00.000Z),Ecuador,Germany,2026-06-25T20:00:00.000Z,,New York New Jersey Stadium,Mary Victoria Penso,Full time,2,1,Germany,Ecuador,away,Moisés Ramirez,12,unused_bench,Keeper,,,
4667781,ecuador-vs-germany,https://www.fotmob.com/matches/ecuador-vs-germany/1xhhol#4667781,Ecuador vs Germany (2026-06-25T20:00:00.000Z),Ecuador,Germany,2026-06-25T20:00:00.000Z,,New York New Jersey Stadium,Mary Victoria Penso,Full time,2,1,Germany,Ecuador,away,Jackson Porozo,25,unused_bench,Defender,,,
4667781,ecuador-vs-germany,https://www.fotmob.com/matches/ecuador-vs-germany/1xhhol#4667781,Ecuador vs Germany (2026-06-25T20:00:00.000Z),Ecuador,Germany,2026-06-25T20:00:00.000Z,,New York New Jersey Stadium,Mary Victoria Penso,Full time,2,1,Germany,Ecuador,away,Yaimar Medina,26,unused_bench,Defender,,,
4667781,ecuador-vs-germany,https://www.fotmob.com/matches/ecuador-vs-germany/1xhhol#4667781,Ecuador vs Germany (2026-06-25T20:00:00.000Z),Ecuador,Germany,2026-06-25T20:00:00.000Z,,New York New Jersey Stadium,Mary Victoria Penso,Full time,2,1,Germany,Ecuador,away,Anthony Valencia,8,unused_bench,Midfielder,,,
4667781,ecuador-vs-germany,https://www.fotmob.com/matches/ecuador-vs-germany/1xhhol#4667781,Ecuador vs Germany (2026-06-25T20:00:00.000Z),Ecuador,Germany,2026-06-25T20:00:00.000Z,,New York New Jersey Stadium,Mary Victoria Penso,Full time,2,1,Germany,Ecuador,away,Denil Castillo,18,unused_bench,Midfielder,,,
4667781,ecuador-vs-germany,https://www.fotmob.com/matches/ecuador-vs-germany/1xhhol#4667781,Ecuador vs Germany (2026-06-25T20:00:00.000Z),Ecuador,Germany,2026-06-25T20:00:00.000Z,,New York New Jersey Stadium,Mary Victoria Penso,Full time,2,1,Germany,Ecuador,away,Jordy Alcívar,5,unused_bench,Midfielder,,,
4667781,ecuador-vs-germany,https://www.fotmob.com/matches/ecuador-vs-germany/1xhhol#4667781,Ecuador vs Germany (2026-06-25T20:00:00.000Z),Ecuador,Germany,2026-06-25T20:00:00.000Z,,New York New Jersey Stadium,Mary Victoria Penso,Full time,2,1,Germany,Ecuador,away,Alan Minda,14,unused_bench,Attacker,,,
4667781,ecuador-vs-germany,https://www.fotmob.com/matches/ecuador-vs-germany/1xhhol#4667781,Ecuador vs Germany (2026-06-25T20:00:00.000Z),Ecuador,Germany,2026-06-25T20:00:00.000Z,,New York New Jersey Stadium,Mary Victoria Penso,Full time,2,1,Germany,Ecuador,away,Jeremy Arévalo,24,unused_bench,Attacker,,,
4667781,ecuador-vs-germany,https://www.fotmob.com/matches/ecuador-vs-germany/1xhhol#4667781,Ecuador vs Germany (2026-06-25T20:00:00.000Z),Ecuador,Germany,2026-06-25T20:00:00.000Z,,New York New Jersey Stadium,Mary Victoria Penso,Full time,2,1,Germany,Ecuador,away,Kendry Páez,10,unused_bench,Attacker,,,
4667781,ecuador-vs-germany,https://www.fotmob.com/matches/ecuador-vs-germany/1xhhol#4667781,Ecuador vs Germany (2026-06-25T20:00:00.000Z),Ecuador,Germany,2026-06-25T20:00:00.000Z,,New York New Jersey Stadium,Mary Victoria Penso,Full time,2,1,Germany,Ecuador,away,Alexander Nübel,21,unused_bench,Keeper,,,
4667781,ecuador-vs-germany,https://www.fotmob.com/matches/ecuador-vs-germany/1xhhol#4667781,Ecuador vs Germany (2026-06-25T20:00:00.000Z),Ecuador,Germany,2026-06-25T20:00:00.000Z,,New York New Jersey Stadium,Mary Victoria Penso,Full time,2,1,Germany,Ecuador,away,Oliver Baumann,12,unused_bench,Keeper,,,
4667781,ecuador-vs-germany,https://www.fotmob.com/matches/ecuador-vs-germany/1xhhol#4667781,Ecuador vs Germany (2026-06-25T20:00:00.000Z),Ecuador,Germany,2026-06-25T20:00:00.000Z,,New York New Jersey Stadium,Mary Victoria Penso,Full time,2,1,Germany,Ecuador,away,Waldemar Anton,3,unused_bench,Defender,,,
4667781,ecuador-vs-germany,https://www.fotmob.com/matches/ecuador-vs-germany/1xhhol#4667781,Ecuador vs Germany (2026-06-25T20:00:00.000Z),Ecuador,Germany,2026-06-25T20:00:00.000Z,,New York New Jersey Stadium,Mary Victoria Penso,Full time,2,1,Germany,Ecuador,away,Assan Ouédraogo,25,unused_bench,Midfielder,,,
4667781,ecuador-vs-germany,https://www.fotmob.com/matches/ecuador-vs-germany/1xhhol#4667781,Ecuador vs Germany (2026-06-25T20:00:00.000Z),Ecuador,Germany,2026-06-25T20:00:00.000Z,,New York New Jersey Stadium,Mary Victoria Penso,Full time,2,1,Germany,Ecuador,away,Leon Goretzka,8,unused_bench,Midfielder,,,
4667781,ecuador-vs-germany,https://www.fotmob.com/matches/ecuador-vs-germany/1xhhol#4667781,Ecuador vs Germany (2026-06-25T20:00:00.000Z),Ecuador,Germany,2026-06-25T20:00:00.000Z,,New York New Jersey Stadium,Mary Victoria Penso,Full time,2,1,Germany,Ecuador,away,Nadiem Amiri,20,unused_bench,Midfielder,,,
4667781,ecuador-vs-germany,https://www.fotmob.com/matches/ecuador-vs-germany/1xhhol#4667781,Ecuador vs Germany (2026-06-25T20:00:00.000Z),Ecuador,Germany,2026-06-25T20:00:00.000Z,,New York New Jersey Stadium,Mary Victoria Penso,Full time,2,1,Germany,Ecuador,away,Jamie Leweling,9,unused_bench,Attacker,,,
4667781,ecuador-vs-germany,https://www.fotmob.com/matches/ecuador-vs-germany/1xhhol#4667781,Ecuador vs Germany (2026-06-25T20:00:00.000Z),Ecuador,Germany,2026-06-25T20:00:00.000Z,,New York New Jersey Stadium,Mary Victoria Penso,Full time,2,1,Germany,Ecuador,away,Nick Woltemade,11,unused_bench,Attacker,,,
4667782,ivory-coast-vs-curacao,https://www.fotmob.com/matches/ivory-coast-vs-curacao/jy3w4js#4667782,Curacao vs Ivory Coast (2026-06-25T20:00:00.000Z),Curacao,Ivory Coast,2026-06-25T20:00:00.000Z,,Philadelphia Stadium,Glenn Nyberg,Full time,0,2,Curacao,Ivory Coast,home,Jeremy Antonisse,11,used_substitute,Attacker,6.7,61.0,
4667782,ivory-coast-vs-curacao,https://www.fotmob.com/matches/ivory-coast-vs-curacao/jy3w4js#4667782,Curacao vs Ivory Coast (2026-06-25T20:00:00.000Z),Curacao,Ivory Coast,2026-06-25T20:00:00.000Z,,Philadelphia Stadium,Glenn Nyberg,Full time,0,2,Curacao,Ivory Coast,home,Tyrese Noslin,13,used_substitute,Midfielder,6.2,77.0,
4667782,ivory-coast-vs-curacao,https://www.fotmob.com/matches/ivory-coast-vs-curacao/jy3w4js#4667782,Curacao vs Ivory Coast (2026-06-25T20:00:00.000Z),Curacao,Ivory Coast,2026-06-25T20:00:00.000Z,,Philadelphia Stadium,Glenn Nyberg,Full time,0,2,Curacao,Ivory Coast,home,Gervane Kastaneer,19,used_substitute,Attacker,6.0,77.0,
4667782,ivory-coast-vs-curacao,https://www.fotmob.com/matches/ivory-coast-vs-curacao/jy3w4js#4667782,Curacao vs Ivory Coast (2026-06-25T20:00:00.000Z),Curacao,Ivory Coast,2026-06-25T20:00:00.000Z,,Philadelphia Stadium,Glenn Nyberg,Full time,0,2,Curacao,Ivory Coast,home,Shurandy Sambo,2,used_substitute,Defender,,90.0,
4667782,ivory-coast-vs-curacao,https://www.fotmob.com/matches/ivory-coast-vs-curacao/jy3w4js#4667782,Curacao vs Ivory Coast (2026-06-25T20:00:00.000Z),Curacao,Ivory Coast,2026-06-25T20:00:00.000Z,,Philadelphia Stadium,Glenn Nyberg,Full time,0,2,Curacao,Ivory Coast,home,Brandley Kuwas,17,used_substitute,Attacker,,90.0,
4667782,ivory-coast-vs-curacao,https://www.fotmob.com/matches/ivory-coast-vs-curacao/jy3w4js#4667782,Curacao vs Ivory Coast (2026-06-25T20:00:00.000Z),Curacao,Ivory Coast,2026-06-25T20:00:00.000Z,,Philadelphia Stadium,Glenn Nyberg,Full time,0,2,Ivory Coast,Curacao,away,Christ Inao Oulaï,26,used_substitute,Midfielder,7.0,46.0,
4667782,ivory-coast-vs-curacao,https://www.fotmob.com/matches/ivory-coast-vs-curacao/jy3w4js#4667782,Curacao vs Ivory Coast (2026-06-25T20:00:00.000Z),Curacao,Ivory Coast,2026-06-25T20:00:00.000Z,,Philadelphia Stadium,Glenn Nyberg,Full time,0,2,Ivory Coast,Curacao,away,Bazoumana Touré,24,used_substitute,Attacker,6.5,67.0,
4667782,ivory-coast-vs-curacao,https://www.fotmob.com/matches/ivory-coast-vs-curacao/jy3w4js#4667782,Curacao vs Ivory Coast (2026-06-25T20:00:00.000Z),Curacao,Ivory Coast,2026-06-25T20:00:00.000Z,,Philadelphia Stadium,Glenn Nyberg,Full time,0,2,Ivory Coast,Curacao,away,Elye Wahi,12,used_substitute,Attacker,6.2,67.0,
4667782,ivory-coast-vs-curacao,https://www.fotmob.com/matches/ivory-coast-vs-curacao/jy3w4js#4667782,Curacao vs Ivory Coast (2026-06-25T20:00:00.000Z),Curacao,Ivory Coast,2026-06-25T20:00:00.000Z,,Philadelphia Stadium,Glenn Nyberg,Full time,0,2,Ivory Coast,Curacao,away,Oumar Diakité,14,used_substitute,Attacker,6.2,67.0,
4667782,ivory-coast-vs-curacao,https://www.fotmob.com/matches/ivory-coast-vs-curacao/jy3w4js#4667782,Curacao vs Ivory Coast (2026-06-25T20:00:00.000Z),Curacao,Ivory Coast,2026-06-25T20:00:00.000Z,,Philadelphia Stadium,Glenn Nyberg,Full time,0,2,Ivory Coast,Curacao,away,Jean Michaël Seri,4,used_substitute,Midfielder,6.4,77.0,
4667782,ivory-coast-vs-curacao,https://www.fotmob.com/matches/ivory-coast-vs-curacao/jy3w4js#4667782,Curacao vs Ivory Coast (2026-06-25T20:00:00.000Z),Curacao,Ivory Coast,2026-06-25T20:00:00.000Z,,Philadelphia Stadium,Glenn Nyberg,Full time,0,2,Curacao,Ivory Coast,home,Trevor Doornbusch,26,unused_bench,Keeper,,,
4667782,ivory-coast-vs-curacao,https://www.fotmob.com/matches/ivory-coast-vs-curacao/jy3w4js#4667782,Curacao vs Ivory Coast (2026-06-25T20:00:00.000Z),Curacao,Ivory Coast,2026-06-25T20:00:00.000Z,,Philadelphia Stadium,Glenn Nyberg,Full time,0,2,Ivory Coast,Curacao,away,Tyrick Bodak,25,unused_bench,Keeper,,,
4667782,ivory-coast-vs-curacao,https://www.fotmob.com/matches/ivory-coast-vs-curacao/jy3w4js#4667782,Curacao vs Ivory Coast (2026-06-25T20:00:00.000Z),Curacao,Ivory Coast,2026-06-25T20:00:00.000Z,,Philadelphia Stadium,Glenn Nyberg,Full time,0,2,Ivory Coast,Curacao,away,Riechedly Bazoer,23,unused_bench,Defender,,,
4667782,ivory-coast-vs-curacao,https://www.fotmob.com/matches/ivory-coast-vs-curacao/jy3w4js#4667782,Curacao vs Ivory Coast (2026-06-25T20:00:00.000Z),Curacao,Ivory Coast,2026-06-25T20:00:00.000Z,,Philadelphia Stadium,Glenn Nyberg,Full time,0,2,Ivory Coast,Curacao,away,Roshon van Eijma,4,unused_bench,Defender,,,
4667782,ivory-coast-vs-curacao,https://www.fotmob.com/matches/ivory-coast-vs-curacao/jy3w4js#4667782,Curacao vs Ivory Coast (2026-06-25T20:00:00.000Z),Curacao,Ivory Coast,2026-06-25T20:00:00.000Z,,Philadelphia Stadium,Glenn Nyberg,Full time,0,2,Ivory Coast,Curacao,away,Godfried Roemeratoe,6,unused_bench,Midfielder,,,
4667782,ivory-coast-vs-curacao,https://www.fotmob.com/matches/ivory-coast-vs-curacao/jy3w4js#4667782,Curacao vs Ivory Coast (2026-06-25T20:00:00.000Z),Curacao,Ivory Coast,2026-06-25T20:00:00.000Z,,Philadelphia Stadium,Glenn Nyberg,Full time,0,2,Ivory Coast,Curacao,away,Kevin Felida,22,unused_bench,Midfielder,,,
4667782,ivory-coast-vs-curacao,https://www.fotmob.com/matches/ivory-coast-vs-curacao/jy3w4js#4667782,Curacao vs Ivory Coast (2026-06-25T20:00:00.000Z),Curacao,Ivory Coast,2026-06-25T20:00:00.000Z,,Philadelphia Stadium,Glenn Nyberg,Full time,0,2,Ivory Coast,Curacao,away,Arjany Martha,15,unused_bench,Attacker,,,
4667782,ivory-coast-vs-curacao,https://www.fotmob.com/matches/ivory-coast-vs-curacao/jy3w4js#4667782,Curacao vs Ivory Coast (2026-06-25T20:00:00.000Z),Curacao,Ivory Coast,2026-06-25T20:00:00.000Z,,Philadelphia Stadium,Glenn Nyberg,Full time,0,2,Ivory Coast,Curacao,away,Jearl Margaritha,16,unused_bench,Attacker,,,
4667782,ivory-coast-vs-curacao,https://www.fotmob.com/matches/ivory-coast-vs-curacao/jy3w4js#4667782,Curacao vs Ivory Coast (2026-06-25T20:00:00.000Z),Curacao,Ivory Coast,2026-06-25T20:00:00.000Z,,Philadelphia Stadium,Glenn Nyberg,Full time,0,2,Ivory Coast,Curacao,away,Kenji Gorré,14,unused_bench,Attacker,,,
4667782,ivory-coast-vs-curacao,https://www.fotmob.com/matches/ivory-coast-vs-curacao/jy3w4js#4667782,Curacao vs Ivory Coast (2026-06-25T20:00:00.000Z),Curacao,Ivory Coast,2026-06-25T20:00:00.000Z,,Philadelphia Stadium,Glenn Nyberg,Full time,0,2,Ivory Coast,Curacao,away,Sontje Hansen,12,unused_bench,Attacker,,,
4667782,ivory-coast-vs-curacao,https://www.fotmob.com/matches/ivory-coast-vs-curacao/jy3w4js#4667782,Curacao vs Ivory Coast (2026-06-25T20:00:00.000Z),Curacao,Ivory Coast,2026-06-25T20:00:00.000Z,,Philadelphia Stadium,Glenn Nyberg,Full time,0,2,Ivory Coast,Curacao,away,Alban Lafont,23,unused_bench,Keeper,,,
4667782,ivory-coast-vs-curacao,https://www.fotmob.com/matches/ivory-coast-vs-curacao/jy3w4js#4667782,Curacao vs Ivory Coast (2026-06-25T20:00:00.000Z),Curacao,Ivory Coast,2026-06-25T20:00:00.000Z,,Philadelphia Stadium,Glenn Nyberg,Full time,0,2,Ivory Coast,Curacao,away,Mohamed Koné,16,unused_bench,Keeper,,,
4667782,ivory-coast-vs-curacao,https://www.fotmob.com/matches/ivory-coast-vs-curacao/jy3w4js#4667782,Curacao vs Ivory Coast (2026-06-25T20:00:00.000Z),Curacao,Ivory Coast,2026-06-25T20:00:00.000Z,,Philadelphia Stadium,Glenn Nyberg,Full time,0,2,Ivory Coast,Curacao,away,Emmanuel Agbadou,20,unused_bench,Defender,,,
4667782,ivory-coast-vs-curacao,https://www.fotmob.com/matches/ivory-coast-vs-curacao/jy3w4js#4667782,Curacao vs Ivory Coast (2026-06-25T20:00:00.000Z),Curacao,Ivory Coast,2026-06-25T20:00:00.000Z,,Philadelphia Stadium,Glenn Nyberg,Full time,0,2,Ivory Coast,Curacao,away,Evan N'Dicka,21,unused_bench,Defender,,,
4667782,ivory-coast-vs-curacao,https://www.fotmob.com/matches/ivory-coast-vs-curacao/jy3w4js#4667782,Curacao vs Ivory Coast (2026-06-25T20:00:00.000Z),Curacao,Ivory Coast,2026-06-25T20:00:00.000Z,,Philadelphia Stadium,Glenn Nyberg,Full time,0,2,Ivory Coast,Curacao,away,Ghislain Konan,3,unused_bench,Defender,,,
4667782,ivory-coast-vs-curacao,https://www.fotmob.com/matches/ivory-coast-vs-curacao/jy3w4js#4667782,Curacao vs Ivory Coast (2026-06-25T20:00:00.000Z),Curacao,Ivory Coast,2026-06-25T20:00:00.000Z,,Philadelphia Stadium,Glenn Nyberg,Full time,0,2,Ivory Coast,Curacao,away,Wilfried Singo,5,unused_bench,Defender,,,
4667782,ivory-coast-vs-curacao,https://www.fotmob.com/matches/ivory-coast-vs-curacao/jy3w4js#4667782,Curacao vs Ivory Coast (2026-06-25T20:00:00.000Z),Curacao,Ivory Coast,2026-06-25T20:00:00.000Z,,Philadelphia Stadium,Glenn Nyberg,Full time,0,2,Ivory Coast,Curacao,away,Seko Fofana,6,unused_bench,Midfielder,,,
4667782,ivory-coast-vs-curacao,https://www.fotmob.com/matches/ivory-coast-vs-curacao/jy3w4js#4667782,Curacao vs Ivory Coast (2026-06-25T20:00:00.000Z),Curacao,Ivory Coast,2026-06-25T20:00:00.000Z,,Philadelphia Stadium,Glenn Nyberg,Full time,0,2,Ivory Coast,Curacao,away,Evann Guessand,22,unused_bench,Attacker,,,
4667782,ivory-coast-vs-curacao,https://www.fotmob.com/matches/ivory-coast-vs-curacao/jy3w4js#4667782,Curacao vs Ivory Coast (2026-06-25T20:00:00.000Z),Curacao,Ivory Coast,2026-06-25T20:00:00.000Z,,Philadelphia Stadium,Glenn Nyberg,Full time,0,2,Ivory Coast,Curacao,away,Parfait Guiagon,25,unused_bench,Attacker,,,
4667782,ivory-coast-vs-curacao,https://www.fotmob.com/matches/ivory-coast-vs-curacao/jy3w4js#4667782,Curacao vs Ivory Coast (2026-06-25T20:00:00.000Z),Curacao,Ivory Coast,2026-06-25T20:00:00.000Z,,Philadelphia Stadium,Glenn Nyberg,Full time,0,2,Ivory Coast,Curacao,away,Simon Adingra,10,unused_bench,Attacker,,,
4667787,netherlands-vs-tunisia,https://www.fotmob.com/matches/netherlands-vs-tunisia/1hoci5#4667787,Tunisia vs Netherlands (2026-06-25T23:00:00.000Z),Tunisia,Netherlands,2026-06-25T23:00:00.000Z,,Kansas City Stadium,Katia Itzel García Mendoza,Full time,1,3,Tunisia,Netherlands,home,Elias Achouri,7,used_substitute,Midfielder,6.2,67.0,
4667787,netherlands-vs-tunisia,https://www.fotmob.com/matches/netherlands-vs-tunisia/1hoci5#4667787,Tunisia vs Netherlands (2026-06-25T23:00:00.000Z),Tunisia,Netherlands,2026-06-25T23:00:00.000Z,,Kansas City Stadium,Katia Itzel García Mendoza,Full time,1,3,Tunisia,Netherlands,home,Hadj Mahmoud,15,used_substitute,Midfielder,6.0,67.0,
4667787,netherlands-vs-tunisia,https://www.fotmob.com/matches/netherlands-vs-tunisia/1hoci5#4667787,Tunisia vs Netherlands (2026-06-25T23:00:00.000Z),Tunisia,Netherlands,2026-06-25T23:00:00.000Z,,Kansas City Stadium,Katia Itzel García Mendoza,Full time,1,3,Tunisia,Netherlands,home,Mortadha Ben Ouanes,12,used_substitute,Attacker,6.2,67.0,
4667787,netherlands-vs-tunisia,https://www.fotmob.com/matches/netherlands-vs-tunisia/1hoci5#4667787,Tunisia vs Netherlands (2026-06-25T23:00:00.000Z),Tunisia,Netherlands,2026-06-25T23:00:00.000Z,,Kansas City Stadium,Katia Itzel García Mendoza,Full time,1,3,Tunisia,Netherlands,home,Firas Chaouat,19,used_substitute,Attacker,5.8,75.0,
4667787,netherlands-vs-tunisia,https://www.fotmob.com/matches/netherlands-vs-tunisia/1hoci5#4667787,Tunisia vs Netherlands (2026-06-25T23:00:00.000Z),Tunisia,Netherlands,2026-06-25T23:00:00.000Z,,Kansas City Stadium,Katia Itzel García Mendoza,Full time,1,3,Tunisia,Netherlands,home,Sebastian Tounekti,26,used_substitute,Attacker,,90.0,
4667787,netherlands-vs-tunisia,https://www.fotmob.com/matches/netherlands-vs-tunisia/1hoci5#4667787,Tunisia vs Netherlands (2026-06-25T23:00:00.000Z),Tunisia,Netherlands,2026-06-25T23:00:00.000Z,,Kansas City Stadium,Katia Itzel García Mendoza,Full time,1,3,Netherlands,Tunisia,away,Justin Kluivert,7,used_substitute,Midfielder,6.3,72.0,
4667787,netherlands-vs-tunisia,https://www.fotmob.com/matches/netherlands-vs-tunisia/1hoci5#4667787,Tunisia vs Netherlands (2026-06-25T23:00:00.000Z),Tunisia,Netherlands,2026-06-25T23:00:00.000Z,,Kansas City Stadium,Katia Itzel García Mendoza,Full time,1,3,Netherlands,Tunisia,away,Teun Koopmeiners,20,used_substitute,Midfielder,6.2,72.0,
4667787,netherlands-vs-tunisia,https://www.fotmob.com/matches/netherlands-vs-tunisia/1hoci5#4667787,Tunisia vs Netherlands (2026-06-25T23:00:00.000Z),Tunisia,Netherlands,2026-06-25T23:00:00.000Z,,Kansas City Stadium,Katia Itzel García Mendoza,Full time,1,3,Netherlands,Tunisia,away,Crysencio Summerville,24,used_substitute,Attacker,6.4,72.0,
4667787,netherlands-vs-tunisia,https://www.fotmob.com/matches/netherlands-vs-tunisia/1hoci5#4667787,Tunisia vs Netherlands (2026-06-25T23:00:00.000Z),Tunisia,Netherlands,2026-06-25T23:00:00.000Z,,Kansas City Stadium,Katia Itzel García Mendoza,Full time,1,3,Netherlands,Tunisia,away,Memphis Depay,10,used_substitute,Attacker,6.2,77.0,
4667787,netherlands-vs-tunisia,https://www.fotmob.com/matches/netherlands-vs-tunisia/1hoci5#4667787,Tunisia vs Netherlands (2026-06-25T23:00:00.000Z),Tunisia,Netherlands,2026-06-25T23:00:00.000Z,,Kansas City Stadium,Katia Itzel García Mendoza,Full time,1,3,Netherlands,Tunisia,away,Noa Lang,17,used_substitute,Attacker,,84.0,
4667787,netherlands-vs-tunisia,https://www.fotmob.com/matches/netherlands-vs-tunisia/1hoci5#4667787,Tunisia vs Netherlands (2026-06-25T23:00:00.000Z),Tunisia,Netherlands,2026-06-25T23:00:00.000Z,,Kansas City Stadium,Katia Itzel García Mendoza,Full time,1,3,Tunisia,Netherlands,home,Abdelmouhib Chamakh,1,unused_bench,Keeper,,,
4667787,netherlands-vs-tunisia,https://www.fotmob.com/matches/netherlands-vs-tunisia/1hoci5#4667787,Tunisia vs Netherlands (2026-06-25T23:00:00.000Z),Tunisia,Netherlands,2026-06-25T23:00:00.000Z,,Kansas City Stadium,Katia Itzel García Mendoza,Full time,1,3,Netherlands,Tunisia,away,Sabri Ben Hessen,22,unused_bench,Keeper,,,
4667787,netherlands-vs-tunisia,https://www.fotmob.com/matches/netherlands-vs-tunisia/1hoci5#4667787,Tunisia vs Netherlands (2026-06-25T23:00:00.000Z),Tunisia,Netherlands,2026-06-25T23:00:00.000Z,,Kansas City Stadium,Katia Itzel García Mendoza,Full time,1,3,Netherlands,Tunisia,away,Dylan Bronn,6,unused_bench,Defender,,,
4667787,netherlands-vs-tunisia,https://www.fotmob.com/matches/netherlands-vs-tunisia/1hoci5#4667787,Tunisia vs Netherlands (2026-06-25T23:00:00.000Z),Tunisia,Netherlands,2026-06-25T23:00:00.000Z,,Kansas City Stadium,Katia Itzel García Mendoza,Full time,1,3,Netherlands,Tunisia,away,Omar Rekik,4,unused_bench,Defender,,,
4667787,netherlands-vs-tunisia,https://www.fotmob.com/matches/netherlands-vs-tunisia/1hoci5#4667787,Tunisia vs Netherlands (2026-06-25T23:00:00.000Z),Tunisia,Netherlands,2026-06-25T23:00:00.000Z,,Kansas City Stadium,Katia Itzel García Mendoza,Full time,1,3,Netherlands,Tunisia,away,Raed Chikhaoui,24,unused_bench,Defender,,,
4667787,netherlands-vs-tunisia,https://www.fotmob.com/matches/netherlands-vs-tunisia/1hoci5#4667787,Tunisia vs Netherlands (2026-06-25T23:00:00.000Z),Tunisia,Netherlands,2026-06-25T23:00:00.000Z,,Kansas City Stadium,Katia Itzel García Mendoza,Full time,1,3,Netherlands,Tunisia,away,Khalil Ayari,14,unused_bench,Midfielder,,,
4667787,netherlands-vs-tunisia,https://www.fotmob.com/matches/netherlands-vs-tunisia/1hoci5#4667787,Tunisia vs Netherlands (2026-06-25T23:00:00.000Z),Tunisia,Netherlands,2026-06-25T23:00:00.000Z,,Kansas City Stadium,Katia Itzel García Mendoza,Full time,1,3,Netherlands,Tunisia,away,Elias Saad,8,unused_bench,Attacker,,,
4667787,netherlands-vs-tunisia,https://www.fotmob.com/matches/netherlands-vs-tunisia/1hoci5#4667787,Tunisia vs Netherlands (2026-06-25T23:00:00.000Z),Tunisia,Netherlands,2026-06-25T23:00:00.000Z,,Kansas City Stadium,Katia Itzel García Mendoza,Full time,1,3,Netherlands,Tunisia,away,Rayan Elloumi,18,unused_bench,Attacker,,,
4667787,netherlands-vs-tunisia,https://www.fotmob.com/matches/netherlands-vs-tunisia/1hoci5#4667787,Tunisia vs Netherlands (2026-06-25T23:00:00.000Z),Tunisia,Netherlands,2026-06-25T23:00:00.000Z,,Kansas City Stadium,Katia Itzel García Mendoza,Full time,1,3,Netherlands,Tunisia,away,Mark Flekken,23,unused_bench,Keeper,,,
4667787,netherlands-vs-tunisia,https://www.fotmob.com/matches/netherlands-vs-tunisia/1hoci5#4667787,Tunisia vs Netherlands (2026-06-25T23:00:00.000Z),Tunisia,Netherlands,2026-06-25T23:00:00.000Z,,Kansas City Stadium,Katia Itzel García Mendoza,Full time,1,3,Netherlands,Tunisia,away,Robin Roefs,13,unused_bench,Keeper,,,
4667787,netherlands-vs-tunisia,https://www.fotmob.com/matches/netherlands-vs-tunisia/1hoci5#4667787,Tunisia vs Netherlands (2026-06-25T23:00:00.000Z),Tunisia,Netherlands,2026-06-25T23:00:00.000Z,,Kansas City Stadium,Katia Itzel García Mendoza,Full time,1,3,Netherlands,Tunisia,away,Jorrel Hato,25,unused_bench,Defender,,,
4667787,netherlands-vs-tunisia,https://www.fotmob.com/matches/netherlands-vs-tunisia/1hoci5#4667787,Tunisia vs Netherlands (2026-06-25T23:00:00.000Z),Tunisia,Netherlands,2026-06-25T23:00:00.000Z,,Kansas City Stadium,Katia Itzel García Mendoza,Full time,1,3,Netherlands,Tunisia,away,Lutsharel Geertruida,2,unused_bench,Defender,,,
4667787,netherlands-vs-tunisia,https://www.fotmob.com/matches/netherlands-vs-tunisia/1hoci5#4667787,Tunisia vs Netherlands (2026-06-25T23:00:00.000Z),Tunisia,Netherlands,2026-06-25T23:00:00.000Z,,Kansas City Stadium,Katia Itzel García Mendoza,Full time,1,3,Netherlands,Tunisia,away,Mats Wieffer,12,unused_bench,Defender,,,
4667787,netherlands-vs-tunisia,https://www.fotmob.com/matches/netherlands-vs-tunisia/1hoci5#4667787,Tunisia vs Netherlands (2026-06-25T23:00:00.000Z),Tunisia,Netherlands,2026-06-25T23:00:00.000Z,,Kansas City Stadium,Katia Itzel García Mendoza,Full time,1,3,Netherlands,Tunisia,away,Micky van de Ven,15,unused_bench,Defender,,,
4667787,netherlands-vs-tunisia,https://www.fotmob.com/matches/netherlands-vs-tunisia/1hoci5#4667787,Tunisia vs Netherlands (2026-06-25T23:00:00.000Z),Tunisia,Netherlands,2026-06-25T23:00:00.000Z,,Kansas City Stadium,Katia Itzel García Mendoza,Full time,1,3,Netherlands,Tunisia,away,Marten de Roon,3,unused_bench,Midfielder,,,
4667787,netherlands-vs-tunisia,https://www.fotmob.com/matches/netherlands-vs-tunisia/1hoci5#4667787,Tunisia vs Netherlands (2026-06-25T23:00:00.000Z),Tunisia,Netherlands,2026-06-25T23:00:00.000Z,,Kansas City Stadium,Katia Itzel García Mendoza,Full time,1,3,Netherlands,Tunisia,away,Quinten Timber,26,unused_bench,Midfielder,,,
4667787,netherlands-vs-tunisia,https://www.fotmob.com/matches/netherlands-vs-tunisia/1hoci5#4667787,Tunisia vs Netherlands (2026-06-25T23:00:00.000Z),Tunisia,Netherlands,2026-06-25T23:00:00.000Z,,Kansas City Stadium,Katia Itzel García Mendoza,Full time,1,3,Netherlands,Tunisia,away,Guus Til,16,unused_bench,Attacker,,,
4667787,netherlands-vs-tunisia,https://www.fotmob.com/matches/netherlands-vs-tunisia/1hoci5#4667787,Tunisia vs Netherlands (2026-06-25T23:00:00.000Z),Tunisia,Netherlands,2026-06-25T23:00:00.000Z,,Kansas City Stadium,Katia Itzel García Mendoza,Full time,1,3,Netherlands,Tunisia,away,Wout Weghorst,9,unused_bench,Attacker,,,
4667788,japan-vs-sweden,https://www.fotmob.com/matches/japan-vs-sweden/1x3r7y#4667788,Japan vs Sweden (2026-06-25T23:00:00.000Z),Japan,Sweden,2026-06-25T23:00:00.000Z,,Dallas Stadium,Iván Arcides Barton Cisneros,Full time,1,1,Japan,Sweden,home,Shogo Taniguchi,3,used_substitute,Defender,6.3,39.0,
4667788,japan-vs-sweden,https://www.fotmob.com/matches/japan-vs-sweden/1x3r7y#4667788,Japan vs Sweden (2026-06-25T23:00:00.000Z),Japan,Sweden,2026-06-25T23:00:00.000Z,,Dallas Stadium,Iván Arcides Barton Cisneros,Full time,1,1,Japan,Sweden,home,Junya Ito,14,used_substitute,Attacker,6.2,66.0,
4667788,japan-vs-sweden,https://www.fotmob.com/matches/japan-vs-sweden/1x3r7y#4667788,Japan vs Sweden (2026-06-25T23:00:00.000Z),Japan,Sweden,2026-06-25T23:00:00.000Z,,Dallas Stadium,Iván Arcides Barton Cisneros,Full time,1,1,Japan,Sweden,home,Koki Ogawa,19,used_substitute,Attacker,5.8,66.0,
4667788,japan-vs-sweden,https://www.fotmob.com/matches/japan-vs-sweden/1x3r7y#4667788,Japan vs Sweden (2026-06-25T23:00:00.000Z),Japan,Sweden,2026-06-25T23:00:00.000Z,,Dallas Stadium,Iván Arcides Barton Cisneros,Full time,1,1,Japan,Sweden,home,Tsuyoshi Watanabe,16,used_substitute,Defender,6.3,75.0,
4667788,japan-vs-sweden,https://www.fotmob.com/matches/japan-vs-sweden/1x3r7y#4667788,Japan vs Sweden (2026-06-25T23:00:00.000Z),Japan,Sweden,2026-06-25T23:00:00.000Z,,Dallas Stadium,Iván Arcides Barton Cisneros,Full time,1,1,Japan,Sweden,home,Yuto Nagatomo,5,used_substitute,Defender,6.3,75.0,
4667788,japan-vs-sweden,https://www.fotmob.com/matches/japan-vs-sweden/1x3r7y#4667788,Japan vs Sweden (2026-06-25T23:00:00.000Z),Japan,Sweden,2026-06-25T23:00:00.000Z,,Dallas Stadium,Iván Arcides Barton Cisneros,Full time,1,1,Sweden,Japan,away,Lucas Bergvall,7,used_substitute,Midfielder,6.3,37.0,
4667788,japan-vs-sweden,https://www.fotmob.com/matches/japan-vs-sweden/1x3r7y#4667788,Japan vs Sweden (2026-06-25T23:00:00.000Z),Japan,Sweden,2026-06-25T23:00:00.000Z,,Dallas Stadium,Iván Arcides Barton Cisneros,Full time,1,1,Sweden,Japan,away,Daniel Svensson,8,used_substitute,Midfielder,6.0,75.0,
4667788,japan-vs-sweden,https://www.fotmob.com/matches/japan-vs-sweden/1x3r7y#4667788,Japan vs Sweden (2026-06-25T23:00:00.000Z),Japan,Sweden,2026-06-25T23:00:00.000Z,,Dallas Stadium,Iván Arcides Barton Cisneros,Full time,1,1,Sweden,Japan,away,Ken Sema,13,used_substitute,Midfielder,6.2,75.0,
4667788,japan-vs-sweden,https://www.fotmob.com/matches/japan-vs-sweden/1x3r7y#4667788,Japan vs Sweden (2026-06-25T23:00:00.000Z),Japan,Sweden,2026-06-25T23:00:00.000Z,,Dallas Stadium,Iván Arcides Barton Cisneros,Full time,1,1,Sweden,Japan,away,Carl Starfelt,15,used_substitute,Defender,,87.0,
4667788,japan-vs-sweden,https://www.fotmob.com/matches/japan-vs-sweden/1x3r7y#4667788,Japan vs Sweden (2026-06-25T23:00:00.000Z),Japan,Sweden,2026-06-25T23:00:00.000Z,,Dallas Stadium,Iván Arcides Barton Cisneros,Full time,1,1,Sweden,Japan,away,Benjamin Nygren,10,used_substitute,Midfielder,,87.0,
4667788,japan-vs-sweden,https://www.fotmob.com/matches/japan-vs-sweden/1x3r7y#4667788,Japan vs Sweden (2026-06-25T23:00:00.000Z),Japan,Sweden,2026-06-25T23:00:00.000Z,,Dallas Stadium,Iván Arcides Barton Cisneros,Full time,1,1,Japan,Sweden,home,Keisuke Osako,12,unused_bench,Keeper,,,
4667788,japan-vs-sweden,https://www.fotmob.com/matches/japan-vs-sweden/1x3r7y#4667788,Japan vs Sweden (2026-06-25T23:00:00.000Z),Japan,Sweden,2026-06-25T23:00:00.000Z,,Dallas Stadium,Iván Arcides Barton Cisneros,Full time,1,1,Sweden,Japan,away,Tomoki Hayakawa,23,unused_bench,Keeper,,,
4667788,japan-vs-sweden,https://www.fotmob.com/matches/japan-vs-sweden/1x3r7y#4667788,Japan vs Sweden (2026-06-25T23:00:00.000Z),Japan,Sweden,2026-06-25T23:00:00.000Z,,Dallas Stadium,Iván Arcides Barton Cisneros,Full time,1,1,Sweden,Japan,away,Junnosuke Suzuki,25,unused_bench,Defender,,,
4667788,japan-vs-sweden,https://www.fotmob.com/matches/japan-vs-sweden/1x3r7y#4667788,Japan vs Sweden (2026-06-25T23:00:00.000Z),Japan,Sweden,2026-06-25T23:00:00.000Z,,Dallas Stadium,Iván Arcides Barton Cisneros,Full time,1,1,Sweden,Japan,away,Takehiro Tomiyasu,22,unused_bench,Defender,,,
4667788,japan-vs-sweden,https://www.fotmob.com/matches/japan-vs-sweden/1x3r7y#4667788,Japan vs Sweden (2026-06-25T23:00:00.000Z),Japan,Sweden,2026-06-25T23:00:00.000Z,,Dallas Stadium,Iván Arcides Barton Cisneros,Full time,1,1,Sweden,Japan,away,Kaishu Sano,24,unused_bench,Midfielder,,,
4667788,japan-vs-sweden,https://www.fotmob.com/matches/japan-vs-sweden/1x3r7y#4667788,Japan vs Sweden (2026-06-25T23:00:00.000Z),Japan,Sweden,2026-06-25T23:00:00.000Z,,Dallas Stadium,Iván Arcides Barton Cisneros,Full time,1,1,Sweden,Japan,away,Yuito Suzuki,17,unused_bench,Midfielder,,,
4667788,japan-vs-sweden,https://www.fotmob.com/matches/japan-vs-sweden/1x3r7y#4667788,Japan vs Sweden (2026-06-25T23:00:00.000Z),Japan,Sweden,2026-06-25T23:00:00.000Z,,Dallas Stadium,Iván Arcides Barton Cisneros,Full time,1,1,Sweden,Japan,away,Keisuke Goto,9,unused_bench,Attacker,,,
4667788,japan-vs-sweden,https://www.fotmob.com/matches/japan-vs-sweden/1x3r7y#4667788,Japan vs Sweden (2026-06-25T23:00:00.000Z),Japan,Sweden,2026-06-25T23:00:00.000Z,,Dallas Stadium,Iván Arcides Barton Cisneros,Full time,1,1,Sweden,Japan,away,Kento Shiogai,26,unused_bench,Attacker,,,
4667788,japan-vs-sweden,https://www.fotmob.com/matches/japan-vs-sweden/1x3r7y#4667788,Japan vs Sweden (2026-06-25T23:00:00.000Z),Japan,Sweden,2026-06-25T23:00:00.000Z,,Dallas Stadium,Iván Arcides Barton Cisneros,Full time,1,1,Sweden,Japan,away,Shuto Machino,6,unused_bench,Attacker,,,
4667788,japan-vs-sweden,https://www.fotmob.com/matches/japan-vs-sweden/1x3r7y#4667788,Japan vs Sweden (2026-06-25T23:00:00.000Z),Japan,Sweden,2026-06-25T23:00:00.000Z,,Dallas Stadium,Iván Arcides Barton Cisneros,Full time,1,1,Sweden,Japan,away,Kristoffer Nordfeldt,23,unused_bench,Keeper,,,
4667788,japan-vs-sweden,https://www.fotmob.com/matches/japan-vs-sweden/1x3r7y#4667788,Japan vs Sweden (2026-06-25T23:00:00.000Z),Japan,Sweden,2026-06-25T23:00:00.000Z,,Dallas Stadium,Iván Arcides Barton Cisneros,Full time,1,1,Sweden,Japan,away,Viktor Johansson,12,unused_bench,Keeper,,,
4667788,japan-vs-sweden,https://www.fotmob.com/matches/japan-vs-sweden/1x3r7y#4667788,Japan vs Sweden (2026-06-25T23:00:00.000Z),Japan,Sweden,2026-06-25T23:00:00.000Z,,Dallas Stadium,Iván Arcides Barton Cisneros,Full time,1,1,Sweden,Japan,away,Eric Smith,20,unused_bench,Defender,,,
4667788,japan-vs-sweden,https://www.fotmob.com/matches/japan-vs-sweden/1x3r7y#4667788,Japan vs Sweden (2026-06-25T23:00:00.000Z),Japan,Sweden,2026-06-25T23:00:00.000Z,,Dallas Stadium,Iván Arcides Barton Cisneros,Full time,1,1,Sweden,Japan,away,Hjalmar Ekdal,14,unused_bench,Defender,,,
4667788,japan-vs-sweden,https://www.fotmob.com/matches/japan-vs-sweden/1x3r7y#4667788,Japan vs Sweden (2026-06-25T23:00:00.000Z),Japan,Sweden,2026-06-25T23:00:00.000Z,,Dallas Stadium,Iván Arcides Barton Cisneros,Full time,1,1,Sweden,Japan,away,Besfort Zeneli,22,unused_bench,Midfielder,,,
4667788,japan-vs-sweden,https://www.fotmob.com/matches/japan-vs-sweden/1x3r7y#4667788,Japan vs Sweden (2026-06-25T23:00:00.000Z),Japan,Sweden,2026-06-25T23:00:00.000Z,,Dallas Stadium,Iván Arcides Barton Cisneros,Full time,1,1,Sweden,Japan,away,Herman Johansson,6,unused_bench,Midfielder,,,
4667788,japan-vs-sweden,https://www.fotmob.com/matches/japan-vs-sweden/1x3r7y#4667788,Japan vs Sweden (2026-06-25T23:00:00.000Z),Japan,Sweden,2026-06-25T23:00:00.000Z,,Dallas Stadium,Iván Arcides Barton Cisneros,Full time,1,1,Sweden,Japan,away,Jesper Karlström,16,unused_bench,Midfielder,,,
4667788,japan-vs-sweden,https://www.fotmob.com/matches/japan-vs-sweden/1x3r7y#4667788,Japan vs Sweden (2026-06-25T23:00:00.000Z),Japan,Sweden,2026-06-25T23:00:00.000Z,,Dallas Stadium,Iván Arcides Barton Cisneros,Full time,1,1,Sweden,Japan,away,Mattias Svanberg,19,unused_bench,Midfielder,,,
4667788,japan-vs-sweden,https://www.fotmob.com/matches/japan-vs-sweden/1x3r7y#4667788,Japan vs Sweden (2026-06-25T23:00:00.000Z),Japan,Sweden,2026-06-25T23:00:00.000Z,,Dallas Stadium,Iván Arcides Barton Cisneros,Full time,1,1,Sweden,Japan,away,Taha Abdi Ali,26,unused_bench,Midfielder,,,
4667788,japan-vs-sweden,https://www.fotmob.com/matches/japan-vs-sweden/1x3r7y#4667788,Japan vs Sweden (2026-06-25T23:00:00.000Z),Japan,Sweden,2026-06-25T23:00:00.000Z,,Dallas Stadium,Iván Arcides Barton Cisneros,Full time,1,1,Sweden,Japan,away,Gustaf Nilsson,25,unused_bench,Attacker,,,
4667795,iran-vs-egypt,https://www.fotmob.com/matches/iran-vs-egypt/2dp33g#4667795,Egypt vs Iran (2026-06-27T03:00:00.000Z),Egypt,Iran,2026-06-27T03:00:00.000Z,,Seattle Stadium,Szymon Marciniak,Full time,1,1,Egypt,Iran,home,Yasser Ibrahim,2,used_substitute,Defender,7.1,14.0,
4667795,iran-vs-egypt,https://www.fotmob.com/matches/iran-vs-egypt/2dp33g#4667795,Egypt vs Iran (2026-06-27T03:00:00.000Z),Egypt,Iran,2026-06-27T03:00:00.000Z,,Seattle Stadium,Szymon Marciniak,Full time,1,1,Egypt,Iran,home,Marwan Ateya,19,used_substitute,Midfielder,6.8,46.0,
4667795,iran-vs-egypt,https://www.fotmob.com/matches/iran-vs-egypt/2dp33g#4667795,Egypt vs Iran (2026-06-27T03:00:00.000Z),Egypt,Iran,2026-06-27T03:00:00.000Z,,Seattle Stadium,Szymon Marciniak,Full time,1,1,Egypt,Iran,home,Omar Marmoush,22,used_substitute,Attacker,6.5,46.0,
4667795,iran-vs-egypt,https://www.fotmob.com/matches/iran-vs-egypt/2dp33g#4667795,Egypt vs Iran (2026-06-27T03:00:00.000Z),Egypt,Iran,2026-06-27T03:00:00.000Z,,Seattle Stadium,Szymon Marciniak,Full time,1,1,Egypt,Iran,home,Zizo,25,used_substitute,Attacker,6.4,57.0,
4667795,iran-vs-egypt,https://www.fotmob.com/matches/iran-vs-egypt/2dp33g#4667795,Egypt vs Iran (2026-06-27T03:00:00.000Z),Egypt,Iran,2026-06-27T03:00:00.000Z,,Seattle Stadium,Szymon Marciniak,Full time,1,1,Egypt,Iran,home,Hamza Abdelkarim,9,used_substitute,Attacker,6.0,76.0,
4667795,iran-vs-egypt,https://www.fotmob.com/matches/iran-vs-egypt/2dp33g#4667795,Egypt vs Iran (2026-06-27T03:00:00.000Z),Egypt,Iran,2026-06-27T03:00:00.000Z,,Seattle Stadium,Szymon Marciniak,Full time,1,1,Iran,Egypt,away,Saleh Hardani,2,used_substitute,Defender,6.6,46.0,
4667795,iran-vs-egypt,https://www.fotmob.com/matches/iran-vs-egypt/2dp33g#4667795,Egypt vs Iran (2026-06-27T03:00:00.000Z),Egypt,Iran,2026-06-27T03:00:00.000Z,,Seattle Stadium,Szymon Marciniak,Full time,1,1,Iran,Egypt,away,Shahriar Moghanlou,20,used_substitute,Attacker,6.4,67.0,
4667795,iran-vs-egypt,https://www.fotmob.com/matches/iran-vs-egypt/2dp33g#4667795,Egypt vs Iran (2026-06-27T03:00:00.000Z),Egypt,Iran,2026-06-27T03:00:00.000Z,,Seattle Stadium,Szymon Marciniak,Full time,1,1,Iran,Egypt,away,Alireza Jahanbakhsh,7,used_substitute,Attacker,,90.0,
4667795,iran-vs-egypt,https://www.fotmob.com/matches/iran-vs-egypt/2dp33g#4667795,Egypt vs Iran (2026-06-27T03:00:00.000Z),Egypt,Iran,2026-06-27T03:00:00.000Z,,Seattle Stadium,Szymon Marciniak,Full time,1,1,Egypt,Iran,home,Al Mahdi Soliman,16,unused_bench,Keeper,,,
4667795,iran-vs-egypt,https://www.fotmob.com/matches/iran-vs-egypt/2dp33g#4667795,Egypt vs Iran (2026-06-27T03:00:00.000Z),Egypt,Iran,2026-06-27T03:00:00.000Z,,Seattle Stadium,Szymon Marciniak,Full time,1,1,Iran,Egypt,away,Mohamed Alaa,26,unused_bench,Keeper,,,
4667795,iran-vs-egypt,https://www.fotmob.com/matches/iran-vs-egypt/2dp33g#4667795,Egypt vs Iran (2026-06-27T03:00:00.000Z),Egypt,Iran,2026-06-27T03:00:00.000Z,,Seattle Stadium,Szymon Marciniak,Full time,1,1,Iran,Egypt,away,Mohamed El Shenawy,1,unused_bench,Keeper,,,
4667795,iran-vs-egypt,https://www.fotmob.com/matches/iran-vs-egypt/2dp33g#4667795,Egypt vs Iran (2026-06-27T03:00:00.000Z),Egypt,Iran,2026-06-27T03:00:00.000Z,,Seattle Stadium,Szymon Marciniak,Full time,1,1,Iran,Egypt,away,Karim Hafez,15,unused_bench,Defender,,,
4667795,iran-vs-egypt,https://www.fotmob.com/matches/iran-vs-egypt/2dp33g#4667795,Egypt vs Iran (2026-06-27T03:00:00.000Z),Egypt,Iran,2026-06-27T03:00:00.000Z,,Seattle Stadium,Szymon Marciniak,Full time,1,1,Iran,Egypt,away,Tarek Alaa,24,unused_bench,Defender,,,
4667795,iran-vs-egypt,https://www.fotmob.com/matches/iran-vs-egypt/2dp33g#4667795,Egypt vs Iran (2026-06-27T03:00:00.000Z),Egypt,Iran,2026-06-27T03:00:00.000Z,,Seattle Stadium,Szymon Marciniak,Full time,1,1,Iran,Egypt,away,Nabil Dunga,18,unused_bench,Midfielder,,,
4667795,iran-vs-egypt,https://www.fotmob.com/matches/iran-vs-egypt/2dp33g#4667795,Egypt vs Iran (2026-06-27T03:00:00.000Z),Egypt,Iran,2026-06-27T03:00:00.000Z,,Seattle Stadium,Szymon Marciniak,Full time,1,1,Iran,Egypt,away,Haissem Hassan,12,unused_bench,Attacker,,,
4667795,iran-vs-egypt,https://www.fotmob.com/matches/iran-vs-egypt/2dp33g#4667795,Egypt vs Iran (2026-06-27T03:00:00.000Z),Egypt,Iran,2026-06-27T03:00:00.000Z,,Seattle Stadium,Szymon Marciniak,Full time,1,1,Iran,Egypt,away,Ibrahim Adel,20,unused_bench,Attacker,,,
4667795,iran-vs-egypt,https://www.fotmob.com/matches/iran-vs-egypt/2dp33g#4667795,Egypt vs Iran (2026-06-27T03:00:00.000Z),Egypt,Iran,2026-06-27T03:00:00.000Z,,Seattle Stadium,Szymon Marciniak,Full time,1,1,Iran,Egypt,away,Hossein Hosseini,22,unused_bench,Keeper,,,
4667795,iran-vs-egypt,https://www.fotmob.com/matches/iran-vs-egypt/2dp33g#4667795,Egypt vs Iran (2026-06-27T03:00:00.000Z),Egypt,Iran,2026-06-27T03:00:00.000Z,,Seattle Stadium,Szymon Marciniak,Full time,1,1,Iran,Egypt,away,Payam Niazmand,12,unused_bench,Keeper,,,
4667795,iran-vs-egypt,https://www.fotmob.com/matches/iran-vs-egypt/2dp33g#4667795,Egypt vs Iran (2026-06-27T03:00:00.000Z),Egypt,Iran,2026-06-27T03:00:00.000Z,,Seattle Stadium,Szymon Marciniak,Full time,1,1,Iran,Egypt,away,Aria Yousefi,17,unused_bench,Defender,,,
4667795,iran-vs-egypt,https://www.fotmob.com/matches/iran-vs-egypt/2dp33g#4667795,Egypt vs Iran (2026-06-27T03:00:00.000Z),Egypt,Iran,2026-06-27T03:00:00.000Z,,Seattle Stadium,Szymon Marciniak,Full time,1,1,Iran,Egypt,away,Danial Eiri,25,unused_bench,Defender,,,
4667795,iran-vs-egypt,https://www.fotmob.com/matches/iran-vs-egypt/2dp33g#4667795,Egypt vs Iran (2026-06-27T03:00:00.000Z),Egypt,Iran,2026-06-27T03:00:00.000Z,,Seattle Stadium,Szymon Marciniak,Full time,1,1,Iran,Egypt,away,Ehsan Haji Safi,3,unused_bench,Defender,,,
4667795,iran-vs-egypt,https://www.fotmob.com/matches/iran-vs-egypt/2dp33g#4667795,Egypt vs Iran (2026-06-27T03:00:00.000Z),Egypt,Iran,2026-06-27T03:00:00.000Z,,Seattle Stadium,Szymon Marciniak,Full time,1,1,Iran,Egypt,away,Amirmohammad Razaghinia,26,unused_bench,Midfielder,,,
4667795,iran-vs-egypt,https://www.fotmob.com/matches/iran-vs-egypt/2dp33g#4667795,Egypt vs Iran (2026-06-27T03:00:00.000Z),Egypt,Iran,2026-06-27T03:00:00.000Z,,Seattle Stadium,Szymon Marciniak,Full time,1,1,Iran,Egypt,away,Dennis Eckert,24,unused_bench,Midfielder,,,
4667795,iran-vs-egypt,https://www.fotmob.com/matches/iran-vs-egypt/2dp33g#4667795,Egypt vs Iran (2026-06-27T03:00:00.000Z),Egypt,Iran,2026-06-27T03:00:00.000Z,,Seattle Stadium,Szymon Marciniak,Full time,1,1,Iran,Egypt,away,Mehdi Torabi,16,unused_bench,Midfielder,,,
4667795,iran-vs-egypt,https://www.fotmob.com/matches/iran-vs-egypt/2dp33g#4667795,Egypt vs Iran (2026-06-27T03:00:00.000Z),Egypt,Iran,2026-06-27T03:00:00.000Z,,Seattle Stadium,Szymon Marciniak,Full time,1,1,Iran,Egypt,away,Roozbeh Cheshmi,15,unused_bench,Midfielder,,,
4667795,iran-vs-egypt,https://www.fotmob.com/matches/iran-vs-egypt/2dp33g#4667795,Egypt vs Iran (2026-06-27T03:00:00.000Z),Egypt,Iran,2026-06-27T03:00:00.000Z,,Seattle Stadium,Szymon Marciniak,Full time,1,1,Iran,Egypt,away,Ali Alipour,11,unused_bench,Attacker,,,
4667795,iran-vs-egypt,https://www.fotmob.com/matches/iran-vs-egypt/2dp33g#4667795,Egypt vs Iran (2026-06-27T03:00:00.000Z),Egypt,Iran,2026-06-27T03:00:00.000Z,,Seattle Stadium,Szymon Marciniak,Full time,1,1,Iran,Egypt,away,Amirhossein Hosseinzadeh,18,unused_bench,Attacker,,,
4667795,iran-vs-egypt,https://www.fotmob.com/matches/iran-vs-egypt/2dp33g#4667795,Egypt vs Iran (2026-06-27T03:00:00.000Z),Egypt,Iran,2026-06-27T03:00:00.000Z,,Seattle Stadium,Szymon Marciniak,Full time,1,1,Iran,Egypt,away,Mehdi Ghayedi,10,unused_bench,Attacker,,,
4667794,new-zealand-vs-belgium,https://www.fotmob.com/matches/new-zealand-vs-belgium/1n1sct#4667794,New Zealand vs Belgium (2026-06-27T03:00:00.000Z),New Zealand,Belgium,2026-06-27T03:00:00.000Z,,,,Full time,1,5,New Zealand,Belgium,home,Benjamin Old,19,used_substitute,Defender,6.5,46.0,
4667794,new-zealand-vs-belgium,https://www.fotmob.com/matches/new-zealand-vs-belgium/1n1sct#4667794,New Zealand vs Belgium (2026-06-27T03:00:00.000Z),New Zealand,Belgium,2026-06-27T03:00:00.000Z,,,,Full time,1,5,New Zealand,Belgium,home,Jesse Randall,21,used_substitute,Attacker,6.2,46.0,
4667794,new-zealand-vs-belgium,https://www.fotmob.com/matches/new-zealand-vs-belgium/1n1sct#4667794,New Zealand vs Belgium (2026-06-27T03:00:00.000Z),New Zealand,Belgium,2026-06-27T03:00:00.000Z,,,,Full time,1,5,New Zealand,Belgium,home,Michael Boxall,5,used_substitute,Defender,5.9,64.0,
4667794,new-zealand-vs-belgium,https://www.fotmob.com/matches/new-zealand-vs-belgium/1n1sct#4667794,New Zealand vs Belgium (2026-06-27T03:00:00.000Z),New Zealand,Belgium,2026-06-27T03:00:00.000Z,,,,Full time,1,5,New Zealand,Belgium,home,Callum McCowatt,20,used_substitute,Midfielder,6.0,64.0,
4667794,new-zealand-vs-belgium,https://www.fotmob.com/matches/new-zealand-vs-belgium/1n1sct#4667794,New Zealand vs Belgium (2026-06-27T03:00:00.000Z),New Zealand,Belgium,2026-06-27T03:00:00.000Z,,,,Full time,1,5,New Zealand,Belgium,home,Francis De Vries,3,used_substitute,Defender,6.5,79.0,
4667794,new-zealand-vs-belgium,https://www.fotmob.com/matches/new-zealand-vs-belgium/1n1sct#4667794,New Zealand vs Belgium (2026-06-27T03:00:00.000Z),New Zealand,Belgium,2026-06-27T03:00:00.000Z,,,,Full time,1,5,Belgium,New Zealand,away,Matias Fernandez-Pardo,26,used_substitute,Attacker,7.0,56.0,
4667794,new-zealand-vs-belgium,https://www.fotmob.com/matches/new-zealand-vs-belgium/1n1sct#4667794,New Zealand vs Belgium (2026-06-27T03:00:00.000Z),New Zealand,Belgium,2026-06-27T03:00:00.000Z,,,,Full time,1,5,Belgium,New Zealand,away,Alexis Saelemaekers,22,used_substitute,Midfielder,7.7,72.0,
4667794,new-zealand-vs-belgium,https://www.fotmob.com/matches/new-zealand-vs-belgium/1n1sct#4667794,New Zealand vs Belgium (2026-06-27T03:00:00.000Z),New Zealand,Belgium,2026-06-27T03:00:00.000Z,,,,Full time,1,5,Belgium,New Zealand,away,Amadou Onana,24,used_substitute,Midfielder,6.3,72.0,
4667794,new-zealand-vs-belgium,https://www.fotmob.com/matches/new-zealand-vs-belgium/1n1sct#4667794,New Zealand vs Belgium (2026-06-27T03:00:00.000Z),New Zealand,Belgium,2026-06-27T03:00:00.000Z,,,,Full time,1,5,Belgium,New Zealand,away,Nicolas Raskin,23,used_substitute,Midfielder,,85.0,
4667794,new-zealand-vs-belgium,https://www.fotmob.com/matches/new-zealand-vs-belgium/1n1sct#4667794,New Zealand vs Belgium (2026-06-27T03:00:00.000Z),New Zealand,Belgium,2026-06-27T03:00:00.000Z,,,,Full time,1,5,Belgium,New Zealand,away,Romelu Lukaku,9,used_substitute,Attacker,,85.0,
4667794,new-zealand-vs-belgium,https://www.fotmob.com/matches/new-zealand-vs-belgium/1n1sct#4667794,New Zealand vs Belgium (2026-06-27T03:00:00.000Z),New Zealand,Belgium,2026-06-27T03:00:00.000Z,,,,Full time,1,5,New Zealand,Belgium,home,Alex Paulsen,12,unused_bench,Keeper,,,
4667794,new-zealand-vs-belgium,https://www.fotmob.com/matches/new-zealand-vs-belgium/1n1sct#4667794,New Zealand vs Belgium (2026-06-27T03:00:00.000Z),New Zealand,Belgium,2026-06-27T03:00:00.000Z,,,,Full time,1,5,Belgium,New Zealand,away,Michael Woud,22,unused_bench,Keeper,,,
4667794,new-zealand-vs-belgium,https://www.fotmob.com/matches/new-zealand-vs-belgium/1n1sct#4667794,New Zealand vs Belgium (2026-06-27T03:00:00.000Z),New Zealand,Belgium,2026-06-27T03:00:00.000Z,,,,Full time,1,5,Belgium,New Zealand,away,Callan Elliot,24,unused_bench,Defender,,,
4667794,new-zealand-vs-belgium,https://www.fotmob.com/matches/new-zealand-vs-belgium/1n1sct#4667794,New Zealand vs Belgium (2026-06-27T03:00:00.000Z),New Zealand,Belgium,2026-06-27T03:00:00.000Z,,,,Full time,1,5,Belgium,New Zealand,away,Nando Pijnaker,15,unused_bench,Defender,,,
4667794,new-zealand-vs-belgium,https://www.fotmob.com/matches/new-zealand-vs-belgium/1n1sct#4667794,New Zealand vs Belgium (2026-06-27T03:00:00.000Z),New Zealand,Belgium,2026-06-27T03:00:00.000Z,,,,Full time,1,5,Belgium,New Zealand,away,Tommy Smith,26,unused_bench,Defender,,,
4667794,new-zealand-vs-belgium,https://www.fotmob.com/matches/new-zealand-vs-belgium/1n1sct#4667794,New Zealand vs Belgium (2026-06-27T03:00:00.000Z),New Zealand,Belgium,2026-06-27T03:00:00.000Z,,,,Full time,1,5,Belgium,New Zealand,away,Alex Rufer,14,unused_bench,Midfielder,,,
4667794,new-zealand-vs-belgium,https://www.fotmob.com/matches/new-zealand-vs-belgium/1n1sct#4667794,New Zealand vs Belgium (2026-06-27T03:00:00.000Z),New Zealand,Belgium,2026-06-27T03:00:00.000Z,,,,Full time,1,5,Belgium,New Zealand,away,Lachlan Bayliss,25,unused_bench,Midfielder,,,
4667794,new-zealand-vs-belgium,https://www.fotmob.com/matches/new-zealand-vs-belgium/1n1sct#4667794,New Zealand vs Belgium (2026-06-27T03:00:00.000Z),New Zealand,Belgium,2026-06-27T03:00:00.000Z,,,,Full time,1,5,Belgium,New Zealand,away,Ben Waine,18,unused_bench,Attacker,,,
4667794,new-zealand-vs-belgium,https://www.fotmob.com/matches/new-zealand-vs-belgium/1n1sct#4667794,New Zealand vs Belgium (2026-06-27T03:00:00.000Z),New Zealand,Belgium,2026-06-27T03:00:00.000Z,,,,Full time,1,5,Belgium,New Zealand,away,Kosta Barbarouses,17,unused_bench,Attacker,,,
4667794,new-zealand-vs-belgium,https://www.fotmob.com/matches/new-zealand-vs-belgium/1n1sct#4667794,New Zealand vs Belgium (2026-06-27T03:00:00.000Z),New Zealand,Belgium,2026-06-27T03:00:00.000Z,,,,Full time,1,5,Belgium,New Zealand,away,Logan Rogerson,7,unused_bench,Attacker,,,
4667794,new-zealand-vs-belgium,https://www.fotmob.com/matches/new-zealand-vs-belgium/1n1sct#4667794,New Zealand vs Belgium (2026-06-27T03:00:00.000Z),New Zealand,Belgium,2026-06-27T03:00:00.000Z,,,,Full time,1,5,Belgium,New Zealand,away,Mike Penders,13,unused_bench,Keeper,,,
4667794,new-zealand-vs-belgium,https://www.fotmob.com/matches/new-zealand-vs-belgium/1n1sct#4667794,New Zealand vs Belgium (2026-06-27T03:00:00.000Z),New Zealand,Belgium,2026-06-27T03:00:00.000Z,,,,Full time,1,5,Belgium,New Zealand,away,Senne Lammens,12,unused_bench,Keeper,,,
4667794,new-zealand-vs-belgium,https://www.fotmob.com/matches/new-zealand-vs-belgium/1n1sct#4667794,New Zealand vs Belgium (2026-06-27T03:00:00.000Z),New Zealand,Belgium,2026-06-27T03:00:00.000Z,,,,Full time,1,5,Belgium,New Zealand,away,Joaquin Seys,18,unused_bench,Defender,,,
4667794,new-zealand-vs-belgium,https://www.fotmob.com/matches/new-zealand-vs-belgium/1n1sct#4667794,New Zealand vs Belgium (2026-06-27T03:00:00.000Z),New Zealand,Belgium,2026-06-27T03:00:00.000Z,,,,Full time,1,5,Belgium,New Zealand,away,Koni De Winter,16,unused_bench,Defender,,,
4667794,new-zealand-vs-belgium,https://www.fotmob.com/matches/new-zealand-vs-belgium/1n1sct#4667794,New Zealand vs Belgium (2026-06-27T03:00:00.000Z),New Zealand,Belgium,2026-06-27T03:00:00.000Z,,,,Full time,1,5,Belgium,New Zealand,away,Thomas Meunier,15,unused_bench,Defender,,,
4667794,new-zealand-vs-belgium,https://www.fotmob.com/matches/new-zealand-vs-belgium/1n1sct#4667794,New Zealand vs Belgium (2026-06-27T03:00:00.000Z),New Zealand,Belgium,2026-06-27T03:00:00.000Z,,,,Full time,1,5,Belgium,New Zealand,away,Axel Witsel,6,unused_bench,Midfielder,,,
4667794,new-zealand-vs-belgium,https://www.fotmob.com/matches/new-zealand-vs-belgium/1n1sct#4667794,New Zealand vs Belgium (2026-06-27T03:00:00.000Z),New Zealand,Belgium,2026-06-27T03:00:00.000Z,,,,Full time,1,5,Belgium,New Zealand,away,Diego Moreira,19,unused_bench,Midfielder,,,
4667794,new-zealand-vs-belgium,https://www.fotmob.com/matches/new-zealand-vs-belgium/1n1sct#4667794,New Zealand vs Belgium (2026-06-27T03:00:00.000Z),New Zealand,Belgium,2026-06-27T03:00:00.000Z,,,,Full time,1,5,Belgium,New Zealand,away,Dodi Lukébakio,14,unused_bench,Attacker,,,
4667802,uruguay-vs-spain,https://www.fotmob.com/matches/uruguay-vs-spain/1an22i#4667802,Uruguay vs Spain (2026-06-27T00:00:00.000Z),Uruguay,Spain,2026-06-27T00:00:00.000Z,,Guadalajara Stadium,Ismail Elfath,Full time,0,1,Uruguay,Spain,home,Nicolás de la Cruz,7,used_substitute,Midfielder,6.6,45.0,
4667802,uruguay-vs-spain,https://www.fotmob.com/matches/uruguay-vs-spain/1an22i#4667802,Uruguay vs Spain (2026-06-27T00:00:00.000Z),Uruguay,Spain,2026-06-27T00:00:00.000Z,,Guadalajara Stadium,Ismail Elfath,Full time,0,1,Uruguay,Spain,home,Sergio Rochet,1,used_substitute,Keeper,5.9,46.0,
4667802,uruguay-vs-spain,https://www.fotmob.com/matches/uruguay-vs-spain/1an22i#4667802,Uruguay vs Spain (2026-06-27T00:00:00.000Z),Uruguay,Spain,2026-06-27T00:00:00.000Z,,Guadalajara Stadium,Ismail Elfath,Full time,0,1,Uruguay,Spain,home,Federico Viñas,21,used_substitute,Attacker,6.3,56.0,
4667802,uruguay-vs-spain,https://www.fotmob.com/matches/uruguay-vs-spain/1an22i#4667802,Uruguay vs Spain (2026-06-27T00:00:00.000Z),Uruguay,Spain,2026-06-27T00:00:00.000Z,,Guadalajara Stadium,Ismail Elfath,Full time,0,1,Uruguay,Spain,home,Brian Rodríguez,18,used_substitute,Attacker,6.1,70.0,
4667802,uruguay-vs-spain,https://www.fotmob.com/matches/uruguay-vs-spain/1an22i#4667802,Uruguay vs Spain (2026-06-27T00:00:00.000Z),Uruguay,Spain,2026-06-27T00:00:00.000Z,,Guadalajara Stadium,Ismail Elfath,Full time,0,1,Spain,Uruguay,away,Dani Olmo,10,used_substitute,Midfielder,6.7,60.0,
4667802,uruguay-vs-spain,https://www.fotmob.com/matches/uruguay-vs-spain/1an22i#4667802,Uruguay vs Spain (2026-06-27T00:00:00.000Z),Uruguay,Spain,2026-06-27T00:00:00.000Z,,Guadalajara Stadium,Ismail Elfath,Full time,0,1,Spain,Uruguay,away,Fabián Ruiz,8,used_substitute,Midfielder,6.6,60.0,
4667802,uruguay-vs-spain,https://www.fotmob.com/matches/uruguay-vs-spain/1an22i#4667802,Uruguay vs Spain (2026-06-27T00:00:00.000Z),Uruguay,Spain,2026-06-27T00:00:00.000Z,,Guadalajara Stadium,Ismail Elfath,Full time,0,1,Spain,Uruguay,away,Yéremi Pino,11,used_substitute,Midfielder,5.8,66.0,
4667802,uruguay-vs-spain,https://www.fotmob.com/matches/uruguay-vs-spain/1an22i#4667802,Uruguay vs Spain (2026-06-27T00:00:00.000Z),Uruguay,Spain,2026-06-27T00:00:00.000Z,,Guadalajara Stadium,Ismail Elfath,Full time,0,1,Spain,Uruguay,away,Ferran Torres,7,used_substitute,Attacker,6.6,76.0,
4667802,uruguay-vs-spain,https://www.fotmob.com/matches/uruguay-vs-spain/1an22i#4667802,Uruguay vs Spain (2026-06-27T00:00:00.000Z),Uruguay,Spain,2026-06-27T00:00:00.000Z,,Guadalajara Stadium,Ismail Elfath,Full time,0,1,Spain,Uruguay,away,Nico Williams,17,used_substitute,Attacker,6.3,76.0,
4667802,uruguay-vs-spain,https://www.fotmob.com/matches/uruguay-vs-spain/1an22i#4667802,Uruguay vs Spain (2026-06-27T00:00:00.000Z),Uruguay,Spain,2026-06-27T00:00:00.000Z,,Guadalajara Stadium,Ismail Elfath,Full time,0,1,Uruguay,Spain,home,Santiago Mele,12,unused_bench,Keeper,,,
4667802,uruguay-vs-spain,https://www.fotmob.com/matches/uruguay-vs-spain/1an22i#4667802,Uruguay vs Spain (2026-06-27T00:00:00.000Z),Uruguay,Spain,2026-06-27T00:00:00.000Z,,Guadalajara Stadium,Ismail Elfath,Full time,0,1,Uruguay,Spain,home,Joaquín Piquerez,22,unused_bench,Defender,,,
4667802,uruguay-vs-spain,https://www.fotmob.com/matches/uruguay-vs-spain/1an22i#4667802,Uruguay vs Spain (2026-06-27T00:00:00.000Z),Uruguay,Spain,2026-06-27T00:00:00.000Z,,Guadalajara Stadium,Ismail Elfath,Full time,0,1,Uruguay,Spain,home,José Giménez,2,unused_bench,Defender,,,
4667802,uruguay-vs-spain,https://www.fotmob.com/matches/uruguay-vs-spain/1an22i#4667802,Uruguay vs Spain (2026-06-27T00:00:00.000Z),Uruguay,Spain,2026-06-27T00:00:00.000Z,,Guadalajara Stadium,Ismail Elfath,Full time,0,1,Uruguay,Spain,home,Matías Viña,17,unused_bench,Defender,,,
4667802,uruguay-vs-spain,https://www.fotmob.com/matches/uruguay-vs-spain/1an22i#4667802,Uruguay vs Spain (2026-06-27T00:00:00.000Z),Uruguay,Spain,2026-06-27T00:00:00.000Z,,Guadalajara Stadium,Ismail Elfath,Full time,0,1,Uruguay,Spain,home,Ronald Araujo,4,unused_bench,Defender,,,
4667802,uruguay-vs-spain,https://www.fotmob.com/matches/uruguay-vs-spain/1an22i#4667802,Uruguay vs Spain (2026-06-27T00:00:00.000Z),Uruguay,Spain,2026-06-27T00:00:00.000Z,,Guadalajara Stadium,Ismail Elfath,Full time,0,1,Uruguay,Spain,home,Santiago Bueno,24,unused_bench,Defender,,,
4667802,uruguay-vs-spain,https://www.fotmob.com/matches/uruguay-vs-spain/1an22i#4667802,Uruguay vs Spain (2026-06-27T00:00:00.000Z),Uruguay,Spain,2026-06-27T00:00:00.000Z,,Guadalajara Stadium,Ismail Elfath,Full time,0,1,Uruguay,Spain,home,Emiliano Martínez,15,unused_bench,Midfielder,,,
4667802,uruguay-vs-spain,https://www.fotmob.com/matches/uruguay-vs-spain/1an22i#4667802,Uruguay vs Spain (2026-06-27T00:00:00.000Z),Uruguay,Spain,2026-06-27T00:00:00.000Z,,Guadalajara Stadium,Ismail Elfath,Full time,0,1,Uruguay,Spain,home,Giorgian De Arrascaeta,10,unused_bench,Midfielder,,,
4667802,uruguay-vs-spain,https://www.fotmob.com/matches/uruguay-vs-spain/1an22i#4667802,Uruguay vs Spain (2026-06-27T00:00:00.000Z),Uruguay,Spain,2026-06-27T00:00:00.000Z,,Guadalajara Stadium,Ismail Elfath,Full time,0,1,Uruguay,Spain,home,Facundo Pellistri,11,unused_bench,Attacker,,,
4667802,uruguay-vs-spain,https://www.fotmob.com/matches/uruguay-vs-spain/1an22i#4667802,Uruguay vs Spain (2026-06-27T00:00:00.000Z),Uruguay,Spain,2026-06-27T00:00:00.000Z,,Guadalajara Stadium,Ismail Elfath,Full time,0,1,Uruguay,Spain,home,Rodrigo Aguirre,19,unused_bench,Attacker,,,
4667802,uruguay-vs-spain,https://www.fotmob.com/matches/uruguay-vs-spain/1an22i#4667802,Uruguay vs Spain (2026-06-27T00:00:00.000Z),Uruguay,Spain,2026-06-27T00:00:00.000Z,,Guadalajara Stadium,Ismail Elfath,Full time,0,1,Uruguay,Spain,home,Rodrigo Zalazar,26,unused_bench,Attacker,,,
4667802,uruguay-vs-spain,https://www.fotmob.com/matches/uruguay-vs-spain/1an22i#4667802,Uruguay vs Spain (2026-06-27T00:00:00.000Z),Uruguay,Spain,2026-06-27T00:00:00.000Z,,Guadalajara Stadium,Ismail Elfath,Full time,0,1,Spain,Uruguay,away,David Raya,1,unused_bench,Keeper,,,
4667802,uruguay-vs-spain,https://www.fotmob.com/matches/uruguay-vs-spain/1an22i#4667802,Uruguay vs Spain (2026-06-27T00:00:00.000Z),Uruguay,Spain,2026-06-27T00:00:00.000Z,,Guadalajara Stadium,Ismail Elfath,Full time,0,1,Spain,Uruguay,away,Joan García,13,unused_bench,Keeper,,,
4667802,uruguay-vs-spain,https://www.fotmob.com/matches/uruguay-vs-spain/1an22i#4667802,Uruguay vs Spain (2026-06-27T00:00:00.000Z),Uruguay,Spain,2026-06-27T00:00:00.000Z,,Guadalajara Stadium,Ismail Elfath,Full time,0,1,Spain,Uruguay,away,Eric García,4,unused_bench,Defender,,,
4667802,uruguay-vs-spain,https://www.fotmob.com/matches/uruguay-vs-spain/1an22i#4667802,Uruguay vs Spain (2026-06-27T00:00:00.000Z),Uruguay,Spain,2026-06-27T00:00:00.000Z,,Guadalajara Stadium,Ismail Elfath,Full time,0,1,Spain,Uruguay,away,Marc Pubill,2,unused_bench,Defender,,,
4667802,uruguay-vs-spain,https://www.fotmob.com/matches/uruguay-vs-spain/1an22i#4667802,Uruguay vs Spain (2026-06-27T00:00:00.000Z),Uruguay,Spain,2026-06-27T00:00:00.000Z,,Guadalajara Stadium,Ismail Elfath,Full time,0,1,Spain,Uruguay,away,Pedro Porro,12,unused_bench,Defender,,,
4667802,uruguay-vs-spain,https://www.fotmob.com/matches/uruguay-vs-spain/1an22i#4667802,Uruguay vs Spain (2026-06-27T00:00:00.000Z),Uruguay,Spain,2026-06-27T00:00:00.000Z,,Guadalajara Stadium,Ismail Elfath,Full time,0,1,Spain,Uruguay,away,Alejandro Grimaldo,3,unused_bench,Midfielder,,,
4667802,uruguay-vs-spain,https://www.fotmob.com/matches/uruguay-vs-spain/1an22i#4667802,Uruguay vs Spain (2026-06-27T00:00:00.000Z),Uruguay,Spain,2026-06-27T00:00:00.000Z,,Guadalajara Stadium,Ismail Elfath,Full time,0,1,Spain,Uruguay,away,Gavi,9,unused_bench,Midfielder,,,
4667802,uruguay-vs-spain,https://www.fotmob.com/matches/uruguay-vs-spain/1an22i#4667802,Uruguay vs Spain (2026-06-27T00:00:00.000Z),Uruguay,Spain,2026-06-27T00:00:00.000Z,,Guadalajara Stadium,Ismail Elfath,Full time,0,1,Spain,Uruguay,away,Martín Zubimendi,18,unused_bench,Midfielder,,,
4667802,uruguay-vs-spain,https://www.fotmob.com/matches/uruguay-vs-spain/1an22i#4667802,Uruguay vs Spain (2026-06-27T00:00:00.000Z),Uruguay,Spain,2026-06-27T00:00:00.000Z,,Guadalajara Stadium,Ismail Elfath,Full time,0,1,Spain,Uruguay,away,Borja Iglesias,26,unused_bench,Attacker,,,
4667802,uruguay-vs-spain,https://www.fotmob.com/matches/uruguay-vs-spain/1an22i#4667802,Uruguay vs Spain (2026-06-27T00:00:00.000Z),Uruguay,Spain,2026-06-27T00:00:00.000Z,,Guadalajara Stadium,Ismail Elfath,Full time,0,1,Spain,Uruguay,away,Víctor Muñoz,25,unused_bench,Attacker,,,
4667803,cape-verde-vs-saudi-arabia,https://www.fotmob.com/matches/cape-verde-vs-saudi-arabia/1jqqyp#4667803,Cape Verde vs Saudi Arabia (2026-06-27T00:00:00.000Z),Cape Verde,Saudi Arabia,2026-06-27T00:00:00.000Z,,Houston Stadium,François Letexier,Full time,0,0,Cape Verde,Saudi Arabia,home,Hélio Varela,26,used_substitute,Attacker,6.3,61.0,
4667803,cape-verde-vs-saudi-arabia,https://www.fotmob.com/matches/cape-verde-vs-saudi-arabia/1jqqyp#4667803,Cape Verde vs Saudi Arabia (2026-06-27T00:00:00.000Z),Cape Verde,Saudi Arabia,2026-06-27T00:00:00.000Z,,Houston Stadium,François Letexier,Full time,0,0,Cape Verde,Saudi Arabia,home,Nuno da Costa,21,used_substitute,Attacker,6.8,61.0,
4667803,cape-verde-vs-saudi-arabia,https://www.fotmob.com/matches/cape-verde-vs-saudi-arabia/1jqqyp#4667803,Cape Verde vs Saudi Arabia (2026-06-27T00:00:00.000Z),Cape Verde,Saudi Arabia,2026-06-27T00:00:00.000Z,,Houston Stadium,François Letexier,Full time,0,0,Cape Verde,Saudi Arabia,home,Laros Duarte,15,used_substitute,Midfielder,6.9,71.0,
4667803,cape-verde-vs-saudi-arabia,https://www.fotmob.com/matches/cape-verde-vs-saudi-arabia/1jqqyp#4667803,Cape Verde vs Saudi Arabia (2026-06-27T00:00:00.000Z),Cape Verde,Saudi Arabia,2026-06-27T00:00:00.000Z,,Houston Stadium,François Letexier,Full time,0,0,Cape Verde,Saudi Arabia,home,Garry Rodrigues,11,used_substitute,Attacker,6.5,71.0,
4667803,cape-verde-vs-saudi-arabia,https://www.fotmob.com/matches/cape-verde-vs-saudi-arabia/1jqqyp#4667803,Cape Verde vs Saudi Arabia (2026-06-27T00:00:00.000Z),Cape Verde,Saudi Arabia,2026-06-27T00:00:00.000Z,,Houston Stadium,François Letexier,Full time,0,0,Cape Verde,Saudi Arabia,home,Steven Moreira,22,used_substitute,Defender,,90.0,
4667803,cape-verde-vs-saudi-arabia,https://www.fotmob.com/matches/cape-verde-vs-saudi-arabia/1jqqyp#4667803,Cape Verde vs Saudi Arabia (2026-06-27T00:00:00.000Z),Cape Verde,Saudi Arabia,2026-06-27T00:00:00.000Z,,Houston Stadium,François Letexier,Full time,0,0,Saudi Arabia,Cape Verde,away,Ali Lajami,3,used_substitute,Defender,6.7,33.0,
4667803,cape-verde-vs-saudi-arabia,https://www.fotmob.com/matches/cape-verde-vs-saudi-arabia/1jqqyp#4667803,Cape Verde vs Saudi Arabia (2026-06-27T00:00:00.000Z),Cape Verde,Saudi Arabia,2026-06-27T00:00:00.000Z,,Houston Stadium,François Letexier,Full time,0,0,Saudi Arabia,Cape Verde,away,Musab Al-Juwayr,7,used_substitute,Midfielder,6.6,46.0,
4667803,cape-verde-vs-saudi-arabia,https://www.fotmob.com/matches/cape-verde-vs-saudi-arabia/1jqqyp#4667803,Cape Verde vs Saudi Arabia (2026-06-27T00:00:00.000Z),Cape Verde,Saudi Arabia,2026-06-27T00:00:00.000Z,,Houston Stadium,François Letexier,Full time,0,0,Saudi Arabia,Cape Verde,away,Mohammed Abu Al Shamat,26,used_substitute,Midfielder,6.4,65.0,
4667803,cape-verde-vs-saudi-arabia,https://www.fotmob.com/matches/cape-verde-vs-saudi-arabia/1jqqyp#4667803,Cape Verde vs Saudi Arabia (2026-06-27T00:00:00.000Z),Cape Verde,Saudi Arabia,2026-06-27T00:00:00.000Z,,Houston Stadium,François Letexier,Full time,0,0,Saudi Arabia,Cape Verde,away,Abdullah Al-Hamdan,19,used_substitute,Attacker,5.9,65.0,
4667803,cape-verde-vs-saudi-arabia,https://www.fotmob.com/matches/cape-verde-vs-saudi-arabia/1jqqyp#4667803,Cape Verde vs Saudi Arabia (2026-06-27T00:00:00.000Z),Cape Verde,Saudi Arabia,2026-06-27T00:00:00.000Z,,Houston Stadium,François Letexier,Full time,0,0,Saudi Arabia,Cape Verde,away,Moteb Al-Harbi,24,used_substitute,Defender,,82.0,
4667803,cape-verde-vs-saudi-arabia,https://www.fotmob.com/matches/cape-verde-vs-saudi-arabia/1jqqyp#4667803,Cape Verde vs Saudi Arabia (2026-06-27T00:00:00.000Z),Cape Verde,Saudi Arabia,2026-06-27T00:00:00.000Z,,Houston Stadium,François Letexier,Full time,0,0,Cape Verde,Saudi Arabia,home,Carlos Dos Santos,23,unused_bench,Keeper,,,
4667803,cape-verde-vs-saudi-arabia,https://www.fotmob.com/matches/cape-verde-vs-saudi-arabia/1jqqyp#4667803,Cape Verde vs Saudi Arabia (2026-06-27T00:00:00.000Z),Cape Verde,Saudi Arabia,2026-06-27T00:00:00.000Z,,Houston Stadium,François Letexier,Full time,0,0,Saudi Arabia,Cape Verde,away,Márcio Rosa,12,unused_bench,Keeper,,,
4667803,cape-verde-vs-saudi-arabia,https://www.fotmob.com/matches/cape-verde-vs-saudi-arabia/1jqqyp#4667803,Cape Verde vs Saudi Arabia (2026-06-27T00:00:00.000Z),Cape Verde,Saudi Arabia,2026-06-27T00:00:00.000Z,,Houston Stadium,François Letexier,Full time,0,0,Saudi Arabia,Cape Verde,away,Kelvin Pires,25,unused_bench,Defender,,,
4667803,cape-verde-vs-saudi-arabia,https://www.fotmob.com/matches/cape-verde-vs-saudi-arabia/1jqqyp#4667803,Cape Verde vs Saudi Arabia (2026-06-27T00:00:00.000Z),Cape Verde,Saudi Arabia,2026-06-27T00:00:00.000Z,,Houston Stadium,François Letexier,Full time,0,0,Saudi Arabia,Cape Verde,away,Logan Costa,5,unused_bench,Defender,,,
4667803,cape-verde-vs-saudi-arabia,https://www.fotmob.com/matches/cape-verde-vs-saudi-arabia/1jqqyp#4667803,Cape Verde vs Saudi Arabia (2026-06-27T00:00:00.000Z),Cape Verde,Saudi Arabia,2026-06-27T00:00:00.000Z,,Houston Stadium,François Letexier,Full time,0,0,Saudi Arabia,Cape Verde,away,Stopira,2,unused_bench,Defender,,,
4667803,cape-verde-vs-saudi-arabia,https://www.fotmob.com/matches/cape-verde-vs-saudi-arabia/1jqqyp#4667803,Cape Verde vs Saudi Arabia (2026-06-27T00:00:00.000Z),Cape Verde,Saudi Arabia,2026-06-27T00:00:00.000Z,,Houston Stadium,François Letexier,Full time,0,0,Saudi Arabia,Cape Verde,away,Yannick Semedo,16,unused_bench,Midfielder,,,
4667803,cape-verde-vs-saudi-arabia,https://www.fotmob.com/matches/cape-verde-vs-saudi-arabia/1jqqyp#4667803,Cape Verde vs Saudi Arabia (2026-06-27T00:00:00.000Z),Cape Verde,Saudi Arabia,2026-06-27T00:00:00.000Z,,Houston Stadium,François Letexier,Full time,0,0,Saudi Arabia,Cape Verde,away,Gilson Benchimol,9,unused_bench,Attacker,,,
4667803,cape-verde-vs-saudi-arabia,https://www.fotmob.com/matches/cape-verde-vs-saudi-arabia/1jqqyp#4667803,Cape Verde vs Saudi Arabia (2026-06-27T00:00:00.000Z),Cape Verde,Saudi Arabia,2026-06-27T00:00:00.000Z,,Houston Stadium,François Letexier,Full time,0,0,Saudi Arabia,Cape Verde,away,Jovane Cabral,7,unused_bench,Attacker,,,
4667803,cape-verde-vs-saudi-arabia,https://www.fotmob.com/matches/cape-verde-vs-saudi-arabia/1jqqyp#4667803,Cape Verde vs Saudi Arabia (2026-06-27T00:00:00.000Z),Cape Verde,Saudi Arabia,2026-06-27T00:00:00.000Z,,Houston Stadium,François Letexier,Full time,0,0,Saudi Arabia,Cape Verde,away,Ahmed Ali Al Kassar,22,unused_bench,Keeper,,,
4667803,cape-verde-vs-saudi-arabia,https://www.fotmob.com/matches/cape-verde-vs-saudi-arabia/1jqqyp#4667803,Cape Verde vs Saudi Arabia (2026-06-27T00:00:00.000Z),Cape Verde,Saudi Arabia,2026-06-27T00:00:00.000Z,,Houston Stadium,François Letexier,Full time,0,0,Saudi Arabia,Cape Verde,away,Nawaf Alaqidi,1,unused_bench,Keeper,,,
4667803,cape-verde-vs-saudi-arabia,https://www.fotmob.com/matches/cape-verde-vs-saudi-arabia/1jqqyp#4667803,Cape Verde vs Saudi Arabia (2026-06-27T00:00:00.000Z),Cape Verde,Saudi Arabia,2026-06-27T00:00:00.000Z,,Houston Stadium,François Letexier,Full time,0,0,Saudi Arabia,Cape Verde,away,Ali Majrashi,2,unused_bench,Defender,,,
4667803,cape-verde-vs-saudi-arabia,https://www.fotmob.com/matches/cape-verde-vs-saudi-arabia/1jqqyp#4667803,Cape Verde vs Saudi Arabia (2026-06-27T00:00:00.000Z),Cape Verde,Saudi Arabia,2026-06-27T00:00:00.000Z,,Houston Stadium,François Letexier,Full time,0,0,Saudi Arabia,Cape Verde,away,Ayman Yahya,8,unused_bench,Defender,,,
4667803,cape-verde-vs-saudi-arabia,https://www.fotmob.com/matches/cape-verde-vs-saudi-arabia/1jqqyp#4667803,Cape Verde vs Saudi Arabia (2026-06-27T00:00:00.000Z),Cape Verde,Saudi Arabia,2026-06-27T00:00:00.000Z,,Houston Stadium,François Letexier,Full time,0,0,Saudi Arabia,Cape Verde,away,Hasan Kadesh,14,unused_bench,Defender,,,
4667803,cape-verde-vs-saudi-arabia,https://www.fotmob.com/matches/cape-verde-vs-saudi-arabia/1jqqyp#4667803,Cape Verde vs Saudi Arabia (2026-06-27T00:00:00.000Z),Cape Verde,Saudi Arabia,2026-06-27T00:00:00.000Z,,Houston Stadium,François Letexier,Full time,0,0,Saudi Arabia,Cape Verde,away,Jehad Thakri,25,unused_bench,Defender,,,
4667803,cape-verde-vs-saudi-arabia,https://www.fotmob.com/matches/cape-verde-vs-saudi-arabia/1jqqyp#4667803,Cape Verde vs Saudi Arabia (2026-06-27T00:00:00.000Z),Cape Verde,Saudi Arabia,2026-06-27T00:00:00.000Z,,Houston Stadium,François Letexier,Full time,0,0,Saudi Arabia,Cape Verde,away,Alaa Hajji,18,unused_bench,Midfielder,,,
4667803,cape-verde-vs-saudi-arabia,https://www.fotmob.com/matches/cape-verde-vs-saudi-arabia/1jqqyp#4667803,Cape Verde vs Saudi Arabia (2026-06-27T00:00:00.000Z),Cape Verde,Saudi Arabia,2026-06-27T00:00:00.000Z,,Houston Stadium,François Letexier,Full time,0,0,Saudi Arabia,Cape Verde,away,Ziyad Aljohani,16,unused_bench,Midfielder,,,
4667803,cape-verde-vs-saudi-arabia,https://www.fotmob.com/matches/cape-verde-vs-saudi-arabia/1jqqyp#4667803,Cape Verde vs Saudi Arabia (2026-06-27T00:00:00.000Z),Cape Verde,Saudi Arabia,2026-06-27T00:00:00.000Z,,Houston Stadium,François Letexier,Full time,0,0,Saudi Arabia,Cape Verde,away,Khalid Al Ghannam,17,unused_bench,Attacker,,,
4667803,cape-verde-vs-saudi-arabia,https://www.fotmob.com/matches/cape-verde-vs-saudi-arabia/1jqqyp#4667803,Cape Verde vs Saudi Arabia (2026-06-27T00:00:00.000Z),Cape Verde,Saudi Arabia,2026-06-27T00:00:00.000Z,,Houston Stadium,François Letexier,Full time,0,0,Saudi Arabia,Cape Verde,away,Saleh Al-Shehri,11,unused_bench,Attacker,,,
4667815,argentina-vs-austria,https://www.fotmob.com/matches/argentina-vs-austria/1un2w8#4667815,Argentina vs Austria (2026-06-22T17:00:00.000Z),Argentina,Austria,2026-06-22T17:00:00.000Z,,Dallas Stadium,Amin Mohamed Omar,Full time,2,0,Argentina,Austria,home,Nicolás Otamendi,19,used_substitute,Defender,6.2,57.0,
4667815,argentina-vs-austria,https://www.fotmob.com/matches/argentina-vs-austria/1un2w8#4667815,Argentina vs Austria (2026-06-22T17:00:00.000Z),Argentina,Austria,2026-06-22T17:00:00.000Z,,Dallas Stadium,Amin Mohamed Omar,Full time,2,0,Argentina,Austria,home,Nicolás González,15,used_substitute,Midfielder,6.6,64.0,
4667815,argentina-vs-austria,https://www.fotmob.com/matches/argentina-vs-austria/1un2w8#4667815,Argentina vs Austria (2026-06-22T17:00:00.000Z),Argentina,Austria,2026-06-22T17:00:00.000Z,,Dallas Stadium,Amin Mohamed Omar,Full time,2,0,Argentina,Austria,home,Julián Álvarez,9,used_substitute,Attacker,6.2,64.0,
4667815,argentina-vs-austria,https://www.fotmob.com/matches/argentina-vs-austria/1un2w8#4667815,Argentina vs Austria (2026-06-22T17:00:00.000Z),Argentina,Austria,2026-06-22T17:00:00.000Z,,Dallas Stadium,Amin Mohamed Omar,Full time,2,0,Argentina,Austria,home,Nicolás Tagliafico,3,used_substitute,Defender,,82.0,
4667815,argentina-vs-austria,https://www.fotmob.com/matches/argentina-vs-austria/1un2w8#4667815,Argentina vs Austria (2026-06-22T17:00:00.000Z),Argentina,Austria,2026-06-22T17:00:00.000Z,,Dallas Stadium,Amin Mohamed Omar,Full time,2,0,Argentina,Austria,home,Leandro Paredes,5,used_substitute,Midfielder,,82.0,
4667815,argentina-vs-austria,https://www.fotmob.com/matches/argentina-vs-austria/1un2w8#4667815,Argentina vs Austria (2026-06-22T17:00:00.000Z),Argentina,Austria,2026-06-22T17:00:00.000Z,,Dallas Stadium,Amin Mohamed Omar,Full time,2,0,Austria,Argentina,away,Marco Friedl,23,used_substitute,Defender,6.1,67.0,
4667815,argentina-vs-austria,https://www.fotmob.com/matches/argentina-vs-austria/1un2w8#4667815,Argentina vs Austria (2026-06-22T17:00:00.000Z),Argentina,Austria,2026-06-22T17:00:00.000Z,,Dallas Stadium,Amin Mohamed Omar,Full time,2,0,Austria,Argentina,away,Alexander Prass,22,used_substitute,Midfielder,6.2,67.0,
4667815,argentina-vs-austria,https://www.fotmob.com/matches/argentina-vs-austria/1un2w8#4667815,Argentina vs Austria (2026-06-22T17:00:00.000Z),Argentina,Austria,2026-06-22T17:00:00.000Z,,Dallas Stadium,Amin Mohamed Omar,Full time,2,0,Austria,Argentina,away,Marko Arnautovic,7,used_substitute,Attacker,6.0,67.0,
4667815,argentina-vs-austria,https://www.fotmob.com/matches/argentina-vs-austria/1un2w8#4667815,Argentina vs Austria (2026-06-22T17:00:00.000Z),Argentina,Austria,2026-06-22T17:00:00.000Z,,Dallas Stadium,Amin Mohamed Omar,Full time,2,0,Austria,Argentina,away,Patrick Wimmer,21,used_substitute,Attacker,6.0,78.0,
4667815,argentina-vs-austria,https://www.fotmob.com/matches/argentina-vs-austria/1un2w8#4667815,Argentina vs Austria (2026-06-22T17:00:00.000Z),Argentina,Austria,2026-06-22T17:00:00.000Z,,Dallas Stadium,Amin Mohamed Omar,Full time,2,0,Austria,Argentina,away,Carney Chukwuemeka,17,used_substitute,Midfielder,,85.0,
4667815,argentina-vs-austria,https://www.fotmob.com/matches/argentina-vs-austria/1un2w8#4667815,Argentina vs Austria (2026-06-22T17:00:00.000Z),Argentina,Austria,2026-06-22T17:00:00.000Z,,Dallas Stadium,Amin Mohamed Omar,Full time,2,0,Argentina,Austria,home,Gerónimo Rulli,12,unused_bench,Keeper,,,
4667815,argentina-vs-austria,https://www.fotmob.com/matches/argentina-vs-austria/1un2w8#4667815,Argentina vs Austria (2026-06-22T17:00:00.000Z),Argentina,Austria,2026-06-22T17:00:00.000Z,,Dallas Stadium,Amin Mohamed Omar,Full time,2,0,Austria,Argentina,away,Juan Musso,1,unused_bench,Keeper,,,
4667815,argentina-vs-austria,https://www.fotmob.com/matches/argentina-vs-austria/1un2w8#4667815,Argentina vs Austria (2026-06-22T17:00:00.000Z),Argentina,Austria,2026-06-22T17:00:00.000Z,,Dallas Stadium,Amin Mohamed Omar,Full time,2,0,Austria,Argentina,away,Gonzalo Montiel,4,unused_bench,Defender,,,
4667815,argentina-vs-austria,https://www.fotmob.com/matches/argentina-vs-austria/1un2w8#4667815,Argentina vs Austria (2026-06-22T17:00:00.000Z),Argentina,Austria,2026-06-22T17:00:00.000Z,,Dallas Stadium,Amin Mohamed Omar,Full time,2,0,Austria,Argentina,away,Marcos Senesi,2,unused_bench,Defender,,,
4667815,argentina-vs-austria,https://www.fotmob.com/matches/argentina-vs-austria/1un2w8#4667815,Argentina vs Austria (2026-06-22T17:00:00.000Z),Argentina,Austria,2026-06-22T17:00:00.000Z,,Dallas Stadium,Amin Mohamed Omar,Full time,2,0,Austria,Argentina,away,Exequiel Palacios,14,unused_bench,Midfielder,,,
4667815,argentina-vs-austria,https://www.fotmob.com/matches/argentina-vs-austria/1un2w8#4667815,Argentina vs Austria (2026-06-22T17:00:00.000Z),Argentina,Austria,2026-06-22T17:00:00.000Z,,Dallas Stadium,Amin Mohamed Omar,Full time,2,0,Austria,Argentina,away,Giovani Lo Celso,11,unused_bench,Midfielder,,,
4667815,argentina-vs-austria,https://www.fotmob.com/matches/argentina-vs-austria/1un2w8#4667815,Argentina vs Austria (2026-06-22T17:00:00.000Z),Argentina,Austria,2026-06-22T17:00:00.000Z,,Dallas Stadium,Amin Mohamed Omar,Full time,2,0,Austria,Argentina,away,Giuliano Simeone,17,unused_bench,Midfielder,,,
4667815,argentina-vs-austria,https://www.fotmob.com/matches/argentina-vs-austria/1un2w8#4667815,Argentina vs Austria (2026-06-22T17:00:00.000Z),Argentina,Austria,2026-06-22T17:00:00.000Z,,Dallas Stadium,Amin Mohamed Omar,Full time,2,0,Austria,Argentina,away,Nico Paz,18,unused_bench,Midfielder,,,
4667815,argentina-vs-austria,https://www.fotmob.com/matches/argentina-vs-austria/1un2w8#4667815,Argentina vs Austria (2026-06-22T17:00:00.000Z),Argentina,Austria,2026-06-22T17:00:00.000Z,,Dallas Stadium,Amin Mohamed Omar,Full time,2,0,Austria,Argentina,away,Valentín Barco,8,unused_bench,Midfielder,,,
4667815,argentina-vs-austria,https://www.fotmob.com/matches/argentina-vs-austria/1un2w8#4667815,Argentina vs Austria (2026-06-22T17:00:00.000Z),Argentina,Austria,2026-06-22T17:00:00.000Z,,Dallas Stadium,Amin Mohamed Omar,Full time,2,0,Austria,Argentina,away,José López,21,unused_bench,Attacker,,,
4667815,argentina-vs-austria,https://www.fotmob.com/matches/argentina-vs-austria/1un2w8#4667815,Argentina vs Austria (2026-06-22T17:00:00.000Z),Argentina,Austria,2026-06-22T17:00:00.000Z,,Dallas Stadium,Amin Mohamed Omar,Full time,2,0,Austria,Argentina,away,Florian Wiegele,12,unused_bench,Keeper,,,
4667815,argentina-vs-austria,https://www.fotmob.com/matches/argentina-vs-austria/1un2w8#4667815,Argentina vs Austria (2026-06-22T17:00:00.000Z),Argentina,Austria,2026-06-22T17:00:00.000Z,,Dallas Stadium,Amin Mohamed Omar,Full time,2,0,Austria,Argentina,away,Patrick Pentz,13,unused_bench,Keeper,,,
4667815,argentina-vs-austria,https://www.fotmob.com/matches/argentina-vs-austria/1un2w8#4667815,Argentina vs Austria (2026-06-22T17:00:00.000Z),Argentina,Austria,2026-06-22T17:00:00.000Z,,Dallas Stadium,Amin Mohamed Omar,Full time,2,0,Austria,Argentina,away,David Affengruber,2,unused_bench,Defender,,,
4667815,argentina-vs-austria,https://www.fotmob.com/matches/argentina-vs-austria/1un2w8#4667815,Argentina vs Austria (2026-06-22T17:00:00.000Z),Argentina,Austria,2026-06-22T17:00:00.000Z,,Dallas Stadium,Amin Mohamed Omar,Full time,2,0,Austria,Argentina,away,Michael Svoboda,25,unused_bench,Defender,,,
4667815,argentina-vs-austria,https://www.fotmob.com/matches/argentina-vs-austria/1un2w8#4667815,Argentina vs Austria (2026-06-22T17:00:00.000Z),Argentina,Austria,2026-06-22T17:00:00.000Z,,Dallas Stadium,Amin Mohamed Omar,Full time,2,0,Austria,Argentina,away,Philipp Lienhart,15,unused_bench,Defender,,,
4667815,argentina-vs-austria,https://www.fotmob.com/matches/argentina-vs-austria/1un2w8#4667815,Argentina vs Austria (2026-06-22T17:00:00.000Z),Argentina,Austria,2026-06-22T17:00:00.000Z,,Dallas Stadium,Amin Mohamed Omar,Full time,2,0,Austria,Argentina,away,Alessandro Schöpf,26,unused_bench,Midfielder,,,
4667815,argentina-vs-austria,https://www.fotmob.com/matches/argentina-vs-austria/1un2w8#4667815,Argentina vs Austria (2026-06-22T17:00:00.000Z),Argentina,Austria,2026-06-22T17:00:00.000Z,,Dallas Stadium,Amin Mohamed Omar,Full time,2,0,Austria,Argentina,away,Dejan Ljubicic,19,unused_bench,Midfielder,,,
4667815,argentina-vs-austria,https://www.fotmob.com/matches/argentina-vs-austria/1un2w8#4667815,Argentina vs Austria (2026-06-22T17:00:00.000Z),Argentina,Austria,2026-06-22T17:00:00.000Z,,Dallas Stadium,Amin Mohamed Omar,Full time,2,0,Austria,Argentina,away,Florian Grillitsch,10,unused_bench,Midfielder,,,
4667815,argentina-vs-austria,https://www.fotmob.com/matches/argentina-vs-austria/1un2w8#4667815,Argentina vs Austria (2026-06-22T17:00:00.000Z),Argentina,Austria,2026-06-22T17:00:00.000Z,,Dallas Stadium,Amin Mohamed Omar,Full time,2,0,Austria,Argentina,away,Phillipp Mwene,16,unused_bench,Midfielder,,,
4667815,argentina-vs-austria,https://www.fotmob.com/matches/argentina-vs-austria/1un2w8#4667815,Argentina vs Austria (2026-06-22T17:00:00.000Z),Argentina,Austria,2026-06-22T17:00:00.000Z,,Dallas Stadium,Amin Mohamed Omar,Full time,2,0,Austria,Argentina,away,Sasa Kalajdzic,14,unused_bench,Attacker,,,
4667807,iraq-vs-france,https://www.fotmob.com/matches/iraq-vs-france/1au1fo#4667807,France vs Iraq (2026-06-22T21:00:00.000Z),France,Iraq,2026-06-22T21:00:00.000Z,,Philadelphia Stadium,Drew Thomas Fischer,Full time,3,0,France,Iraq,home,Rayan Cherki,24,used_substitute,Midfielder,6.9,68.0,
4667807,iraq-vs-france,https://www.fotmob.com/matches/iraq-vs-france/1au1fo#4667807,France vs Iraq (2026-06-22T21:00:00.000Z),France,Iraq,2026-06-22T21:00:00.000Z,,Philadelphia Stadium,Drew Thomas Fischer,Full time,3,0,France,Iraq,home,Désiré Doué,20,used_substitute,Attacker,6.2,68.0,
4667807,iraq-vs-france,https://www.fotmob.com/matches/iraq-vs-france/1au1fo#4667807,France vs Iraq (2026-06-22T21:00:00.000Z),France,Iraq,2026-06-22T21:00:00.000Z,,Philadelphia Stadium,Drew Thomas Fischer,Full time,3,0,France,Iraq,home,Malo Gusto,2,used_substitute,Defender,,83.0,
4667807,iraq-vs-france,https://www.fotmob.com/matches/iraq-vs-france/1au1fo#4667807,France vs Iraq (2026-06-22T21:00:00.000Z),France,Iraq,2026-06-22T21:00:00.000Z,,Philadelphia Stadium,Drew Thomas Fischer,Full time,3,0,France,Iraq,home,Maghnes Akliouche,25,used_substitute,Attacker,,83.0,
4667807,iraq-vs-france,https://www.fotmob.com/matches/iraq-vs-france/1au1fo#4667807,France vs Iraq (2026-06-22T21:00:00.000Z),France,Iraq,2026-06-22T21:00:00.000Z,,Philadelphia Stadium,Drew Thomas Fischer,Full time,3,0,France,Iraq,home,Marcus Thuram,9,used_substitute,Attacker,,90.0,
4667807,iraq-vs-france,https://www.fotmob.com/matches/iraq-vs-france/1au1fo#4667807,France vs Iraq (2026-06-22T21:00:00.000Z),France,Iraq,2026-06-22T21:00:00.000Z,,Philadelphia Stadium,Drew Thomas Fischer,Full time,3,0,Iraq,France,away,Ali Al Hamadi,9,used_substitute,Attacker,6.0,26.0,
4667807,iraq-vs-france,https://www.fotmob.com/matches/iraq-vs-france/1au1fo#4667807,France vs Iraq (2026-06-22T21:00:00.000Z),France,Iraq,2026-06-22T21:00:00.000Z,,Philadelphia Stadium,Drew Thomas Fischer,Full time,3,0,Iraq,France,away,Rebin Sulaka,2,used_substitute,Defender,6.3,60.0,
4667807,iraq-vs-france,https://www.fotmob.com/matches/iraq-vs-france/1au1fo#4667807,France vs Iraq (2026-06-22T21:00:00.000Z),France,Iraq,2026-06-22T21:00:00.000Z,,Philadelphia Stadium,Drew Thomas Fischer,Full time,3,0,Iraq,France,away,Youssef Amyn,7,used_substitute,Attacker,5.9,60.0,
4667807,iraq-vs-france,https://www.fotmob.com/matches/iraq-vs-france/1au1fo#4667807,France vs Iraq (2026-06-22T21:00:00.000Z),France,Iraq,2026-06-22T21:00:00.000Z,,Philadelphia Stadium,Drew Thomas Fischer,Full time,3,0,Iraq,France,away,Aimar Sher,20,used_substitute,Midfielder,6.0,68.0,
4667807,iraq-vs-france,https://www.fotmob.com/matches/iraq-vs-france/1au1fo#4667807,France vs Iraq (2026-06-22T21:00:00.000Z),France,Iraq,2026-06-22T21:00:00.000Z,,Philadelphia Stadium,Drew Thomas Fischer,Full time,3,0,Iraq,France,away,Marko Lawk Farji,21,used_substitute,Attacker,6.5,68.0,
4667807,iraq-vs-france,https://www.fotmob.com/matches/iraq-vs-france/1au1fo#4667807,France vs Iraq (2026-06-22T21:00:00.000Z),France,Iraq,2026-06-22T21:00:00.000Z,,Philadelphia Stadium,Drew Thomas Fischer,Full time,3,0,France,Iraq,home,Brice Samba,1,unused_bench,Keeper,,,
4667807,iraq-vs-france,https://www.fotmob.com/matches/iraq-vs-france/1au1fo#4667807,France vs Iraq (2026-06-22T21:00:00.000Z),France,Iraq,2026-06-22T21:00:00.000Z,,Philadelphia Stadium,Drew Thomas Fischer,Full time,3,0,Iraq,France,away,Robin Risser,23,unused_bench,Keeper,,,
4667807,iraq-vs-france,https://www.fotmob.com/matches/iraq-vs-france/1au1fo#4667807,France vs Iraq (2026-06-22T21:00:00.000Z),France,Iraq,2026-06-22T21:00:00.000Z,,Philadelphia Stadium,Drew Thomas Fischer,Full time,3,0,Iraq,France,away,Ibrahima Konaté,15,unused_bench,Defender,,,
4667807,iraq-vs-france,https://www.fotmob.com/matches/iraq-vs-france/1au1fo#4667807,France vs Iraq (2026-06-22T21:00:00.000Z),France,Iraq,2026-06-22T21:00:00.000Z,,Philadelphia Stadium,Drew Thomas Fischer,Full time,3,0,Iraq,France,away,Lucas Hernández,21,unused_bench,Defender,,,
4667807,iraq-vs-france,https://www.fotmob.com/matches/iraq-vs-france/1au1fo#4667807,France vs Iraq (2026-06-22T21:00:00.000Z),France,Iraq,2026-06-22T21:00:00.000Z,,Philadelphia Stadium,Drew Thomas Fischer,Full time,3,0,Iraq,France,away,Maxence Lacroix,26,unused_bench,Defender,,,
4667807,iraq-vs-france,https://www.fotmob.com/matches/iraq-vs-france/1au1fo#4667807,France vs Iraq (2026-06-22T21:00:00.000Z),France,Iraq,2026-06-22T21:00:00.000Z,,Philadelphia Stadium,Drew Thomas Fischer,Full time,3,0,Iraq,France,away,Theo Hernández,19,unused_bench,Defender,,,
4667807,iraq-vs-france,https://www.fotmob.com/matches/iraq-vs-france/1au1fo#4667807,France vs Iraq (2026-06-22T21:00:00.000Z),France,Iraq,2026-06-22T21:00:00.000Z,,Philadelphia Stadium,Drew Thomas Fischer,Full time,3,0,Iraq,France,away,Aurélien Tchouaméni,8,unused_bench,Midfielder,,,
4667807,iraq-vs-france,https://www.fotmob.com/matches/iraq-vs-france/1au1fo#4667807,France vs Iraq (2026-06-22T21:00:00.000Z),France,Iraq,2026-06-22T21:00:00.000Z,,Philadelphia Stadium,Drew Thomas Fischer,Full time,3,0,Iraq,France,away,N'Golo Kanté,13,unused_bench,Midfielder,,,
4667807,iraq-vs-france,https://www.fotmob.com/matches/iraq-vs-france/1au1fo#4667807,France vs Iraq (2026-06-22T21:00:00.000Z),France,Iraq,2026-06-22T21:00:00.000Z,,Philadelphia Stadium,Drew Thomas Fischer,Full time,3,0,Iraq,France,away,Warren Zaïre-Emery,18,unused_bench,Midfielder,,,
4667807,iraq-vs-france,https://www.fotmob.com/matches/iraq-vs-france/1au1fo#4667807,France vs Iraq (2026-06-22T21:00:00.000Z),France,Iraq,2026-06-22T21:00:00.000Z,,Philadelphia Stadium,Drew Thomas Fischer,Full time,3,0,Iraq,France,away,Jean-Philippe Mateta,22,unused_bench,Attacker,,,
4667807,iraq-vs-france,https://www.fotmob.com/matches/iraq-vs-france/1au1fo#4667807,France vs Iraq (2026-06-22T21:00:00.000Z),France,Iraq,2026-06-22T21:00:00.000Z,,Philadelphia Stadium,Drew Thomas Fischer,Full time,3,0,Iraq,France,away,Fahad Talib,1,unused_bench,Keeper,,,
4667807,iraq-vs-france,https://www.fotmob.com/matches/iraq-vs-france/1au1fo#4667807,France vs Iraq (2026-06-22T21:00:00.000Z),France,Iraq,2026-06-22T21:00:00.000Z,,Philadelphia Stadium,Drew Thomas Fischer,Full time,3,0,Iraq,France,away,Jalal Hassan,12,unused_bench,Keeper,,,
4667807,iraq-vs-france,https://www.fotmob.com/matches/iraq-vs-france/1au1fo#4667807,France vs Iraq (2026-06-22T21:00:00.000Z),France,Iraq,2026-06-22T21:00:00.000Z,,Philadelphia Stadium,Drew Thomas Fischer,Full time,3,0,Iraq,France,away,Ahmed Maknzi,15,unused_bench,Defender,,,
4667807,iraq-vs-france,https://www.fotmob.com/matches/iraq-vs-france/1au1fo#4667807,France vs Iraq (2026-06-22T21:00:00.000Z),France,Iraq,2026-06-22T21:00:00.000Z,,Philadelphia Stadium,Drew Thomas Fischer,Full time,3,0,Iraq,France,away,Manaf Younis,6,unused_bench,Defender,,,
4667807,iraq-vs-france,https://www.fotmob.com/matches/iraq-vs-france/1au1fo#4667807,France vs Iraq (2026-06-22T21:00:00.000Z),France,Iraq,2026-06-22T21:00:00.000Z,,Philadelphia Stadium,Drew Thomas Fischer,Full time,3,0,Iraq,France,away,Mustafa Saadoun,25,unused_bench,Defender,,,
4667807,iraq-vs-france,https://www.fotmob.com/matches/iraq-vs-france/1au1fo#4667807,France vs Iraq (2026-06-22T21:00:00.000Z),France,Iraq,2026-06-22T21:00:00.000Z,,Philadelphia Stadium,Drew Thomas Fischer,Full time,3,0,Iraq,France,away,Frans Putros,26,unused_bench,Midfielder,,,
4667807,iraq-vs-france,https://www.fotmob.com/matches/iraq-vs-france/1au1fo#4667807,France vs Iraq (2026-06-22T21:00:00.000Z),France,Iraq,2026-06-22T21:00:00.000Z,,Philadelphia Stadium,Drew Thomas Fischer,Full time,3,0,Iraq,France,away,Kevin Yakob,19,unused_bench,Midfielder,,,
4667807,iraq-vs-france,https://www.fotmob.com/matches/iraq-vs-france/1au1fo#4667807,France vs Iraq (2026-06-22T21:00:00.000Z),France,Iraq,2026-06-22T21:00:00.000Z,,Philadelphia Stadium,Drew Thomas Fischer,Full time,3,0,Iraq,France,away,Ali Jasim,17,unused_bench,Attacker,,,
4667807,iraq-vs-france,https://www.fotmob.com/matches/iraq-vs-france/1au1fo#4667807,France vs Iraq (2026-06-22T21:00:00.000Z),France,Iraq,2026-06-22T21:00:00.000Z,,Philadelphia Stadium,Drew Thomas Fischer,Full time,3,0,Iraq,France,away,Ali Yousif,13,unused_bench,Attacker,,,
4667807,iraq-vs-france,https://www.fotmob.com/matches/iraq-vs-france/1au1fo#4667807,France vs Iraq (2026-06-22T21:00:00.000Z),France,Iraq,2026-06-22T21:00:00.000Z,,Philadelphia Stadium,Drew Thomas Fischer,Full time,3,0,Iraq,France,away,Mohanad Ali,10,unused_bench,Attacker,,,
4667817,algeria-vs-austria,https://www.fotmob.com/matches/algeria-vs-austria/1r7yil#4667817,Algeria vs Austria (2026-06-28T02:00:00.000Z),Algeria,Austria,2026-06-28T02:00:00.000Z,,Kansas City Stadium,Ilgiz Tantashev,Full time,3,3,Algeria,Austria,home,Rayan Aït-Nouri,15,used_substitute,Defender,6.5,71.0,
4667817,algeria-vs-austria,https://www.fotmob.com/matches/algeria-vs-austria/1r7yil#4667817,Algeria vs Austria (2026-06-28T02:00:00.000Z),Algeria,Austria,2026-06-28T02:00:00.000Z,,Kansas City Stadium,Ilgiz Tantashev,Full time,3,3,Algeria,Austria,home,Samir Chergui,26,used_substitute,Defender,6.1,71.0,
4667817,algeria-vs-austria,https://www.fotmob.com/matches/algeria-vs-austria/1r7yil#4667817,Algeria vs Austria (2026-06-28T02:00:00.000Z),Algeria,Austria,2026-06-28T02:00:00.000Z,,Kansas City Stadium,Ilgiz Tantashev,Full time,3,3,Algeria,Austria,home,Zineddine Belaïd,5,used_substitute,Defender,6.2,71.0,
4667817,algeria-vs-austria,https://www.fotmob.com/matches/algeria-vs-austria/1r7yil#4667817,Algeria vs Austria (2026-06-28T02:00:00.000Z),Algeria,Austria,2026-06-28T02:00:00.000Z,,Kansas City Stadium,Ilgiz Tantashev,Full time,3,3,Algeria,Austria,home,Farès Ghedjemis,25,used_substitute,Attacker,,90.0,
4667817,algeria-vs-austria,https://www.fotmob.com/matches/algeria-vs-austria/1r7yil#4667817,Algeria vs Austria (2026-06-28T02:00:00.000Z),Algeria,Austria,2026-06-28T02:00:00.000Z,,Kansas City Stadium,Ilgiz Tantashev,Full time,3,3,Austria,Algeria,away,Florian Grillitsch,10,used_substitute,Midfielder,6.2,46.0,
4667817,algeria-vs-austria,https://www.fotmob.com/matches/algeria-vs-austria/1r7yil#4667817,Algeria vs Austria (2026-06-28T02:00:00.000Z),Algeria,Austria,2026-06-28T02:00:00.000Z,,Kansas City Stadium,Ilgiz Tantashev,Full time,3,3,Austria,Algeria,away,Paul Wanner,24,used_substitute,Midfielder,6.7,46.0,
4667817,algeria-vs-austria,https://www.fotmob.com/matches/algeria-vs-austria/1r7yil#4667817,Algeria vs Austria (2026-06-28T02:00:00.000Z),Algeria,Austria,2026-06-28T02:00:00.000Z,,Kansas City Stadium,Ilgiz Tantashev,Full time,3,3,Austria,Algeria,away,Michael Gregoritsch,11,used_substitute,Attacker,7.4,46.0,
4667817,algeria-vs-austria,https://www.fotmob.com/matches/algeria-vs-austria/1r7yil#4667817,Algeria vs Austria (2026-06-28T02:00:00.000Z),Algeria,Austria,2026-06-28T02:00:00.000Z,,Kansas City Stadium,Ilgiz Tantashev,Full time,3,3,Austria,Algeria,away,Kevin Danso,3,used_substitute,Defender,6.3,62.0,
4667817,algeria-vs-austria,https://www.fotmob.com/matches/algeria-vs-austria/1r7yil#4667817,Algeria vs Austria (2026-06-28T02:00:00.000Z),Algeria,Austria,2026-06-28T02:00:00.000Z,,Kansas City Stadium,Ilgiz Tantashev,Full time,3,3,Austria,Algeria,away,Sasa Kalajdzic,14,used_substitute,Attacker,,90.0,
4667817,algeria-vs-austria,https://www.fotmob.com/matches/algeria-vs-austria/1r7yil#4667817,Algeria vs Austria (2026-06-28T02:00:00.000Z),Algeria,Austria,2026-06-28T02:00:00.000Z,,Kansas City Stadium,Ilgiz Tantashev,Full time,3,3,Algeria,Austria,home,Luca Zidane,23,unused_bench,Keeper,,,
4667817,algeria-vs-austria,https://www.fotmob.com/matches/algeria-vs-austria/1r7yil#4667817,Algeria vs Austria (2026-06-28T02:00:00.000Z),Algeria,Austria,2026-06-28T02:00:00.000Z,,Kansas City Stadium,Ilgiz Tantashev,Full time,3,3,Austria,Algeria,away,Melvin Mastil,1,unused_bench,Keeper,,,
4667817,algeria-vs-austria,https://www.fotmob.com/matches/algeria-vs-austria/1r7yil#4667817,Algeria vs Austria (2026-06-28T02:00:00.000Z),Algeria,Austria,2026-06-28T02:00:00.000Z,,Kansas City Stadium,Ilgiz Tantashev,Full time,3,3,Austria,Algeria,away,Achref Abada,3,unused_bench,Defender,,,
4667817,algeria-vs-austria,https://www.fotmob.com/matches/algeria-vs-austria/1r7yil#4667817,Algeria vs Austria (2026-06-28T02:00:00.000Z),Algeria,Austria,2026-06-28T02:00:00.000Z,,Kansas City Stadium,Ilgiz Tantashev,Full time,3,3,Austria,Algeria,away,Mohamed Tougai,4,unused_bench,Defender,,,
4667817,algeria-vs-austria,https://www.fotmob.com/matches/algeria-vs-austria/1r7yil#4667817,Algeria vs Austria (2026-06-28T02:00:00.000Z),Algeria,Austria,2026-06-28T02:00:00.000Z,,Kansas City Stadium,Ilgiz Tantashev,Full time,3,3,Austria,Algeria,away,Hicham Boudaoui,14,unused_bench,Midfielder,,,
4667817,algeria-vs-austria,https://www.fotmob.com/matches/algeria-vs-austria/1r7yil#4667817,Algeria vs Austria (2026-06-28T02:00:00.000Z),Algeria,Austria,2026-06-28T02:00:00.000Z,,Kansas City Stadium,Ilgiz Tantashev,Full time,3,3,Austria,Algeria,away,Ramiz Zerrouki,6,unused_bench,Midfielder,,,
4667817,algeria-vs-austria,https://www.fotmob.com/matches/algeria-vs-austria/1r7yil#4667817,Algeria vs Austria (2026-06-28T02:00:00.000Z),Algeria,Austria,2026-06-28T02:00:00.000Z,,Kansas City Stadium,Ilgiz Tantashev,Full time,3,3,Austria,Algeria,away,Yacine Titraoui,24,unused_bench,Midfielder,,,
4667817,algeria-vs-austria,https://www.fotmob.com/matches/algeria-vs-austria/1r7yil#4667817,Algeria vs Austria (2026-06-28T02:00:00.000Z),Algeria,Austria,2026-06-28T02:00:00.000Z,,Kansas City Stadium,Ilgiz Tantashev,Full time,3,3,Austria,Algeria,away,Adil Boulbina,20,unused_bench,Attacker,,,
4667817,algeria-vs-austria,https://www.fotmob.com/matches/algeria-vs-austria/1r7yil#4667817,Algeria vs Austria (2026-06-28T02:00:00.000Z),Algeria,Austria,2026-06-28T02:00:00.000Z,,Kansas City Stadium,Ilgiz Tantashev,Full time,3,3,Austria,Algeria,away,Anis Hadj Moussa,11,unused_bench,Attacker,,,
4667817,algeria-vs-austria,https://www.fotmob.com/matches/algeria-vs-austria/1r7yil#4667817,Algeria vs Austria (2026-06-28T02:00:00.000Z),Algeria,Austria,2026-06-28T02:00:00.000Z,,Kansas City Stadium,Ilgiz Tantashev,Full time,3,3,Austria,Algeria,away,Nadir Benbouali,12,unused_bench,Attacker,,,
4667817,algeria-vs-austria,https://www.fotmob.com/matches/algeria-vs-austria/1r7yil#4667817,Algeria vs Austria (2026-06-28T02:00:00.000Z),Algeria,Austria,2026-06-28T02:00:00.000Z,,Kansas City Stadium,Ilgiz Tantashev,Full time,3,3,Austria,Algeria,away,Florian Wiegele,12,unused_bench,Keeper,,,
4667817,algeria-vs-austria,https://www.fotmob.com/matches/algeria-vs-austria/1r7yil#4667817,Algeria vs Austria (2026-06-28T02:00:00.000Z),Algeria,Austria,2026-06-28T02:00:00.000Z,,Kansas City Stadium,Ilgiz Tantashev,Full time,3,3,Austria,Algeria,away,Patrick Pentz,13,unused_bench,Keeper,,,
4667817,algeria-vs-austria,https://www.fotmob.com/matches/algeria-vs-austria/1r7yil#4667817,Algeria vs Austria (2026-06-28T02:00:00.000Z),Algeria,Austria,2026-06-28T02:00:00.000Z,,Kansas City Stadium,Ilgiz Tantashev,Full time,3,3,Austria,Algeria,away,David Affengruber,2,unused_bench,Defender,,,
4667817,algeria-vs-austria,https://www.fotmob.com/matches/algeria-vs-austria/1r7yil#4667817,Algeria vs Austria (2026-06-28T02:00:00.000Z),Algeria,Austria,2026-06-28T02:00:00.000Z,,Kansas City Stadium,Ilgiz Tantashev,Full time,3,3,Austria,Algeria,away,Marco Friedl,23,unused_bench,Defender,,,
4667817,algeria-vs-austria,https://www.fotmob.com/matches/algeria-vs-austria/1r7yil#4667817,Algeria vs Austria (2026-06-28T02:00:00.000Z),Algeria,Austria,2026-06-28T02:00:00.000Z,,Kansas City Stadium,Ilgiz Tantashev,Full time,3,3,Austria,Algeria,away,Michael Svoboda,25,unused_bench,Defender,,,
4667817,algeria-vs-austria,https://www.fotmob.com/matches/algeria-vs-austria/1r7yil#4667817,Algeria vs Austria (2026-06-28T02:00:00.000Z),Algeria,Austria,2026-06-28T02:00:00.000Z,,Kansas City Stadium,Ilgiz Tantashev,Full time,3,3,Austria,Algeria,away,Alessandro Schöpf,26,unused_bench,Midfielder,,,
4667817,algeria-vs-austria,https://www.fotmob.com/matches/algeria-vs-austria/1r7yil#4667817,Algeria vs Austria (2026-06-28T02:00:00.000Z),Algeria,Austria,2026-06-28T02:00:00.000Z,,Kansas City Stadium,Ilgiz Tantashev,Full time,3,3,Austria,Algeria,away,Alexander Prass,22,unused_bench,Midfielder,,,
4667817,algeria-vs-austria,https://www.fotmob.com/matches/algeria-vs-austria/1r7yil#4667817,Algeria vs Austria (2026-06-28T02:00:00.000Z),Algeria,Austria,2026-06-28T02:00:00.000Z,,Kansas City Stadium,Ilgiz Tantashev,Full time,3,3,Austria,Algeria,away,Carney Chukwuemeka,17,unused_bench,Midfielder,,,
4667817,algeria-vs-austria,https://www.fotmob.com/matches/algeria-vs-austria/1r7yil#4667817,Algeria vs Austria (2026-06-28T02:00:00.000Z),Algeria,Austria,2026-06-28T02:00:00.000Z,,Kansas City Stadium,Ilgiz Tantashev,Full time,3,3,Austria,Algeria,away,Dejan Ljubicic,19,unused_bench,Midfielder,,,
4667817,algeria-vs-austria,https://www.fotmob.com/matches/algeria-vs-austria/1r7yil#4667817,Algeria vs Austria (2026-06-28T02:00:00.000Z),Algeria,Austria,2026-06-28T02:00:00.000Z,,Kansas City Stadium,Ilgiz Tantashev,Full time,3,3,Austria,Algeria,away,Patrick Wimmer,21,unused_bench,Attacker,,,
4653711,japan-vs-brazil,https://www.fotmob.com/matches/japan-vs-brazil/1uqadm#4653711,Brazil vs Japan (2026-06-29T17:00:00.000Z),Brazil,Japan,2026-06-29T17:00:00.000Z,,Houston Stadium,Maurizio Mariani,Full time,2,1,Brazil,Japan,home,Endrick,19,used_substitute,Attacker,6.0,46.0,
4653711,japan-vs-brazil,https://www.fotmob.com/matches/japan-vs-brazil/1uqadm#4653711,Brazil vs Japan (2026-06-29T17:00:00.000Z),Brazil,Japan,2026-06-29T17:00:00.000Z,,Houston Stadium,Maurizio Mariani,Full time,2,1,Brazil,Japan,home,Gabriel Martinelli,22,used_substitute,Attacker,7.4,65.0,
4653711,japan-vs-brazil,https://www.fotmob.com/matches/japan-vs-brazil/1uqadm#4653711,Brazil vs Japan (2026-06-29T17:00:00.000Z),Brazil,Japan,2026-06-29T17:00:00.000Z,,Houston Stadium,Maurizio Mariani,Full time,2,1,Brazil,Japan,home,Fabinho,17,used_substitute,Midfielder,,90.0,
4653711,japan-vs-brazil,https://www.fotmob.com/matches/japan-vs-brazil/1uqadm#4653711,Brazil vs Japan (2026-06-29T17:00:00.000Z),Brazil,Japan,2026-06-29T17:00:00.000Z,,Houston Stadium,Maurizio Mariani,Full time,2,1,Brazil,Japan,home,Danilo,18,used_substitute,Midfielder,,90.0,
4653711,japan-vs-brazil,https://www.fotmob.com/matches/japan-vs-brazil/1uqadm#4653711,Brazil vs Japan (2026-06-29T17:00:00.000Z),Brazil,Japan,2026-06-29T17:00:00.000Z,,Houston Stadium,Maurizio Mariani,Full time,2,1,Japan,Brazil,away,Junnosuke Suzuki,25,used_substitute,Defender,5.8,66.0,
4653711,japan-vs-brazil,https://www.fotmob.com/matches/japan-vs-brazil/1uqadm#4653711,Brazil vs Japan (2026-06-29T17:00:00.000Z),Brazil,Japan,2026-06-29T17:00:00.000Z,,Houston Stadium,Maurizio Mariani,Full time,2,1,Japan,Brazil,away,Yukinari Sugawara,2,used_substitute,Defender,6.5,66.0,
4653711,japan-vs-brazil,https://www.fotmob.com/matches/japan-vs-brazil/1uqadm#4653711,Brazil vs Japan (2026-06-29T17:00:00.000Z),Brazil,Japan,2026-06-29T17:00:00.000Z,,Houston Stadium,Maurizio Mariani,Full time,2,1,Japan,Brazil,away,Ao Tanaka,7,used_substitute,Midfielder,5.4,78.0,
4653711,japan-vs-brazil,https://www.fotmob.com/matches/japan-vs-brazil/1uqadm#4653711,Brazil vs Japan (2026-06-29T17:00:00.000Z),Brazil,Japan,2026-06-29T17:00:00.000Z,,Houston Stadium,Maurizio Mariani,Full time,2,1,Japan,Brazil,away,Shuto Machino,6,used_substitute,Attacker,5.9,78.0,
4653711,japan-vs-brazil,https://www.fotmob.com/matches/japan-vs-brazil/1uqadm#4653711,Brazil vs Japan (2026-06-29T17:00:00.000Z),Brazil,Japan,2026-06-29T17:00:00.000Z,,Houston Stadium,Maurizio Mariani,Full time,2,1,Japan,Brazil,away,Koki Ogawa,19,used_substitute,Attacker,,90.0,
4653711,japan-vs-brazil,https://www.fotmob.com/matches/japan-vs-brazil/1uqadm#4653711,Brazil vs Japan (2026-06-29T17:00:00.000Z),Brazil,Japan,2026-06-29T17:00:00.000Z,,Houston Stadium,Maurizio Mariani,Full time,2,1,Brazil,Japan,home,Ederson,23,unused_bench,Keeper,,,
4653711,japan-vs-brazil,https://www.fotmob.com/matches/japan-vs-brazil/1uqadm#4653711,Brazil vs Japan (2026-06-29T17:00:00.000Z),Brazil,Japan,2026-06-29T17:00:00.000Z,,Houston Stadium,Maurizio Mariani,Full time,2,1,Japan,Brazil,away,Weverton,12,unused_bench,Keeper,,,
4653711,japan-vs-brazil,https://www.fotmob.com/matches/japan-vs-brazil/1uqadm#4653711,Brazil vs Japan (2026-06-29T17:00:00.000Z),Brazil,Japan,2026-06-29T17:00:00.000Z,,Houston Stadium,Maurizio Mariani,Full time,2,1,Japan,Brazil,away,Alex Sandro,6,unused_bench,Defender,,,
4653711,japan-vs-brazil,https://www.fotmob.com/matches/japan-vs-brazil/1uqadm#4653711,Brazil vs Japan (2026-06-29T17:00:00.000Z),Brazil,Japan,2026-06-29T17:00:00.000Z,,Houston Stadium,Maurizio Mariani,Full time,2,1,Japan,Brazil,away,Gleison Bremer,14,unused_bench,Defender,,,
4653711,japan-vs-brazil,https://www.fotmob.com/matches/japan-vs-brazil/1uqadm#4653711,Brazil vs Japan (2026-06-29T17:00:00.000Z),Brazil,Japan,2026-06-29T17:00:00.000Z,,Houston Stadium,Maurizio Mariani,Full time,2,1,Japan,Brazil,away,Léo Pereira,15,unused_bench,Defender,,,
4653711,japan-vs-brazil,https://www.fotmob.com/matches/japan-vs-brazil/1uqadm#4653711,Brazil vs Japan (2026-06-29T17:00:00.000Z),Brazil,Japan,2026-06-29T17:00:00.000Z,,Houston Stadium,Maurizio Mariani,Full time,2,1,Japan,Brazil,away,Roger Ibañez,24,unused_bench,Defender,,,
4653711,japan-vs-brazil,https://www.fotmob.com/matches/japan-vs-brazil/1uqadm#4653711,Brazil vs Japan (2026-06-29T17:00:00.000Z),Brazil,Japan,2026-06-29T17:00:00.000Z,,Houston Stadium,Maurizio Mariani,Full time,2,1,Japan,Brazil,away,Éderson,2,unused_bench,Midfielder,,,
4653711,japan-vs-brazil,https://www.fotmob.com/matches/japan-vs-brazil/1uqadm#4653711,Brazil vs Japan (2026-06-29T17:00:00.000Z),Brazil,Japan,2026-06-29T17:00:00.000Z,,Houston Stadium,Maurizio Mariani,Full time,2,1,Japan,Brazil,away,Igor Thiago,25,unused_bench,Attacker,,,
4653711,japan-vs-brazil,https://www.fotmob.com/matches/japan-vs-brazil/1uqadm#4653711,Brazil vs Japan (2026-06-29T17:00:00.000Z),Brazil,Japan,2026-06-29T17:00:00.000Z,,Houston Stadium,Maurizio Mariani,Full time,2,1,Japan,Brazil,away,Luiz Henrique,21,unused_bench,Attacker,,,
4653711,japan-vs-brazil,https://www.fotmob.com/matches/japan-vs-brazil/1uqadm#4653711,Brazil vs Japan (2026-06-29T17:00:00.000Z),Brazil,Japan,2026-06-29T17:00:00.000Z,,Houston Stadium,Maurizio Mariani,Full time,2,1,Japan,Brazil,away,Neymar,10,unused_bench,Attacker,,,
4653711,japan-vs-brazil,https://www.fotmob.com/matches/japan-vs-brazil/1uqadm#4653711,Brazil vs Japan (2026-06-29T17:00:00.000Z),Brazil,Japan,2026-06-29T17:00:00.000Z,,Houston Stadium,Maurizio Mariani,Full time,2,1,Japan,Brazil,away,Keisuke Osako,12,unused_bench,Keeper,,,
4653711,japan-vs-brazil,https://www.fotmob.com/matches/japan-vs-brazil/1uqadm#4653711,Brazil vs Japan (2026-06-29T17:00:00.000Z),Brazil,Japan,2026-06-29T17:00:00.000Z,,Houston Stadium,Maurizio Mariani,Full time,2,1,Japan,Brazil,away,Tomoki Hayakawa,23,unused_bench,Keeper,,,
4653711,japan-vs-brazil,https://www.fotmob.com/matches/japan-vs-brazil/1uqadm#4653711,Brazil vs Japan (2026-06-29T17:00:00.000Z),Brazil,Japan,2026-06-29T17:00:00.000Z,,Houston Stadium,Maurizio Mariani,Full time,2,1,Japan,Brazil,away,Ayumu Seko,20,unused_bench,Defender,,,
4653711,japan-vs-brazil,https://www.fotmob.com/matches/japan-vs-brazil/1uqadm#4653711,Brazil vs Japan (2026-06-29T17:00:00.000Z),Brazil,Japan,2026-06-29T17:00:00.000Z,,Houston Stadium,Maurizio Mariani,Full time,2,1,Japan,Brazil,away,Ko Itakura,4,unused_bench,Defender,,,
4653711,japan-vs-brazil,https://www.fotmob.com/matches/japan-vs-brazil/1uqadm#4653711,Brazil vs Japan (2026-06-29T17:00:00.000Z),Brazil,Japan,2026-06-29T17:00:00.000Z,,Houston Stadium,Maurizio Mariani,Full time,2,1,Japan,Brazil,away,Tsuyoshi Watanabe,16,unused_bench,Defender,,,
4653711,japan-vs-brazil,https://www.fotmob.com/matches/japan-vs-brazil/1uqadm#4653711,Brazil vs Japan (2026-06-29T17:00:00.000Z),Brazil,Japan,2026-06-29T17:00:00.000Z,,Houston Stadium,Maurizio Mariani,Full time,2,1,Japan,Brazil,away,Yuto Nagatomo,5,unused_bench,Defender,,,
4653711,japan-vs-brazil,https://www.fotmob.com/matches/japan-vs-brazil/1uqadm#4653711,Brazil vs Japan (2026-06-29T17:00:00.000Z),Brazil,Japan,2026-06-29T17:00:00.000Z,,Houston Stadium,Maurizio Mariani,Full time,2,1,Japan,Brazil,away,Yuito Suzuki,17,unused_bench,Midfielder,,,
4653711,japan-vs-brazil,https://www.fotmob.com/matches/japan-vs-brazil/1uqadm#4653711,Brazil vs Japan (2026-06-29T17:00:00.000Z),Brazil,Japan,2026-06-29T17:00:00.000Z,,Houston Stadium,Maurizio Mariani,Full time,2,1,Japan,Brazil,away,Keisuke Goto,9,unused_bench,Attacker,,,
4653711,japan-vs-brazil,https://www.fotmob.com/matches/japan-vs-brazil/1uqadm#4653711,Brazil vs Japan (2026-06-29T17:00:00.000Z),Brazil,Japan,2026-06-29T17:00:00.000Z,,Houston Stadium,Maurizio Mariani,Full time,2,1,Japan,Brazil,away,Kento Shiogai,26,unused_bench,Attacker,,,
4653711,japan-vs-brazil,https://www.fotmob.com/matches/japan-vs-brazil/1uqadm#4653711,Brazil vs Japan (2026-06-29T17:00:00.000Z),Brazil,Japan,2026-06-29T17:00:00.000Z,,Houston Stadium,Maurizio Mariani,Full time,2,1,Japan,Brazil,away,Takefusa Kubo,8,unused_bench,Attacker,,,
4667823,colombia-vs-portugal,https://www.fotmob.com/matches/colombia-vs-portugal/2a883f#4667823,Colombia vs Portugal (2026-06-27T23:30:00.000Z),Colombia,Portugal,2026-06-27T23:30:00.000Z,,Miami Stadium,Alireza Faghani,Full time,0,0,Colombia,Portugal,home,Richard Ríos,6,used_substitute,Midfielder,6.2,60.0,
4667823,colombia-vs-portugal,https://www.fotmob.com/matches/colombia-vs-portugal/2a883f#4667823,Colombia vs Portugal (2026-06-27T23:30:00.000Z),Colombia,Portugal,2026-06-27T23:30:00.000Z,,Miami Stadium,Alireza Faghani,Full time,0,0,Colombia,Portugal,home,Luis Suárez,25,used_substitute,Attacker,5.9,60.0,
4667823,colombia-vs-portugal,https://www.fotmob.com/matches/colombia-vs-portugal/2a883f#4667823,Colombia vs Portugal (2026-06-27T23:30:00.000Z),Colombia,Portugal,2026-06-27T23:30:00.000Z,,Miami Stadium,Alireza Faghani,Full time,0,0,Colombia,Portugal,home,Juan Quintero,20,used_substitute,Midfielder,6.1,76.0,
4667823,colombia-vs-portugal,https://www.fotmob.com/matches/colombia-vs-portugal/2a883f#4667823,Colombia vs Portugal (2026-06-27T23:30:00.000Z),Colombia,Portugal,2026-06-27T23:30:00.000Z,,Miami Stadium,Alireza Faghani,Full time,0,0,Colombia,Portugal,home,Kevin Castaño,5,used_substitute,Midfielder,6.1,76.0,
4667823,colombia-vs-portugal,https://www.fotmob.com/matches/colombia-vs-portugal/2a883f#4667823,Colombia vs Portugal (2026-06-27T23:30:00.000Z),Colombia,Portugal,2026-06-27T23:30:00.000Z,,Miami Stadium,Alireza Faghani,Full time,0,0,Colombia,Portugal,home,Daniel Muñoz,2,used_substitute,Midfielder,,87.0,
4667823,colombia-vs-portugal,https://www.fotmob.com/matches/colombia-vs-portugal/2a883f#4667823,Colombia vs Portugal (2026-06-27T23:30:00.000Z),Colombia,Portugal,2026-06-27T23:30:00.000Z,,Miami Stadium,Alireza Faghani,Full time,0,0,Portugal,Colombia,away,Diogo Dalot,5,used_substitute,Defender,6.9,46.0,
4667823,colombia-vs-portugal,https://www.fotmob.com/matches/colombia-vs-portugal/2a883f#4667823,Colombia vs Portugal (2026-06-27T23:30:00.000Z),Colombia,Portugal,2026-06-27T23:30:00.000Z,,Miami Stadium,Alireza Faghani,Full time,0,0,Portugal,Colombia,away,João Neves,15,used_substitute,Midfielder,6.2,46.0,
4667823,colombia-vs-portugal,https://www.fotmob.com/matches/colombia-vs-portugal/2a883f#4667823,Colombia vs Portugal (2026-06-27T23:30:00.000Z),Colombia,Portugal,2026-06-27T23:30:00.000Z,,Miami Stadium,Alireza Faghani,Full time,0,0,Portugal,Colombia,away,Samú,24,used_substitute,Midfielder,6.5,70.0,
4667823,colombia-vs-portugal,https://www.fotmob.com/matches/colombia-vs-portugal/2a883f#4667823,Colombia vs Portugal (2026-06-27T23:30:00.000Z),Colombia,Portugal,2026-06-27T23:30:00.000Z,,Miami Stadium,Alireza Faghani,Full time,0,0,Portugal,Colombia,away,Rafael Leão,17,used_substitute,Attacker,6.7,70.0,
4667823,colombia-vs-portugal,https://www.fotmob.com/matches/colombia-vs-portugal/2a883f#4667823,Colombia vs Portugal (2026-06-27T23:30:00.000Z),Colombia,Portugal,2026-06-27T23:30:00.000Z,,Miami Stadium,Alireza Faghani,Full time,0,0,Portugal,Colombia,away,Matheus Nunes,6,used_substitute,Defender,,90.0,
4667823,colombia-vs-portugal,https://www.fotmob.com/matches/colombia-vs-portugal/2a883f#4667823,Colombia vs Portugal (2026-06-27T23:30:00.000Z),Colombia,Portugal,2026-06-27T23:30:00.000Z,,Miami Stadium,Alireza Faghani,Full time,0,0,Colombia,Portugal,home,Álvaro Montero,24,unused_bench,Keeper,,,
4667823,colombia-vs-portugal,https://www.fotmob.com/matches/colombia-vs-portugal/2a883f#4667823,Colombia vs Portugal (2026-06-27T23:30:00.000Z),Colombia,Portugal,2026-06-27T23:30:00.000Z,,Miami Stadium,Alireza Faghani,Full time,0,0,Portugal,Colombia,away,David Ospina,1,unused_bench,Keeper,,,
4667823,colombia-vs-portugal,https://www.fotmob.com/matches/colombia-vs-portugal/2a883f#4667823,Colombia vs Portugal (2026-06-27T23:30:00.000Z),Colombia,Portugal,2026-06-27T23:30:00.000Z,,Miami Stadium,Alireza Faghani,Full time,0,0,Portugal,Colombia,away,Johan Mojica,17,unused_bench,Defender,,,
4667823,colombia-vs-portugal,https://www.fotmob.com/matches/colombia-vs-portugal/2a883f#4667823,Colombia vs Portugal (2026-06-27T23:30:00.000Z),Colombia,Portugal,2026-06-27T23:30:00.000Z,,Miami Stadium,Alireza Faghani,Full time,0,0,Portugal,Colombia,away,Willer Ditta,18,unused_bench,Defender,,,
4667823,colombia-vs-portugal,https://www.fotmob.com/matches/colombia-vs-portugal/2a883f#4667823,Colombia vs Portugal (2026-06-27T23:30:00.000Z),Colombia,Portugal,2026-06-27T23:30:00.000Z,,Miami Stadium,Alireza Faghani,Full time,0,0,Portugal,Colombia,away,Yerry Mina,13,unused_bench,Defender,,,
4667823,colombia-vs-portugal,https://www.fotmob.com/matches/colombia-vs-portugal/2a883f#4667823,Colombia vs Portugal (2026-06-27T23:30:00.000Z),Colombia,Portugal,2026-06-27T23:30:00.000Z,,Miami Stadium,Alireza Faghani,Full time,0,0,Portugal,Colombia,away,Juan Portilla,15,unused_bench,Midfielder,,,
4667823,colombia-vs-portugal,https://www.fotmob.com/matches/colombia-vs-portugal/2a883f#4667823,Colombia vs Portugal (2026-06-27T23:30:00.000Z),Colombia,Portugal,2026-06-27T23:30:00.000Z,,Miami Stadium,Alireza Faghani,Full time,0,0,Portugal,Colombia,away,Andrés Gómez,26,unused_bench,Attacker,,,
4667823,colombia-vs-portugal,https://www.fotmob.com/matches/colombia-vs-portugal/2a883f#4667823,Colombia vs Portugal (2026-06-27T23:30:00.000Z),Colombia,Portugal,2026-06-27T23:30:00.000Z,,Miami Stadium,Alireza Faghani,Full time,0,0,Portugal,Colombia,away,Jaminton Campaz,21,unused_bench,Attacker,,,
4667823,colombia-vs-portugal,https://www.fotmob.com/matches/colombia-vs-portugal/2a883f#4667823,Colombia vs Portugal (2026-06-27T23:30:00.000Z),Colombia,Portugal,2026-06-27T23:30:00.000Z,,Miami Stadium,Alireza Faghani,Full time,0,0,Portugal,Colombia,away,Jorge Carrascal,8,unused_bench,Attacker,,,
4667823,colombia-vs-portugal,https://www.fotmob.com/matches/colombia-vs-portugal/2a883f#4667823,Colombia vs Portugal (2026-06-27T23:30:00.000Z),Colombia,Portugal,2026-06-27T23:30:00.000Z,,Miami Stadium,Alireza Faghani,Full time,0,0,Portugal,Colombia,away,Juan Hernández,19,unused_bench,Attacker,,,
4667823,colombia-vs-portugal,https://www.fotmob.com/matches/colombia-vs-portugal/2a883f#4667823,Colombia vs Portugal (2026-06-27T23:30:00.000Z),Colombia,Portugal,2026-06-27T23:30:00.000Z,,Miami Stadium,Alireza Faghani,Full time,0,0,Portugal,Colombia,away,José Sá,12,unused_bench,Keeper,,,
4667823,colombia-vs-portugal,https://www.fotmob.com/matches/colombia-vs-portugal/2a883f#4667823,Colombia vs Portugal (2026-06-27T23:30:00.000Z),Colombia,Portugal,2026-06-27T23:30:00.000Z,,Miami Stadium,Alireza Faghani,Full time,0,0,Portugal,Colombia,away,Rui Silva,22,unused_bench,Keeper,,,
4667823,colombia-vs-portugal,https://www.fotmob.com/matches/colombia-vs-portugal/2a883f#4667823,Colombia vs Portugal (2026-06-27T23:30:00.000Z),Colombia,Portugal,2026-06-27T23:30:00.000Z,,Miami Stadium,Alireza Faghani,Full time,0,0,Portugal,Colombia,away,Gonçalo Inácio,14,unused_bench,Defender,,,
4667823,colombia-vs-portugal,https://www.fotmob.com/matches/colombia-vs-portugal/2a883f#4667823,Colombia vs Portugal (2026-06-27T23:30:00.000Z),Colombia,Portugal,2026-06-27T23:30:00.000Z,,Miami Stadium,Alireza Faghani,Full time,0,0,Portugal,Colombia,away,Nélson Semedo,2,unused_bench,Defender,,,
4667823,colombia-vs-portugal,https://www.fotmob.com/matches/colombia-vs-portugal/2a883f#4667823,Colombia vs Portugal (2026-06-27T23:30:00.000Z),Colombia,Portugal,2026-06-27T23:30:00.000Z,,Miami Stadium,Alireza Faghani,Full time,0,0,Portugal,Colombia,away,Tomás Araújo,4,unused_bench,Defender,,,
4667823,colombia-vs-portugal,https://www.fotmob.com/matches/colombia-vs-portugal/2a883f#4667823,Colombia vs Portugal (2026-06-27T23:30:00.000Z),Colombia,Portugal,2026-06-27T23:30:00.000Z,,Miami Stadium,Alireza Faghani,Full time,0,0,Portugal,Colombia,away,Bernardo Silva,10,unused_bench,Midfielder,,,
4667823,colombia-vs-portugal,https://www.fotmob.com/matches/colombia-vs-portugal/2a883f#4667823,Colombia vs Portugal (2026-06-27T23:30:00.000Z),Colombia,Portugal,2026-06-27T23:30:00.000Z,,Miami Stadium,Alireza Faghani,Full time,0,0,Portugal,Colombia,away,Francisco Conceição,26,unused_bench,Midfielder,,,
4667823,colombia-vs-portugal,https://www.fotmob.com/matches/colombia-vs-portugal/2a883f#4667823,Colombia vs Portugal (2026-06-27T23:30:00.000Z),Colombia,Portugal,2026-06-27T23:30:00.000Z,,Miami Stadium,Alireza Faghani,Full time,0,0,Portugal,Colombia,away,Trincão,16,unused_bench,Midfielder,,,
4667823,colombia-vs-portugal,https://www.fotmob.com/matches/colombia-vs-portugal/2a883f#4667823,Colombia vs Portugal (2026-06-27T23:30:00.000Z),Colombia,Portugal,2026-06-27T23:30:00.000Z,,Miami Stadium,Alireza Faghani,Full time,0,0,Portugal,Colombia,away,Gonçalo Guedes,19,unused_bench,Attacker,,,
4667823,colombia-vs-portugal,https://www.fotmob.com/matches/colombia-vs-portugal/2a883f#4667823,Colombia vs Portugal (2026-06-27T23:30:00.000Z),Colombia,Portugal,2026-06-27T23:30:00.000Z,,Miami Stadium,Alireza Faghani,Full time,0,0,Portugal,Colombia,away,Gonçalo Ramos,9,unused_bench,Attacker,,,
4667828,ghana-vs-england,https://www.fotmob.com/matches/ghana-vs-england/1wtyve#4667828,England vs Ghana (2026-06-23T20:00:00.000Z),England,Ghana,2026-06-23T20:00:00.000Z,,Boston Stadium,Héctor Saíd Martínez Sorto,Full time,0,0,England,Ghana,home,Nico O'Reilly,3,used_substitute,Defender,6.7,65.0,
4667828,ghana-vs-england,https://www.fotmob.com/matches/ghana-vs-england/1wtyve#4667828,England vs Ghana (2026-06-23T20:00:00.000Z),England,Ghana,2026-06-23T20:00:00.000Z,,Boston Stadium,Héctor Saíd Martínez Sorto,Full time,0,0,England,Ghana,home,Bukayo Saka,7,used_substitute,Attacker,6.3,65.0,
4667828,ghana-vs-england,https://www.fotmob.com/matches/ghana-vs-england/1wtyve#4667828,England vs Ghana (2026-06-23T20:00:00.000Z),England,Ghana,2026-06-23T20:00:00.000Z,,Boston Stadium,Héctor Saíd Martínez Sorto,Full time,0,0,England,Ghana,home,Eberechi Eze,21,used_substitute,Midfielder,6.5,74.0,
4667828,ghana-vs-england,https://www.fotmob.com/matches/ghana-vs-england/1wtyve#4667828,England vs Ghana (2026-06-23T20:00:00.000Z),England,Ghana,2026-06-23T20:00:00.000Z,,Boston Stadium,Héctor Saíd Martínez Sorto,Full time,0,0,England,Ghana,home,Morgan Rogers,17,used_substitute,Midfielder,6.2,74.0,
4667828,ghana-vs-england,https://www.fotmob.com/matches/ghana-vs-england/1wtyve#4667828,England vs Ghana (2026-06-23T20:00:00.000Z),England,Ghana,2026-06-23T20:00:00.000Z,,Boston Stadium,Héctor Saíd Martínez Sorto,Full time,0,0,England,Ghana,home,Marcus Rashford,11,used_substitute,Attacker,,83.0,
4667828,ghana-vs-england,https://www.fotmob.com/matches/ghana-vs-england/1wtyve#4667828,England vs Ghana (2026-06-23T20:00:00.000Z),England,Ghana,2026-06-23T20:00:00.000Z,,Boston Stadium,Héctor Saíd Martínez Sorto,Full time,0,0,Ghana,England,away,Abdul Fatawu,7,used_substitute,Attacker,6.6,66.0,
4667828,ghana-vs-england,https://www.fotmob.com/matches/ghana-vs-england/1wtyve#4667828,England vs Ghana (2026-06-23T20:00:00.000Z),England,Ghana,2026-06-23T20:00:00.000Z,,Boston Stadium,Héctor Saíd Martínez Sorto,Full time,0,0,Ghana,England,away,Prince Adu,25,used_substitute,Attacker,6.0,66.0,
4667828,ghana-vs-england,https://www.fotmob.com/matches/ghana-vs-england/1wtyve#4667828,England vs Ghana (2026-06-23T20:00:00.000Z),England,Ghana,2026-06-23T20:00:00.000Z,,Boston Stadium,Héctor Saíd Martínez Sorto,Full time,0,0,Ghana,England,away,Kojo Peprah Oppong,21,used_substitute,Defender,,87.0,
4667828,ghana-vs-england,https://www.fotmob.com/matches/ghana-vs-england/1wtyve#4667828,England vs Ghana (2026-06-23T20:00:00.000Z),England,Ghana,2026-06-23T20:00:00.000Z,,Boston Stadium,Héctor Saíd Martínez Sorto,Full time,0,0,Ghana,England,away,Abdul Rahman Baba,17,used_substitute,Defender,,90.0,
4667828,ghana-vs-england,https://www.fotmob.com/matches/ghana-vs-england/1wtyve#4667828,England vs Ghana (2026-06-23T20:00:00.000Z),England,Ghana,2026-06-23T20:00:00.000Z,,Boston Stadium,Héctor Saíd Martínez Sorto,Full time,0,0,England,Ghana,home,Dean Henderson,13,unused_bench,Keeper,,,
4667828,ghana-vs-england,https://www.fotmob.com/matches/ghana-vs-england/1wtyve#4667828,England vs Ghana (2026-06-23T20:00:00.000Z),England,Ghana,2026-06-23T20:00:00.000Z,,Boston Stadium,Héctor Saíd Martínez Sorto,Full time,0,0,Ghana,England,away,James Trafford,23,unused_bench,Keeper,,,
4667828,ghana-vs-england,https://www.fotmob.com/matches/ghana-vs-england/1wtyve#4667828,England vs Ghana (2026-06-23T20:00:00.000Z),England,Ghana,2026-06-23T20:00:00.000Z,,Boston Stadium,Héctor Saíd Martínez Sorto,Full time,0,0,Ghana,England,away,Daniel Burn,15,unused_bench,Defender,,,
4667828,ghana-vs-england,https://www.fotmob.com/matches/ghana-vs-england/1wtyve#4667828,England vs Ghana (2026-06-23T20:00:00.000Z),England,Ghana,2026-06-23T20:00:00.000Z,,Boston Stadium,Héctor Saíd Martínez Sorto,Full time,0,0,Ghana,England,away,Jarell Quansah,26,unused_bench,Defender,,,
4667828,ghana-vs-england,https://www.fotmob.com/matches/ghana-vs-england/1wtyve#4667828,England vs Ghana (2026-06-23T20:00:00.000Z),England,Ghana,2026-06-23T20:00:00.000Z,,Boston Stadium,Héctor Saíd Martínez Sorto,Full time,0,0,Ghana,England,away,John Stones,5,unused_bench,Defender,,,
4667828,ghana-vs-england,https://www.fotmob.com/matches/ghana-vs-england/1wtyve#4667828,England vs Ghana (2026-06-23T20:00:00.000Z),England,Ghana,2026-06-23T20:00:00.000Z,,Boston Stadium,Héctor Saíd Martínez Sorto,Full time,0,0,Ghana,England,away,Trevoh Chalobah,12,unused_bench,Defender,,,
4667828,ghana-vs-england,https://www.fotmob.com/matches/ghana-vs-england/1wtyve#4667828,England vs Ghana (2026-06-23T20:00:00.000Z),England,Ghana,2026-06-23T20:00:00.000Z,,Boston Stadium,Héctor Saíd Martínez Sorto,Full time,0,0,Ghana,England,away,Jordan Henderson,14,unused_bench,Midfielder,,,
4667828,ghana-vs-england,https://www.fotmob.com/matches/ghana-vs-england/1wtyve#4667828,England vs Ghana (2026-06-23T20:00:00.000Z),England,Ghana,2026-06-23T20:00:00.000Z,,Boston Stadium,Héctor Saíd Martínez Sorto,Full time,0,0,Ghana,England,away,Kobbie Mainoo,16,unused_bench,Midfielder,,,
4667828,ghana-vs-england,https://www.fotmob.com/matches/ghana-vs-england/1wtyve#4667828,England vs Ghana (2026-06-23T20:00:00.000Z),England,Ghana,2026-06-23T20:00:00.000Z,,Boston Stadium,Héctor Saíd Martínez Sorto,Full time,0,0,Ghana,England,away,Ivan Toney,22,unused_bench,Attacker,,,
4667828,ghana-vs-england,https://www.fotmob.com/matches/ghana-vs-england/1wtyve#4667828,England vs Ghana (2026-06-23T20:00:00.000Z),England,Ghana,2026-06-23T20:00:00.000Z,,Boston Stadium,Héctor Saíd Martínez Sorto,Full time,0,0,Ghana,England,away,Ollie Watkins,19,unused_bench,Attacker,,,
4667828,ghana-vs-england,https://www.fotmob.com/matches/ghana-vs-england/1wtyve#4667828,England vs Ghana (2026-06-23T20:00:00.000Z),England,Ghana,2026-06-23T20:00:00.000Z,,Boston Stadium,Héctor Saíd Martínez Sorto,Full time,0,0,Ghana,England,away,Joseph Anang,12,unused_bench,Keeper,,,
4667828,ghana-vs-england,https://www.fotmob.com/matches/ghana-vs-england/1wtyve#4667828,England vs Ghana (2026-06-23T20:00:00.000Z),England,Ghana,2026-06-23T20:00:00.000Z,,Boston Stadium,Héctor Saíd Martínez Sorto,Full time,0,0,Ghana,England,away,Lawrence Ati-Zigi,1,unused_bench,Keeper,,,
4667828,ghana-vs-england,https://www.fotmob.com/matches/ghana-vs-england/1wtyve#4667828,England vs Ghana (2026-06-23T20:00:00.000Z),England,Ghana,2026-06-23T20:00:00.000Z,,Boston Stadium,Héctor Saíd Martínez Sorto,Full time,0,0,Ghana,England,away,Abdul Mumin,6,unused_bench,Defender,,,
4667828,ghana-vs-england,https://www.fotmob.com/matches/ghana-vs-england/1wtyve#4667828,England vs Ghana (2026-06-23T20:00:00.000Z),England,Ghana,2026-06-23T20:00:00.000Z,,Boston Stadium,Héctor Saíd Martínez Sorto,Full time,0,0,Ghana,England,away,Alidu Seidu,2,unused_bench,Defender,,,
4667828,ghana-vs-england,https://www.fotmob.com/matches/ghana-vs-england/1wtyve#4667828,England vs Ghana (2026-06-23T20:00:00.000Z),England,Ghana,2026-06-23T20:00:00.000Z,,Boston Stadium,Héctor Saíd Martínez Sorto,Full time,0,0,Ghana,England,away,Derrick Luckassen,23,unused_bench,Defender,,,
4667828,ghana-vs-england,https://www.fotmob.com/matches/ghana-vs-england/1wtyve#4667828,England vs Ghana (2026-06-23T20:00:00.000Z),England,Ghana,2026-06-23T20:00:00.000Z,,Boston Stadium,Héctor Saíd Martínez Sorto,Full time,0,0,Ghana,England,away,Christopher Bonsu Baah,13,unused_bench,Midfielder,,,
4667828,ghana-vs-england,https://www.fotmob.com/matches/ghana-vs-england/1wtyve#4667828,England vs Ghana (2026-06-23T20:00:00.000Z),England,Ghana,2026-06-23T20:00:00.000Z,,Boston Stadium,Héctor Saíd Martínez Sorto,Full time,0,0,Ghana,England,away,Elisha Owusu,15,unused_bench,Midfielder,,,
4667828,ghana-vs-england,https://www.fotmob.com/matches/ghana-vs-england/1wtyve#4667828,England vs Ghana (2026-06-23T20:00:00.000Z),England,Ghana,2026-06-23T20:00:00.000Z,,Boston Stadium,Héctor Saíd Martínez Sorto,Full time,0,0,Ghana,England,away,Ernest Nuamah,24,unused_bench,Midfielder,,,
4667828,ghana-vs-england,https://www.fotmob.com/matches/ghana-vs-england/1wtyve#4667828,England vs Ghana (2026-06-23T20:00:00.000Z),England,Ghana,2026-06-23T20:00:00.000Z,,Boston Stadium,Héctor Saíd Martínez Sorto,Full time,0,0,Ghana,England,away,Kamaldeen Sulemana,22,unused_bench,Midfielder,,,
4667828,ghana-vs-england,https://www.fotmob.com/matches/ghana-vs-england/1wtyve#4667828,England vs Ghana (2026-06-23T20:00:00.000Z),England,Ghana,2026-06-23T20:00:00.000Z,,Boston Stadium,Héctor Saíd Martínez Sorto,Full time,0,0,Ghana,England,away,Augustine Boakye,20,unused_bench,Attacker,,,
4667828,ghana-vs-england,https://www.fotmob.com/matches/ghana-vs-england/1wtyve#4667828,England vs Ghana (2026-06-23T20:00:00.000Z),England,Ghana,2026-06-23T20:00:00.000Z,,Boston Stadium,Héctor Saíd Martínez Sorto,Full time,0,0,Ghana,England,away,Brandon Thomas-Asante,10,unused_bench,Attacker,,,
4667824,dr-congo-vs-uzbekistan,https://www.fotmob.com/matches/dr-congo-vs-uzbekistan/1v6daf#4667824,DR Congo vs Uzbekistan (2026-06-27T23:30:00.000Z),DR Congo,Uzbekistan,2026-06-27T23:30:00.000Z,,Atlanta Stadium,Felix Zwayer,Full time,3,1,DR Congo,Uzbekistan,home,Fiston Mayele,19,used_substitute,Attacker,7.2,51.0,
4667824,dr-congo-vs-uzbekistan,https://www.fotmob.com/matches/dr-congo-vs-uzbekistan/1v6daf#4667824,DR Congo vs Uzbekistan (2026-06-27T23:30:00.000Z),DR Congo,Uzbekistan,2026-06-27T23:30:00.000Z,,Atlanta Stadium,Felix Zwayer,Full time,3,1,DR Congo,Uzbekistan,home,Ngal Ayel Mukau,6,used_substitute,Midfielder,6.1,72.0,
4667824,dr-congo-vs-uzbekistan,https://www.fotmob.com/matches/dr-congo-vs-uzbekistan/1v6daf#4667824,DR Congo vs Uzbekistan (2026-06-27T23:30:00.000Z),DR Congo,Uzbekistan,2026-06-27T23:30:00.000Z,,Atlanta Stadium,Felix Zwayer,Full time,3,1,DR Congo,Uzbekistan,home,Meschack Elia,13,used_substitute,Attacker,7.5,72.0,
4667824,dr-congo-vs-uzbekistan,https://www.fotmob.com/matches/dr-congo-vs-uzbekistan/1v6daf#4667824,DR Congo vs Uzbekistan (2026-06-27T23:30:00.000Z),DR Congo,Uzbekistan,2026-06-27T23:30:00.000Z,,Atlanta Stadium,Felix Zwayer,Full time,3,1,DR Congo,Uzbekistan,home,Théo Bongonda,10,used_substitute,Attacker,6.2,72.0,
4667824,dr-congo-vs-uzbekistan,https://www.fotmob.com/matches/dr-congo-vs-uzbekistan/1v6daf#4667824,DR Congo vs Uzbekistan (2026-06-27T23:30:00.000Z),DR Congo,Uzbekistan,2026-06-27T23:30:00.000Z,,Atlanta Stadium,Felix Zwayer,Full time,3,1,DR Congo,Uzbekistan,home,Joris Kayembe Ditu,12,used_substitute,Defender,,83.0,
4667824,dr-congo-vs-uzbekistan,https://www.fotmob.com/matches/dr-congo-vs-uzbekistan/1v6daf#4667824,DR Congo vs Uzbekistan (2026-06-27T23:30:00.000Z),DR Congo,Uzbekistan,2026-06-27T23:30:00.000Z,,Atlanta Stadium,Felix Zwayer,Full time,3,1,Uzbekistan,DR Congo,away,Azizjon Ganiev,19,used_substitute,Midfielder,6.7,58.0,
4667824,dr-congo-vs-uzbekistan,https://www.fotmob.com/matches/dr-congo-vs-uzbekistan/1v6daf#4667824,DR Congo vs Uzbekistan (2026-06-27T23:30:00.000Z),DR Congo,Uzbekistan,2026-06-27T23:30:00.000Z,,Atlanta Stadium,Felix Zwayer,Full time,3,1,Uzbekistan,DR Congo,away,Odildzhon Khamrobekov,9,used_substitute,Midfielder,6.2,58.0,
4667824,dr-congo-vs-uzbekistan,https://www.fotmob.com/matches/dr-congo-vs-uzbekistan/1v6daf#4667824,DR Congo vs Uzbekistan (2026-06-27T23:30:00.000Z),DR Congo,Uzbekistan,2026-06-27T23:30:00.000Z,,Atlanta Stadium,Felix Zwayer,Full time,3,1,Uzbekistan,DR Congo,away,Oston Urunov,11,used_substitute,Midfielder,6.0,73.0,
4667824,dr-congo-vs-uzbekistan,https://www.fotmob.com/matches/dr-congo-vs-uzbekistan/1v6daf#4667824,DR Congo vs Uzbekistan (2026-06-27T23:30:00.000Z),DR Congo,Uzbekistan,2026-06-27T23:30:00.000Z,,Atlanta Stadium,Felix Zwayer,Full time,3,1,Uzbekistan,DR Congo,away,Igor Sergeev,21,used_substitute,Attacker,,82.0,
4667824,dr-congo-vs-uzbekistan,https://www.fotmob.com/matches/dr-congo-vs-uzbekistan/1v6daf#4667824,DR Congo vs Uzbekistan (2026-06-27T23:30:00.000Z),DR Congo,Uzbekistan,2026-06-27T23:30:00.000Z,,Atlanta Stadium,Felix Zwayer,Full time,3,1,Uzbekistan,DR Congo,away,Jamshid Iskandarov,8,used_substitute,Attacker,,82.0,
4667824,dr-congo-vs-uzbekistan,https://www.fotmob.com/matches/dr-congo-vs-uzbekistan/1v6daf#4667824,DR Congo vs Uzbekistan (2026-06-27T23:30:00.000Z),DR Congo,Uzbekistan,2026-06-27T23:30:00.000Z,,Atlanta Stadium,Felix Zwayer,Full time,3,1,DR Congo,Uzbekistan,home,Matthieu Epolo,21,unused_bench,Keeper,,,
4667824,dr-congo-vs-uzbekistan,https://www.fotmob.com/matches/dr-congo-vs-uzbekistan/1v6daf#4667824,DR Congo vs Uzbekistan (2026-06-27T23:30:00.000Z),DR Congo,Uzbekistan,2026-06-27T23:30:00.000Z,,Atlanta Stadium,Felix Zwayer,Full time,3,1,Uzbekistan,DR Congo,away,Timothy Fayulu,16,unused_bench,Keeper,,,
4667824,dr-congo-vs-uzbekistan,https://www.fotmob.com/matches/dr-congo-vs-uzbekistan/1v6daf#4667824,DR Congo vs Uzbekistan (2026-06-27T23:30:00.000Z),DR Congo,Uzbekistan,2026-06-27T23:30:00.000Z,,Atlanta Stadium,Felix Zwayer,Full time,3,1,Uzbekistan,DR Congo,away,Dylan Batubinsika,5,unused_bench,Defender,,,
4667824,dr-congo-vs-uzbekistan,https://www.fotmob.com/matches/dr-congo-vs-uzbekistan/1v6daf#4667824,DR Congo vs Uzbekistan (2026-06-27T23:30:00.000Z),DR Congo,Uzbekistan,2026-06-27T23:30:00.000Z,,Atlanta Stadium,Felix Zwayer,Full time,3,1,Uzbekistan,DR Congo,away,Gédéon Kalulu,24,unused_bench,Defender,,,
4667824,dr-congo-vs-uzbekistan,https://www.fotmob.com/matches/dr-congo-vs-uzbekistan/1v6daf#4667824,DR Congo vs Uzbekistan (2026-06-27T23:30:00.000Z),DR Congo,Uzbekistan,2026-06-27T23:30:00.000Z,,Atlanta Stadium,Felix Zwayer,Full time,3,1,Uzbekistan,DR Congo,away,Steve Kapuadi,3,unused_bench,Defender,,,
4667824,dr-congo-vs-uzbekistan,https://www.fotmob.com/matches/dr-congo-vs-uzbekistan/1v6daf#4667824,DR Congo vs Uzbekistan (2026-06-27T23:30:00.000Z),DR Congo,Uzbekistan,2026-06-27T23:30:00.000Z,,Atlanta Stadium,Felix Zwayer,Full time,3,1,Uzbekistan,DR Congo,away,Aaron Tshibola,15,unused_bench,Midfielder,,,
4667824,dr-congo-vs-uzbekistan,https://www.fotmob.com/matches/dr-congo-vs-uzbekistan/1v6daf#4667824,DR Congo vs Uzbekistan (2026-06-27T23:30:00.000Z),DR Congo,Uzbekistan,2026-06-27T23:30:00.000Z,,Atlanta Stadium,Felix Zwayer,Full time,3,1,Uzbekistan,DR Congo,away,Charles Pickel,18,unused_bench,Midfielder,,,
4667824,dr-congo-vs-uzbekistan,https://www.fotmob.com/matches/dr-congo-vs-uzbekistan/1v6daf#4667824,DR Congo vs Uzbekistan (2026-06-27T23:30:00.000Z),DR Congo,Uzbekistan,2026-06-27T23:30:00.000Z,,Atlanta Stadium,Felix Zwayer,Full time,3,1,Uzbekistan,DR Congo,away,Edo Kayembe,25,unused_bench,Midfielder,,,
4667824,dr-congo-vs-uzbekistan,https://www.fotmob.com/matches/dr-congo-vs-uzbekistan/1v6daf#4667824,DR Congo vs Uzbekistan (2026-06-27T23:30:00.000Z),DR Congo,Uzbekistan,2026-06-27T23:30:00.000Z,,Atlanta Stadium,Felix Zwayer,Full time,3,1,Uzbekistan,DR Congo,away,Gaël Kakuta,11,unused_bench,Attacker,,,
4667824,dr-congo-vs-uzbekistan,https://www.fotmob.com/matches/dr-congo-vs-uzbekistan/1v6daf#4667824,DR Congo vs Uzbekistan (2026-06-27T23:30:00.000Z),DR Congo,Uzbekistan,2026-06-27T23:30:00.000Z,,Atlanta Stadium,Felix Zwayer,Full time,3,1,Uzbekistan,DR Congo,away,Simon Banza,23,unused_bench,Attacker,,,
4667824,dr-congo-vs-uzbekistan,https://www.fotmob.com/matches/dr-congo-vs-uzbekistan/1v6daf#4667824,DR Congo vs Uzbekistan (2026-06-27T23:30:00.000Z),DR Congo,Uzbekistan,2026-06-27T23:30:00.000Z,,Atlanta Stadium,Felix Zwayer,Full time,3,1,Uzbekistan,DR Congo,away,Botirali Ergashev,16,unused_bench,Keeper,,,
4667824,dr-congo-vs-uzbekistan,https://www.fotmob.com/matches/dr-congo-vs-uzbekistan/1v6daf#4667824,DR Congo vs Uzbekistan (2026-06-27T23:30:00.000Z),DR Congo,Uzbekistan,2026-06-27T23:30:00.000Z,,Atlanta Stadium,Felix Zwayer,Full time,3,1,Uzbekistan,DR Congo,away,Utkir Yusupov,1,unused_bench,Keeper,,,
4667824,dr-congo-vs-uzbekistan,https://www.fotmob.com/matches/dr-congo-vs-uzbekistan/1v6daf#4667824,DR Congo vs Uzbekistan (2026-06-27T23:30:00.000Z),DR Congo,Uzbekistan,2026-06-27T23:30:00.000Z,,Atlanta Stadium,Felix Zwayer,Full time,3,1,Uzbekistan,DR Congo,away,Avazbek Ulasmaliev,25,unused_bench,Defender,,,
4667824,dr-congo-vs-uzbekistan,https://www.fotmob.com/matches/dr-congo-vs-uzbekistan/1v6daf#4667824,DR Congo vs Uzbekistan (2026-06-27T23:30:00.000Z),DR Congo,Uzbekistan,2026-06-27T23:30:00.000Z,,Atlanta Stadium,Felix Zwayer,Full time,3,1,Uzbekistan,DR Congo,away,Umar Eshmuradov,15,unused_bench,Defender,,,
4667824,dr-congo-vs-uzbekistan,https://www.fotmob.com/matches/dr-congo-vs-uzbekistan/1v6daf#4667824,DR Congo vs Uzbekistan (2026-06-27T23:30:00.000Z),DR Congo,Uzbekistan,2026-06-27T23:30:00.000Z,,Atlanta Stadium,Felix Zwayer,Full time,3,1,Uzbekistan,DR Congo,away,Abdulla Abdullaev,18,unused_bench,Midfielder,,,
4667824,dr-congo-vs-uzbekistan,https://www.fotmob.com/matches/dr-congo-vs-uzbekistan/1v6daf#4667824,DR Congo vs Uzbekistan (2026-06-27T23:30:00.000Z),DR Congo,Uzbekistan,2026-06-27T23:30:00.000Z,,Atlanta Stadium,Felix Zwayer,Full time,3,1,Uzbekistan,DR Congo,away,Azizbek Amonov,20,unused_bench,Midfielder,,,
4667824,dr-congo-vs-uzbekistan,https://www.fotmob.com/matches/dr-congo-vs-uzbekistan/1v6daf#4667824,DR Congo vs Uzbekistan (2026-06-27T23:30:00.000Z),DR Congo,Uzbekistan,2026-06-27T23:30:00.000Z,,Atlanta Stadium,Felix Zwayer,Full time,3,1,Uzbekistan,DR Congo,away,Behruzjon Karimov,24,unused_bench,Midfielder,,,
4667824,dr-congo-vs-uzbekistan,https://www.fotmob.com/matches/dr-congo-vs-uzbekistan/1v6daf#4667824,DR Congo vs Uzbekistan (2026-06-27T23:30:00.000Z),DR Congo,Uzbekistan,2026-06-27T23:30:00.000Z,,Atlanta Stadium,Felix Zwayer,Full time,3,1,Uzbekistan,DR Congo,away,Farrukh Sayfiev,4,unused_bench,Midfielder,,,
4667824,dr-congo-vs-uzbekistan,https://www.fotmob.com/matches/dr-congo-vs-uzbekistan/1v6daf#4667824,DR Congo vs Uzbekistan (2026-06-27T23:30:00.000Z),DR Congo,Uzbekistan,2026-06-27T23:30:00.000Z,,Atlanta Stadium,Felix Zwayer,Full time,3,1,Uzbekistan,DR Congo,away,Sherzod Esanov,23,unused_bench,Midfielder,,,
4667824,dr-congo-vs-uzbekistan,https://www.fotmob.com/matches/dr-congo-vs-uzbekistan/1v6daf#4667824,DR Congo vs Uzbekistan (2026-06-27T23:30:00.000Z),DR Congo,Uzbekistan,2026-06-27T23:30:00.000Z,,Atlanta Stadium,Felix Zwayer,Full time,3,1,Uzbekistan,DR Congo,away,Ruslanbek Jiyanov,10,unused_bench,Attacker,,,
4653703,paraguay-vs-germany,https://www.fotmob.com/matches/paraguay-vs-germany/1xn26z#4653703,Germany vs Paraguay (2026-06-29T20:30:00.000Z),Germany,Paraguay,2026-06-29T20:30:00.000Z,,Boston Stadium,Jalal Jayed,Pen: 3 - 4,1,1,Germany,Paraguay,home,Leon Goretzka,8,used_substitute,Midfielder,6.2,46.0,
4653703,paraguay-vs-germany,https://www.fotmob.com/matches/paraguay-vs-germany/1xn26z#4653703,Germany vs Paraguay (2026-06-29T20:30:00.000Z),Germany,Paraguay,2026-06-29T20:30:00.000Z,,Boston Stadium,Jalal Jayed,Pen: 3 - 4,1,1,Germany,Paraguay,home,Jamal Musiala,10,used_substitute,Midfielder,6.5,63.0,
4653703,paraguay-vs-germany,https://www.fotmob.com/matches/paraguay-vs-germany/1xn26z#4653703,Germany vs Paraguay (2026-06-29T20:30:00.000Z),Germany,Paraguay,2026-06-29T20:30:00.000Z,,Boston Stadium,Jalal Jayed,Pen: 3 - 4,1,1,Germany,Paraguay,home,Waldemar Anton,3,used_substitute,Defender,6.7,79.0,
4653703,paraguay-vs-germany,https://www.fotmob.com/matches/paraguay-vs-germany/1xn26z#4653703,Germany vs Paraguay (2026-06-29T20:30:00.000Z),Germany,Paraguay,2026-06-29T20:30:00.000Z,,Boston Stadium,Jalal Jayed,Pen: 3 - 4,1,1,Germany,Paraguay,home,Nick Woltemade,11,used_substitute,Attacker,6.5,88.0,
4653703,paraguay-vs-germany,https://www.fotmob.com/matches/paraguay-vs-germany/1xn26z#4653703,Germany vs Paraguay (2026-06-29T20:30:00.000Z),Germany,Paraguay,2026-06-29T20:30:00.000Z,,Boston Stadium,Jalal Jayed,Pen: 3 - 4,1,1,Germany,Paraguay,home,Malick Thiaw,24,used_substitute,Defender,6.1,110.0,
4653703,paraguay-vs-germany,https://www.fotmob.com/matches/paraguay-vs-germany/1xn26z#4653703,Germany vs Paraguay (2026-06-29T20:30:00.000Z),Germany,Paraguay,2026-06-29T20:30:00.000Z,,Boston Stadium,Jalal Jayed,Pen: 3 - 4,1,1,Germany,Paraguay,home,Nadiem Amiri,20,used_substitute,Midfielder,6.1,110.0,
4653703,paraguay-vs-germany,https://www.fotmob.com/matches/paraguay-vs-germany/1xn26z#4653703,Germany vs Paraguay (2026-06-29T20:30:00.000Z),Germany,Paraguay,2026-06-29T20:30:00.000Z,,Boston Stadium,Jalal Jayed,Pen: 3 - 4,1,1,Paraguay,Germany,away,Gustavo Caballero,24,used_substitute,Attacker,6.7,55.0,
4653703,paraguay-vs-germany,https://www.fotmob.com/matches/paraguay-vs-germany/1xn26z#4653703,Germany vs Paraguay (2026-06-29T20:30:00.000Z),Germany,Paraguay,2026-06-29T20:30:00.000Z,,Boston Stadium,Jalal Jayed,Pen: 3 - 4,1,1,Paraguay,Germany,away,Mauricio,11,used_substitute,Midfielder,7.3,57.0,
4653703,paraguay-vs-germany,https://www.fotmob.com/matches/paraguay-vs-germany/1xn26z#4653703,Germany vs Paraguay (2026-06-29T20:30:00.000Z),Germany,Paraguay,2026-06-29T20:30:00.000Z,,Boston Stadium,Jalal Jayed,Pen: 3 - 4,1,1,Paraguay,Germany,away,Gustavo Velázquez,2,used_substitute,Defender,6.3,91.0,
4653703,paraguay-vs-germany,https://www.fotmob.com/matches/paraguay-vs-germany/1xn26z#4653703,Germany vs Paraguay (2026-06-29T20:30:00.000Z),Germany,Paraguay,2026-06-29T20:30:00.000Z,,Boston Stadium,Jalal Jayed,Pen: 3 - 4,1,1,Paraguay,Germany,away,Braian Ojeda,20,used_substitute,Midfielder,6.2,99.0,
4653703,paraguay-vs-germany,https://www.fotmob.com/matches/paraguay-vs-germany/1xn26z#4653703,Germany vs Paraguay (2026-06-29T20:30:00.000Z),Germany,Paraguay,2026-06-29T20:30:00.000Z,,Boston Stadium,Jalal Jayed,Pen: 3 - 4,1,1,Paraguay,Germany,away,Antonio Sanabria,9,used_substitute,Attacker,6.3,99.0,
4653703,paraguay-vs-germany,https://www.fotmob.com/matches/paraguay-vs-germany/1xn26z#4653703,Germany vs Paraguay (2026-06-29T20:30:00.000Z),Germany,Paraguay,2026-06-29T20:30:00.000Z,,Boston Stadium,Jalal Jayed,Pen: 3 - 4,1,1,Paraguay,Germany,away,Fabián Balbuena,5,used_substitute,Defender,,120.0,
4653703,paraguay-vs-germany,https://www.fotmob.com/matches/paraguay-vs-germany/1xn26z#4653703,Germany vs Paraguay (2026-06-29T20:30:00.000Z),Germany,Paraguay,2026-06-29T20:30:00.000Z,,Boston Stadium,Jalal Jayed,Pen: 3 - 4,1,1,Germany,Paraguay,home,Alexander Nübel,21,unused_bench,Keeper,,,
4653703,paraguay-vs-germany,https://www.fotmob.com/matches/paraguay-vs-germany/1xn26z#4653703,Germany vs Paraguay (2026-06-29T20:30:00.000Z),Germany,Paraguay,2026-06-29T20:30:00.000Z,,Boston Stadium,Jalal Jayed,Pen: 3 - 4,1,1,Paraguay,Germany,away,Oliver Baumann,12,unused_bench,Keeper,,,
4653703,paraguay-vs-germany,https://www.fotmob.com/matches/paraguay-vs-germany/1xn26z#4653703,Germany vs Paraguay (2026-06-29T20:30:00.000Z),Germany,Paraguay,2026-06-29T20:30:00.000Z,,Boston Stadium,Jalal Jayed,Pen: 3 - 4,1,1,Paraguay,Germany,away,David Raum,22,unused_bench,Defender,,,
4653703,paraguay-vs-germany,https://www.fotmob.com/matches/paraguay-vs-germany/1xn26z#4653703,Germany vs Paraguay (2026-06-29T20:30:00.000Z),Germany,Paraguay,2026-06-29T20:30:00.000Z,,Boston Stadium,Jalal Jayed,Pen: 3 - 4,1,1,Paraguay,Germany,away,Angelo Stiller,16,unused_bench,Midfielder,,,
4653703,paraguay-vs-germany,https://www.fotmob.com/matches/paraguay-vs-germany/1xn26z#4653703,Germany vs Paraguay (2026-06-29T20:30:00.000Z),Germany,Paraguay,2026-06-29T20:30:00.000Z,,Boston Stadium,Jalal Jayed,Pen: 3 - 4,1,1,Paraguay,Germany,away,Assan Ouédraogo,25,unused_bench,Midfielder,,,
4653703,paraguay-vs-germany,https://www.fotmob.com/matches/paraguay-vs-germany/1xn26z#4653703,Germany vs Paraguay (2026-06-29T20:30:00.000Z),Germany,Paraguay,2026-06-29T20:30:00.000Z,,Boston Stadium,Jalal Jayed,Pen: 3 - 4,1,1,Paraguay,Germany,away,Maximilian Beier,14,unused_bench,Midfielder,,,
4653703,paraguay-vs-germany,https://www.fotmob.com/matches/paraguay-vs-germany/1xn26z#4653703,Germany vs Paraguay (2026-06-29T20:30:00.000Z),Germany,Paraguay,2026-06-29T20:30:00.000Z,,Boston Stadium,Jalal Jayed,Pen: 3 - 4,1,1,Paraguay,Germany,away,Pascal Groß,13,unused_bench,Midfielder,,,
4653703,paraguay-vs-germany,https://www.fotmob.com/matches/paraguay-vs-germany/1xn26z#4653703,Germany vs Paraguay (2026-06-29T20:30:00.000Z),Germany,Paraguay,2026-06-29T20:30:00.000Z,,Boston Stadium,Jalal Jayed,Pen: 3 - 4,1,1,Paraguay,Germany,away,Jamie Leweling,9,unused_bench,Attacker,,,
4653703,paraguay-vs-germany,https://www.fotmob.com/matches/paraguay-vs-germany/1xn26z#4653703,Germany vs Paraguay (2026-06-29T20:30:00.000Z),Germany,Paraguay,2026-06-29T20:30:00.000Z,,Boston Stadium,Jalal Jayed,Pen: 3 - 4,1,1,Paraguay,Germany,away,Gastón Olveira,22,unused_bench,Keeper,,,
4653703,paraguay-vs-germany,https://www.fotmob.com/matches/paraguay-vs-germany/1xn26z#4653703,Germany vs Paraguay (2026-06-29T20:30:00.000Z),Germany,Paraguay,2026-06-29T20:30:00.000Z,,Boston Stadium,Jalal Jayed,Pen: 3 - 4,1,1,Paraguay,Germany,away,Roberto Fernández,1,unused_bench,Keeper,,,
4653703,paraguay-vs-germany,https://www.fotmob.com/matches/paraguay-vs-germany/1xn26z#4653703,Germany vs Paraguay (2026-06-29T20:30:00.000Z),Germany,Paraguay,2026-06-29T20:30:00.000Z,,Boston Stadium,Jalal Jayed,Pen: 3 - 4,1,1,Paraguay,Germany,away,Alexandro Maidana,26,unused_bench,Defender,,,
4653703,paraguay-vs-germany,https://www.fotmob.com/matches/paraguay-vs-germany/1xn26z#4653703,Germany vs Paraguay (2026-06-29T20:30:00.000Z),Germany,Paraguay,2026-06-29T20:30:00.000Z,,Boston Stadium,Jalal Jayed,Pen: 3 - 4,1,1,Paraguay,Germany,away,Omar Alderete,3,unused_bench,Defender,,,
4653703,paraguay-vs-germany,https://www.fotmob.com/matches/paraguay-vs-germany/1xn26z#4653703,Germany vs Paraguay (2026-06-29T20:30:00.000Z),Germany,Paraguay,2026-06-29T20:30:00.000Z,,Boston Stadium,Jalal Jayed,Pen: 3 - 4,1,1,Paraguay,Germany,away,Alejandro Romero,17,unused_bench,Midfielder,,,
4653703,paraguay-vs-germany,https://www.fotmob.com/matches/paraguay-vs-germany/1xn26z#4653703,Germany vs Paraguay (2026-06-29T20:30:00.000Z),Germany,Paraguay,2026-06-29T20:30:00.000Z,,Boston Stadium,Jalal Jayed,Pen: 3 - 4,1,1,Paraguay,Germany,away,Álex Arce,18,unused_bench,Attacker,,,
4653703,paraguay-vs-germany,https://www.fotmob.com/matches/paraguay-vs-germany/1xn26z#4653703,Germany vs Paraguay (2026-06-29T20:30:00.000Z),Germany,Paraguay,2026-06-29T20:30:00.000Z,,Boston Stadium,Jalal Jayed,Pen: 3 - 4,1,1,Paraguay,Germany,away,Isidro Pitta,25,unused_bench,Attacker,,,
4653703,paraguay-vs-germany,https://www.fotmob.com/matches/paraguay-vs-germany/1xn26z#4653703,Germany vs Paraguay (2026-06-29T20:30:00.000Z),Germany,Paraguay,2026-06-29T20:30:00.000Z,,Boston Stadium,Jalal Jayed,Pen: 3 - 4,1,1,Paraguay,Germany,away,Ramón Sosa,7,unused_bench,Attacker,,,
4667816,jordan-vs-argentina,https://www.fotmob.com/matches/jordan-vs-argentina/1aoo0p#4667816,Jordan vs Argentina (2026-06-28T02:00:00.000Z),Jordan,Argentina,2026-06-28T02:00:00.000Z,,Dallas Stadium,István Kovács,Full time,1,3,Jordan,Argentina,home,Mahmoud Al Mardi,13,used_substitute,Midfielder,5.8,46.0,
4667816,jordan-vs-argentina,https://www.fotmob.com/matches/jordan-vs-argentina/1aoo0p#4667816,Jordan vs Argentina (2026-06-28T02:00:00.000Z),Jordan,Argentina,2026-06-28T02:00:00.000Z,,Dallas Stadium,István Kovács,Full time,1,3,Jordan,Argentina,home,Mousa Tamari,10,used_substitute,Midfielder,7.6,46.0,
4667816,jordan-vs-argentina,https://www.fotmob.com/matches/jordan-vs-argentina/1aoo0p#4667816,Jordan vs Argentina (2026-06-28T02:00:00.000Z),Jordan,Argentina,2026-06-28T02:00:00.000Z,,Dallas Stadium,István Kovács,Full time,1,3,Jordan,Argentina,home,Amer Jamous,6,used_substitute,Midfielder,5.9,76.0,
4667816,jordan-vs-argentina,https://www.fotmob.com/matches/jordan-vs-argentina/1aoo0p#4667816,Jordan vs Argentina (2026-06-28T02:00:00.000Z),Jordan,Argentina,2026-06-28T02:00:00.000Z,,Dallas Stadium,István Kovács,Full time,1,3,Jordan,Argentina,home,Saleem Obaid,17,used_substitute,Defender,,90.0,
4667816,jordan-vs-argentina,https://www.fotmob.com/matches/jordan-vs-argentina/1aoo0p#4667816,Jordan vs Argentina (2026-06-28T02:00:00.000Z),Jordan,Argentina,2026-06-28T02:00:00.000Z,,Dallas Stadium,István Kovács,Full time,1,3,Jordan,Argentina,home,Mohammad Abuzraiq,7,used_substitute,Attacker,,90.0,
4667816,jordan-vs-argentina,https://www.fotmob.com/matches/jordan-vs-argentina/1aoo0p#4667816,Jordan vs Argentina (2026-06-28T02:00:00.000Z),Jordan,Argentina,2026-06-28T02:00:00.000Z,,Dallas Stadium,István Kovács,Full time,1,3,Argentina,Jordan,away,Alexis Mac Allister,20,used_substitute,Midfielder,6.9,60.0,
4667816,jordan-vs-argentina,https://www.fotmob.com/matches/jordan-vs-argentina/1aoo0p#4667816,Jordan vs Argentina (2026-06-28T02:00:00.000Z),Jordan,Argentina,2026-06-28T02:00:00.000Z,,Dallas Stadium,István Kovács,Full time,1,3,Argentina,Jordan,away,Thiago Almada,16,used_substitute,Midfielder,6.4,60.0,
4667816,jordan-vs-argentina,https://www.fotmob.com/matches/jordan-vs-argentina/1aoo0p#4667816,Jordan vs Argentina (2026-06-28T02:00:00.000Z),Jordan,Argentina,2026-06-28T02:00:00.000Z,,Dallas Stadium,István Kovács,Full time,1,3,Argentina,Jordan,away,Lionel Messi,10,used_substitute,Attacker,7.7,60.0,
4667816,jordan-vs-argentina,https://www.fotmob.com/matches/jordan-vs-argentina/1aoo0p#4667816,Jordan vs Argentina (2026-06-28T02:00:00.000Z),Jordan,Argentina,2026-06-28T02:00:00.000Z,,Dallas Stadium,István Kovács,Full time,1,3,Argentina,Jordan,away,Valentín Barco,8,used_substitute,Midfielder,6.6,71.0,
4667816,jordan-vs-argentina,https://www.fotmob.com/matches/jordan-vs-argentina/1aoo0p#4667816,Jordan vs Argentina (2026-06-28T02:00:00.000Z),Jordan,Argentina,2026-06-28T02:00:00.000Z,,Dallas Stadium,István Kovács,Full time,1,3,Argentina,Jordan,away,José López,21,used_substitute,Attacker,,82.0,
4667816,jordan-vs-argentina,https://www.fotmob.com/matches/jordan-vs-argentina/1aoo0p#4667816,Jordan vs Argentina (2026-06-28T02:00:00.000Z),Jordan,Argentina,2026-06-28T02:00:00.000Z,,Dallas Stadium,István Kovács,Full time,1,3,Jordan,Argentina,home,Abdullah Al Fakhouri,22,unused_bench,Keeper,,,
4667816,jordan-vs-argentina,https://www.fotmob.com/matches/jordan-vs-argentina/1aoo0p#4667816,Jordan vs Argentina (2026-06-28T02:00:00.000Z),Jordan,Argentina,2026-06-28T02:00:00.000Z,,Dallas Stadium,István Kovács,Full time,1,3,Argentina,Jordan,away,Nour Bani Attiah,12,unused_bench,Keeper,,,
4667816,jordan-vs-argentina,https://www.fotmob.com/matches/jordan-vs-argentina/1aoo0p#4667816,Jordan vs Argentina (2026-06-28T02:00:00.000Z),Jordan,Argentina,2026-06-28T02:00:00.000Z,,Dallas Stadium,István Kovács,Full time,1,3,Argentina,Jordan,away,Anas Badawi,26,unused_bench,Defender,,,
4667816,jordan-vs-argentina,https://www.fotmob.com/matches/jordan-vs-argentina/1aoo0p#4667816,Jordan vs Argentina (2026-06-28T02:00:00.000Z),Jordan,Argentina,2026-06-28T02:00:00.000Z,,Dallas Stadium,István Kovács,Full time,1,3,Argentina,Jordan,away,Mo Abualnadi,16,unused_bench,Defender,,,
4667816,jordan-vs-argentina,https://www.fotmob.com/matches/jordan-vs-argentina/1aoo0p#4667816,Jordan vs Argentina (2026-06-28T02:00:00.000Z),Jordan,Argentina,2026-06-28T02:00:00.000Z,,Dallas Stadium,István Kovács,Full time,1,3,Argentina,Jordan,away,Mohammad Abu Ghoush,18,unused_bench,Defender,,,
4667816,jordan-vs-argentina,https://www.fotmob.com/matches/jordan-vs-argentina/1aoo0p#4667816,Jordan vs Argentina (2026-06-28T02:00:00.000Z),Jordan,Argentina,2026-06-28T02:00:00.000Z,,Dallas Stadium,István Kovács,Full time,1,3,Argentina,Jordan,away,Saed Al-Rosan,19,unused_bench,Defender,,,
4667816,jordan-vs-argentina,https://www.fotmob.com/matches/jordan-vs-argentina/1aoo0p#4667816,Jordan vs Argentina (2026-06-28T02:00:00.000Z),Jordan,Argentina,2026-06-28T02:00:00.000Z,,Dallas Stadium,István Kovács,Full time,1,3,Argentina,Jordan,away,Ibrahim Saadeh,15,unused_bench,Midfielder,,,
4667816,jordan-vs-argentina,https://www.fotmob.com/matches/jordan-vs-argentina/1aoo0p#4667816,Jordan vs Argentina (2026-06-28T02:00:00.000Z),Jordan,Argentina,2026-06-28T02:00:00.000Z,,Dallas Stadium,István Kovács,Full time,1,3,Argentina,Jordan,away,Mohammad Abu Hasheesh,2,unused_bench,Midfielder,,,
4667816,jordan-vs-argentina,https://www.fotmob.com/matches/jordan-vs-argentina/1aoo0p#4667816,Jordan vs Argentina (2026-06-28T02:00:00.000Z),Jordan,Argentina,2026-06-28T02:00:00.000Z,,Dallas Stadium,István Kovács,Full time,1,3,Argentina,Jordan,away,Mohammad Al-Daoud,25,unused_bench,Midfielder,,,
4667816,jordan-vs-argentina,https://www.fotmob.com/matches/jordan-vs-argentina/1aoo0p#4667816,Jordan vs Argentina (2026-06-28T02:00:00.000Z),Jordan,Argentina,2026-06-28T02:00:00.000Z,,Dallas Stadium,István Kovács,Full time,1,3,Argentina,Jordan,away,Rajaei Ayed,14,unused_bench,Midfielder,,,
4667816,jordan-vs-argentina,https://www.fotmob.com/matches/jordan-vs-argentina/1aoo0p#4667816,Jordan vs Argentina (2026-06-28T02:00:00.000Z),Jordan,Argentina,2026-06-28T02:00:00.000Z,,Dallas Stadium,István Kovács,Full time,1,3,Argentina,Jordan,away,Gerónimo Rulli,12,unused_bench,Keeper,,,
4667816,jordan-vs-argentina,https://www.fotmob.com/matches/jordan-vs-argentina/1aoo0p#4667816,Jordan vs Argentina (2026-06-28T02:00:00.000Z),Jordan,Argentina,2026-06-28T02:00:00.000Z,,Dallas Stadium,István Kovács,Full time,1,3,Argentina,Jordan,away,Juan Musso,1,unused_bench,Keeper,,,
4667816,jordan-vs-argentina,https://www.fotmob.com/matches/jordan-vs-argentina/1aoo0p#4667816,Jordan vs Argentina (2026-06-28T02:00:00.000Z),Jordan,Argentina,2026-06-28T02:00:00.000Z,,Dallas Stadium,István Kovács,Full time,1,3,Argentina,Jordan,away,Cristian Romero,13,unused_bench,Defender,,,
4667816,jordan-vs-argentina,https://www.fotmob.com/matches/jordan-vs-argentina/1aoo0p#4667816,Jordan vs Argentina (2026-06-28T02:00:00.000Z),Jordan,Argentina,2026-06-28T02:00:00.000Z,,Dallas Stadium,István Kovács,Full time,1,3,Argentina,Jordan,away,Facundo Medina,25,unused_bench,Defender,,,
4667816,jordan-vs-argentina,https://www.fotmob.com/matches/jordan-vs-argentina/1aoo0p#4667816,Jordan vs Argentina (2026-06-28T02:00:00.000Z),Jordan,Argentina,2026-06-28T02:00:00.000Z,,Dallas Stadium,István Kovács,Full time,1,3,Argentina,Jordan,away,Gonzalo Montiel,4,unused_bench,Defender,,,
4667816,jordan-vs-argentina,https://www.fotmob.com/matches/jordan-vs-argentina/1aoo0p#4667816,Jordan vs Argentina (2026-06-28T02:00:00.000Z),Jordan,Argentina,2026-06-28T02:00:00.000Z,,Dallas Stadium,István Kovács,Full time,1,3,Argentina,Jordan,away,Lisandro Martínez,6,unused_bench,Defender,,,
4667816,jordan-vs-argentina,https://www.fotmob.com/matches/jordan-vs-argentina/1aoo0p#4667816,Jordan vs Argentina (2026-06-28T02:00:00.000Z),Jordan,Argentina,2026-06-28T02:00:00.000Z,,Dallas Stadium,István Kovács,Full time,1,3,Argentina,Jordan,away,Nahuel Molina,26,unused_bench,Defender,,,
4667816,jordan-vs-argentina,https://www.fotmob.com/matches/jordan-vs-argentina/1aoo0p#4667816,Jordan vs Argentina (2026-06-28T02:00:00.000Z),Jordan,Argentina,2026-06-28T02:00:00.000Z,,Dallas Stadium,István Kovács,Full time,1,3,Argentina,Jordan,away,Enzo Fernández,24,unused_bench,Midfielder,,,
4667816,jordan-vs-argentina,https://www.fotmob.com/matches/jordan-vs-argentina/1aoo0p#4667816,Jordan vs Argentina (2026-06-28T02:00:00.000Z),Jordan,Argentina,2026-06-28T02:00:00.000Z,,Dallas Stadium,István Kovács,Full time,1,3,Argentina,Jordan,away,Nicolás González,15,unused_bench,Midfielder,,,
4667816,jordan-vs-argentina,https://www.fotmob.com/matches/jordan-vs-argentina/1aoo0p#4667816,Jordan vs Argentina (2026-06-28T02:00:00.000Z),Jordan,Argentina,2026-06-28T02:00:00.000Z,,Dallas Stadium,István Kovács,Full time,1,3,Argentina,Jordan,away,Rodrigo De Paul,7,unused_bench,Midfielder,,,
4667808,france-vs-norway,https://www.fotmob.com/matches/france-vs-norway/1wx88k#4667808,Norway vs France (2026-06-26T19:00:00.000Z),Norway,France,2026-06-26T19:00:00.000Z,,Boston Stadium,Michael Oliver,Full time,1,4,Norway,France,home,Marcus Holmgren Pedersen,16,used_substitute,Midfielder,6.3,46.0,
4667808,france-vs-norway,https://www.fotmob.com/matches/france-vs-norway/1wx88k#4667808,Norway vs France (2026-06-26T19:00:00.000Z),Norway,France,2026-06-26T19:00:00.000Z,,Boston Stadium,Michael Oliver,Full time,1,4,Norway,France,home,Morten Thorsby,2,used_substitute,Midfielder,6.0,46.0,
4667808,france-vs-norway,https://www.fotmob.com/matches/france-vs-norway/1wx88k#4667808,Norway vs France (2026-06-26T19:00:00.000Z),Norway,France,2026-06-26T19:00:00.000Z,,Boston Stadium,Michael Oliver,Full time,1,4,Norway,France,home,Sondre Klingen Langås,24,used_substitute,Defender,6.0,66.0,
4667808,france-vs-norway,https://www.fotmob.com/matches/france-vs-norway/1wx88k#4667808,Norway vs France (2026-06-26T19:00:00.000Z),Norway,France,2026-06-26T19:00:00.000Z,,Boston Stadium,Michael Oliver,Full time,1,4,Norway,France,home,Antonio Nusa,20,used_substitute,Attacker,,83.0,
4667808,france-vs-norway,https://www.fotmob.com/matches/france-vs-norway/1wx88k#4667808,Norway vs France (2026-06-26T19:00:00.000Z),Norway,France,2026-06-26T19:00:00.000Z,,Boston Stadium,Michael Oliver,Full time,1,4,Norway,France,home,Jens Petter Hauge,23,used_substitute,Attacker,,83.0,
4667808,france-vs-norway,https://www.fotmob.com/matches/france-vs-norway/1wx88k#4667808,Norway vs France (2026-06-26T19:00:00.000Z),Norway,France,2026-06-26T19:00:00.000Z,,Boston Stadium,Michael Oliver,Full time,1,4,France,Norway,away,Rayan Cherki,24,used_substitute,Midfielder,6.3,65.0,
4667808,france-vs-norway,https://www.fotmob.com/matches/france-vs-norway/1wx88k#4667808,Norway vs France (2026-06-26T19:00:00.000Z),Norway,France,2026-06-26T19:00:00.000Z,,Boston Stadium,Michael Oliver,Full time,1,4,France,Norway,away,Bradley Barcola,12,used_substitute,Attacker,7.5,65.0,
4667808,france-vs-norway,https://www.fotmob.com/matches/france-vs-norway/1wx88k#4667808,Norway vs France (2026-06-26T19:00:00.000Z),Norway,France,2026-06-26T19:00:00.000Z,,Boston Stadium,Michael Oliver,Full time,1,4,France,Norway,away,Ibrahima Konaté,15,used_substitute,Defender,6.5,76.0,
4667808,france-vs-norway,https://www.fotmob.com/matches/france-vs-norway/1wx88k#4667808,Norway vs France (2026-06-26T19:00:00.000Z),Norway,France,2026-06-26T19:00:00.000Z,,Boston Stadium,Michael Oliver,Full time,1,4,France,Norway,away,Malo Gusto,2,used_substitute,Defender,,86.0,
4667808,france-vs-norway,https://www.fotmob.com/matches/france-vs-norway/1wx88k#4667808,Norway vs France (2026-06-26T19:00:00.000Z),Norway,France,2026-06-26T19:00:00.000Z,,Boston Stadium,Michael Oliver,Full time,1,4,France,Norway,away,Jean-Philippe Mateta,22,used_substitute,Attacker,,86.0,
4667808,france-vs-norway,https://www.fotmob.com/matches/france-vs-norway/1wx88k#4667808,Norway vs France (2026-06-26T19:00:00.000Z),Norway,France,2026-06-26T19:00:00.000Z,,Boston Stadium,Michael Oliver,Full time,1,4,Norway,France,home,Ørjan Håskjold Nyland,1,unused_bench,Keeper,,,
4667808,france-vs-norway,https://www.fotmob.com/matches/france-vs-norway/1wx88k#4667808,Norway vs France (2026-06-26T19:00:00.000Z),Norway,France,2026-06-26T19:00:00.000Z,,Boston Stadium,Michael Oliver,Full time,1,4,France,Norway,away,Sander Tangvik,12,unused_bench,Keeper,,,
4667808,france-vs-norway,https://www.fotmob.com/matches/france-vs-norway/1wx88k#4667808,Norway vs France (2026-06-26T19:00:00.000Z),Norway,France,2026-06-26T19:00:00.000Z,,Boston Stadium,Michael Oliver,Full time,1,4,France,Norway,away,David Møller Wolfe,5,unused_bench,Defender,,,
4667808,france-vs-norway,https://www.fotmob.com/matches/france-vs-norway/1wx88k#4667808,Norway vs France (2026-06-26T19:00:00.000Z),Norway,France,2026-06-26T19:00:00.000Z,,Boston Stadium,Michael Oliver,Full time,1,4,France,Norway,away,Kristoffer Ajer,3,unused_bench,Defender,,,
4667808,france-vs-norway,https://www.fotmob.com/matches/france-vs-norway/1wx88k#4667808,Norway vs France (2026-06-26T19:00:00.000Z),Norway,France,2026-06-26T19:00:00.000Z,,Boston Stadium,Michael Oliver,Full time,1,4,France,Norway,away,Torbjørn Heggem,17,unused_bench,Defender,,,
4667808,france-vs-norway,https://www.fotmob.com/matches/france-vs-norway/1wx88k#4667808,Norway vs France (2026-06-26T19:00:00.000Z),Norway,France,2026-06-26T19:00:00.000Z,,Boston Stadium,Michael Oliver,Full time,1,4,France,Norway,away,Julian Ryerson,26,unused_bench,Midfielder,,,
4667808,france-vs-norway,https://www.fotmob.com/matches/france-vs-norway/1wx88k#4667808,Norway vs France (2026-06-26T19:00:00.000Z),Norway,France,2026-06-26T19:00:00.000Z,,Boston Stadium,Michael Oliver,Full time,1,4,France,Norway,away,Martin Ødegaard,10,unused_bench,Midfielder,,,
4667808,france-vs-norway,https://www.fotmob.com/matches/france-vs-norway/1wx88k#4667808,Norway vs France (2026-06-26T19:00:00.000Z),Norway,France,2026-06-26T19:00:00.000Z,,Boston Stadium,Michael Oliver,Full time,1,4,France,Norway,away,Sander Berge,8,unused_bench,Midfielder,,,
4667808,france-vs-norway,https://www.fotmob.com/matches/france-vs-norway/1wx88k#4667808,Norway vs France (2026-06-26T19:00:00.000Z),Norway,France,2026-06-26T19:00:00.000Z,,Boston Stadium,Michael Oliver,Full time,1,4,France,Norway,away,Alexander Sørloth,7,unused_bench,Attacker,,,
4667808,france-vs-norway,https://www.fotmob.com/matches/france-vs-norway/1wx88k#4667808,Norway vs France (2026-06-26T19:00:00.000Z),Norway,France,2026-06-26T19:00:00.000Z,,Boston Stadium,Michael Oliver,Full time,1,4,France,Norway,away,Erling Haaland,9,unused_bench,Attacker,,,
4667808,france-vs-norway,https://www.fotmob.com/matches/france-vs-norway/1wx88k#4667808,Norway vs France (2026-06-26T19:00:00.000Z),Norway,France,2026-06-26T19:00:00.000Z,,Boston Stadium,Michael Oliver,Full time,1,4,France,Norway,away,Brice Samba,1,unused_bench,Keeper,,,
4667808,france-vs-norway,https://www.fotmob.com/matches/france-vs-norway/1wx88k#4667808,Norway vs France (2026-06-26T19:00:00.000Z),Norway,France,2026-06-26T19:00:00.000Z,,Boston Stadium,Michael Oliver,Full time,1,4,France,Norway,away,Robin Risser,23,unused_bench,Keeper,,,
4667808,france-vs-norway,https://www.fotmob.com/matches/france-vs-norway/1wx88k#4667808,Norway vs France (2026-06-26T19:00:00.000Z),Norway,France,2026-06-26T19:00:00.000Z,,Boston Stadium,Michael Oliver,Full time,1,4,France,Norway,away,Lucas Digne,3,unused_bench,Defender,,,
4667808,france-vs-norway,https://www.fotmob.com/matches/france-vs-norway/1wx88k#4667808,Norway vs France (2026-06-26T19:00:00.000Z),Norway,France,2026-06-26T19:00:00.000Z,,Boston Stadium,Michael Oliver,Full time,1,4,France,Norway,away,Lucas Hernández,21,unused_bench,Defender,,,
4667808,france-vs-norway,https://www.fotmob.com/matches/france-vs-norway/1wx88k#4667808,Norway vs France (2026-06-26T19:00:00.000Z),Norway,France,2026-06-26T19:00:00.000Z,,Boston Stadium,Michael Oliver,Full time,1,4,France,Norway,away,William Saliba,17,unused_bench,Defender,,,
4667808,france-vs-norway,https://www.fotmob.com/matches/france-vs-norway/1wx88k#4667808,Norway vs France (2026-06-26T19:00:00.000Z),Norway,France,2026-06-26T19:00:00.000Z,,Boston Stadium,Michael Oliver,Full time,1,4,France,Norway,away,Adrien Rabiot,14,unused_bench,Midfielder,,,
4667808,france-vs-norway,https://www.fotmob.com/matches/france-vs-norway/1wx88k#4667808,Norway vs France (2026-06-26T19:00:00.000Z),Norway,France,2026-06-26T19:00:00.000Z,,Boston Stadium,Michael Oliver,Full time,1,4,France,Norway,away,N'Golo Kanté,13,unused_bench,Midfielder,,,
4667808,france-vs-norway,https://www.fotmob.com/matches/france-vs-norway/1wx88k#4667808,Norway vs France (2026-06-26T19:00:00.000Z),Norway,France,2026-06-26T19:00:00.000Z,,Boston Stadium,Michael Oliver,Full time,1,4,France,Norway,away,Warren Zaïre-Emery,18,unused_bench,Midfielder,,,
4667808,france-vs-norway,https://www.fotmob.com/matches/france-vs-norway/1wx88k#4667808,Norway vs France (2026-06-26T19:00:00.000Z),Norway,France,2026-06-26T19:00:00.000Z,,Boston Stadium,Michael Oliver,Full time,1,4,France,Norway,away,Maghnes Akliouche,25,unused_bench,Attacker,,,
4667808,france-vs-norway,https://www.fotmob.com/matches/france-vs-norway/1wx88k#4667808,Norway vs France (2026-06-26T19:00:00.000Z),Norway,France,2026-06-26T19:00:00.000Z,,Boston Stadium,Michael Oliver,Full time,1,4,France,Norway,away,Marcus Thuram,9,unused_bench,Attacker,,,
4667806,senegal-vs-norway,https://www.fotmob.com/matches/senegal-vs-norway/1tzewo#4667806,Norway vs Senegal (2026-06-23T00:00:00.000Z),Norway,Senegal,2026-06-23T00:00:00.000Z,,New York New Jersey Stadium,Wilton Pereira Sampaio,Full time,3,2,Norway,Senegal,home,Marcus Holmgren Pedersen,16,used_substitute,Midfielder,7.4,13.0,
4667806,senegal-vs-norway,https://www.fotmob.com/matches/senegal-vs-norway/1tzewo#4667806,Norway vs Senegal (2026-06-23T00:00:00.000Z),Norway,Senegal,2026-06-23T00:00:00.000Z,,New York New Jersey Stadium,Wilton Pereira Sampaio,Full time,3,2,Norway,Senegal,home,Patrick Berg,6,used_substitute,Midfielder,7.4,46.0,
4667806,senegal-vs-norway,https://www.fotmob.com/matches/senegal-vs-norway/1tzewo#4667806,Norway vs Senegal (2026-06-23T00:00:00.000Z),Norway,Senegal,2026-06-23T00:00:00.000Z,,New York New Jersey Stadium,Wilton Pereira Sampaio,Full time,3,2,Norway,Senegal,home,Andreas Schjelderup,21,used_substitute,Attacker,6.4,71.0,
4667806,senegal-vs-norway,https://www.fotmob.com/matches/senegal-vs-norway/1tzewo#4667806,Norway vs Senegal (2026-06-23T00:00:00.000Z),Norway,Senegal,2026-06-23T00:00:00.000Z,,New York New Jersey Stadium,Wilton Pereira Sampaio,Full time,3,2,Norway,Senegal,home,Leo Østigard,4,used_substitute,Defender,,84.0,
4667806,senegal-vs-norway,https://www.fotmob.com/matches/senegal-vs-norway/1tzewo#4667806,Norway vs Senegal (2026-06-23T00:00:00.000Z),Norway,Senegal,2026-06-23T00:00:00.000Z,,New York New Jersey Stadium,Wilton Pereira Sampaio,Full time,3,2,Norway,Senegal,home,Oscar Bobb,22,used_substitute,Attacker,,84.0,
4667806,senegal-vs-norway,https://www.fotmob.com/matches/senegal-vs-norway/1tzewo#4667806,Norway vs Senegal (2026-06-23T00:00:00.000Z),Norway,Senegal,2026-06-23T00:00:00.000Z,,New York New Jersey Stadium,Wilton Pereira Sampaio,Full time,3,2,Senegal,Norway,away,Ismail Jakobs,14,used_substitute,Defender,6.4,54.0,
4667806,senegal-vs-norway,https://www.fotmob.com/matches/senegal-vs-norway/1tzewo#4667806,Norway vs Senegal (2026-06-23T00:00:00.000Z),Norway,Senegal,2026-06-23T00:00:00.000Z,,New York New Jersey Stadium,Wilton Pereira Sampaio,Full time,3,2,Senegal,Norway,away,Ibrahim Mbaye,20,used_substitute,Attacker,7.1,54.0,
4667806,senegal-vs-norway,https://www.fotmob.com/matches/senegal-vs-norway/1tzewo#4667806,Norway vs Senegal (2026-06-23T00:00:00.000Z),Norway,Senegal,2026-06-23T00:00:00.000Z,,New York New Jersey Stadium,Wilton Pereira Sampaio,Full time,3,2,Senegal,Norway,away,Mory Diaw,23,used_substitute,Keeper,6.3,63.0,
4667806,senegal-vs-norway,https://www.fotmob.com/matches/senegal-vs-norway/1tzewo#4667806,Norway vs Senegal (2026-06-23T00:00:00.000Z),Norway,Senegal,2026-06-23T00:00:00.000Z,,New York New Jersey Stadium,Wilton Pereira Sampaio,Full time,3,2,Senegal,Norway,away,Pathé Ciss,6,used_substitute,Midfielder,6.7,63.0,
4667806,senegal-vs-norway,https://www.fotmob.com/matches/senegal-vs-norway/1tzewo#4667806,Norway vs Senegal (2026-06-23T00:00:00.000Z),Norway,Senegal,2026-06-23T00:00:00.000Z,,New York New Jersey Stadium,Wilton Pereira Sampaio,Full time,3,2,Senegal,Norway,away,Pape Sarr,17,used_substitute,Midfielder,6.2,72.0,
4667806,senegal-vs-norway,https://www.fotmob.com/matches/senegal-vs-norway/1tzewo#4667806,Norway vs Senegal (2026-06-23T00:00:00.000Z),Norway,Senegal,2026-06-23T00:00:00.000Z,,New York New Jersey Stadium,Wilton Pereira Sampaio,Full time,3,2,Norway,Senegal,home,Egil Selvik,13,unused_bench,Keeper,,,
4667806,senegal-vs-norway,https://www.fotmob.com/matches/senegal-vs-norway/1tzewo#4667806,Norway vs Senegal (2026-06-23T00:00:00.000Z),Norway,Senegal,2026-06-23T00:00:00.000Z,,New York New Jersey Stadium,Wilton Pereira Sampaio,Full time,3,2,Senegal,Norway,away,Sander Tangvik,12,unused_bench,Keeper,,,
4667806,senegal-vs-norway,https://www.fotmob.com/matches/senegal-vs-norway/1tzewo#4667806,Norway vs Senegal (2026-06-23T00:00:00.000Z),Norway,Senegal,2026-06-23T00:00:00.000Z,,New York New Jersey Stadium,Wilton Pereira Sampaio,Full time,3,2,Senegal,Norway,away,Fredrik André Bjørkan,15,unused_bench,Defender,,,
4667806,senegal-vs-norway,https://www.fotmob.com/matches/senegal-vs-norway/1tzewo#4667806,Norway vs Senegal (2026-06-23T00:00:00.000Z),Norway,Senegal,2026-06-23T00:00:00.000Z,,New York New Jersey Stadium,Wilton Pereira Sampaio,Full time,3,2,Senegal,Norway,away,Henrik Falchener,25,unused_bench,Defender,,,
4667806,senegal-vs-norway,https://www.fotmob.com/matches/senegal-vs-norway/1tzewo#4667806,Norway vs Senegal (2026-06-23T00:00:00.000Z),Norway,Senegal,2026-06-23T00:00:00.000Z,,New York New Jersey Stadium,Wilton Pereira Sampaio,Full time,3,2,Senegal,Norway,away,Sondre Klingen Langås,24,unused_bench,Defender,,,
4667806,senegal-vs-norway,https://www.fotmob.com/matches/senegal-vs-norway/1tzewo#4667806,Norway vs Senegal (2026-06-23T00:00:00.000Z),Norway,Senegal,2026-06-23T00:00:00.000Z,,New York New Jersey Stadium,Wilton Pereira Sampaio,Full time,3,2,Senegal,Norway,away,Kristian Thorstvedt,18,unused_bench,Midfielder,,,
4667806,senegal-vs-norway,https://www.fotmob.com/matches/senegal-vs-norway/1tzewo#4667806,Norway vs Senegal (2026-06-23T00:00:00.000Z),Norway,Senegal,2026-06-23T00:00:00.000Z,,New York New Jersey Stadium,Wilton Pereira Sampaio,Full time,3,2,Senegal,Norway,away,Morten Thorsby,2,unused_bench,Midfielder,,,
4667806,senegal-vs-norway,https://www.fotmob.com/matches/senegal-vs-norway/1tzewo#4667806,Norway vs Senegal (2026-06-23T00:00:00.000Z),Norway,Senegal,2026-06-23T00:00:00.000Z,,New York New Jersey Stadium,Wilton Pereira Sampaio,Full time,3,2,Senegal,Norway,away,Thelo Aasgaard,19,unused_bench,Midfielder,,,
4667806,senegal-vs-norway,https://www.fotmob.com/matches/senegal-vs-norway/1tzewo#4667806,Norway vs Senegal (2026-06-23T00:00:00.000Z),Norway,Senegal,2026-06-23T00:00:00.000Z,,New York New Jersey Stadium,Wilton Pereira Sampaio,Full time,3,2,Senegal,Norway,away,Jens Petter Hauge,23,unused_bench,Attacker,,,
4667806,senegal-vs-norway,https://www.fotmob.com/matches/senegal-vs-norway/1tzewo#4667806,Norway vs Senegal (2026-06-23T00:00:00.000Z),Norway,Senegal,2026-06-23T00:00:00.000Z,,New York New Jersey Stadium,Wilton Pereira Sampaio,Full time,3,2,Senegal,Norway,away,Jørgen Strand Larsen,11,unused_bench,Attacker,,,
4667806,senegal-vs-norway,https://www.fotmob.com/matches/senegal-vs-norway/1tzewo#4667806,Norway vs Senegal (2026-06-23T00:00:00.000Z),Norway,Senegal,2026-06-23T00:00:00.000Z,,New York New Jersey Stadium,Wilton Pereira Sampaio,Full time,3,2,Senegal,Norway,away,Yehvann Diouf,1,unused_bench,Keeper,,,
4667806,senegal-vs-norway,https://www.fotmob.com/matches/senegal-vs-norway/1tzewo#4667806,Norway vs Senegal (2026-06-23T00:00:00.000Z),Norway,Senegal,2026-06-23T00:00:00.000Z,,New York New Jersey Stadium,Wilton Pereira Sampaio,Full time,3,2,Senegal,Norway,away,Abdoulaye Seck,4,unused_bench,Defender,,,
4667806,senegal-vs-norway,https://www.fotmob.com/matches/senegal-vs-norway/1tzewo#4667806,Norway vs Senegal (2026-06-23T00:00:00.000Z),Norway,Senegal,2026-06-23T00:00:00.000Z,,New York New Jersey Stadium,Wilton Pereira Sampaio,Full time,3,2,Senegal,Norway,away,Antoine Mendy,24,unused_bench,Defender,,,
4667806,senegal-vs-norway,https://www.fotmob.com/matches/senegal-vs-norway/1tzewo#4667806,Norway vs Senegal (2026-06-23T00:00:00.000Z),Norway,Senegal,2026-06-23T00:00:00.000Z,,New York New Jersey Stadium,Wilton Pereira Sampaio,Full time,3,2,Senegal,Norway,away,Mamadou Sarr,2,unused_bench,Defender,,,
4667806,senegal-vs-norway,https://www.fotmob.com/matches/senegal-vs-norway/1tzewo#4667806,Norway vs Senegal (2026-06-23T00:00:00.000Z),Norway,Senegal,2026-06-23T00:00:00.000Z,,New York New Jersey Stadium,Wilton Pereira Sampaio,Full time,3,2,Senegal,Norway,away,Bara Ndiaye,22,unused_bench,Midfielder,,,
4667806,senegal-vs-norway,https://www.fotmob.com/matches/senegal-vs-norway/1tzewo#4667806,Norway vs Senegal (2026-06-23T00:00:00.000Z),Norway,Senegal,2026-06-23T00:00:00.000Z,,New York New Jersey Stadium,Wilton Pereira Sampaio,Full time,3,2,Senegal,Norway,away,Habib Diarra,21,unused_bench,Midfielder,,,
4667806,senegal-vs-norway,https://www.fotmob.com/matches/senegal-vs-norway/1tzewo#4667806,Norway vs Senegal (2026-06-23T00:00:00.000Z),Norway,Senegal,2026-06-23T00:00:00.000Z,,New York New Jersey Stadium,Wilton Pereira Sampaio,Full time,3,2,Senegal,Norway,away,Assane Diao,7,unused_bench,Attacker,,,
4667806,senegal-vs-norway,https://www.fotmob.com/matches/senegal-vs-norway/1tzewo#4667806,Norway vs Senegal (2026-06-23T00:00:00.000Z),Norway,Senegal,2026-06-23T00:00:00.000Z,,New York New Jersey Stadium,Wilton Pereira Sampaio,Full time,3,2,Senegal,Norway,away,Bamba Dieng,9,unused_bench,Attacker,,,
4667806,senegal-vs-norway,https://www.fotmob.com/matches/senegal-vs-norway/1tzewo#4667806,Norway vs Senegal (2026-06-23T00:00:00.000Z),Norway,Senegal,2026-06-23T00:00:00.000Z,,New York New Jersey Stadium,Wilton Pereira Sampaio,Full time,3,2,Senegal,Norway,away,Cherif Ndiaye,12,unused_bench,Attacker,,,
4667806,senegal-vs-norway,https://www.fotmob.com/matches/senegal-vs-norway/1tzewo#4667806,Norway vs Senegal (2026-06-23T00:00:00.000Z),Norway,Senegal,2026-06-23T00:00:00.000Z,,New York New Jersey Stadium,Wilton Pereira Sampaio,Full time,3,2,Senegal,Norway,away,Iliman Ndiaye,13,unused_bench,Attacker,,,
4667809,iraq-vs-senegal,https://www.fotmob.com/matches/iraq-vs-senegal/18f0co#4667809,Senegal vs Iraq (2026-06-26T19:00:00.000Z),Senegal,Iraq,2026-06-26T19:00:00.000Z,,Toronto Stadium,Anthony Taylor,Full time,5,0,Senegal,Iraq,home,Pape Gueye,26,used_substitute,Midfielder,9.3,56.0,
4667809,iraq-vs-senegal,https://www.fotmob.com/matches/iraq-vs-senegal/18f0co#4667809,Senegal vs Iraq (2026-06-26T19:00:00.000Z),Senegal,Iraq,2026-06-26T19:00:00.000Z,,Toronto Stadium,Anthony Taylor,Full time,5,0,Senegal,Iraq,home,Iliman Ndiaye,13,used_substitute,Attacker,8.5,56.0,
4667809,iraq-vs-senegal,https://www.fotmob.com/matches/iraq-vs-senegal/18f0co#4667809,Senegal vs Iraq (2026-06-26T19:00:00.000Z),Senegal,Iraq,2026-06-26T19:00:00.000Z,,Toronto Stadium,Anthony Taylor,Full time,5,0,Senegal,Iraq,home,Nicolas Jackson,11,used_substitute,Attacker,6.8,56.0,
4667809,iraq-vs-senegal,https://www.fotmob.com/matches/iraq-vs-senegal/18f0co#4667809,Senegal vs Iraq (2026-06-26T19:00:00.000Z),Senegal,Iraq,2026-06-26T19:00:00.000Z,,Toronto Stadium,Anthony Taylor,Full time,5,0,Senegal,Iraq,home,Pathé Ciss,6,used_substitute,Midfielder,6.5,58.0,
4667809,iraq-vs-senegal,https://www.fotmob.com/matches/iraq-vs-senegal/18f0co#4667809,Senegal vs Iraq (2026-06-26T19:00:00.000Z),Senegal,Iraq,2026-06-26T19:00:00.000Z,,Toronto Stadium,Anthony Taylor,Full time,5,0,Senegal,Iraq,home,Assane Diao,7,used_substitute,Attacker,,81.0,
4667809,iraq-vs-senegal,https://www.fotmob.com/matches/iraq-vs-senegal/18f0co#4667809,Senegal vs Iraq (2026-06-26T19:00:00.000Z),Senegal,Iraq,2026-06-26T19:00:00.000Z,,Toronto Stadium,Anthony Taylor,Full time,5,0,Iraq,Senegal,away,Manaf Younis,6,used_substitute,Defender,6.4,16.0,
4667809,iraq-vs-senegal,https://www.fotmob.com/matches/iraq-vs-senegal/18f0co#4667809,Senegal vs Iraq (2026-06-26T19:00:00.000Z),Senegal,Iraq,2026-06-26T19:00:00.000Z,,Toronto Stadium,Anthony Taylor,Full time,5,0,Iraq,Senegal,away,Jalal Hassan,12,used_substitute,Keeper,5.6,46.0,
4667809,iraq-vs-senegal,https://www.fotmob.com/matches/iraq-vs-senegal/18f0co#4667809,Senegal vs Iraq (2026-06-26T19:00:00.000Z),Senegal,Iraq,2026-06-26T19:00:00.000Z,,Toronto Stadium,Anthony Taylor,Full time,5,0,Iraq,Senegal,away,Ahmed Maknzi,15,used_substitute,Defender,6.7,57.0,
4667809,iraq-vs-senegal,https://www.fotmob.com/matches/iraq-vs-senegal/18f0co#4667809,Senegal vs Iraq (2026-06-26T19:00:00.000Z),Senegal,Iraq,2026-06-26T19:00:00.000Z,,Toronto Stadium,Anthony Taylor,Full time,5,0,Iraq,Senegal,away,Ali Yousif,13,used_substitute,Attacker,6.2,57.0,
4667809,iraq-vs-senegal,https://www.fotmob.com/matches/iraq-vs-senegal/18f0co#4667809,Senegal vs Iraq (2026-06-26T19:00:00.000Z),Senegal,Iraq,2026-06-26T19:00:00.000Z,,Toronto Stadium,Anthony Taylor,Full time,5,0,Iraq,Senegal,away,Kevin Yakob,19,used_substitute,Midfielder,6.3,67.0,
4667809,iraq-vs-senegal,https://www.fotmob.com/matches/iraq-vs-senegal/18f0co#4667809,Senegal vs Iraq (2026-06-26T19:00:00.000Z),Senegal,Iraq,2026-06-26T19:00:00.000Z,,Toronto Stadium,Anthony Taylor,Full time,5,0,Senegal,Iraq,home,Yehvann Diouf,1,unused_bench,Keeper,,,
4667809,iraq-vs-senegal,https://www.fotmob.com/matches/iraq-vs-senegal/18f0co#4667809,Senegal vs Iraq (2026-06-26T19:00:00.000Z),Senegal,Iraq,2026-06-26T19:00:00.000Z,,Toronto Stadium,Anthony Taylor,Full time,5,0,Senegal,Iraq,home,Antoine Mendy,24,unused_bench,Defender,,,
4667809,iraq-vs-senegal,https://www.fotmob.com/matches/iraq-vs-senegal/18f0co#4667809,Senegal vs Iraq (2026-06-26T19:00:00.000Z),Senegal,Iraq,2026-06-26T19:00:00.000Z,,Toronto Stadium,Anthony Taylor,Full time,5,0,Senegal,Iraq,home,Kalidou Koulibaly,3,unused_bench,Defender,,,
4667809,iraq-vs-senegal,https://www.fotmob.com/matches/iraq-vs-senegal/18f0co#4667809,Senegal vs Iraq (2026-06-26T19:00:00.000Z),Senegal,Iraq,2026-06-26T19:00:00.000Z,,Toronto Stadium,Anthony Taylor,Full time,5,0,Senegal,Iraq,home,Malick Diouf,25,unused_bench,Defender,,,
4667809,iraq-vs-senegal,https://www.fotmob.com/matches/iraq-vs-senegal/18f0co#4667809,Senegal vs Iraq (2026-06-26T19:00:00.000Z),Senegal,Iraq,2026-06-26T19:00:00.000Z,,Toronto Stadium,Anthony Taylor,Full time,5,0,Senegal,Iraq,home,Mamadou Sarr,2,unused_bench,Defender,,,
4667809,iraq-vs-senegal,https://www.fotmob.com/matches/iraq-vs-senegal/18f0co#4667809,Senegal vs Iraq (2026-06-26T19:00:00.000Z),Senegal,Iraq,2026-06-26T19:00:00.000Z,,Toronto Stadium,Anthony Taylor,Full time,5,0,Senegal,Iraq,home,Bara Ndiaye,22,unused_bench,Midfielder,,,
4667809,iraq-vs-senegal,https://www.fotmob.com/matches/iraq-vs-senegal/18f0co#4667809,Senegal vs Iraq (2026-06-26T19:00:00.000Z),Senegal,Iraq,2026-06-26T19:00:00.000Z,,Toronto Stadium,Anthony Taylor,Full time,5,0,Senegal,Iraq,home,Pape Sarr,17,unused_bench,Midfielder,,,
4667809,iraq-vs-senegal,https://www.fotmob.com/matches/iraq-vs-senegal/18f0co#4667809,Senegal vs Iraq (2026-06-26T19:00:00.000Z),Senegal,Iraq,2026-06-26T19:00:00.000Z,,Toronto Stadium,Anthony Taylor,Full time,5,0,Senegal,Iraq,home,Bamba Dieng,9,unused_bench,Attacker,,,
4667809,iraq-vs-senegal,https://www.fotmob.com/matches/iraq-vs-senegal/18f0co#4667809,Senegal vs Iraq (2026-06-26T19:00:00.000Z),Senegal,Iraq,2026-06-26T19:00:00.000Z,,Toronto Stadium,Anthony Taylor,Full time,5,0,Senegal,Iraq,home,Cherif Ndiaye,12,unused_bench,Attacker,,,
4667809,iraq-vs-senegal,https://www.fotmob.com/matches/iraq-vs-senegal/18f0co#4667809,Senegal vs Iraq (2026-06-26T19:00:00.000Z),Senegal,Iraq,2026-06-26T19:00:00.000Z,,Toronto Stadium,Anthony Taylor,Full time,5,0,Iraq,Senegal,away,Fahad Talib,1,unused_bench,Keeper,,,
4667809,iraq-vs-senegal,https://www.fotmob.com/matches/iraq-vs-senegal/18f0co#4667809,Senegal vs Iraq (2026-06-26T19:00:00.000Z),Senegal,Iraq,2026-06-26T19:00:00.000Z,,Toronto Stadium,Anthony Taylor,Full time,5,0,Iraq,Senegal,away,Hussein Ali,3,unused_bench,Defender,,,
4667809,iraq-vs-senegal,https://www.fotmob.com/matches/iraq-vs-senegal/18f0co#4667809,Senegal vs Iraq (2026-06-26T19:00:00.000Z),Senegal,Iraq,2026-06-26T19:00:00.000Z,,Toronto Stadium,Anthony Taylor,Full time,5,0,Iraq,Senegal,away,Mustafa Saadoun,25,unused_bench,Defender,,,
4667809,iraq-vs-senegal,https://www.fotmob.com/matches/iraq-vs-senegal/18f0co#4667809,Senegal vs Iraq (2026-06-26T19:00:00.000Z),Senegal,Iraq,2026-06-26T19:00:00.000Z,,Toronto Stadium,Anthony Taylor,Full time,5,0,Iraq,Senegal,away,Zaid Tahseen,4,unused_bench,Defender,,,
4667809,iraq-vs-senegal,https://www.fotmob.com/matches/iraq-vs-senegal/18f0co#4667809,Senegal vs Iraq (2026-06-26T19:00:00.000Z),Senegal,Iraq,2026-06-26T19:00:00.000Z,,Toronto Stadium,Anthony Taylor,Full time,5,0,Iraq,Senegal,away,Aimar Sher,20,unused_bench,Midfielder,,,
4667809,iraq-vs-senegal,https://www.fotmob.com/matches/iraq-vs-senegal/18f0co#4667809,Senegal vs Iraq (2026-06-26T19:00:00.000Z),Senegal,Iraq,2026-06-26T19:00:00.000Z,,Toronto Stadium,Anthony Taylor,Full time,5,0,Iraq,Senegal,away,Zaid Ismael,24,unused_bench,Midfielder,,,
4667809,iraq-vs-senegal,https://www.fotmob.com/matches/iraq-vs-senegal/18f0co#4667809,Senegal vs Iraq (2026-06-26T19:00:00.000Z),Senegal,Iraq,2026-06-26T19:00:00.000Z,,Toronto Stadium,Anthony Taylor,Full time,5,0,Iraq,Senegal,away,Ayman Hussein,18,unused_bench,Attacker,,,
4667809,iraq-vs-senegal,https://www.fotmob.com/matches/iraq-vs-senegal/18f0co#4667809,Senegal vs Iraq (2026-06-26T19:00:00.000Z),Senegal,Iraq,2026-06-26T19:00:00.000Z,,Toronto Stadium,Anthony Taylor,Full time,5,0,Iraq,Senegal,away,Marko Lawk Farji,21,unused_bench,Attacker,,,
4667809,iraq-vs-senegal,https://www.fotmob.com/matches/iraq-vs-senegal/18f0co#4667809,Senegal vs Iraq (2026-06-26T19:00:00.000Z),Senegal,Iraq,2026-06-26T19:00:00.000Z,,Toronto Stadium,Anthony Taylor,Full time,5,0,Iraq,Senegal,away,Mohanad Ali,10,unused_bench,Attacker,,,
4667809,iraq-vs-senegal,https://www.fotmob.com/matches/iraq-vs-senegal/18f0co#4667809,Senegal vs Iraq (2026-06-26T19:00:00.000Z),Senegal,Iraq,2026-06-26T19:00:00.000Z,,Toronto Stadium,Anthony Taylor,Full time,5,0,Iraq,Senegal,away,Youssef Amyn,7,unused_bench,Attacker,,,
4667814,jordan-vs-algeria,https://www.fotmob.com/matches/jordan-vs-algeria/17tvf0#4667814,Jordan vs Algeria (2026-06-23T03:00:00.000Z),Jordan,Algeria,2026-06-23T03:00:00.000Z,,San Francisco Bay Area Stadium,Slavko Vinčić,Full time,1,2,Jordan,Algeria,home,Odeh Fakhouri,11,used_substitute,Attacker,6.0,76.0,
4667814,jordan-vs-algeria,https://www.fotmob.com/matches/jordan-vs-algeria/17tvf0#4667814,Jordan vs Algeria (2026-06-23T03:00:00.000Z),Jordan,Algeria,2026-06-23T03:00:00.000Z,,San Francisco Bay Area Stadium,Slavko Vinčić,Full time,1,2,Jordan,Algeria,home,Ali Al-Azaizeh,24,used_substitute,Midfielder,,84.0,
4667814,jordan-vs-algeria,https://www.fotmob.com/matches/jordan-vs-algeria/17tvf0#4667814,Jordan vs Algeria (2026-06-23T03:00:00.000Z),Jordan,Algeria,2026-06-23T03:00:00.000Z,,San Francisco Bay Area Stadium,Slavko Vinčić,Full time,1,2,Jordan,Algeria,home,Mohammad Abu Hasheesh,2,used_substitute,Midfielder,,84.0,
4667814,jordan-vs-algeria,https://www.fotmob.com/matches/jordan-vs-algeria/17tvf0#4667814,Jordan vs Algeria (2026-06-23T03:00:00.000Z),Jordan,Algeria,2026-06-23T03:00:00.000Z,,San Francisco Bay Area Stadium,Slavko Vinčić,Full time,1,2,Jordan,Algeria,home,Saleem Obaid,17,used_substitute,Defender,,90.0,
4667814,jordan-vs-algeria,https://www.fotmob.com/matches/jordan-vs-algeria/17tvf0#4667814,Jordan vs Algeria (2026-06-23T03:00:00.000Z),Jordan,Algeria,2026-06-23T03:00:00.000Z,,San Francisco Bay Area Stadium,Slavko Vinčić,Full time,1,2,Jordan,Algeria,home,Mohammad Abuzraiq,7,used_substitute,Attacker,,90.0,
4667814,jordan-vs-algeria,https://www.fotmob.com/matches/jordan-vs-algeria/17tvf0#4667814,Jordan vs Algeria (2026-06-23T03:00:00.000Z),Jordan,Algeria,2026-06-23T03:00:00.000Z,,San Francisco Bay Area Stadium,Slavko Vinčić,Full time,1,2,Algeria,Jordan,away,Nabil Bentaleb,19,used_substitute,Midfielder,6.6,46.0,
4667814,jordan-vs-algeria,https://www.fotmob.com/matches/jordan-vs-algeria/17tvf0#4667814,Jordan vs Algeria (2026-06-23T03:00:00.000Z),Jordan,Algeria,2026-06-23T03:00:00.000Z,,San Francisco Bay Area Stadium,Slavko Vinčić,Full time,1,2,Algeria,Jordan,away,Nadir Benbouali,12,used_substitute,Attacker,7.5,46.0,
4667814,jordan-vs-algeria,https://www.fotmob.com/matches/jordan-vs-algeria/17tvf0#4667814,Jordan vs Algeria (2026-06-23T03:00:00.000Z),Jordan,Algeria,2026-06-23T03:00:00.000Z,,San Francisco Bay Area Stadium,Slavko Vinčić,Full time,1,2,Algeria,Jordan,away,Anis Hadj Moussa,11,used_substitute,Attacker,6.7,76.0,
4667814,jordan-vs-algeria,https://www.fotmob.com/matches/jordan-vs-algeria/17tvf0#4667814,Jordan vs Algeria (2026-06-23T03:00:00.000Z),Jordan,Algeria,2026-06-23T03:00:00.000Z,,San Francisco Bay Area Stadium,Slavko Vinčić,Full time,1,2,Algeria,Jordan,away,Jaouen Hadjam,13,used_substitute,Defender,,85.0,
4667814,jordan-vs-algeria,https://www.fotmob.com/matches/jordan-vs-algeria/17tvf0#4667814,Jordan vs Algeria (2026-06-23T03:00:00.000Z),Jordan,Algeria,2026-06-23T03:00:00.000Z,,San Francisco Bay Area Stadium,Slavko Vinčić,Full time,1,2,Algeria,Jordan,away,Zineddine Belaïd,5,used_substitute,Defender,,85.0,
4667814,jordan-vs-algeria,https://www.fotmob.com/matches/jordan-vs-algeria/17tvf0#4667814,Jordan vs Algeria (2026-06-23T03:00:00.000Z),Jordan,Algeria,2026-06-23T03:00:00.000Z,,San Francisco Bay Area Stadium,Slavko Vinčić,Full time,1,2,Jordan,Algeria,home,Abdullah Al Fakhouri,22,unused_bench,Keeper,,,
4667814,jordan-vs-algeria,https://www.fotmob.com/matches/jordan-vs-algeria/17tvf0#4667814,Jordan vs Algeria (2026-06-23T03:00:00.000Z),Jordan,Algeria,2026-06-23T03:00:00.000Z,,San Francisco Bay Area Stadium,Slavko Vinčić,Full time,1,2,Algeria,Jordan,away,Nour Bani Attiah,12,unused_bench,Keeper,,,
4667814,jordan-vs-algeria,https://www.fotmob.com/matches/jordan-vs-algeria/17tvf0#4667814,Jordan vs Algeria (2026-06-23T03:00:00.000Z),Jordan,Algeria,2026-06-23T03:00:00.000Z,,San Francisco Bay Area Stadium,Slavko Vinčić,Full time,1,2,Algeria,Jordan,away,Anas Badawi,26,unused_bench,Defender,,,
4667814,jordan-vs-algeria,https://www.fotmob.com/matches/jordan-vs-algeria/17tvf0#4667814,Jordan vs Algeria (2026-06-23T03:00:00.000Z),Jordan,Algeria,2026-06-23T03:00:00.000Z,,San Francisco Bay Area Stadium,Slavko Vinčić,Full time,1,2,Algeria,Jordan,away,Mo Abualnadi,16,unused_bench,Defender,,,
4667814,jordan-vs-algeria,https://www.fotmob.com/matches/jordan-vs-algeria/17tvf0#4667814,Jordan vs Algeria (2026-06-23T03:00:00.000Z),Jordan,Algeria,2026-06-23T03:00:00.000Z,,San Francisco Bay Area Stadium,Slavko Vinčić,Full time,1,2,Algeria,Jordan,away,Mohammad Abu Ghoush,18,unused_bench,Defender,,,
4667814,jordan-vs-algeria,https://www.fotmob.com/matches/jordan-vs-algeria/17tvf0#4667814,Jordan vs Algeria (2026-06-23T03:00:00.000Z),Jordan,Algeria,2026-06-23T03:00:00.000Z,,San Francisco Bay Area Stadium,Slavko Vinčić,Full time,1,2,Algeria,Jordan,away,Saed Al-Rosan,19,unused_bench,Defender,,,
4667814,jordan-vs-algeria,https://www.fotmob.com/matches/jordan-vs-algeria/17tvf0#4667814,Jordan vs Algeria (2026-06-23T03:00:00.000Z),Jordan,Algeria,2026-06-23T03:00:00.000Z,,San Francisco Bay Area Stadium,Slavko Vinčić,Full time,1,2,Algeria,Jordan,away,Amer Jamous,6,unused_bench,Midfielder,,,
4667814,jordan-vs-algeria,https://www.fotmob.com/matches/jordan-vs-algeria/17tvf0#4667814,Jordan vs Algeria (2026-06-23T03:00:00.000Z),Jordan,Algeria,2026-06-23T03:00:00.000Z,,San Francisco Bay Area Stadium,Slavko Vinčić,Full time,1,2,Algeria,Jordan,away,Ibrahim Saadeh,15,unused_bench,Midfielder,,,
4667814,jordan-vs-algeria,https://www.fotmob.com/matches/jordan-vs-algeria/17tvf0#4667814,Jordan vs Algeria (2026-06-23T03:00:00.000Z),Jordan,Algeria,2026-06-23T03:00:00.000Z,,San Francisco Bay Area Stadium,Slavko Vinčić,Full time,1,2,Algeria,Jordan,away,Mohammad Al-Daoud,25,unused_bench,Midfielder,,,
4667814,jordan-vs-algeria,https://www.fotmob.com/matches/jordan-vs-algeria/17tvf0#4667814,Jordan vs Algeria (2026-06-23T03:00:00.000Z),Jordan,Algeria,2026-06-23T03:00:00.000Z,,San Francisco Bay Area Stadium,Slavko Vinčić,Full time,1,2,Algeria,Jordan,away,Rajaei Ayed,14,unused_bench,Midfielder,,,
4667814,jordan-vs-algeria,https://www.fotmob.com/matches/jordan-vs-algeria/17tvf0#4667814,Jordan vs Algeria (2026-06-23T03:00:00.000Z),Jordan,Algeria,2026-06-23T03:00:00.000Z,,San Francisco Bay Area Stadium,Slavko Vinčić,Full time,1,2,Algeria,Jordan,away,Melvin Mastil,1,unused_bench,Keeper,,,
4667814,jordan-vs-algeria,https://www.fotmob.com/matches/jordan-vs-algeria/17tvf0#4667814,Jordan vs Algeria (2026-06-23T03:00:00.000Z),Jordan,Algeria,2026-06-23T03:00:00.000Z,,San Francisco Bay Area Stadium,Slavko Vinčić,Full time,1,2,Algeria,Jordan,away,Oussama Benbot,16,unused_bench,Keeper,,,
4667814,jordan-vs-algeria,https://www.fotmob.com/matches/jordan-vs-algeria/17tvf0#4667814,Jordan vs Algeria (2026-06-23T03:00:00.000Z),Jordan,Algeria,2026-06-23T03:00:00.000Z,,San Francisco Bay Area Stadium,Slavko Vinčić,Full time,1,2,Algeria,Jordan,away,Achref Abada,3,unused_bench,Defender,,,
4667814,jordan-vs-algeria,https://www.fotmob.com/matches/jordan-vs-algeria/17tvf0#4667814,Jordan vs Algeria (2026-06-23T03:00:00.000Z),Jordan,Algeria,2026-06-23T03:00:00.000Z,,San Francisco Bay Area Stadium,Slavko Vinčić,Full time,1,2,Algeria,Jordan,away,Mohamed Tougai,4,unused_bench,Defender,,,
4667814,jordan-vs-algeria,https://www.fotmob.com/matches/jordan-vs-algeria/17tvf0#4667814,Jordan vs Algeria (2026-06-23T03:00:00.000Z),Jordan,Algeria,2026-06-23T03:00:00.000Z,,San Francisco Bay Area Stadium,Slavko Vinčić,Full time,1,2,Algeria,Jordan,away,Samir Chergui,26,unused_bench,Defender,,,
4667814,jordan-vs-algeria,https://www.fotmob.com/matches/jordan-vs-algeria/17tvf0#4667814,Jordan vs Algeria (2026-06-23T03:00:00.000Z),Jordan,Algeria,2026-06-23T03:00:00.000Z,,San Francisco Bay Area Stadium,Slavko Vinčić,Full time,1,2,Algeria,Jordan,away,Houssem Aouar,8,unused_bench,Midfielder,,,
4667814,jordan-vs-algeria,https://www.fotmob.com/matches/jordan-vs-algeria/17tvf0#4667814,Jordan vs Algeria (2026-06-23T03:00:00.000Z),Jordan,Algeria,2026-06-23T03:00:00.000Z,,San Francisco Bay Area Stadium,Slavko Vinčić,Full time,1,2,Algeria,Jordan,away,Yacine Titraoui,24,unused_bench,Midfielder,,,
4667814,jordan-vs-algeria,https://www.fotmob.com/matches/jordan-vs-algeria/17tvf0#4667814,Jordan vs Algeria (2026-06-23T03:00:00.000Z),Jordan,Algeria,2026-06-23T03:00:00.000Z,,San Francisco Bay Area Stadium,Slavko Vinčić,Full time,1,2,Algeria,Jordan,away,Adil Boulbina,20,unused_bench,Attacker,,,
4667814,jordan-vs-algeria,https://www.fotmob.com/matches/jordan-vs-algeria/17tvf0#4667814,Jordan vs Algeria (2026-06-23T03:00:00.000Z),Jordan,Algeria,2026-06-23T03:00:00.000Z,,San Francisco Bay Area Stadium,Slavko Vinčić,Full time,1,2,Algeria,Jordan,away,Farès Ghedjemis,25,unused_bench,Attacker,,,
4667822,portugal-vs-uzbekistan,https://www.fotmob.com/matches/portugal-vs-uzbekistan/2enrsr#4667822,Portugal vs Uzbekistan (2026-06-23T17:00:00.000Z),Portugal,Uzbekistan,2026-06-23T17:00:00.000Z,,Houston Stadium,Jalal Jayed,Full time,5,0,Portugal,Uzbekistan,home,Nélson Semedo,2,used_substitute,Defender,6.6,46.0,
4667822,portugal-vs-uzbekistan,https://www.fotmob.com/matches/portugal-vs-uzbekistan/2enrsr#4667822,Portugal vs Uzbekistan (2026-06-23T17:00:00.000Z),Portugal,Uzbekistan,2026-06-23T17:00:00.000Z,,Houston Stadium,Jalal Jayed,Full time,5,0,Portugal,Uzbekistan,home,Francisco Conceição,26,used_substitute,Midfielder,7.3,46.0,
4667822,portugal-vs-uzbekistan,https://www.fotmob.com/matches/portugal-vs-uzbekistan/2enrsr#4667822,Portugal vs Uzbekistan (2026-06-23T17:00:00.000Z),Portugal,Uzbekistan,2026-06-23T17:00:00.000Z,,Houston Stadium,Jalal Jayed,Full time,5,0,Portugal,Uzbekistan,home,Trincão,16,used_substitute,Midfielder,6.3,63.0,
4667822,portugal-vs-uzbekistan,https://www.fotmob.com/matches/portugal-vs-uzbekistan/2enrsr#4667822,Portugal vs Uzbekistan (2026-06-23T17:00:00.000Z),Portugal,Uzbekistan,2026-06-23T17:00:00.000Z,,Houston Stadium,Jalal Jayed,Full time,5,0,Portugal,Uzbekistan,home,Bernardo Silva,10,used_substitute,Midfielder,6.4,76.0,
4667822,portugal-vs-uzbekistan,https://www.fotmob.com/matches/portugal-vs-uzbekistan/2enrsr#4667822,Portugal vs Uzbekistan (2026-06-23T17:00:00.000Z),Portugal,Uzbekistan,2026-06-23T17:00:00.000Z,,Houston Stadium,Jalal Jayed,Full time,5,0,Portugal,Uzbekistan,home,Rafael Leão,17,used_substitute,Attacker,,83.0,
4667822,portugal-vs-uzbekistan,https://www.fotmob.com/matches/portugal-vs-uzbekistan/2enrsr#4667822,Portugal vs Uzbekistan (2026-06-23T17:00:00.000Z),Portugal,Uzbekistan,2026-06-23T17:00:00.000Z,,Houston Stadium,Jalal Jayed,Full time,5,0,Uzbekistan,Portugal,away,Khoziakbar Alidzhanov,3,used_substitute,Defender,6.4,46.0,
4667822,portugal-vs-uzbekistan,https://www.fotmob.com/matches/portugal-vs-uzbekistan/2enrsr#4667822,Portugal vs Uzbekistan (2026-06-23T17:00:00.000Z),Portugal,Uzbekistan,2026-06-23T17:00:00.000Z,,Houston Stadium,Jalal Jayed,Full time,5,0,Uzbekistan,Portugal,away,Akmal Mozgovoy,6,used_substitute,Midfielder,5.9,46.0,
4667822,portugal-vs-uzbekistan,https://www.fotmob.com/matches/portugal-vs-uzbekistan/2enrsr#4667822,Portugal vs Uzbekistan (2026-06-23T17:00:00.000Z),Portugal,Uzbekistan,2026-06-23T17:00:00.000Z,,Houston Stadium,Jalal Jayed,Full time,5,0,Uzbekistan,Portugal,away,Igor Sergeev,21,used_substitute,Attacker,6.2,73.0,
4667822,portugal-vs-uzbekistan,https://www.fotmob.com/matches/portugal-vs-uzbekistan/2enrsr#4667822,Portugal vs Uzbekistan (2026-06-23T17:00:00.000Z),Portugal,Uzbekistan,2026-06-23T17:00:00.000Z,,Houston Stadium,Jalal Jayed,Full time,5,0,Uzbekistan,Portugal,away,Sherzod Esanov,23,used_substitute,Midfielder,,90.0,
4667822,portugal-vs-uzbekistan,https://www.fotmob.com/matches/portugal-vs-uzbekistan/2enrsr#4667822,Portugal vs Uzbekistan (2026-06-23T17:00:00.000Z),Portugal,Uzbekistan,2026-06-23T17:00:00.000Z,,Houston Stadium,Jalal Jayed,Full time,5,0,Uzbekistan,Portugal,away,Ruslanbek Jiyanov,10,used_substitute,Attacker,,90.0,
4667822,portugal-vs-uzbekistan,https://www.fotmob.com/matches/portugal-vs-uzbekistan/2enrsr#4667822,Portugal vs Uzbekistan (2026-06-23T17:00:00.000Z),Portugal,Uzbekistan,2026-06-23T17:00:00.000Z,,Houston Stadium,Jalal Jayed,Full time,5,0,Portugal,Uzbekistan,home,José Sá,12,unused_bench,Keeper,,,
4667822,portugal-vs-uzbekistan,https://www.fotmob.com/matches/portugal-vs-uzbekistan/2enrsr#4667822,Portugal vs Uzbekistan (2026-06-23T17:00:00.000Z),Portugal,Uzbekistan,2026-06-23T17:00:00.000Z,,Houston Stadium,Jalal Jayed,Full time,5,0,Uzbekistan,Portugal,away,Rui Silva,22,unused_bench,Keeper,,,
4667822,portugal-vs-uzbekistan,https://www.fotmob.com/matches/portugal-vs-uzbekistan/2enrsr#4667822,Portugal vs Uzbekistan (2026-06-23T17:00:00.000Z),Portugal,Uzbekistan,2026-06-23T17:00:00.000Z,,Houston Stadium,Jalal Jayed,Full time,5,0,Uzbekistan,Portugal,away,Diogo Dalot,5,unused_bench,Defender,,,
4667822,portugal-vs-uzbekistan,https://www.fotmob.com/matches/portugal-vs-uzbekistan/2enrsr#4667822,Portugal vs Uzbekistan (2026-06-23T17:00:00.000Z),Portugal,Uzbekistan,2026-06-23T17:00:00.000Z,,Houston Stadium,Jalal Jayed,Full time,5,0,Uzbekistan,Portugal,away,Gonçalo Inácio,14,unused_bench,Defender,,,
4667822,portugal-vs-uzbekistan,https://www.fotmob.com/matches/portugal-vs-uzbekistan/2enrsr#4667822,Portugal vs Uzbekistan (2026-06-23T17:00:00.000Z),Portugal,Uzbekistan,2026-06-23T17:00:00.000Z,,Houston Stadium,Jalal Jayed,Full time,5,0,Uzbekistan,Portugal,away,Matheus Nunes,6,unused_bench,Defender,,,
4667822,portugal-vs-uzbekistan,https://www.fotmob.com/matches/portugal-vs-uzbekistan/2enrsr#4667822,Portugal vs Uzbekistan (2026-06-23T17:00:00.000Z),Portugal,Uzbekistan,2026-06-23T17:00:00.000Z,,Houston Stadium,Jalal Jayed,Full time,5,0,Uzbekistan,Portugal,away,Tomás Araújo,4,unused_bench,Defender,,,
4667822,portugal-vs-uzbekistan,https://www.fotmob.com/matches/portugal-vs-uzbekistan/2enrsr#4667822,Portugal vs Uzbekistan (2026-06-23T17:00:00.000Z),Portugal,Uzbekistan,2026-06-23T17:00:00.000Z,,Houston Stadium,Jalal Jayed,Full time,5,0,Uzbekistan,Portugal,away,Rúben Neves,21,unused_bench,Midfielder,,,
4667822,portugal-vs-uzbekistan,https://www.fotmob.com/matches/portugal-vs-uzbekistan/2enrsr#4667822,Portugal vs Uzbekistan (2026-06-23T17:00:00.000Z),Portugal,Uzbekistan,2026-06-23T17:00:00.000Z,,Houston Stadium,Jalal Jayed,Full time,5,0,Uzbekistan,Portugal,away,Samú,24,unused_bench,Midfielder,,,
4667822,portugal-vs-uzbekistan,https://www.fotmob.com/matches/portugal-vs-uzbekistan/2enrsr#4667822,Portugal vs Uzbekistan (2026-06-23T17:00:00.000Z),Portugal,Uzbekistan,2026-06-23T17:00:00.000Z,,Houston Stadium,Jalal Jayed,Full time,5,0,Uzbekistan,Portugal,away,Gonçalo Guedes,19,unused_bench,Attacker,,,
4667822,portugal-vs-uzbekistan,https://www.fotmob.com/matches/portugal-vs-uzbekistan/2enrsr#4667822,Portugal vs Uzbekistan (2026-06-23T17:00:00.000Z),Portugal,Uzbekistan,2026-06-23T17:00:00.000Z,,Houston Stadium,Jalal Jayed,Full time,5,0,Uzbekistan,Portugal,away,Gonçalo Ramos,9,unused_bench,Attacker,,,
4667822,portugal-vs-uzbekistan,https://www.fotmob.com/matches/portugal-vs-uzbekistan/2enrsr#4667822,Portugal vs Uzbekistan (2026-06-23T17:00:00.000Z),Portugal,Uzbekistan,2026-06-23T17:00:00.000Z,,Houston Stadium,Jalal Jayed,Full time,5,0,Uzbekistan,Portugal,away,Botirali Ergashev,16,unused_bench,Keeper,,,
4667822,portugal-vs-uzbekistan,https://www.fotmob.com/matches/portugal-vs-uzbekistan/2enrsr#4667822,Portugal vs Uzbekistan (2026-06-23T17:00:00.000Z),Portugal,Uzbekistan,2026-06-23T17:00:00.000Z,,Houston Stadium,Jalal Jayed,Full time,5,0,Uzbekistan,Portugal,away,Utkir Yusupov,1,unused_bench,Keeper,,,
4667822,portugal-vs-uzbekistan,https://www.fotmob.com/matches/portugal-vs-uzbekistan/2enrsr#4667822,Portugal vs Uzbekistan (2026-06-23T17:00:00.000Z),Portugal,Uzbekistan,2026-06-23T17:00:00.000Z,,Houston Stadium,Jalal Jayed,Full time,5,0,Uzbekistan,Portugal,away,Avazbek Ulasmaliev,25,unused_bench,Defender,,,
4667822,portugal-vs-uzbekistan,https://www.fotmob.com/matches/portugal-vs-uzbekistan/2enrsr#4667822,Portugal vs Uzbekistan (2026-06-23T17:00:00.000Z),Portugal,Uzbekistan,2026-06-23T17:00:00.000Z,,Houston Stadium,Jalal Jayed,Full time,5,0,Uzbekistan,Portugal,away,Jakhongir Urozov,26,unused_bench,Defender,,,
4667822,portugal-vs-uzbekistan,https://www.fotmob.com/matches/portugal-vs-uzbekistan/2enrsr#4667822,Portugal vs Uzbekistan (2026-06-23T17:00:00.000Z),Portugal,Uzbekistan,2026-06-23T17:00:00.000Z,,Houston Stadium,Jalal Jayed,Full time,5,0,Uzbekistan,Portugal,away,Azizbek Amonov,20,unused_bench,Midfielder,,,
4667822,portugal-vs-uzbekistan,https://www.fotmob.com/matches/portugal-vs-uzbekistan/2enrsr#4667822,Portugal vs Uzbekistan (2026-06-23T17:00:00.000Z),Portugal,Uzbekistan,2026-06-23T17:00:00.000Z,,Houston Stadium,Jalal Jayed,Full time,5,0,Uzbekistan,Portugal,away,Dostonbek Khamdamov,17,unused_bench,Midfielder,,,
4667822,portugal-vs-uzbekistan,https://www.fotmob.com/matches/portugal-vs-uzbekistan/2enrsr#4667822,Portugal vs Uzbekistan (2026-06-23T17:00:00.000Z),Portugal,Uzbekistan,2026-06-23T17:00:00.000Z,,Houston Stadium,Jalal Jayed,Full time,5,0,Uzbekistan,Portugal,away,Farrukh Sayfiev,4,unused_bench,Midfielder,,,
4667822,portugal-vs-uzbekistan,https://www.fotmob.com/matches/portugal-vs-uzbekistan/2enrsr#4667822,Portugal vs Uzbekistan (2026-06-23T17:00:00.000Z),Portugal,Uzbekistan,2026-06-23T17:00:00.000Z,,Houston Stadium,Jalal Jayed,Full time,5,0,Uzbekistan,Portugal,away,Oston Urunov,11,unused_bench,Midfielder,,,
4667822,portugal-vs-uzbekistan,https://www.fotmob.com/matches/portugal-vs-uzbekistan/2enrsr#4667822,Portugal vs Uzbekistan (2026-06-23T17:00:00.000Z),Portugal,Uzbekistan,2026-06-23T17:00:00.000Z,,Houston Stadium,Jalal Jayed,Full time,5,0,Uzbekistan,Portugal,away,Umar Eshmuradov,15,unused_bench,Midfielder,,,
4667822,portugal-vs-uzbekistan,https://www.fotmob.com/matches/portugal-vs-uzbekistan/2enrsr#4667822,Portugal vs Uzbekistan (2026-06-23T17:00:00.000Z),Portugal,Uzbekistan,2026-06-23T17:00:00.000Z,,Houston Stadium,Jalal Jayed,Full time,5,0,Uzbekistan,Portugal,away,Jamshid Iskandarov,8,unused_bench,Attacker,,,
4667830,ghana-vs-croatia,https://www.fotmob.com/matches/ghana-vs-croatia/2cpwux#4667830,Croatia vs Ghana (2026-06-27T21:00:00.000Z),Croatia,Ghana,2026-06-27T21:00:00.000Z,,Philadelphia Stadium,Drew Thomas Fischer,Full time,2,1,Croatia,Ghana,home,Igor Matanovic,20,used_substitute,Attacker,6.7,66.0,
4667830,ghana-vs-croatia,https://www.fotmob.com/matches/ghana-vs-croatia/2cpwux#4667830,Croatia vs Ghana (2026-06-27T21:00:00.000Z),Croatia,Ghana,2026-06-27T21:00:00.000Z,,Philadelphia Stadium,Drew Thomas Fischer,Full time,2,1,Croatia,Ghana,home,Mario Pasalic,15,used_substitute,Midfielder,6.3,78.0,
4667830,ghana-vs-croatia,https://www.fotmob.com/matches/ghana-vs-croatia/2cpwux#4667830,Croatia vs Ghana (2026-06-27T21:00:00.000Z),Croatia,Ghana,2026-06-27T21:00:00.000Z,,Philadelphia Stadium,Drew Thomas Fischer,Full time,2,1,Croatia,Ghana,home,Josko Gvardiol,4,used_substitute,Defender,,88.0,
4667830,ghana-vs-croatia,https://www.fotmob.com/matches/ghana-vs-croatia/2cpwux#4667830,Croatia vs Ghana (2026-06-27T21:00:00.000Z),Croatia,Ghana,2026-06-27T21:00:00.000Z,,Philadelphia Stadium,Drew Thomas Fischer,Full time,2,1,Croatia,Ghana,home,Marco Pasalic,24,used_substitute,Midfielder,,88.0,
4667830,ghana-vs-croatia,https://www.fotmob.com/matches/ghana-vs-croatia/2cpwux#4667830,Croatia vs Ghana (2026-06-27T21:00:00.000Z),Croatia,Ghana,2026-06-27T21:00:00.000Z,,Philadelphia Stadium,Drew Thomas Fischer,Full time,2,1,Ghana,Croatia,away,Kojo Peprah Oppong,21,used_substitute,Defender,6.0,46.0,
4667830,ghana-vs-croatia,https://www.fotmob.com/matches/ghana-vs-croatia/2cpwux#4667830,Croatia vs Ghana (2026-06-27T21:00:00.000Z),Croatia,Ghana,2026-06-27T21:00:00.000Z,,Philadelphia Stadium,Drew Thomas Fischer,Full time,2,1,Ghana,Croatia,away,Abdul Fatawu,7,used_substitute,Attacker,6.6,46.0,
4667830,ghana-vs-croatia,https://www.fotmob.com/matches/ghana-vs-croatia/2cpwux#4667830,Croatia vs Ghana (2026-06-27T21:00:00.000Z),Croatia,Ghana,2026-06-27T21:00:00.000Z,,Philadelphia Stadium,Drew Thomas Fischer,Full time,2,1,Ghana,Croatia,away,Ernest Nuamah,24,used_substitute,Midfielder,7.2,71.0,
4667830,ghana-vs-croatia,https://www.fotmob.com/matches/ghana-vs-croatia/2cpwux#4667830,Croatia vs Ghana (2026-06-27T21:00:00.000Z),Croatia,Ghana,2026-06-27T21:00:00.000Z,,Philadelphia Stadium,Drew Thomas Fischer,Full time,2,1,Ghana,Croatia,away,Brandon Thomas-Asante,10,used_substitute,Attacker,6.2,71.0,
4667830,ghana-vs-croatia,https://www.fotmob.com/matches/ghana-vs-croatia/2cpwux#4667830,Croatia vs Ghana (2026-06-27T21:00:00.000Z),Croatia,Ghana,2026-06-27T21:00:00.000Z,,Philadelphia Stadium,Drew Thomas Fischer,Full time,2,1,Ghana,Croatia,away,Caleb Yirenkyi,3,used_substitute,Midfielder,,85.0,
4667830,ghana-vs-croatia,https://www.fotmob.com/matches/ghana-vs-croatia/2cpwux#4667830,Croatia vs Ghana (2026-06-27T21:00:00.000Z),Croatia,Ghana,2026-06-27T21:00:00.000Z,,Philadelphia Stadium,Drew Thomas Fischer,Full time,2,1,Croatia,Ghana,home,Dominik Kotarski,23,unused_bench,Keeper,,,
4667830,ghana-vs-croatia,https://www.fotmob.com/matches/ghana-vs-croatia/2cpwux#4667830,Croatia vs Ghana (2026-06-27T21:00:00.000Z),Croatia,Ghana,2026-06-27T21:00:00.000Z,,Philadelphia Stadium,Drew Thomas Fischer,Full time,2,1,Ghana,Croatia,away,Ivor Pandur,12,unused_bench,Keeper,,,
4667830,ghana-vs-croatia,https://www.fotmob.com/matches/ghana-vs-croatia/2cpwux#4667830,Croatia vs Ghana (2026-06-27T21:00:00.000Z),Croatia,Ghana,2026-06-27T21:00:00.000Z,,Philadelphia Stadium,Drew Thomas Fischer,Full time,2,1,Ghana,Croatia,away,Duje Caleta-Car,5,unused_bench,Defender,,,
4667830,ghana-vs-croatia,https://www.fotmob.com/matches/ghana-vs-croatia/2cpwux#4667830,Croatia vs Ghana (2026-06-27T21:00:00.000Z),Croatia,Ghana,2026-06-27T21:00:00.000Z,,Philadelphia Stadium,Drew Thomas Fischer,Full time,2,1,Ghana,Croatia,away,Luka Vuskovic,22,unused_bench,Defender,,,
4667830,ghana-vs-croatia,https://www.fotmob.com/matches/ghana-vs-croatia/2cpwux#4667830,Croatia vs Ghana (2026-06-27T21:00:00.000Z),Croatia,Ghana,2026-06-27T21:00:00.000Z,,Philadelphia Stadium,Drew Thomas Fischer,Full time,2,1,Ghana,Croatia,away,Martin Erlic,25,unused_bench,Defender,,,
4667830,ghana-vs-croatia,https://www.fotmob.com/matches/ghana-vs-croatia/2cpwux#4667830,Croatia vs Ghana (2026-06-27T21:00:00.000Z),Croatia,Ghana,2026-06-27T21:00:00.000Z,,Philadelphia Stadium,Drew Thomas Fischer,Full time,2,1,Ghana,Croatia,away,Andrej Kramaric,9,unused_bench,Midfielder,,,
4667830,ghana-vs-croatia,https://www.fotmob.com/matches/ghana-vs-croatia/2cpwux#4667830,Croatia vs Ghana (2026-06-27T21:00:00.000Z),Croatia,Ghana,2026-06-27T21:00:00.000Z,,Philadelphia Stadium,Drew Thomas Fischer,Full time,2,1,Ghana,Croatia,away,Kristijan Jakic,18,unused_bench,Midfielder,,,
4667830,ghana-vs-croatia,https://www.fotmob.com/matches/ghana-vs-croatia/2cpwux#4667830,Croatia vs Ghana (2026-06-27T21:00:00.000Z),Croatia,Ghana,2026-06-27T21:00:00.000Z,,Philadelphia Stadium,Drew Thomas Fischer,Full time,2,1,Ghana,Croatia,away,Luka Sucic,21,unused_bench,Midfielder,,,
4667830,ghana-vs-croatia,https://www.fotmob.com/matches/ghana-vs-croatia/2cpwux#4667830,Croatia vs Ghana (2026-06-27T21:00:00.000Z),Croatia,Ghana,2026-06-27T21:00:00.000Z,,Philadelphia Stadium,Drew Thomas Fischer,Full time,2,1,Ghana,Croatia,away,Nikola Moro,7,unused_bench,Midfielder,,,
4667830,ghana-vs-croatia,https://www.fotmob.com/matches/ghana-vs-croatia/2cpwux#4667830,Croatia vs Ghana (2026-06-27T21:00:00.000Z),Croatia,Ghana,2026-06-27T21:00:00.000Z,,Philadelphia Stadium,Drew Thomas Fischer,Full time,2,1,Ghana,Croatia,away,Toni Fruk,19,unused_bench,Midfielder,,,
4667830,ghana-vs-croatia,https://www.fotmob.com/matches/ghana-vs-croatia/2cpwux#4667830,Croatia vs Ghana (2026-06-27T21:00:00.000Z),Croatia,Ghana,2026-06-27T21:00:00.000Z,,Philadelphia Stadium,Drew Thomas Fischer,Full time,2,1,Ghana,Croatia,away,Petar Musa,26,unused_bench,Attacker,,,
4667830,ghana-vs-croatia,https://www.fotmob.com/matches/ghana-vs-croatia/2cpwux#4667830,Croatia vs Ghana (2026-06-27T21:00:00.000Z),Croatia,Ghana,2026-06-27T21:00:00.000Z,,Philadelphia Stadium,Drew Thomas Fischer,Full time,2,1,Ghana,Croatia,away,Joseph Anang,12,unused_bench,Keeper,,,
4667830,ghana-vs-croatia,https://www.fotmob.com/matches/ghana-vs-croatia/2cpwux#4667830,Croatia vs Ghana (2026-06-27T21:00:00.000Z),Croatia,Ghana,2026-06-27T21:00:00.000Z,,Philadelphia Stadium,Drew Thomas Fischer,Full time,2,1,Ghana,Croatia,away,Lawrence Ati-Zigi,1,unused_bench,Keeper,,,
4667830,ghana-vs-croatia,https://www.fotmob.com/matches/ghana-vs-croatia/2cpwux#4667830,Croatia vs Ghana (2026-06-27T21:00:00.000Z),Croatia,Ghana,2026-06-27T21:00:00.000Z,,Philadelphia Stadium,Drew Thomas Fischer,Full time,2,1,Ghana,Croatia,away,Abdul Mumin,6,unused_bench,Defender,,,
4667830,ghana-vs-croatia,https://www.fotmob.com/matches/ghana-vs-croatia/2cpwux#4667830,Croatia vs Ghana (2026-06-27T21:00:00.000Z),Croatia,Ghana,2026-06-27T21:00:00.000Z,,Philadelphia Stadium,Drew Thomas Fischer,Full time,2,1,Ghana,Croatia,away,Abdul Rahman Baba,17,unused_bench,Defender,,,
4667830,ghana-vs-croatia,https://www.fotmob.com/matches/ghana-vs-croatia/2cpwux#4667830,Croatia vs Ghana (2026-06-27T21:00:00.000Z),Croatia,Ghana,2026-06-27T21:00:00.000Z,,Philadelphia Stadium,Drew Thomas Fischer,Full time,2,1,Ghana,Croatia,away,Alidu Seidu,2,unused_bench,Defender,,,
4667830,ghana-vs-croatia,https://www.fotmob.com/matches/ghana-vs-croatia/2cpwux#4667830,Croatia vs Ghana (2026-06-27T21:00:00.000Z),Croatia,Ghana,2026-06-27T21:00:00.000Z,,Philadelphia Stadium,Drew Thomas Fischer,Full time,2,1,Ghana,Croatia,away,Jerome Opoku,18,unused_bench,Defender,,,
4667830,ghana-vs-croatia,https://www.fotmob.com/matches/ghana-vs-croatia/2cpwux#4667830,Croatia vs Ghana (2026-06-27T21:00:00.000Z),Croatia,Ghana,2026-06-27T21:00:00.000Z,,Philadelphia Stadium,Drew Thomas Fischer,Full time,2,1,Ghana,Croatia,away,Christopher Bonsu Baah,13,unused_bench,Midfielder,,,
4667830,ghana-vs-croatia,https://www.fotmob.com/matches/ghana-vs-croatia/2cpwux#4667830,Croatia vs Ghana (2026-06-27T21:00:00.000Z),Croatia,Ghana,2026-06-27T21:00:00.000Z,,Philadelphia Stadium,Drew Thomas Fischer,Full time,2,1,Ghana,Croatia,away,Augustine Boakye,20,unused_bench,Attacker,,,
4667830,ghana-vs-croatia,https://www.fotmob.com/matches/ghana-vs-croatia/2cpwux#4667830,Croatia vs Ghana (2026-06-27T21:00:00.000Z),Croatia,Ghana,2026-06-27T21:00:00.000Z,,Philadelphia Stadium,Drew Thomas Fischer,Full time,2,1,Ghana,Croatia,away,Iñaki Williams,19,unused_bench,Attacker,,,
4667830,ghana-vs-croatia,https://www.fotmob.com/matches/ghana-vs-croatia/2cpwux#4667830,Croatia vs Ghana (2026-06-27T21:00:00.000Z),Croatia,Ghana,2026-06-27T21:00:00.000Z,,Philadelphia Stadium,Drew Thomas Fischer,Full time,2,1,Ghana,Croatia,away,Prince Adu,25,unused_bench,Attacker,,,
4667829,panama-vs-england,https://www.fotmob.com/matches/panama-vs-england/1pukme#4667829,Panama vs England (2026-06-27T21:00:00.000Z),Panama,England,2026-06-27T21:00:00.000Z,,New York New Jersey Stadium,Abdulrahman Ibrahim Al Jassim,Full time,0,2,Panama,England,home,José Fajardo,17,used_substitute,Attacker,5.8,46.0,
4667829,panama-vs-england,https://www.fotmob.com/matches/panama-vs-england/1pukme#4667829,Panama vs England (2026-06-27T21:00:00.000Z),Panama,England,2026-06-27T21:00:00.000Z,,New York New Jersey Stadium,Abdulrahman Ibrahim Al Jassim,Full time,0,2,Panama,England,home,Azarías Londoño,24,used_substitute,Attacker,5.9,71.0,
4667829,panama-vs-england,https://www.fotmob.com/matches/panama-vs-england/1pukme#4667829,Panama vs England (2026-06-27T21:00:00.000Z),Panama,England,2026-06-27T21:00:00.000Z,,New York New Jersey Stadium,Abdulrahman Ibrahim Al Jassim,Full time,0,2,Panama,England,home,Ismael Díaz,10,used_substitute,Attacker,5.8,71.0,
4667829,panama-vs-england,https://www.fotmob.com/matches/panama-vs-england/1pukme#4667829,Panama vs England (2026-06-27T21:00:00.000Z),Panama,England,2026-06-27T21:00:00.000Z,,New York New Jersey Stadium,Abdulrahman Ibrahim Al Jassim,Full time,0,2,Panama,England,home,Éric Davis,15,used_substitute,Midfielder,,88.0,
4667829,panama-vs-england,https://www.fotmob.com/matches/panama-vs-england/1pukme#4667829,Panama vs England (2026-06-27T21:00:00.000Z),Panama,England,2026-06-27T21:00:00.000Z,,New York New Jersey Stadium,Abdulrahman Ibrahim Al Jassim,Full time,0,2,Panama,England,home,Alberto Quintero,19,used_substitute,Attacker,,88.0,
4667829,panama-vs-england,https://www.fotmob.com/matches/panama-vs-england/1pukme#4667829,Panama vs England (2026-06-27T21:00:00.000Z),Panama,England,2026-06-27T21:00:00.000Z,,New York New Jersey Stadium,Abdulrahman Ibrahim Al Jassim,Full time,0,2,England,Panama,away,Djed Spence,25,used_substitute,Defender,6.3,63.0,
4667829,panama-vs-england,https://www.fotmob.com/matches/panama-vs-england/1pukme#4667829,Panama vs England (2026-06-27T21:00:00.000Z),Panama,England,2026-06-27T21:00:00.000Z,,New York New Jersey Stadium,Abdulrahman Ibrahim Al Jassim,Full time,0,2,England,Panama,away,Noni Madueke,20,used_substitute,Attacker,6.8,63.0,
4667829,panama-vs-england,https://www.fotmob.com/matches/panama-vs-england/1pukme#4667829,Panama vs England (2026-06-27T21:00:00.000Z),Panama,England,2026-06-27T21:00:00.000Z,,New York New Jersey Stadium,Abdulrahman Ibrahim Al Jassim,Full time,0,2,England,Panama,away,Eberechi Eze,21,used_substitute,Midfielder,6.0,71.0,
4667829,panama-vs-england,https://www.fotmob.com/matches/panama-vs-england/1pukme#4667829,Panama vs England (2026-06-27T21:00:00.000Z),Panama,England,2026-06-27T21:00:00.000Z,,New York New Jersey Stadium,Abdulrahman Ibrahim Al Jassim,Full time,0,2,England,Panama,away,Jordan Henderson,14,used_substitute,Midfielder,,84.0,
4667829,panama-vs-england,https://www.fotmob.com/matches/panama-vs-england/1pukme#4667829,Panama vs England (2026-06-27T21:00:00.000Z),Panama,England,2026-06-27T21:00:00.000Z,,New York New Jersey Stadium,Abdulrahman Ibrahim Al Jassim,Full time,0,2,England,Panama,away,Ollie Watkins,19,used_substitute,Attacker,,84.0,
4667829,panama-vs-england,https://www.fotmob.com/matches/panama-vs-england/1pukme#4667829,Panama vs England (2026-06-27T21:00:00.000Z),Panama,England,2026-06-27T21:00:00.000Z,,New York New Jersey Stadium,Abdulrahman Ibrahim Al Jassim,Full time,0,2,Panama,England,home,César Samudio,12,unused_bench,Keeper,,,
4667829,panama-vs-england,https://www.fotmob.com/matches/panama-vs-england/1pukme#4667829,Panama vs England (2026-06-27T21:00:00.000Z),Panama,England,2026-06-27T21:00:00.000Z,,New York New Jersey Stadium,Abdulrahman Ibrahim Al Jassim,Full time,0,2,England,Panama,away,Luis Mejía,1,unused_bench,Keeper,,,
4667829,panama-vs-england,https://www.fotmob.com/matches/panama-vs-england/1pukme#4667829,Panama vs England (2026-06-27T21:00:00.000Z),Panama,England,2026-06-27T21:00:00.000Z,,New York New Jersey Stadium,Abdulrahman Ibrahim Al Jassim,Full time,0,2,England,Panama,away,César Blackman,2,unused_bench,Defender,,,
4667829,panama-vs-england,https://www.fotmob.com/matches/panama-vs-england/1pukme#4667829,Panama vs England (2026-06-27T21:00:00.000Z),Panama,England,2026-06-27T21:00:00.000Z,,New York New Jersey Stadium,Abdulrahman Ibrahim Al Jassim,Full time,0,2,England,Panama,away,Edgardo Fariña,5,unused_bench,Defender,,,
4667829,panama-vs-england,https://www.fotmob.com/matches/panama-vs-england/1pukme#4667829,Panama vs England (2026-06-27T21:00:00.000Z),Panama,England,2026-06-27T21:00:00.000Z,,New York New Jersey Stadium,Abdulrahman Ibrahim Al Jassim,Full time,0,2,England,Panama,away,Jiovany Ramos,13,unused_bench,Defender,,,
4667829,panama-vs-england,https://www.fotmob.com/matches/panama-vs-england/1pukme#4667829,Panama vs England (2026-06-27T21:00:00.000Z),Panama,England,2026-06-27T21:00:00.000Z,,New York New Jersey Stadium,Abdulrahman Ibrahim Al Jassim,Full time,0,2,England,Panama,away,Roderick Miller,25,unused_bench,Defender,,,
4667829,panama-vs-england,https://www.fotmob.com/matches/panama-vs-england/1pukme#4667829,Panama vs England (2026-06-27T21:00:00.000Z),Panama,England,2026-06-27T21:00:00.000Z,,New York New Jersey Stadium,Abdulrahman Ibrahim Al Jassim,Full time,0,2,England,Panama,away,Adalberto Carrasquilla,8,unused_bench,Midfielder,,,
4667829,panama-vs-england,https://www.fotmob.com/matches/panama-vs-england/1pukme#4667829,Panama vs England (2026-06-27T21:00:00.000Z),Panama,England,2026-06-27T21:00:00.000Z,,New York New Jersey Stadium,Abdulrahman Ibrahim Al Jassim,Full time,0,2,England,Panama,away,Aníbal Godoy,20,unused_bench,Midfielder,,,
4667829,panama-vs-england,https://www.fotmob.com/matches/panama-vs-england/1pukme#4667829,Panama vs England (2026-06-27T21:00:00.000Z),Panama,England,2026-06-27T21:00:00.000Z,,New York New Jersey Stadium,Abdulrahman Ibrahim Al Jassim,Full time,0,2,England,Panama,away,César Yanis,21,unused_bench,Midfielder,,,
4667829,panama-vs-england,https://www.fotmob.com/matches/panama-vs-england/1pukme#4667829,Panama vs England (2026-06-27T21:00:00.000Z),Panama,England,2026-06-27T21:00:00.000Z,,New York New Jersey Stadium,Abdulrahman Ibrahim Al Jassim,Full time,0,2,England,Panama,away,Cecilio Waterman,18,unused_bench,Attacker,,,
4667829,panama-vs-england,https://www.fotmob.com/matches/panama-vs-england/1pukme#4667829,Panama vs England (2026-06-27T21:00:00.000Z),Panama,England,2026-06-27T21:00:00.000Z,,New York New Jersey Stadium,Abdulrahman Ibrahim Al Jassim,Full time,0,2,England,Panama,away,Dean Henderson,13,unused_bench,Keeper,,,
4667829,panama-vs-england,https://www.fotmob.com/matches/panama-vs-england/1pukme#4667829,Panama vs England (2026-06-27T21:00:00.000Z),Panama,England,2026-06-27T21:00:00.000Z,,New York New Jersey Stadium,Abdulrahman Ibrahim Al Jassim,Full time,0,2,England,Panama,away,James Trafford,23,unused_bench,Keeper,,,
4667829,panama-vs-england,https://www.fotmob.com/matches/panama-vs-england/1pukme#4667829,Panama vs England (2026-06-27T21:00:00.000Z),Panama,England,2026-06-27T21:00:00.000Z,,New York New Jersey Stadium,Abdulrahman Ibrahim Al Jassim,Full time,0,2,England,Panama,away,Daniel Burn,15,unused_bench,Defender,,,
4667829,panama-vs-england,https://www.fotmob.com/matches/panama-vs-england/1pukme#4667829,Panama vs England (2026-06-27T21:00:00.000Z),Panama,England,2026-06-27T21:00:00.000Z,,New York New Jersey Stadium,Abdulrahman Ibrahim Al Jassim,Full time,0,2,England,Panama,away,John Stones,5,unused_bench,Defender,,,
4667829,panama-vs-england,https://www.fotmob.com/matches/panama-vs-england/1pukme#4667829,Panama vs England (2026-06-27T21:00:00.000Z),Panama,England,2026-06-27T21:00:00.000Z,,New York New Jersey Stadium,Abdulrahman Ibrahim Al Jassim,Full time,0,2,England,Panama,away,Trevoh Chalobah,12,unused_bench,Defender,,,
4667829,panama-vs-england,https://www.fotmob.com/matches/panama-vs-england/1pukme#4667829,Panama vs England (2026-06-27T21:00:00.000Z),Panama,England,2026-06-27T21:00:00.000Z,,New York New Jersey Stadium,Abdulrahman Ibrahim Al Jassim,Full time,0,2,England,Panama,away,Declan Rice,4,unused_bench,Midfielder,,,
4667829,panama-vs-england,https://www.fotmob.com/matches/panama-vs-england/1pukme#4667829,Panama vs England (2026-06-27T21:00:00.000Z),Panama,England,2026-06-27T21:00:00.000Z,,New York New Jersey Stadium,Abdulrahman Ibrahim Al Jassim,Full time,0,2,England,Panama,away,Kobbie Mainoo,16,unused_bench,Midfielder,,,
4667829,panama-vs-england,https://www.fotmob.com/matches/panama-vs-england/1pukme#4667829,Panama vs England (2026-06-27T21:00:00.000Z),Panama,England,2026-06-27T21:00:00.000Z,,New York New Jersey Stadium,Abdulrahman Ibrahim Al Jassim,Full time,0,2,England,Panama,away,Anthony Gordon,18,unused_bench,Attacker,,,
4667829,panama-vs-england,https://www.fotmob.com/matches/panama-vs-england/1pukme#4667829,Panama vs England (2026-06-27T21:00:00.000Z),Panama,England,2026-06-27T21:00:00.000Z,,New York New Jersey Stadium,Abdulrahman Ibrahim Al Jassim,Full time,0,2,England,Panama,away,Ivan Toney,22,unused_bench,Attacker,,,
4653706,morocco-vs-netherlands,https://www.fotmob.com/matches/morocco-vs-netherlands/1e327v#4653706,Netherlands vs Morocco (2026-06-30T01:00:00.000Z),Netherlands,Morocco,2026-06-30T01:00:00.000Z,,Monterrey Stadium,Wilton Pereira Sampaio,Pen: 2 - 3,1,1,Netherlands,Morocco,home,Teun Koopmeiners,20,used_substitute,Midfielder,6.5,71.0,
4653706,morocco-vs-netherlands,https://www.fotmob.com/matches/morocco-vs-netherlands/1e327v#4653706,Netherlands vs Morocco (2026-06-30T01:00:00.000Z),Netherlands,Morocco,2026-06-30T01:00:00.000Z,,Monterrey Stadium,Wilton Pereira Sampaio,Pen: 2 - 3,1,1,Netherlands,Morocco,home,Wout Weghorst,9,used_substitute,Attacker,6.3,71.0,
4653706,morocco-vs-netherlands,https://www.fotmob.com/matches/morocco-vs-netherlands/1e327v#4653706,Netherlands vs Morocco (2026-06-30T01:00:00.000Z),Netherlands,Morocco,2026-06-30T01:00:00.000Z,,Monterrey Stadium,Wilton Pereira Sampaio,Pen: 2 - 3,1,1,Netherlands,Morocco,home,Jorrel Hato,25,used_substitute,Defender,6.3,86.0,
4653706,morocco-vs-netherlands,https://www.fotmob.com/matches/morocco-vs-netherlands/1e327v#4653706,Netherlands vs Morocco (2026-06-30T01:00:00.000Z),Netherlands,Morocco,2026-06-30T01:00:00.000Z,,Monterrey Stadium,Wilton Pereira Sampaio,Pen: 2 - 3,1,1,Netherlands,Morocco,home,Quinten Timber,26,used_substitute,Midfielder,6.9,86.0,
4653706,morocco-vs-netherlands,https://www.fotmob.com/matches/morocco-vs-netherlands/1e327v#4653706,Netherlands vs Morocco (2026-06-30T01:00:00.000Z),Netherlands,Morocco,2026-06-30T01:00:00.000Z,,Monterrey Stadium,Wilton Pereira Sampaio,Pen: 2 - 3,1,1,Netherlands,Morocco,home,Marten de Roon,3,used_substitute,Midfielder,6.0,110.0,
4653706,morocco-vs-netherlands,https://www.fotmob.com/matches/morocco-vs-netherlands/1e327v#4653706,Netherlands vs Morocco (2026-06-30T01:00:00.000Z),Netherlands,Morocco,2026-06-30T01:00:00.000Z,,Monterrey Stadium,Wilton Pereira Sampaio,Pen: 2 - 3,1,1,Netherlands,Morocco,home,Justin Kluivert,7,used_substitute,Midfielder,,113.0,
4653706,morocco-vs-netherlands,https://www.fotmob.com/matches/morocco-vs-netherlands/1e327v#4653706,Netherlands vs Morocco (2026-06-30T01:00:00.000Z),Netherlands,Morocco,2026-06-30T01:00:00.000Z,,Monterrey Stadium,Wilton Pereira Sampaio,Pen: 2 - 3,1,1,Morocco,Netherlands,away,Anass Salah-Eddine,26,used_substitute,Defender,7.0,75.0,
4653706,morocco-vs-netherlands,https://www.fotmob.com/matches/morocco-vs-netherlands/1e327v#4653706,Netherlands vs Morocco (2026-06-30T01:00:00.000Z),Netherlands,Morocco,2026-06-30T01:00:00.000Z,,Monterrey Stadium,Wilton Pereira Sampaio,Pen: 2 - 3,1,1,Morocco,Netherlands,away,Samir El Mourabet,15,used_substitute,Midfielder,6.6,79.0,
4653706,morocco-vs-netherlands,https://www.fotmob.com/matches/morocco-vs-netherlands/1e327v#4653706,Netherlands vs Morocco (2026-06-30T01:00:00.000Z),Netherlands,Morocco,2026-06-30T01:00:00.000Z,,Monterrey Stadium,Wilton Pereira Sampaio,Pen: 2 - 3,1,1,Morocco,Netherlands,away,Gessime Yassine,16,used_substitute,Attacker,7.1,79.0,
4653706,morocco-vs-netherlands,https://www.fotmob.com/matches/morocco-vs-netherlands/1e327v#4653706,Netherlands vs Morocco (2026-06-30T01:00:00.000Z),Netherlands,Morocco,2026-06-30T01:00:00.000Z,,Monterrey Stadium,Wilton Pereira Sampaio,Pen: 2 - 3,1,1,Morocco,Netherlands,away,Chemsdine Talbi,7,used_substitute,Attacker,7.3,86.0,
4653706,morocco-vs-netherlands,https://www.fotmob.com/matches/morocco-vs-netherlands/1e327v#4653706,Netherlands vs Morocco (2026-06-30T01:00:00.000Z),Netherlands,Morocco,2026-06-30T01:00:00.000Z,,Monterrey Stadium,Wilton Pereira Sampaio,Pen: 2 - 3,1,1,Morocco,Netherlands,away,Soufiane Rahimi,9,used_substitute,Attacker,6.3,86.0,
4653706,morocco-vs-netherlands,https://www.fotmob.com/matches/morocco-vs-netherlands/1e327v#4653706,Netherlands vs Morocco (2026-06-30T01:00:00.000Z),Netherlands,Morocco,2026-06-30T01:00:00.000Z,,Monterrey Stadium,Wilton Pereira Sampaio,Pen: 2 - 3,1,1,Netherlands,Morocco,home,Mark Flekken,23,unused_bench,Keeper,,,
4653706,morocco-vs-netherlands,https://www.fotmob.com/matches/morocco-vs-netherlands/1e327v#4653706,Netherlands vs Morocco (2026-06-30T01:00:00.000Z),Netherlands,Morocco,2026-06-30T01:00:00.000Z,,Monterrey Stadium,Wilton Pereira Sampaio,Pen: 2 - 3,1,1,Morocco,Netherlands,away,Robin Roefs,13,unused_bench,Keeper,,,
4653706,morocco-vs-netherlands,https://www.fotmob.com/matches/morocco-vs-netherlands/1e327v#4653706,Netherlands vs Morocco (2026-06-30T01:00:00.000Z),Netherlands,Morocco,2026-06-30T01:00:00.000Z,,Monterrey Stadium,Wilton Pereira Sampaio,Pen: 2 - 3,1,1,Morocco,Netherlands,away,Lutsharel Geertruida,2,unused_bench,Defender,,,
4653706,morocco-vs-netherlands,https://www.fotmob.com/matches/morocco-vs-netherlands/1e327v#4653706,Netherlands vs Morocco (2026-06-30T01:00:00.000Z),Netherlands,Morocco,2026-06-30T01:00:00.000Z,,Monterrey Stadium,Wilton Pereira Sampaio,Pen: 2 - 3,1,1,Morocco,Netherlands,away,Mats Wieffer,12,unused_bench,Defender,,,
4653706,morocco-vs-netherlands,https://www.fotmob.com/matches/morocco-vs-netherlands/1e327v#4653706,Netherlands vs Morocco (2026-06-30T01:00:00.000Z),Netherlands,Morocco,2026-06-30T01:00:00.000Z,,Monterrey Stadium,Wilton Pereira Sampaio,Pen: 2 - 3,1,1,Morocco,Netherlands,away,Tijjani Reijnders,14,unused_bench,Midfielder,,,
4653706,morocco-vs-netherlands,https://www.fotmob.com/matches/morocco-vs-netherlands/1e327v#4653706,Netherlands vs Morocco (2026-06-30T01:00:00.000Z),Netherlands,Morocco,2026-06-30T01:00:00.000Z,,Monterrey Stadium,Wilton Pereira Sampaio,Pen: 2 - 3,1,1,Morocco,Netherlands,away,Donyell Malen,18,unused_bench,Attacker,,,
4653706,morocco-vs-netherlands,https://www.fotmob.com/matches/morocco-vs-netherlands/1e327v#4653706,Netherlands vs Morocco (2026-06-30T01:00:00.000Z),Netherlands,Morocco,2026-06-30T01:00:00.000Z,,Monterrey Stadium,Wilton Pereira Sampaio,Pen: 2 - 3,1,1,Morocco,Netherlands,away,Guus Til,16,unused_bench,Attacker,,,
4653706,morocco-vs-netherlands,https://www.fotmob.com/matches/morocco-vs-netherlands/1e327v#4653706,Netherlands vs Morocco (2026-06-30T01:00:00.000Z),Netherlands,Morocco,2026-06-30T01:00:00.000Z,,Monterrey Stadium,Wilton Pereira Sampaio,Pen: 2 - 3,1,1,Morocco,Netherlands,away,Memphis Depay,10,unused_bench,Attacker,,,
4653706,morocco-vs-netherlands,https://www.fotmob.com/matches/morocco-vs-netherlands/1e327v#4653706,Netherlands vs Morocco (2026-06-30T01:00:00.000Z),Netherlands,Morocco,2026-06-30T01:00:00.000Z,,Monterrey Stadium,Wilton Pereira Sampaio,Pen: 2 - 3,1,1,Morocco,Netherlands,away,Noa Lang,17,unused_bench,Attacker,,,
4653706,morocco-vs-netherlands,https://www.fotmob.com/matches/morocco-vs-netherlands/1e327v#4653706,Netherlands vs Morocco (2026-06-30T01:00:00.000Z),Netherlands,Morocco,2026-06-30T01:00:00.000Z,,Monterrey Stadium,Wilton Pereira Sampaio,Pen: 2 - 3,1,1,Morocco,Netherlands,away,Ahmed Tagnaouti,22,unused_bench,Keeper,,,
4653706,morocco-vs-netherlands,https://www.fotmob.com/matches/morocco-vs-netherlands/1e327v#4653706,Netherlands vs Morocco (2026-06-30T01:00:00.000Z),Netherlands,Morocco,2026-06-30T01:00:00.000Z,,Monterrey Stadium,Wilton Pereira Sampaio,Pen: 2 - 3,1,1,Morocco,Netherlands,away,Munir,12,unused_bench,Keeper,,,
4653706,morocco-vs-netherlands,https://www.fotmob.com/matches/morocco-vs-netherlands/1e327v#4653706,Netherlands vs Morocco (2026-06-30T01:00:00.000Z),Netherlands,Morocco,2026-06-30T01:00:00.000Z,,Monterrey Stadium,Wilton Pereira Sampaio,Pen: 2 - 3,1,1,Morocco,Netherlands,away,Marwane Saadane,5,unused_bench,Defender,,,
4653706,morocco-vs-netherlands,https://www.fotmob.com/matches/morocco-vs-netherlands/1e327v#4653706,Netherlands vs Morocco (2026-06-30T01:00:00.000Z),Netherlands,Morocco,2026-06-30T01:00:00.000Z,,Monterrey Stadium,Wilton Pereira Sampaio,Pen: 2 - 3,1,1,Morocco,Netherlands,away,Redouane Halhal,25,unused_bench,Defender,,,
4653706,morocco-vs-netherlands,https://www.fotmob.com/matches/morocco-vs-netherlands/1e327v#4653706,Netherlands vs Morocco (2026-06-30T01:00:00.000Z),Netherlands,Morocco,2026-06-30T01:00:00.000Z,,Monterrey Stadium,Wilton Pereira Sampaio,Pen: 2 - 3,1,1,Morocco,Netherlands,away,Youssef Belammari,19,unused_bench,Defender,,,
4653706,morocco-vs-netherlands,https://www.fotmob.com/matches/morocco-vs-netherlands/1e327v#4653706,Netherlands vs Morocco (2026-06-30T01:00:00.000Z),Netherlands,Morocco,2026-06-30T01:00:00.000Z,,Monterrey Stadium,Wilton Pereira Sampaio,Pen: 2 - 3,1,1,Morocco,Netherlands,away,Zakaria El Ouahdi,13,unused_bench,Defender,,,
4653706,morocco-vs-netherlands,https://www.fotmob.com/matches/morocco-vs-netherlands/1e327v#4653706,Netherlands vs Morocco (2026-06-30T01:00:00.000Z),Netherlands,Morocco,2026-06-30T01:00:00.000Z,,Monterrey Stadium,Wilton Pereira Sampaio,Pen: 2 - 3,1,1,Morocco,Netherlands,away,Sofyan Amrabat,4,unused_bench,Midfielder,,,
4653706,morocco-vs-netherlands,https://www.fotmob.com/matches/morocco-vs-netherlands/1e327v#4653706,Netherlands vs Morocco (2026-06-30T01:00:00.000Z),Netherlands,Morocco,2026-06-30T01:00:00.000Z,,Monterrey Stadium,Wilton Pereira Sampaio,Pen: 2 - 3,1,1,Morocco,Netherlands,away,Amine Sbaï,17,unused_bench,Attacker,,,
4653706,morocco-vs-netherlands,https://www.fotmob.com/matches/morocco-vs-netherlands/1e327v#4653706,Netherlands vs Morocco (2026-06-30T01:00:00.000Z),Netherlands,Morocco,2026-06-30T01:00:00.000Z,,Monterrey Stadium,Wilton Pereira Sampaio,Pen: 2 - 3,1,1,Morocco,Netherlands,away,Ayoub El Kaabi,20,unused_bench,Attacker,,,
4653706,morocco-vs-netherlands,https://www.fotmob.com/matches/morocco-vs-netherlands/1e327v#4653706,Netherlands vs Morocco (2026-06-30T01:00:00.000Z),Netherlands,Morocco,2026-06-30T01:00:00.000Z,,Monterrey Stadium,Wilton Pereira Sampaio,Pen: 2 - 3,1,1,Morocco,Netherlands,away,Ayoube Amaimouni-Echghouyab,21,unused_bench,Attacker,,,
4653705,canada-vs-south-africa,https://www.fotmob.com/matches/canada-vs-south-africa/17s1wd#4653705,South Africa vs Canada (2026-06-28T19:00:00.000Z),South Africa,Canada,2026-06-28T19:00:00.000Z,,Los Angeles Stadium,João Pedro Silva Pinheiro,Full time,0,1,South Africa,Canada,home,Thalente Mbatha,5,used_substitute,Midfielder,6.2,46.0,
4653705,canada-vs-south-africa,https://www.fotmob.com/matches/canada-vs-south-africa/17s1wd#4653705,South Africa vs Canada (2026-06-28T19:00:00.000Z),South Africa,Canada,2026-06-28T19:00:00.000Z,,Los Angeles Stadium,João Pedro Silva Pinheiro,Full time,0,1,South Africa,Canada,home,Iqraam Rayners,15,used_substitute,Attacker,,86.0,
4653705,canada-vs-south-africa,https://www.fotmob.com/matches/canada-vs-south-africa/17s1wd#4653705,South Africa vs Canada (2026-06-28T19:00:00.000Z),South Africa,Canada,2026-06-28T19:00:00.000Z,,Los Angeles Stadium,João Pedro Silva Pinheiro,Full time,0,1,South Africa,Canada,home,Tshepang Moremi,8,used_substitute,Attacker,,86.0,
4653705,canada-vs-south-africa,https://www.fotmob.com/matches/canada-vs-south-africa/17s1wd#4653705,South Africa vs Canada (2026-06-28T19:00:00.000Z),South Africa,Canada,2026-06-28T19:00:00.000Z,,Los Angeles Stadium,João Pedro Silva Pinheiro,Full time,0,1,Canada,South Africa,away,Luc De Fougerolles,4,used_substitute,Defender,7.1,59.0,
4653705,canada-vs-south-africa,https://www.fotmob.com/matches/canada-vs-south-africa/17s1wd#4653705,South Africa vs Canada (2026-06-28T19:00:00.000Z),South Africa,Canada,2026-06-28T19:00:00.000Z,,Los Angeles Stadium,João Pedro Silva Pinheiro,Full time,0,1,Canada,South Africa,away,Niko Sigur,23,used_substitute,Defender,6.4,59.0,
4653705,canada-vs-south-africa,https://www.fotmob.com/matches/canada-vs-south-africa/17s1wd#4653705,South Africa vs Canada (2026-06-28T19:00:00.000Z),South Africa,Canada,2026-06-28T19:00:00.000Z,,Los Angeles Stadium,João Pedro Silva Pinheiro,Full time,0,1,Canada,South Africa,away,Jacob Shaffelburg,14,used_substitute,Attacker,6.2,70.0,
4653705,canada-vs-south-africa,https://www.fotmob.com/matches/canada-vs-south-africa/17s1wd#4653705,South Africa vs Canada (2026-06-28T19:00:00.000Z),South Africa,Canada,2026-06-28T19:00:00.000Z,,Los Angeles Stadium,João Pedro Silva Pinheiro,Full time,0,1,Canada,South Africa,away,Promise David,24,used_substitute,Attacker,6.5,70.0,
4653705,canada-vs-south-africa,https://www.fotmob.com/matches/canada-vs-south-africa/17s1wd#4653705,South Africa vs Canada (2026-06-28T19:00:00.000Z),South Africa,Canada,2026-06-28T19:00:00.000Z,,Los Angeles Stadium,João Pedro Silva Pinheiro,Full time,0,1,Canada,South Africa,away,Alphonso Davies,19,used_substitute,Defender,6.4,75.0,
4653705,canada-vs-south-africa,https://www.fotmob.com/matches/canada-vs-south-africa/17s1wd#4653705,South Africa vs Canada (2026-06-28T19:00:00.000Z),South Africa,Canada,2026-06-28T19:00:00.000Z,,Los Angeles Stadium,João Pedro Silva Pinheiro,Full time,0,1,South Africa,Canada,home,Ricardo Goss,22,unused_bench,Keeper,,,
4653705,canada-vs-south-africa,https://www.fotmob.com/matches/canada-vs-south-africa/17s1wd#4653705,South Africa vs Canada (2026-06-28T19:00:00.000Z),South Africa,Canada,2026-06-28T19:00:00.000Z,,Los Angeles Stadium,João Pedro Silva Pinheiro,Full time,0,1,Canada,South Africa,away,Sipho Chaine,16,unused_bench,Keeper,,,
4653705,canada-vs-south-africa,https://www.fotmob.com/matches/canada-vs-south-africa/17s1wd#4653705,South Africa vs Canada (2026-06-28T19:00:00.000Z),South Africa,Canada,2026-06-28T19:00:00.000Z,,Los Angeles Stadium,João Pedro Silva Pinheiro,Full time,0,1,Canada,South Africa,away,Bradley Cross,26,unused_bench,Defender,,,
4653705,canada-vs-south-africa,https://www.fotmob.com/matches/canada-vs-south-africa/17s1wd#4653705,South Africa vs Canada (2026-06-28T19:00:00.000Z),South Africa,Canada,2026-06-28T19:00:00.000Z,,Los Angeles Stadium,João Pedro Silva Pinheiro,Full time,0,1,Canada,South Africa,away,Kamogelo Sebelebele,25,unused_bench,Defender,,,
4653705,canada-vs-south-africa,https://www.fotmob.com/matches/canada-vs-south-africa/17s1wd#4653705,South Africa vs Canada (2026-06-28T19:00:00.000Z),South Africa,Canada,2026-06-28T19:00:00.000Z,,Los Angeles Stadium,João Pedro Silva Pinheiro,Full time,0,1,Canada,South Africa,away,Khulumani Ndamane,3,unused_bench,Defender,,,
4653705,canada-vs-south-africa,https://www.fotmob.com/matches/canada-vs-south-africa/17s1wd#4653705,South Africa vs Canada (2026-06-28T19:00:00.000Z),South Africa,Canada,2026-06-28T19:00:00.000Z,,Los Angeles Stadium,João Pedro Silva Pinheiro,Full time,0,1,Canada,South Africa,away,Nkosinathi Sibisi,19,unused_bench,Defender,,,
4653705,canada-vs-south-africa,https://www.fotmob.com/matches/canada-vs-south-africa/17s1wd#4653705,South Africa vs Canada (2026-06-28T19:00:00.000Z),South Africa,Canada,2026-06-28T19:00:00.000Z,,Los Angeles Stadium,João Pedro Silva Pinheiro,Full time,0,1,Canada,South Africa,away,Olwethu Makhanya,24,unused_bench,Defender,,,
4653705,canada-vs-south-africa,https://www.fotmob.com/matches/canada-vs-south-africa/17s1wd#4653705,South Africa vs Canada (2026-06-28T19:00:00.000Z),South Africa,Canada,2026-06-28T19:00:00.000Z,,Los Angeles Stadium,João Pedro Silva Pinheiro,Full time,0,1,Canada,South Africa,away,Samukelo Kabini,18,unused_bench,Defender,,,
4653705,canada-vs-south-africa,https://www.fotmob.com/matches/canada-vs-south-africa/17s1wd#4653705,South Africa vs Canada (2026-06-28T19:00:00.000Z),South Africa,Canada,2026-06-28T19:00:00.000Z,,Los Angeles Stadium,João Pedro Silva Pinheiro,Full time,0,1,Canada,South Africa,away,Thabang Matuludi,2,unused_bench,Defender,,,
4653705,canada-vs-south-africa,https://www.fotmob.com/matches/canada-vs-south-africa/17s1wd#4653705,South Africa vs Canada (2026-06-28T19:00:00.000Z),South Africa,Canada,2026-06-28T19:00:00.000Z,,Los Angeles Stadium,João Pedro Silva Pinheiro,Full time,0,1,Canada,South Africa,away,Jayden Adams,23,unused_bench,Midfielder,,,
4653705,canada-vs-south-africa,https://www.fotmob.com/matches/canada-vs-south-africa/17s1wd#4653705,South Africa vs Canada (2026-06-28T19:00:00.000Z),South Africa,Canada,2026-06-28T19:00:00.000Z,,Los Angeles Stadium,João Pedro Silva Pinheiro,Full time,0,1,Canada,South Africa,away,Lyle Foster,9,unused_bench,Attacker,,,
4653705,canada-vs-south-africa,https://www.fotmob.com/matches/canada-vs-south-africa/17s1wd#4653705,South Africa vs Canada (2026-06-28T19:00:00.000Z),South Africa,Canada,2026-06-28T19:00:00.000Z,,Los Angeles Stadium,João Pedro Silva Pinheiro,Full time,0,1,Canada,South Africa,away,Dayne St. Clair,1,unused_bench,Keeper,,,
4653705,canada-vs-south-africa,https://www.fotmob.com/matches/canada-vs-south-africa/17s1wd#4653705,South Africa vs Canada (2026-06-28T19:00:00.000Z),South Africa,Canada,2026-06-28T19:00:00.000Z,,Los Angeles Stadium,João Pedro Silva Pinheiro,Full time,0,1,Canada,South Africa,away,Owen Goodman,18,unused_bench,Keeper,,,
4653705,canada-vs-south-africa,https://www.fotmob.com/matches/canada-vs-south-africa/17s1wd#4653705,South Africa vs Canada (2026-06-28T19:00:00.000Z),South Africa,Canada,2026-06-28T19:00:00.000Z,,Los Angeles Stadium,João Pedro Silva Pinheiro,Full time,0,1,Canada,South Africa,away,Alfie Jones,3,unused_bench,Defender,,,
4653705,canada-vs-south-africa,https://www.fotmob.com/matches/canada-vs-south-africa/17s1wd#4653705,South Africa vs Canada (2026-06-28T19:00:00.000Z),South Africa,Canada,2026-06-28T19:00:00.000Z,,Los Angeles Stadium,João Pedro Silva Pinheiro,Full time,0,1,Canada,South Africa,away,Joel Waterman,5,unused_bench,Defender,,,
4653705,canada-vs-south-africa,https://www.fotmob.com/matches/canada-vs-south-africa/17s1wd#4653705,South Africa vs Canada (2026-06-28T19:00:00.000Z),South Africa,Canada,2026-06-28T19:00:00.000Z,,Los Angeles Stadium,João Pedro Silva Pinheiro,Full time,0,1,Canada,South Africa,away,Jonathan Osorio,21,unused_bench,Midfielder,,,
4653705,canada-vs-south-africa,https://www.fotmob.com/matches/canada-vs-south-africa/17s1wd#4653705,South Africa vs Canada (2026-06-28T19:00:00.000Z),South Africa,Canada,2026-06-28T19:00:00.000Z,,Los Angeles Stadium,João Pedro Silva Pinheiro,Full time,0,1,Canada,South Africa,away,Mathieu Choinière,6,unused_bench,Midfielder,,,
4653705,canada-vs-south-africa,https://www.fotmob.com/matches/canada-vs-south-africa/17s1wd#4653705,South Africa vs Canada (2026-06-28T19:00:00.000Z),South Africa,Canada,2026-06-28T19:00:00.000Z,,Los Angeles Stadium,João Pedro Silva Pinheiro,Full time,0,1,Canada,South Africa,away,Ali Ahmed,20,unused_bench,Attacker,,,
4653705,canada-vs-south-africa,https://www.fotmob.com/matches/canada-vs-south-africa/17s1wd#4653705,South Africa vs Canada (2026-06-28T19:00:00.000Z),South Africa,Canada,2026-06-28T19:00:00.000Z,,Los Angeles Stadium,João Pedro Silva Pinheiro,Full time,0,1,Canada,South Africa,away,Cyle Larin,9,unused_bench,Attacker,,,
4653705,canada-vs-south-africa,https://www.fotmob.com/matches/canada-vs-south-africa/17s1wd#4653705,South Africa vs Canada (2026-06-28T19:00:00.000Z),South Africa,Canada,2026-06-28T19:00:00.000Z,,Los Angeles Stadium,João Pedro Silva Pinheiro,Full time,0,1,Canada,South Africa,away,Jayden Nelson,26,unused_bench,Attacker,,,
4667755,mexico-vs-czechia,https://www.fotmob.com/matches/mexico-vs-czechia/1wualx#4667755,Czechia vs Mexico (2026-06-25T01:00:00.000Z),Czechia,Mexico,2026-06-25T01:00:00.000Z,,Mexico City Stadium,Yael Falcón Pérez,Full time,0,3,Czechia,Mexico,home,Lukás Provod,17,used_substitute,Midfielder,6.2,56.0,
4667755,mexico-vs-czechia,https://www.fotmob.com/matches/mexico-vs-czechia/1wualx#4667755,Czechia vs Mexico (2026-06-25T01:00:00.000Z),Czechia,Mexico,2026-06-25T01:00:00.000Z,,Mexico City Stadium,Yael Falcón Pérez,Full time,0,3,Czechia,Mexico,home,Tomás Soucek,22,used_substitute,Midfielder,5.7,64.0,
4667755,mexico-vs-czechia,https://www.fotmob.com/matches/mexico-vs-czechia/1wualx#4667755,Czechia vs Mexico (2026-06-25T01:00:00.000Z),Czechia,Mexico,2026-06-25T01:00:00.000Z,,Mexico City Stadium,Yael Falcón Pérez,Full time,0,3,Czechia,Mexico,home,Patrik Schick,10,used_substitute,Attacker,6.0,64.0,
4667755,mexico-vs-czechia,https://www.fotmob.com/matches/mexico-vs-czechia/1wualx#4667755,Czechia vs Mexico (2026-06-25T01:00:00.000Z),Czechia,Mexico,2026-06-25T01:00:00.000Z,,Mexico City Stadium,Yael Falcón Pérez,Full time,0,3,Czechia,Mexico,home,Alexandr Sojka,24,used_substitute,Midfielder,,87.0,
4667755,mexico-vs-czechia,https://www.fotmob.com/matches/mexico-vs-czechia/1wualx#4667755,Czechia vs Mexico (2026-06-25T01:00:00.000Z),Czechia,Mexico,2026-06-25T01:00:00.000Z,,Mexico City Stadium,Yael Falcón Pérez,Full time,0,3,Mexico,Czechia,away,Tomás Chory,19,used_substitute,Attacker,,87.0,
4667755,mexico-vs-czechia,https://www.fotmob.com/matches/mexico-vs-czechia/1wualx#4667755,Czechia vs Mexico (2026-06-25T01:00:00.000Z),Czechia,Mexico,2026-06-25T01:00:00.000Z,,Mexico City Stadium,Yael Falcón Pérez,Full time,0,3,Mexico,Czechia,away,Obed Vargas,18,used_substitute,Midfielder,6.4,63.0,
4667755,mexico-vs-czechia,https://www.fotmob.com/matches/mexico-vs-czechia/1wualx#4667755,Czechia vs Mexico (2026-06-25T01:00:00.000Z),Czechia,Mexico,2026-06-25T01:00:00.000Z,,Mexico City Stadium,Yael Falcón Pérez,Full time,0,3,Mexico,Czechia,away,Santiago Giménez,11,used_substitute,Attacker,6.4,63.0,
4667755,mexico-vs-czechia,https://www.fotmob.com/matches/mexico-vs-czechia/1wualx#4667755,Czechia vs Mexico (2026-06-25T01:00:00.000Z),Czechia,Mexico,2026-06-25T01:00:00.000Z,,Mexico City Stadium,Yael Falcón Pérez,Full time,0,3,Mexico,Czechia,away,Álvaro Fidalgo,8,used_substitute,Midfielder,7.4,72.0,
4667755,mexico-vs-czechia,https://www.fotmob.com/matches/mexico-vs-czechia/1wualx#4667755,Czechia vs Mexico (2026-06-25T01:00:00.000Z),Czechia,Mexico,2026-06-25T01:00:00.000Z,,Mexico City Stadium,Yael Falcón Pérez,Full time,0,3,Mexico,Czechia,away,Guillermo Ochoa,13,used_substitute,Keeper,6.0,78.0,
4667755,mexico-vs-czechia,https://www.fotmob.com/matches/mexico-vs-czechia/1wualx#4667755,Czechia vs Mexico (2026-06-25T01:00:00.000Z),Czechia,Mexico,2026-06-25T01:00:00.000Z,,Mexico City Stadium,Yael Falcón Pérez,Full time,0,3,Mexico,Czechia,away,Jesús Gallardo,23,used_substitute,Defender,6.1,78.0,
4667755,mexico-vs-czechia,https://www.fotmob.com/matches/mexico-vs-czechia/1wualx#4667755,Czechia vs Mexico (2026-06-25T01:00:00.000Z),Czechia,Mexico,2026-06-25T01:00:00.000Z,,Mexico City Stadium,Yael Falcón Pérez,Full time,0,3,Czechia,Mexico,home,Jindrich Stanek,16,unused_bench,Keeper,,,
4667755,mexico-vs-czechia,https://www.fotmob.com/matches/mexico-vs-czechia/1wualx#4667755,Czechia vs Mexico (2026-06-25T01:00:00.000Z),Czechia,Mexico,2026-06-25T01:00:00.000Z,,Mexico City Stadium,Yael Falcón Pérez,Full time,0,3,Mexico,Czechia,away,Lukás Hornícek,23,unused_bench,Keeper,,,
4667755,mexico-vs-czechia,https://www.fotmob.com/matches/mexico-vs-czechia/1wualx#4667755,Czechia vs Mexico (2026-06-25T01:00:00.000Z),Czechia,Mexico,2026-06-25T01:00:00.000Z,,Mexico City Stadium,Yael Falcón Pérez,Full time,0,3,Mexico,Czechia,away,David Zima,2,unused_bench,Defender,,,
4667755,mexico-vs-czechia,https://www.fotmob.com/matches/mexico-vs-czechia/1wualx#4667755,Czechia vs Mexico (2026-06-25T01:00:00.000Z),Czechia,Mexico,2026-06-25T01:00:00.000Z,,Mexico City Stadium,Yael Falcón Pérez,Full time,0,3,Mexico,Czechia,away,Jaroslav Zeleny,20,unused_bench,Defender,,,
4667755,mexico-vs-czechia,https://www.fotmob.com/matches/mexico-vs-czechia/1wualx#4667755,Czechia vs Mexico (2026-06-25T01:00:00.000Z),Czechia,Mexico,2026-06-25T01:00:00.000Z,,Mexico City Stadium,Yael Falcón Pérez,Full time,0,3,Mexico,Czechia,away,Stepán Chaloupek,6,unused_bench,Defender,,,
4667755,mexico-vs-czechia,https://www.fotmob.com/matches/mexico-vs-czechia/1wualx#4667755,Czechia vs Mexico (2026-06-25T01:00:00.000Z),Czechia,Mexico,2026-06-25T01:00:00.000Z,,Mexico City Stadium,Yael Falcón Pérez,Full time,0,3,Mexico,Czechia,away,Hugo Sochurek,25,unused_bench,Midfielder,,,
4667755,mexico-vs-czechia,https://www.fotmob.com/matches/mexico-vs-czechia/1wualx#4667755,Czechia vs Mexico (2026-06-25T01:00:00.000Z),Czechia,Mexico,2026-06-25T01:00:00.000Z,,Mexico City Stadium,Yael Falcón Pérez,Full time,0,3,Mexico,Czechia,away,Vladimír Darida,8,unused_bench,Midfielder,,,
4667755,mexico-vs-czechia,https://www.fotmob.com/matches/mexico-vs-czechia/1wualx#4667755,Czechia vs Mexico (2026-06-25T01:00:00.000Z),Czechia,Mexico,2026-06-25T01:00:00.000Z,,Mexico City Stadium,Yael Falcón Pérez,Full time,0,3,Mexico,Czechia,away,Jan Kuchta,11,unused_bench,Attacker,,,
4667755,mexico-vs-czechia,https://www.fotmob.com/matches/mexico-vs-czechia/1wualx#4667755,Czechia vs Mexico (2026-06-25T01:00:00.000Z),Czechia,Mexico,2026-06-25T01:00:00.000Z,,Mexico City Stadium,Yael Falcón Pérez,Full time,0,3,Mexico,Czechia,away,Mojmír Chytil,13,unused_bench,Attacker,,,
4667755,mexico-vs-czechia,https://www.fotmob.com/matches/mexico-vs-czechia/1wualx#4667755,Czechia vs Mexico (2026-06-25T01:00:00.000Z),Czechia,Mexico,2026-06-25T01:00:00.000Z,,Mexico City Stadium,Yael Falcón Pérez,Full time,0,3,Mexico,Czechia,away,Carlos Acevedo,12,unused_bench,Keeper,,,
4667755,mexico-vs-czechia,https://www.fotmob.com/matches/mexico-vs-czechia/1wualx#4667755,Czechia vs Mexico (2026-06-25T01:00:00.000Z),Czechia,Mexico,2026-06-25T01:00:00.000Z,,Mexico City Stadium,Yael Falcón Pérez,Full time,0,3,Mexico,Czechia,away,Érik Lira,6,unused_bench,Defender,,,
4667755,mexico-vs-czechia,https://www.fotmob.com/matches/mexico-vs-czechia/1wualx#4667755,Czechia vs Mexico (2026-06-25T01:00:00.000Z),Czechia,Mexico,2026-06-25T01:00:00.000Z,,Mexico City Stadium,Yael Falcón Pérez,Full time,0,3,Mexico,Czechia,away,Johan Vásquez,5,unused_bench,Defender,,,
4667755,mexico-vs-czechia,https://www.fotmob.com/matches/mexico-vs-czechia/1wualx#4667755,Czechia vs Mexico (2026-06-25T01:00:00.000Z),Czechia,Mexico,2026-06-25T01:00:00.000Z,,Mexico City Stadium,Yael Falcón Pérez,Full time,0,3,Mexico,Czechia,away,Brian Gutiérrez,26,unused_bench,Midfielder,,,
4667755,mexico-vs-czechia,https://www.fotmob.com/matches/mexico-vs-czechia/1wualx#4667755,Czechia vs Mexico (2026-06-25T01:00:00.000Z),Czechia,Mexico,2026-06-25T01:00:00.000Z,,Mexico City Stadium,Yael Falcón Pérez,Full time,0,3,Mexico,Czechia,away,Luis Chávez,24,unused_bench,Midfielder,,,
4667755,mexico-vs-czechia,https://www.fotmob.com/matches/mexico-vs-czechia/1wualx#4667755,Czechia vs Mexico (2026-06-25T01:00:00.000Z),Czechia,Mexico,2026-06-25T01:00:00.000Z,,Mexico City Stadium,Yael Falcón Pérez,Full time,0,3,Mexico,Czechia,away,Orbelín Pineda,17,unused_bench,Midfielder,,,
4667755,mexico-vs-czechia,https://www.fotmob.com/matches/mexico-vs-czechia/1wualx#4667755,Czechia vs Mexico (2026-06-25T01:00:00.000Z),Czechia,Mexico,2026-06-25T01:00:00.000Z,,Mexico City Stadium,Yael Falcón Pérez,Full time,0,3,Mexico,Czechia,away,Alexis Vega,10,unused_bench,Attacker,,,
4667755,mexico-vs-czechia,https://www.fotmob.com/matches/mexico-vs-czechia/1wualx#4667755,Czechia vs Mexico (2026-06-25T01:00:00.000Z),Czechia,Mexico,2026-06-25T01:00:00.000Z,,Mexico City Stadium,Yael Falcón Pérez,Full time,0,3,Mexico,Czechia,away,Armando González,14,unused_bench,Attacker,,,
4667755,mexico-vs-czechia,https://www.fotmob.com/matches/mexico-vs-czechia/1wualx#4667755,Czechia vs Mexico (2026-06-25T01:00:00.000Z),Czechia,Mexico,2026-06-25T01:00:00.000Z,,Mexico City Stadium,Yael Falcón Pérez,Full time,0,3,Mexico,Czechia,away,César Huerta,21,unused_bench,Attacker,,,
4667755,mexico-vs-czechia,https://www.fotmob.com/matches/mexico-vs-czechia/1wualx#4667755,Czechia vs Mexico (2026-06-25T01:00:00.000Z),Czechia,Mexico,2026-06-25T01:00:00.000Z,,Mexico City Stadium,Yael Falcón Pérez,Full time,0,3,Mexico,Czechia,away,Raul Jiménez,9,unused_bench,Attacker,,,
4653710,senegal-vs-belgium,https://www.fotmob.com/matches/senegal-vs-belgium/1rywdm#4653710,Belgium vs Senegal (2026-07-01T20:00:00.000Z),Belgium,Senegal,2026-07-01T20:00:00.000Z,,Seattle Stadium,Héctor Saíd Martínez Sorto,After extra time,3,2,Belgium,Senegal,home,Romelu Lukaku,9,used_substitute,Attacker,8.0,46.0,
4653710,senegal-vs-belgium,https://www.fotmob.com/matches/senegal-vs-belgium/1rywdm#4653710,Belgium vs Senegal (2026-07-01T20:00:00.000Z),Belgium,Senegal,2026-07-01T20:00:00.000Z,,Seattle Stadium,Héctor Saíd Martínez Sorto,After extra time,3,2,Belgium,Senegal,home,Nicolas Raskin,23,used_substitute,Midfielder,6.3,56.0,
4653710,senegal-vs-belgium,https://www.fotmob.com/matches/senegal-vs-belgium/1rywdm#4653710,Belgium vs Senegal (2026-07-01T20:00:00.000Z),Belgium,Senegal,2026-07-01T20:00:00.000Z,,Seattle Stadium,Héctor Saíd Martínez Sorto,After extra time,3,2,Belgium,Senegal,home,Dodi Lukébakio,14,used_substitute,Attacker,7.2,56.0,
4653710,senegal-vs-belgium,https://www.fotmob.com/matches/senegal-vs-belgium/1rywdm#4653710,Belgium vs Senegal (2026-07-01T20:00:00.000Z),Belgium,Senegal,2026-07-01T20:00:00.000Z,,Seattle Stadium,Héctor Saíd Martínez Sorto,After extra time,3,2,Belgium,Senegal,home,Diego Moreira,19,used_substitute,Midfielder,6.6,63.0,
4653710,senegal-vs-belgium,https://www.fotmob.com/matches/senegal-vs-belgium/1rywdm#4653710,Belgium vs Senegal (2026-07-01T20:00:00.000Z),Belgium,Senegal,2026-07-01T20:00:00.000Z,,Seattle Stadium,Héctor Saíd Martínez Sorto,After extra time,3,2,Belgium,Senegal,home,Thomas Meunier,15,used_substitute,Defender,7.2,78.0,
4653710,senegal-vs-belgium,https://www.fotmob.com/matches/senegal-vs-belgium/1rywdm#4653710,Belgium vs Senegal (2026-07-01T20:00:00.000Z),Belgium,Senegal,2026-07-01T20:00:00.000Z,,Seattle Stadium,Héctor Saíd Martínez Sorto,After extra time,3,2,Belgium,Senegal,home,Amadou Onana,24,used_substitute,Midfielder,6.3,109.0,
4653710,senegal-vs-belgium,https://www.fotmob.com/matches/senegal-vs-belgium/1rywdm#4653710,Belgium vs Senegal (2026-07-01T20:00:00.000Z),Belgium,Senegal,2026-07-01T20:00:00.000Z,,Seattle Stadium,Héctor Saíd Martínez Sorto,After extra time,3,2,Senegal,Belgium,away,Lamine Camara,8,used_substitute,Midfielder,5.7,66.0,
4653710,senegal-vs-belgium,https://www.fotmob.com/matches/senegal-vs-belgium/1rywdm#4653710,Belgium vs Senegal (2026-07-01T20:00:00.000Z),Belgium,Senegal,2026-07-01T20:00:00.000Z,,Seattle Stadium,Héctor Saíd Martínez Sorto,After extra time,3,2,Senegal,Belgium,away,Pape Sarr,17,used_substitute,Midfielder,6.5,73.0,
4653710,senegal-vs-belgium,https://www.fotmob.com/matches/senegal-vs-belgium/1rywdm#4653710,Belgium vs Senegal (2026-07-01T20:00:00.000Z),Belgium,Senegal,2026-07-01T20:00:00.000Z,,Seattle Stadium,Héctor Saíd Martínez Sorto,After extra time,3,2,Senegal,Belgium,away,Ibrahim Mbaye,20,used_substitute,Attacker,6.8,73.0,
4653710,senegal-vs-belgium,https://www.fotmob.com/matches/senegal-vs-belgium/1rywdm#4653710,Belgium vs Senegal (2026-07-01T20:00:00.000Z),Belgium,Senegal,2026-07-01T20:00:00.000Z,,Seattle Stadium,Héctor Saíd Martínez Sorto,After extra time,3,2,Senegal,Belgium,away,Malick Diouf,25,used_substitute,Defender,6.5,93.0,
4653710,senegal-vs-belgium,https://www.fotmob.com/matches/senegal-vs-belgium/1rywdm#4653710,Belgium vs Senegal (2026-07-01T20:00:00.000Z),Belgium,Senegal,2026-07-01T20:00:00.000Z,,Seattle Stadium,Héctor Saíd Martínez Sorto,After extra time,3,2,Senegal,Belgium,away,Nicolas Jackson,11,used_substitute,Attacker,5.9,93.0,
4653710,senegal-vs-belgium,https://www.fotmob.com/matches/senegal-vs-belgium/1rywdm#4653710,Belgium vs Senegal (2026-07-01T20:00:00.000Z),Belgium,Senegal,2026-07-01T20:00:00.000Z,,Seattle Stadium,Héctor Saíd Martínez Sorto,After extra time,3,2,Senegal,Belgium,away,Bara Ndiaye,22,used_substitute,Midfielder,6.4,95.0,
4653710,senegal-vs-belgium,https://www.fotmob.com/matches/senegal-vs-belgium/1rywdm#4653710,Belgium vs Senegal (2026-07-01T20:00:00.000Z),Belgium,Senegal,2026-07-01T20:00:00.000Z,,Seattle Stadium,Héctor Saíd Martínez Sorto,After extra time,3,2,Belgium,Senegal,home,Mike Penders,13,unused_bench,Keeper,,,
4653710,senegal-vs-belgium,https://www.fotmob.com/matches/senegal-vs-belgium/1rywdm#4653710,Belgium vs Senegal (2026-07-01T20:00:00.000Z),Belgium,Senegal,2026-07-01T20:00:00.000Z,,Seattle Stadium,Héctor Saíd Martínez Sorto,After extra time,3,2,Senegal,Belgium,away,Senne Lammens,12,unused_bench,Keeper,,,
4653710,senegal-vs-belgium,https://www.fotmob.com/matches/senegal-vs-belgium/1rywdm#4653710,Belgium vs Senegal (2026-07-01T20:00:00.000Z),Belgium,Senegal,2026-07-01T20:00:00.000Z,,Seattle Stadium,Héctor Saíd Martínez Sorto,After extra time,3,2,Senegal,Belgium,away,Joaquin Seys,18,unused_bench,Defender,,,
4653710,senegal-vs-belgium,https://www.fotmob.com/matches/senegal-vs-belgium/1rywdm#4653710,Belgium vs Senegal (2026-07-01T20:00:00.000Z),Belgium,Senegal,2026-07-01T20:00:00.000Z,,Seattle Stadium,Héctor Saíd Martínez Sorto,After extra time,3,2,Senegal,Belgium,away,Koni De Winter,16,unused_bench,Defender,,,
4653710,senegal-vs-belgium,https://www.fotmob.com/matches/senegal-vs-belgium/1rywdm#4653710,Belgium vs Senegal (2026-07-01T20:00:00.000Z),Belgium,Senegal,2026-07-01T20:00:00.000Z,,Seattle Stadium,Héctor Saíd Martínez Sorto,After extra time,3,2,Senegal,Belgium,away,Nathan Ngoy,25,unused_bench,Defender,,,
4653710,senegal-vs-belgium,https://www.fotmob.com/matches/senegal-vs-belgium/1rywdm#4653710,Belgium vs Senegal (2026-07-01T20:00:00.000Z),Belgium,Senegal,2026-07-01T20:00:00.000Z,,Seattle Stadium,Héctor Saíd Martínez Sorto,After extra time,3,2,Senegal,Belgium,away,Alexis Saelemaekers,22,unused_bench,Midfielder,,,
4653710,senegal-vs-belgium,https://www.fotmob.com/matches/senegal-vs-belgium/1rywdm#4653710,Belgium vs Senegal (2026-07-01T20:00:00.000Z),Belgium,Senegal,2026-07-01T20:00:00.000Z,,Seattle Stadium,Héctor Saíd Martínez Sorto,After extra time,3,2,Senegal,Belgium,away,Axel Witsel,6,unused_bench,Midfielder,,,
4653710,senegal-vs-belgium,https://www.fotmob.com/matches/senegal-vs-belgium/1rywdm#4653710,Belgium vs Senegal (2026-07-01T20:00:00.000Z),Belgium,Senegal,2026-07-01T20:00:00.000Z,,Seattle Stadium,Héctor Saíd Martínez Sorto,After extra time,3,2,Senegal,Belgium,away,Matias Fernandez-Pardo,26,unused_bench,Attacker,,,
4653710,senegal-vs-belgium,https://www.fotmob.com/matches/senegal-vs-belgium/1rywdm#4653710,Belgium vs Senegal (2026-07-01T20:00:00.000Z),Belgium,Senegal,2026-07-01T20:00:00.000Z,,Seattle Stadium,Héctor Saíd Martínez Sorto,After extra time,3,2,Senegal,Belgium,away,Yehvann Diouf,1,unused_bench,Keeper,,,
4653710,senegal-vs-belgium,https://www.fotmob.com/matches/senegal-vs-belgium/1rywdm#4653710,Belgium vs Senegal (2026-07-01T20:00:00.000Z),Belgium,Senegal,2026-07-01T20:00:00.000Z,,Seattle Stadium,Héctor Saíd Martínez Sorto,After extra time,3,2,Senegal,Belgium,away,Abdoulaye Seck,4,unused_bench,Defender,,,
4653710,senegal-vs-belgium,https://www.fotmob.com/matches/senegal-vs-belgium/1rywdm#4653710,Belgium vs Senegal (2026-07-01T20:00:00.000Z),Belgium,Senegal,2026-07-01T20:00:00.000Z,,Seattle Stadium,Héctor Saíd Martínez Sorto,After extra time,3,2,Senegal,Belgium,away,Antoine Mendy,24,unused_bench,Defender,,,
4653710,senegal-vs-belgium,https://www.fotmob.com/matches/senegal-vs-belgium/1rywdm#4653710,Belgium vs Senegal (2026-07-01T20:00:00.000Z),Belgium,Senegal,2026-07-01T20:00:00.000Z,,Seattle Stadium,Héctor Saíd Martínez Sorto,After extra time,3,2,Senegal,Belgium,away,Kalidou Koulibaly,3,unused_bench,Defender,,,
4653710,senegal-vs-belgium,https://www.fotmob.com/matches/senegal-vs-belgium/1rywdm#4653710,Belgium vs Senegal (2026-07-01T20:00:00.000Z),Belgium,Senegal,2026-07-01T20:00:00.000Z,,Seattle Stadium,Héctor Saíd Martínez Sorto,After extra time,3,2,Senegal,Belgium,away,Mamadou Sarr,2,unused_bench,Defender,,,
4653710,senegal-vs-belgium,https://www.fotmob.com/matches/senegal-vs-belgium/1rywdm#4653710,Belgium vs Senegal (2026-07-01T20:00:00.000Z),Belgium,Senegal,2026-07-01T20:00:00.000Z,,Seattle Stadium,Héctor Saíd Martínez Sorto,After extra time,3,2,Senegal,Belgium,away,Assane Diao,7,unused_bench,Attacker,,,
4653710,senegal-vs-belgium,https://www.fotmob.com/matches/senegal-vs-belgium/1rywdm#4653710,Belgium vs Senegal (2026-07-01T20:00:00.000Z),Belgium,Senegal,2026-07-01T20:00:00.000Z,,Seattle Stadium,Héctor Saíd Martínez Sorto,After extra time,3,2,Senegal,Belgium,away,Bamba Dieng,9,unused_bench,Attacker,,,
4653710,senegal-vs-belgium,https://www.fotmob.com/matches/senegal-vs-belgium/1rywdm#4653710,Belgium vs Senegal (2026-07-01T20:00:00.000Z),Belgium,Senegal,2026-07-01T20:00:00.000Z,,Seattle Stadium,Héctor Saíd Martínez Sorto,After extra time,3,2,Senegal,Belgium,away,Cherif Ndiaye,12,unused_bench,Attacker,,,
4653708,spain-vs-austria,https://www.fotmob.com/matches/spain-vs-austria/1urklb#4653708,Spain vs Austria (2026-07-02T19:00:00.000Z),Spain,Austria,2026-07-02T19:00:00.000Z,,Los Angeles Stadium,Glenn Nyberg,Full time,3,0,Spain,Austria,home,Mikel Merino,6,used_substitute,Midfielder,6.1,71.0,
4653708,spain-vs-austria,https://www.fotmob.com/matches/spain-vs-austria/1urklb#4653708,Spain vs Austria (2026-07-02T19:00:00.000Z),Spain,Austria,2026-07-02T19:00:00.000Z,,Los Angeles Stadium,Glenn Nyberg,Full time,3,0,Spain,Austria,home,Ferran Torres,7,used_substitute,Attacker,6.0,71.0,
4653708,spain-vs-austria,https://www.fotmob.com/matches/spain-vs-austria/1urklb#4653708,Spain vs Austria (2026-07-02T19:00:00.000Z),Spain,Austria,2026-07-02T19:00:00.000Z,,Los Angeles Stadium,Glenn Nyberg,Full time,3,0,Spain,Austria,home,Gavi,9,used_substitute,Midfielder,,85.0,
4653708,spain-vs-austria,https://www.fotmob.com/matches/spain-vs-austria/1urklb#4653708,Spain vs Austria (2026-07-02T19:00:00.000Z),Spain,Austria,2026-07-02T19:00:00.000Z,,Los Angeles Stadium,Glenn Nyberg,Full time,3,0,Spain,Austria,home,Marc Pubill,2,used_substitute,Defender,,90.0,
4653708,spain-vs-austria,https://www.fotmob.com/matches/spain-vs-austria/1urklb#4653708,Spain vs Austria (2026-07-02T19:00:00.000Z),Spain,Austria,2026-07-02T19:00:00.000Z,,Los Angeles Stadium,Glenn Nyberg,Full time,3,0,Spain,Austria,home,Fabián Ruiz,8,used_substitute,Midfielder,,90.0,
4653708,spain-vs-austria,https://www.fotmob.com/matches/spain-vs-austria/1urklb#4653708,Spain vs Austria (2026-07-02T19:00:00.000Z),Spain,Austria,2026-07-02T19:00:00.000Z,,Los Angeles Stadium,Glenn Nyberg,Full time,3,0,Austria,Spain,away,Carney Chukwuemeka,17,used_substitute,Midfielder,6.0,46.0,
4653708,spain-vs-austria,https://www.fotmob.com/matches/spain-vs-austria/1urklb#4653708,Spain vs Austria (2026-07-02T19:00:00.000Z),Spain,Austria,2026-07-02T19:00:00.000Z,,Los Angeles Stadium,Glenn Nyberg,Full time,3,0,Austria,Spain,away,Florian Grillitsch,10,used_substitute,Midfielder,6.2,46.0,
4653708,spain-vs-austria,https://www.fotmob.com/matches/spain-vs-austria/1urklb#4653708,Spain vs Austria (2026-07-02T19:00:00.000Z),Spain,Austria,2026-07-02T19:00:00.000Z,,Los Angeles Stadium,Glenn Nyberg,Full time,3,0,Austria,Spain,away,Marko Arnautovic,7,used_substitute,Attacker,5.9,60.0,
4653708,spain-vs-austria,https://www.fotmob.com/matches/spain-vs-austria/1urklb#4653708,Spain vs Austria (2026-07-02T19:00:00.000Z),Spain,Austria,2026-07-02T19:00:00.000Z,,Los Angeles Stadium,Glenn Nyberg,Full time,3,0,Austria,Spain,away,Sasa Kalajdzic,14,used_substitute,Attacker,5.9,60.0,
4653708,spain-vs-austria,https://www.fotmob.com/matches/spain-vs-austria/1urklb#4653708,Spain vs Austria (2026-07-02T19:00:00.000Z),Spain,Austria,2026-07-02T19:00:00.000Z,,Los Angeles Stadium,Glenn Nyberg,Full time,3,0,Austria,Spain,away,Alexander Prass,22,used_substitute,Midfielder,,85.0,
4653708,spain-vs-austria,https://www.fotmob.com/matches/spain-vs-austria/1urklb#4653708,Spain vs Austria (2026-07-02T19:00:00.000Z),Spain,Austria,2026-07-02T19:00:00.000Z,,Los Angeles Stadium,Glenn Nyberg,Full time,3,0,Spain,Austria,home,David Raya,1,unused_bench,Keeper,,,
4653708,spain-vs-austria,https://www.fotmob.com/matches/spain-vs-austria/1urklb#4653708,Spain vs Austria (2026-07-02T19:00:00.000Z),Spain,Austria,2026-07-02T19:00:00.000Z,,Los Angeles Stadium,Glenn Nyberg,Full time,3,0,Austria,Spain,away,Joan García,13,unused_bench,Keeper,,,
4653708,spain-vs-austria,https://www.fotmob.com/matches/spain-vs-austria/1urklb#4653708,Spain vs Austria (2026-07-02T19:00:00.000Z),Spain,Austria,2026-07-02T19:00:00.000Z,,Los Angeles Stadium,Glenn Nyberg,Full time,3,0,Austria,Spain,away,Eric García,4,unused_bench,Defender,,,
4653708,spain-vs-austria,https://www.fotmob.com/matches/spain-vs-austria/1urklb#4653708,Spain vs Austria (2026-07-02T19:00:00.000Z),Spain,Austria,2026-07-02T19:00:00.000Z,,Los Angeles Stadium,Glenn Nyberg,Full time,3,0,Austria,Spain,away,Marcos Llorente,5,unused_bench,Defender,,,
4653708,spain-vs-austria,https://www.fotmob.com/matches/spain-vs-austria/1urklb#4653708,Spain vs Austria (2026-07-02T19:00:00.000Z),Spain,Austria,2026-07-02T19:00:00.000Z,,Los Angeles Stadium,Glenn Nyberg,Full time,3,0,Austria,Spain,away,Alejandro Grimaldo,3,unused_bench,Midfielder,,,
4653708,spain-vs-austria,https://www.fotmob.com/matches/spain-vs-austria/1urklb#4653708,Spain vs Austria (2026-07-02T19:00:00.000Z),Spain,Austria,2026-07-02T19:00:00.000Z,,Los Angeles Stadium,Glenn Nyberg,Full time,3,0,Austria,Spain,away,Martín Zubimendi,18,unused_bench,Midfielder,,,
4653708,spain-vs-austria,https://www.fotmob.com/matches/spain-vs-austria/1urklb#4653708,Spain vs Austria (2026-07-02T19:00:00.000Z),Spain,Austria,2026-07-02T19:00:00.000Z,,Los Angeles Stadium,Glenn Nyberg,Full time,3,0,Austria,Spain,away,Yéremi Pino,11,unused_bench,Midfielder,,,
4653708,spain-vs-austria,https://www.fotmob.com/matches/spain-vs-austria/1urklb#4653708,Spain vs Austria (2026-07-02T19:00:00.000Z),Spain,Austria,2026-07-02T19:00:00.000Z,,Los Angeles Stadium,Glenn Nyberg,Full time,3,0,Austria,Spain,away,Borja Iglesias,26,unused_bench,Attacker,,,
4653708,spain-vs-austria,https://www.fotmob.com/matches/spain-vs-austria/1urklb#4653708,Spain vs Austria (2026-07-02T19:00:00.000Z),Spain,Austria,2026-07-02T19:00:00.000Z,,Los Angeles Stadium,Glenn Nyberg,Full time,3,0,Austria,Spain,away,Nico Williams,17,unused_bench,Attacker,,,
4653708,spain-vs-austria,https://www.fotmob.com/matches/spain-vs-austria/1urklb#4653708,Spain vs Austria (2026-07-02T19:00:00.000Z),Spain,Austria,2026-07-02T19:00:00.000Z,,Los Angeles Stadium,Glenn Nyberg,Full time,3,0,Austria,Spain,away,Víctor Muñoz,25,unused_bench,Attacker,,,
4653708,spain-vs-austria,https://www.fotmob.com/matches/spain-vs-austria/1urklb#4653708,Spain vs Austria (2026-07-02T19:00:00.000Z),Spain,Austria,2026-07-02T19:00:00.000Z,,Los Angeles Stadium,Glenn Nyberg,Full time,3,0,Austria,Spain,away,Florian Wiegele,12,unused_bench,Keeper,,,
4653708,spain-vs-austria,https://www.fotmob.com/matches/spain-vs-austria/1urklb#4653708,Spain vs Austria (2026-07-02T19:00:00.000Z),Spain,Austria,2026-07-02T19:00:00.000Z,,Los Angeles Stadium,Glenn Nyberg,Full time,3,0,Austria,Spain,away,Patrick Pentz,13,unused_bench,Keeper,,,
4653708,spain-vs-austria,https://www.fotmob.com/matches/spain-vs-austria/1urklb#4653708,Spain vs Austria (2026-07-02T19:00:00.000Z),Spain,Austria,2026-07-02T19:00:00.000Z,,Los Angeles Stadium,Glenn Nyberg,Full time,3,0,Austria,Spain,away,David Affengruber,2,unused_bench,Defender,,,
4653708,spain-vs-austria,https://www.fotmob.com/matches/spain-vs-austria/1urklb#4653708,Spain vs Austria (2026-07-02T19:00:00.000Z),Spain,Austria,2026-07-02T19:00:00.000Z,,Los Angeles Stadium,Glenn Nyberg,Full time,3,0,Austria,Spain,away,Marco Friedl,23,unused_bench,Defender,,,
4653708,spain-vs-austria,https://www.fotmob.com/matches/spain-vs-austria/1urklb#4653708,Spain vs Austria (2026-07-02T19:00:00.000Z),Spain,Austria,2026-07-02T19:00:00.000Z,,Los Angeles Stadium,Glenn Nyberg,Full time,3,0,Austria,Spain,away,Michael Svoboda,25,unused_bench,Defender,,,
4653708,spain-vs-austria,https://www.fotmob.com/matches/spain-vs-austria/1urklb#4653708,Spain vs Austria (2026-07-02T19:00:00.000Z),Spain,Austria,2026-07-02T19:00:00.000Z,,Los Angeles Stadium,Glenn Nyberg,Full time,3,0,Austria,Spain,away,Philipp Lienhart,15,unused_bench,Defender,,,
4653708,spain-vs-austria,https://www.fotmob.com/matches/spain-vs-austria/1urklb#4653708,Spain vs Austria (2026-07-02T19:00:00.000Z),Spain,Austria,2026-07-02T19:00:00.000Z,,Los Angeles Stadium,Glenn Nyberg,Full time,3,0,Austria,Spain,away,Alessandro Schöpf,26,unused_bench,Midfielder,,,
4653708,spain-vs-austria,https://www.fotmob.com/matches/spain-vs-austria/1urklb#4653708,Spain vs Austria (2026-07-02T19:00:00.000Z),Spain,Austria,2026-07-02T19:00:00.000Z,,Los Angeles Stadium,Glenn Nyberg,Full time,3,0,Austria,Spain,away,Dejan Ljubicic,19,unused_bench,Midfielder,,,
4653708,spain-vs-austria,https://www.fotmob.com/matches/spain-vs-austria/1urklb#4653708,Spain vs Austria (2026-07-02T19:00:00.000Z),Spain,Austria,2026-07-02T19:00:00.000Z,,Los Angeles Stadium,Glenn Nyberg,Full time,3,0,Austria,Spain,away,Phillipp Mwene,16,unused_bench,Midfielder,,,
4653708,spain-vs-austria,https://www.fotmob.com/matches/spain-vs-austria/1urklb#4653708,Spain vs Austria (2026-07-02T19:00:00.000Z),Spain,Austria,2026-07-02T19:00:00.000Z,,Los Angeles Stadium,Glenn Nyberg,Full time,3,0,Austria,Spain,away,Patrick Wimmer,21,unused_bench,Attacker,,,
4653707,portugal-vs-croatia,https://www.fotmob.com/matches/portugal-vs-croatia/2u2izf#4653707,Portugal vs Croatia (2026-07-02T23:00:00.000Z),Portugal,Croatia,2026-07-02T23:00:00.000Z,,Toronto Stadium,Espen Eskås,Full time,2,1,Portugal,Croatia,home,Nélson Semedo,2,used_substitute,Defender,6.5,62.0,
4653707,portugal-vs-croatia,https://www.fotmob.com/matches/portugal-vs-croatia/2u2izf#4653707,Portugal vs Croatia (2026-07-02T23:00:00.000Z),Portugal,Croatia,2026-07-02T23:00:00.000Z,,Toronto Stadium,Espen Eskås,Full time,2,1,Portugal,Croatia,home,Bernardo Silva,10,used_substitute,Midfielder,6.1,62.0,
4653707,portugal-vs-croatia,https://www.fotmob.com/matches/portugal-vs-croatia/2u2izf#4653707,Portugal vs Croatia (2026-07-02T23:00:00.000Z),Portugal,Croatia,2026-07-02T23:00:00.000Z,,Toronto Stadium,Espen Eskås,Full time,2,1,Portugal,Croatia,home,Francisco Conceição,26,used_substitute,Midfielder,6.2,62.0,
4653707,portugal-vs-croatia,https://www.fotmob.com/matches/portugal-vs-croatia/2u2izf#4653707,Portugal vs Croatia (2026-07-02T23:00:00.000Z),Portugal,Croatia,2026-07-02T23:00:00.000Z,,Toronto Stadium,Espen Eskås,Full time,2,1,Portugal,Croatia,home,Gonçalo Ramos,9,used_substitute,Attacker,7.4,62.0,
4653707,portugal-vs-croatia,https://www.fotmob.com/matches/portugal-vs-croatia/2u2izf#4653707,Portugal vs Croatia (2026-07-02T23:00:00.000Z),Portugal,Croatia,2026-07-02T23:00:00.000Z,,Toronto Stadium,Espen Eskås,Full time,2,1,Portugal,Croatia,home,Rúben Neves,21,used_substitute,Midfielder,,81.0,
4653707,portugal-vs-croatia,https://www.fotmob.com/matches/portugal-vs-croatia/2u2izf#4653707,Portugal vs Croatia (2026-07-02T23:00:00.000Z),Portugal,Croatia,2026-07-02T23:00:00.000Z,,Toronto Stadium,Espen Eskås,Full time,2,1,Croatia,Portugal,away,Igor Matanovic,20,used_substitute,Attacker,5.4,46.0,
4653707,portugal-vs-croatia,https://www.fotmob.com/matches/portugal-vs-croatia/2u2izf#4653707,Portugal vs Croatia (2026-07-02T23:00:00.000Z),Portugal,Croatia,2026-07-02T23:00:00.000Z,,Toronto Stadium,Espen Eskås,Full time,2,1,Croatia,Portugal,away,Mario Pasalic,15,used_substitute,Midfielder,6.4,68.0,
4653707,portugal-vs-croatia,https://www.fotmob.com/matches/portugal-vs-croatia/2u2izf#4653707,Portugal vs Croatia (2026-07-02T23:00:00.000Z),Portugal,Croatia,2026-07-02T23:00:00.000Z,,Toronto Stadium,Espen Eskås,Full time,2,1,Croatia,Portugal,away,Josko Gvardiol,4,used_substitute,Defender,,90.0,
4653707,portugal-vs-croatia,https://www.fotmob.com/matches/portugal-vs-croatia/2u2izf#4653707,Portugal vs Croatia (2026-07-02T23:00:00.000Z),Portugal,Croatia,2026-07-02T23:00:00.000Z,,Toronto Stadium,Espen Eskås,Full time,2,1,Croatia,Portugal,away,Andrej Kramaric,9,used_substitute,Midfielder,,90.0,
4653707,portugal-vs-croatia,https://www.fotmob.com/matches/portugal-vs-croatia/2u2izf#4653707,Portugal vs Croatia (2026-07-02T23:00:00.000Z),Portugal,Croatia,2026-07-02T23:00:00.000Z,,Toronto Stadium,Espen Eskås,Full time,2,1,Portugal,Croatia,home,José Sá,12,unused_bench,Keeper,,,
4653707,portugal-vs-croatia,https://www.fotmob.com/matches/portugal-vs-croatia/2u2izf#4653707,Portugal vs Croatia (2026-07-02T23:00:00.000Z),Portugal,Croatia,2026-07-02T23:00:00.000Z,,Toronto Stadium,Espen Eskås,Full time,2,1,Croatia,Portugal,away,Rui Silva,22,unused_bench,Keeper,,,
4653707,portugal-vs-croatia,https://www.fotmob.com/matches/portugal-vs-croatia/2u2izf#4653707,Portugal vs Croatia (2026-07-02T23:00:00.000Z),Portugal,Croatia,2026-07-02T23:00:00.000Z,,Toronto Stadium,Espen Eskås,Full time,2,1,Croatia,Portugal,away,Diogo Dalot,5,unused_bench,Defender,,,
4653707,portugal-vs-croatia,https://www.fotmob.com/matches/portugal-vs-croatia/2u2izf#4653707,Portugal vs Croatia (2026-07-02T23:00:00.000Z),Portugal,Croatia,2026-07-02T23:00:00.000Z,,Toronto Stadium,Espen Eskås,Full time,2,1,Croatia,Portugal,away,Gonçalo Inácio,14,unused_bench,Defender,,,
4653707,portugal-vs-croatia,https://www.fotmob.com/matches/portugal-vs-croatia/2u2izf#4653707,Portugal vs Croatia (2026-07-02T23:00:00.000Z),Portugal,Croatia,2026-07-02T23:00:00.000Z,,Toronto Stadium,Espen Eskås,Full time,2,1,Croatia,Portugal,away,Matheus Nunes,6,unused_bench,Defender,,,
4653707,portugal-vs-croatia,https://www.fotmob.com/matches/portugal-vs-croatia/2u2izf#4653707,Portugal vs Croatia (2026-07-02T23:00:00.000Z),Portugal,Croatia,2026-07-02T23:00:00.000Z,,Toronto Stadium,Espen Eskås,Full time,2,1,Croatia,Portugal,away,Tomás Araújo,4,unused_bench,Defender,,,
4653707,portugal-vs-croatia,https://www.fotmob.com/matches/portugal-vs-croatia/2u2izf#4653707,Portugal vs Croatia (2026-07-02T23:00:00.000Z),Portugal,Croatia,2026-07-02T23:00:00.000Z,,Toronto Stadium,Espen Eskås,Full time,2,1,Croatia,Portugal,away,Samú,24,unused_bench,Midfielder,,,
4653707,portugal-vs-croatia,https://www.fotmob.com/matches/portugal-vs-croatia/2u2izf#4653707,Portugal vs Croatia (2026-07-02T23:00:00.000Z),Portugal,Croatia,2026-07-02T23:00:00.000Z,,Toronto Stadium,Espen Eskås,Full time,2,1,Croatia,Portugal,away,Trincão,16,unused_bench,Midfielder,,,
4653707,portugal-vs-croatia,https://www.fotmob.com/matches/portugal-vs-croatia/2u2izf#4653707,Portugal vs Croatia (2026-07-02T23:00:00.000Z),Portugal,Croatia,2026-07-02T23:00:00.000Z,,Toronto Stadium,Espen Eskås,Full time,2,1,Croatia,Portugal,away,Gonçalo Guedes,19,unused_bench,Attacker,,,
4653707,portugal-vs-croatia,https://www.fotmob.com/matches/portugal-vs-croatia/2u2izf#4653707,Portugal vs Croatia (2026-07-02T23:00:00.000Z),Portugal,Croatia,2026-07-02T23:00:00.000Z,,Toronto Stadium,Espen Eskås,Full time,2,1,Croatia,Portugal,away,Joao Félix,11,unused_bench,Attacker,,,
4653707,portugal-vs-croatia,https://www.fotmob.com/matches/portugal-vs-croatia/2u2izf#4653707,Portugal vs Croatia (2026-07-02T23:00:00.000Z),Portugal,Croatia,2026-07-02T23:00:00.000Z,,Toronto Stadium,Espen Eskås,Full time,2,1,Croatia,Portugal,away,Dominik Kotarski,23,unused_bench,Keeper,,,
4653707,portugal-vs-croatia,https://www.fotmob.com/matches/portugal-vs-croatia/2u2izf#4653707,Portugal vs Croatia (2026-07-02T23:00:00.000Z),Portugal,Croatia,2026-07-02T23:00:00.000Z,,Toronto Stadium,Espen Eskås,Full time,2,1,Croatia,Portugal,away,Ivor Pandur,12,unused_bench,Keeper,,,
4653707,portugal-vs-croatia,https://www.fotmob.com/matches/portugal-vs-croatia/2u2izf#4653707,Portugal vs Croatia (2026-07-02T23:00:00.000Z),Portugal,Croatia,2026-07-02T23:00:00.000Z,,Toronto Stadium,Espen Eskås,Full time,2,1,Croatia,Portugal,away,Duje Caleta-Car,5,unused_bench,Defender,,,
4653707,portugal-vs-croatia,https://www.fotmob.com/matches/portugal-vs-croatia/2u2izf#4653707,Portugal vs Croatia (2026-07-02T23:00:00.000Z),Portugal,Croatia,2026-07-02T23:00:00.000Z,,Toronto Stadium,Espen Eskås,Full time,2,1,Croatia,Portugal,away,Luka Vuskovic,22,unused_bench,Defender,,,
4653707,portugal-vs-croatia,https://www.fotmob.com/matches/portugal-vs-croatia/2u2izf#4653707,Portugal vs Croatia (2026-07-02T23:00:00.000Z),Portugal,Croatia,2026-07-02T23:00:00.000Z,,Toronto Stadium,Espen Eskås,Full time,2,1,Croatia,Portugal,away,Martin Erlic,25,unused_bench,Defender,,,
4653707,portugal-vs-croatia,https://www.fotmob.com/matches/portugal-vs-croatia/2u2izf#4653707,Portugal vs Croatia (2026-07-02T23:00:00.000Z),Portugal,Croatia,2026-07-02T23:00:00.000Z,,Toronto Stadium,Espen Eskås,Full time,2,1,Croatia,Portugal,away,Kristijan Jakic,18,unused_bench,Midfielder,,,
4653707,portugal-vs-croatia,https://www.fotmob.com/matches/portugal-vs-croatia/2u2izf#4653707,Portugal vs Croatia (2026-07-02T23:00:00.000Z),Portugal,Croatia,2026-07-02T23:00:00.000Z,,Toronto Stadium,Espen Eskås,Full time,2,1,Croatia,Portugal,away,Luka Sucic,21,unused_bench,Midfielder,,,
4653707,portugal-vs-croatia,https://www.fotmob.com/matches/portugal-vs-croatia/2u2izf#4653707,Portugal vs Croatia (2026-07-02T23:00:00.000Z),Portugal,Croatia,2026-07-02T23:00:00.000Z,,Toronto Stadium,Espen Eskås,Full time,2,1,Croatia,Portugal,away,Marco Pasalic,24,unused_bench,Midfielder,,,
4653707,portugal-vs-croatia,https://www.fotmob.com/matches/portugal-vs-croatia/2u2izf#4653707,Portugal vs Croatia (2026-07-02T23:00:00.000Z),Portugal,Croatia,2026-07-02T23:00:00.000Z,,Toronto Stadium,Espen Eskås,Full time,2,1,Croatia,Portugal,away,Nikola Moro,7,unused_bench,Midfielder,,,
4653707,portugal-vs-croatia,https://www.fotmob.com/matches/portugal-vs-croatia/2u2izf#4653707,Portugal vs Croatia (2026-07-02T23:00:00.000Z),Portugal,Croatia,2026-07-02T23:00:00.000Z,,Toronto Stadium,Espen Eskås,Full time,2,1,Croatia,Portugal,away,Toni Fruk,19,unused_bench,Midfielder,,,
4653707,portugal-vs-croatia,https://www.fotmob.com/matches/portugal-vs-croatia/2u2izf#4653707,Portugal vs Croatia (2026-07-02T23:00:00.000Z),Portugal,Croatia,2026-07-02T23:00:00.000Z,,Toronto Stadium,Espen Eskås,Full time,2,1,Croatia,Portugal,away,Petar Musa,26,unused_bench,Attacker,,,
4653714,dr-congo-vs-england,https://www.fotmob.com/matches/dr-congo-vs-england/1tbjj5#4653714,England vs DR Congo (2026-07-01T16:00:00.000Z),England,DR Congo,2026-07-01T16:00:00.000Z,,Atlanta Stadium,Adham Mohammad Tumah Makhadmeh,Full time,2,1,England,DR Congo,home,Anthony Gordon,18,used_substitute,Attacker,8.1,60.0,
4653714,dr-congo-vs-england,https://www.fotmob.com/matches/dr-congo-vs-england/1tbjj5#4653714,England vs DR Congo (2026-07-01T16:00:00.000Z),England,DR Congo,2026-07-01T16:00:00.000Z,,Atlanta Stadium,Adham Mohammad Tumah Makhadmeh,Full time,2,1,England,DR Congo,home,Bukayo Saka,7,used_substitute,Attacker,6.7,60.0,
4653714,dr-congo-vs-england,https://www.fotmob.com/matches/dr-congo-vs-england/1tbjj5#4653714,England vs DR Congo (2026-07-01T16:00:00.000Z),England,DR Congo,2026-07-01T16:00:00.000Z,,Atlanta Stadium,Adham Mohammad Tumah Makhadmeh,Full time,2,1,England,DR Congo,home,Eberechi Eze,21,used_substitute,Midfielder,6.4,70.0,
4653714,dr-congo-vs-england,https://www.fotmob.com/matches/dr-congo-vs-england/1tbjj5#4653714,England vs DR Congo (2026-07-01T16:00:00.000Z),England,DR Congo,2026-07-01T16:00:00.000Z,,Atlanta Stadium,Adham Mohammad Tumah Makhadmeh,Full time,2,1,England,DR Congo,home,John Stones,5,used_substitute,Defender,,90.0,
4653714,dr-congo-vs-england,https://www.fotmob.com/matches/dr-congo-vs-england/1tbjj5#4653714,England vs DR Congo (2026-07-01T16:00:00.000Z),England,DR Congo,2026-07-01T16:00:00.000Z,,Atlanta Stadium,Adham Mohammad Tumah Makhadmeh,Full time,2,1,DR Congo,England,away,Meschack Elia,13,used_substitute,Attacker,6.0,64.0,
4653714,dr-congo-vs-england,https://www.fotmob.com/matches/dr-congo-vs-england/1tbjj5#4653714,England vs DR Congo (2026-07-01T16:00:00.000Z),England,DR Congo,2026-07-01T16:00:00.000Z,,Atlanta Stadium,Adham Mohammad Tumah Makhadmeh,Full time,2,1,DR Congo,England,away,Edo Kayembe,25,used_substitute,Midfielder,6.2,76.0,
4653714,dr-congo-vs-england,https://www.fotmob.com/matches/dr-congo-vs-england/1tbjj5#4653714,England vs DR Congo (2026-07-01T16:00:00.000Z),England,DR Congo,2026-07-01T16:00:00.000Z,,Atlanta Stadium,Adham Mohammad Tumah Makhadmeh,Full time,2,1,DR Congo,England,away,Théo Bongonda,10,used_substitute,Attacker,6.4,76.0,
4653714,dr-congo-vs-england,https://www.fotmob.com/matches/dr-congo-vs-england/1tbjj5#4653714,England vs DR Congo (2026-07-01T16:00:00.000Z),England,DR Congo,2026-07-01T16:00:00.000Z,,Atlanta Stadium,Adham Mohammad Tumah Makhadmeh,Full time,2,1,DR Congo,England,away,Joris Kayembe Ditu,12,used_substitute,Defender,,89.0,
4653714,dr-congo-vs-england,https://www.fotmob.com/matches/dr-congo-vs-england/1tbjj5#4653714,England vs DR Congo (2026-07-01T16:00:00.000Z),England,DR Congo,2026-07-01T16:00:00.000Z,,Atlanta Stadium,Adham Mohammad Tumah Makhadmeh,Full time,2,1,DR Congo,England,away,Fiston Mayele,19,used_substitute,Attacker,,89.0,
4653714,dr-congo-vs-england,https://www.fotmob.com/matches/dr-congo-vs-england/1tbjj5#4653714,England vs DR Congo (2026-07-01T16:00:00.000Z),England,DR Congo,2026-07-01T16:00:00.000Z,,Atlanta Stadium,Adham Mohammad Tumah Makhadmeh,Full time,2,1,England,DR Congo,home,Dean Henderson,13,unused_bench,Keeper,,,
4653714,dr-congo-vs-england,https://www.fotmob.com/matches/dr-congo-vs-england/1tbjj5#4653714,England vs DR Congo (2026-07-01T16:00:00.000Z),England,DR Congo,2026-07-01T16:00:00.000Z,,Atlanta Stadium,Adham Mohammad Tumah Makhadmeh,Full time,2,1,DR Congo,England,away,James Trafford,23,unused_bench,Keeper,,,
4653714,dr-congo-vs-england,https://www.fotmob.com/matches/dr-congo-vs-england/1tbjj5#4653714,England vs DR Congo (2026-07-01T16:00:00.000Z),England,DR Congo,2026-07-01T16:00:00.000Z,,Atlanta Stadium,Adham Mohammad Tumah Makhadmeh,Full time,2,1,DR Congo,England,away,Daniel Burn,15,unused_bench,Defender,,,
4653714,dr-congo-vs-england,https://www.fotmob.com/matches/dr-congo-vs-england/1tbjj5#4653714,England vs DR Congo (2026-07-01T16:00:00.000Z),England,DR Congo,2026-07-01T16:00:00.000Z,,Atlanta Stadium,Adham Mohammad Tumah Makhadmeh,Full time,2,1,DR Congo,England,away,Jarell Quansah,26,unused_bench,Defender,,,
4653714,dr-congo-vs-england,https://www.fotmob.com/matches/dr-congo-vs-england/1tbjj5#4653714,England vs DR Congo (2026-07-01T16:00:00.000Z),England,DR Congo,2026-07-01T16:00:00.000Z,,Atlanta Stadium,Adham Mohammad Tumah Makhadmeh,Full time,2,1,DR Congo,England,away,Reece James,24,unused_bench,Defender,,,
4653714,dr-congo-vs-england,https://www.fotmob.com/matches/dr-congo-vs-england/1tbjj5#4653714,England vs DR Congo (2026-07-01T16:00:00.000Z),England,DR Congo,2026-07-01T16:00:00.000Z,,Atlanta Stadium,Adham Mohammad Tumah Makhadmeh,Full time,2,1,DR Congo,England,away,Trevoh Chalobah,12,unused_bench,Defender,,,
4653714,dr-congo-vs-england,https://www.fotmob.com/matches/dr-congo-vs-england/1tbjj5#4653714,England vs DR Congo (2026-07-01T16:00:00.000Z),England,DR Congo,2026-07-01T16:00:00.000Z,,Atlanta Stadium,Adham Mohammad Tumah Makhadmeh,Full time,2,1,DR Congo,England,away,Jordan Henderson,14,unused_bench,Midfielder,,,
4653714,dr-congo-vs-england,https://www.fotmob.com/matches/dr-congo-vs-england/1tbjj5#4653714,England vs DR Congo (2026-07-01T16:00:00.000Z),England,DR Congo,2026-07-01T16:00:00.000Z,,Atlanta Stadium,Adham Mohammad Tumah Makhadmeh,Full time,2,1,DR Congo,England,away,Kobbie Mainoo,16,unused_bench,Midfielder,,,
4653714,dr-congo-vs-england,https://www.fotmob.com/matches/dr-congo-vs-england/1tbjj5#4653714,England vs DR Congo (2026-07-01T16:00:00.000Z),England,DR Congo,2026-07-01T16:00:00.000Z,,Atlanta Stadium,Adham Mohammad Tumah Makhadmeh,Full time,2,1,DR Congo,England,away,Morgan Rogers,17,unused_bench,Midfielder,,,
4653714,dr-congo-vs-england,https://www.fotmob.com/matches/dr-congo-vs-england/1tbjj5#4653714,England vs DR Congo (2026-07-01T16:00:00.000Z),England,DR Congo,2026-07-01T16:00:00.000Z,,Atlanta Stadium,Adham Mohammad Tumah Makhadmeh,Full time,2,1,DR Congo,England,away,Ivan Toney,22,unused_bench,Attacker,,,
4653714,dr-congo-vs-england,https://www.fotmob.com/matches/dr-congo-vs-england/1tbjj5#4653714,England vs DR Congo (2026-07-01T16:00:00.000Z),England,DR Congo,2026-07-01T16:00:00.000Z,,Atlanta Stadium,Adham Mohammad Tumah Makhadmeh,Full time,2,1,DR Congo,England,away,Ollie Watkins,19,unused_bench,Attacker,,,
4653714,dr-congo-vs-england,https://www.fotmob.com/matches/dr-congo-vs-england/1tbjj5#4653714,England vs DR Congo (2026-07-01T16:00:00.000Z),England,DR Congo,2026-07-01T16:00:00.000Z,,Atlanta Stadium,Adham Mohammad Tumah Makhadmeh,Full time,2,1,DR Congo,England,away,Matthieu Epolo,21,unused_bench,Keeper,,,
4653714,dr-congo-vs-england,https://www.fotmob.com/matches/dr-congo-vs-england/1tbjj5#4653714,England vs DR Congo (2026-07-01T16:00:00.000Z),England,DR Congo,2026-07-01T16:00:00.000Z,,Atlanta Stadium,Adham Mohammad Tumah Makhadmeh,Full time,2,1,DR Congo,England,away,Timothy Fayulu,16,unused_bench,Keeper,,,
4653714,dr-congo-vs-england,https://www.fotmob.com/matches/dr-congo-vs-england/1tbjj5#4653714,England vs DR Congo (2026-07-01T16:00:00.000Z),England,DR Congo,2026-07-01T16:00:00.000Z,,Atlanta Stadium,Adham Mohammad Tumah Makhadmeh,Full time,2,1,DR Congo,England,away,Dylan Batubinsika,5,unused_bench,Defender,,,
4653714,dr-congo-vs-england,https://www.fotmob.com/matches/dr-congo-vs-england/1tbjj5#4653714,England vs DR Congo (2026-07-01T16:00:00.000Z),England,DR Congo,2026-07-01T16:00:00.000Z,,Atlanta Stadium,Adham Mohammad Tumah Makhadmeh,Full time,2,1,DR Congo,England,away,Gédéon Kalulu,24,unused_bench,Defender,,,
4653714,dr-congo-vs-england,https://www.fotmob.com/matches/dr-congo-vs-england/1tbjj5#4653714,England vs DR Congo (2026-07-01T16:00:00.000Z),England,DR Congo,2026-07-01T16:00:00.000Z,,Atlanta Stadium,Adham Mohammad Tumah Makhadmeh,Full time,2,1,DR Congo,England,away,Steve Kapuadi,3,unused_bench,Defender,,,
4653714,dr-congo-vs-england,https://www.fotmob.com/matches/dr-congo-vs-england/1tbjj5#4653714,England vs DR Congo (2026-07-01T16:00:00.000Z),England,DR Congo,2026-07-01T16:00:00.000Z,,Atlanta Stadium,Adham Mohammad Tumah Makhadmeh,Full time,2,1,DR Congo,England,away,Aaron Tshibola,15,unused_bench,Midfielder,,,
4653714,dr-congo-vs-england,https://www.fotmob.com/matches/dr-congo-vs-england/1tbjj5#4653714,England vs DR Congo (2026-07-01T16:00:00.000Z),England,DR Congo,2026-07-01T16:00:00.000Z,,Atlanta Stadium,Adham Mohammad Tumah Makhadmeh,Full time,2,1,DR Congo,England,away,Charles Pickel,18,unused_bench,Midfielder,,,
4653714,dr-congo-vs-england,https://www.fotmob.com/matches/dr-congo-vs-england/1tbjj5#4653714,England vs DR Congo (2026-07-01T16:00:00.000Z),England,DR Congo,2026-07-01T16:00:00.000Z,,Atlanta Stadium,Adham Mohammad Tumah Makhadmeh,Full time,2,1,DR Congo,England,away,Cédric Bakambu,17,unused_bench,Attacker,,,
4653714,dr-congo-vs-england,https://www.fotmob.com/matches/dr-congo-vs-england/1tbjj5#4653714,England vs DR Congo (2026-07-01T16:00:00.000Z),England,DR Congo,2026-07-01T16:00:00.000Z,,Atlanta Stadium,Adham Mohammad Tumah Makhadmeh,Full time,2,1,DR Congo,England,away,Gaël Kakuta,11,unused_bench,Attacker,,,
4653714,dr-congo-vs-england,https://www.fotmob.com/matches/dr-congo-vs-england/1tbjj5#4653714,England vs DR Congo (2026-07-01T16:00:00.000Z),England,DR Congo,2026-07-01T16:00:00.000Z,,Atlanta Stadium,Adham Mohammad Tumah Makhadmeh,Full time,2,1,DR Congo,England,away,Simon Banza,23,unused_bench,Attacker,,,
4653712,ivory-coast-vs-norway,https://www.fotmob.com/matches/ivory-coast-vs-norway/1wsny5#4653712,Ivory Coast vs Norway (2026-06-30T17:00:00.000Z),Ivory Coast,Norway,2026-06-30T17:00:00.000Z,,Dallas Stadium,Jesús Noel Valenzuela Sáez,Full time,1,2,Ivory Coast,Norway,home,Amad Diallo,15,used_substitute,Midfielder,8.0,60.0,
4653712,ivory-coast-vs-norway,https://www.fotmob.com/matches/ivory-coast-vs-norway/1wsny5#4653712,Ivory Coast vs Norway (2026-06-30T17:00:00.000Z),Ivory Coast,Norway,2026-06-30T17:00:00.000Z,,Dallas Stadium,Jesús Noel Valenzuela Sáez,Full time,1,2,Ivory Coast,Norway,home,Elye Wahi,12,used_substitute,Attacker,6.0,60.0,
4653712,ivory-coast-vs-norway,https://www.fotmob.com/matches/ivory-coast-vs-norway/1wsny5#4653712,Ivory Coast vs Norway (2026-06-30T17:00:00.000Z),Ivory Coast,Norway,2026-06-30T17:00:00.000Z,,Dallas Stadium,Jesús Noel Valenzuela Sáez,Full time,1,2,Ivory Coast,Norway,home,Oumar Diakité,14,used_substitute,Attacker,,87.0,
4653712,ivory-coast-vs-norway,https://www.fotmob.com/matches/ivory-coast-vs-norway/1wsny5#4653712,Ivory Coast vs Norway (2026-06-30T17:00:00.000Z),Ivory Coast,Norway,2026-06-30T17:00:00.000Z,,Dallas Stadium,Jesús Noel Valenzuela Sáez,Full time,1,2,Ivory Coast,Norway,home,Bazoumana Touré,24,used_substitute,Attacker,,90.0,
4653712,ivory-coast-vs-norway,https://www.fotmob.com/matches/ivory-coast-vs-norway/1wsny5#4653712,Ivory Coast vs Norway (2026-06-30T17:00:00.000Z),Ivory Coast,Norway,2026-06-30T17:00:00.000Z,,Dallas Stadium,Jesús Noel Valenzuela Sáez,Full time,1,2,Ivory Coast,Norway,home,Evann Guessand,22,used_substitute,Attacker,,90.0,
4653712,ivory-coast-vs-norway,https://www.fotmob.com/matches/ivory-coast-vs-norway/1wsny5#4653712,Ivory Coast vs Norway (2026-06-30T17:00:00.000Z),Ivory Coast,Norway,2026-06-30T17:00:00.000Z,,Dallas Stadium,Jesús Noel Valenzuela Sáez,Full time,1,2,Norway,Ivory Coast,away,Andreas Schjelderup,21,used_substitute,Attacker,6.6,71.0,
4653712,ivory-coast-vs-norway,https://www.fotmob.com/matches/ivory-coast-vs-norway/1wsny5#4653712,Ivory Coast vs Norway (2026-06-30T17:00:00.000Z),Ivory Coast,Norway,2026-06-30T17:00:00.000Z,,Dallas Stadium,Jesús Noel Valenzuela Sáez,Full time,1,2,Norway,Ivory Coast,away,Oscar Bobb,22,used_substitute,Attacker,6.0,71.0,
4653712,ivory-coast-vs-norway,https://www.fotmob.com/matches/ivory-coast-vs-norway/1wsny5#4653712,Ivory Coast vs Norway (2026-06-30T17:00:00.000Z),Ivory Coast,Norway,2026-06-30T17:00:00.000Z,,Dallas Stadium,Jesús Noel Valenzuela Sáez,Full time,1,2,Norway,Ivory Coast,away,Fredrik Aursnes,14,used_substitute,Midfielder,,83.0,
4653712,ivory-coast-vs-norway,https://www.fotmob.com/matches/ivory-coast-vs-norway/1wsny5#4653712,Ivory Coast vs Norway (2026-06-30T17:00:00.000Z),Ivory Coast,Norway,2026-06-30T17:00:00.000Z,,Dallas Stadium,Jesús Noel Valenzuela Sáez,Full time,1,2,Ivory Coast,Norway,home,Alban Lafont,23,unused_bench,Keeper,,,
4653712,ivory-coast-vs-norway,https://www.fotmob.com/matches/ivory-coast-vs-norway/1wsny5#4653712,Ivory Coast vs Norway (2026-06-30T17:00:00.000Z),Ivory Coast,Norway,2026-06-30T17:00:00.000Z,,Dallas Stadium,Jesús Noel Valenzuela Sáez,Full time,1,2,Norway,Ivory Coast,away,Mohamed Koné,16,unused_bench,Keeper,,,
4653712,ivory-coast-vs-norway,https://www.fotmob.com/matches/ivory-coast-vs-norway/1wsny5#4653712,Ivory Coast vs Norway (2026-06-30T17:00:00.000Z),Ivory Coast,Norway,2026-06-30T17:00:00.000Z,,Dallas Stadium,Jesús Noel Valenzuela Sáez,Full time,1,2,Norway,Ivory Coast,away,Christopher Opéri,13,unused_bench,Defender,,,
4653712,ivory-coast-vs-norway,https://www.fotmob.com/matches/ivory-coast-vs-norway/1wsny5#4653712,Ivory Coast vs Norway (2026-06-30T17:00:00.000Z),Ivory Coast,Norway,2026-06-30T17:00:00.000Z,,Dallas Stadium,Jesús Noel Valenzuela Sáez,Full time,1,2,Norway,Ivory Coast,away,Evan N'Dicka,21,unused_bench,Defender,,,
4653712,ivory-coast-vs-norway,https://www.fotmob.com/matches/ivory-coast-vs-norway/1wsny5#4653712,Ivory Coast vs Norway (2026-06-30T17:00:00.000Z),Ivory Coast,Norway,2026-06-30T17:00:00.000Z,,Dallas Stadium,Jesús Noel Valenzuela Sáez,Full time,1,2,Norway,Ivory Coast,away,Ousmane Diomande,2,unused_bench,Defender,,,
4653712,ivory-coast-vs-norway,https://www.fotmob.com/matches/ivory-coast-vs-norway/1wsny5#4653712,Ivory Coast vs Norway (2026-06-30T17:00:00.000Z),Ivory Coast,Norway,2026-06-30T17:00:00.000Z,,Dallas Stadium,Jesús Noel Valenzuela Sáez,Full time,1,2,Norway,Ivory Coast,away,Wilfried Singo,5,unused_bench,Defender,,,
4653712,ivory-coast-vs-norway,https://www.fotmob.com/matches/ivory-coast-vs-norway/1wsny5#4653712,Ivory Coast vs Norway (2026-06-30T17:00:00.000Z),Ivory Coast,Norway,2026-06-30T17:00:00.000Z,,Dallas Stadium,Jesús Noel Valenzuela Sáez,Full time,1,2,Norway,Ivory Coast,away,Jean Michaël Seri,4,unused_bench,Midfielder,,,
4653712,ivory-coast-vs-norway,https://www.fotmob.com/matches/ivory-coast-vs-norway/1wsny5#4653712,Ivory Coast vs Norway (2026-06-30T17:00:00.000Z),Ivory Coast,Norway,2026-06-30T17:00:00.000Z,,Dallas Stadium,Jesús Noel Valenzuela Sáez,Full time,1,2,Norway,Ivory Coast,away,Seko Fofana,6,unused_bench,Midfielder,,,
4653712,ivory-coast-vs-norway,https://www.fotmob.com/matches/ivory-coast-vs-norway/1wsny5#4653712,Ivory Coast vs Norway (2026-06-30T17:00:00.000Z),Ivory Coast,Norway,2026-06-30T17:00:00.000Z,,Dallas Stadium,Jesús Noel Valenzuela Sáez,Full time,1,2,Norway,Ivory Coast,away,Parfait Guiagon,25,unused_bench,Attacker,,,
4653712,ivory-coast-vs-norway,https://www.fotmob.com/matches/ivory-coast-vs-norway/1wsny5#4653712,Ivory Coast vs Norway (2026-06-30T17:00:00.000Z),Ivory Coast,Norway,2026-06-30T17:00:00.000Z,,Dallas Stadium,Jesús Noel Valenzuela Sáez,Full time,1,2,Norway,Ivory Coast,away,Simon Adingra,10,unused_bench,Attacker,,,
4653712,ivory-coast-vs-norway,https://www.fotmob.com/matches/ivory-coast-vs-norway/1wsny5#4653712,Ivory Coast vs Norway (2026-06-30T17:00:00.000Z),Ivory Coast,Norway,2026-06-30T17:00:00.000Z,,Dallas Stadium,Jesús Noel Valenzuela Sáez,Full time,1,2,Norway,Ivory Coast,away,Egil Selvik,13,unused_bench,Keeper,,,
4653712,ivory-coast-vs-norway,https://www.fotmob.com/matches/ivory-coast-vs-norway/1wsny5#4653712,Ivory Coast vs Norway (2026-06-30T17:00:00.000Z),Ivory Coast,Norway,2026-06-30T17:00:00.000Z,,Dallas Stadium,Jesús Noel Valenzuela Sáez,Full time,1,2,Norway,Ivory Coast,away,Sander Tangvik,12,unused_bench,Keeper,,,
4653712,ivory-coast-vs-norway,https://www.fotmob.com/matches/ivory-coast-vs-norway/1wsny5#4653712,Ivory Coast vs Norway (2026-06-30T17:00:00.000Z),Ivory Coast,Norway,2026-06-30T17:00:00.000Z,,Dallas Stadium,Jesús Noel Valenzuela Sáez,Full time,1,2,Norway,Ivory Coast,away,Fredrik André Bjørkan,15,unused_bench,Defender,,,
4653712,ivory-coast-vs-norway,https://www.fotmob.com/matches/ivory-coast-vs-norway/1wsny5#4653712,Ivory Coast vs Norway (2026-06-30T17:00:00.000Z),Ivory Coast,Norway,2026-06-30T17:00:00.000Z,,Dallas Stadium,Jesús Noel Valenzuela Sáez,Full time,1,2,Norway,Ivory Coast,away,Henrik Falchener,25,unused_bench,Defender,,,
4653712,ivory-coast-vs-norway,https://www.fotmob.com/matches/ivory-coast-vs-norway/1wsny5#4653712,Ivory Coast vs Norway (2026-06-30T17:00:00.000Z),Ivory Coast,Norway,2026-06-30T17:00:00.000Z,,Dallas Stadium,Jesús Noel Valenzuela Sáez,Full time,1,2,Norway,Ivory Coast,away,Leo Østigard,4,unused_bench,Defender,,,
4653712,ivory-coast-vs-norway,https://www.fotmob.com/matches/ivory-coast-vs-norway/1wsny5#4653712,Ivory Coast vs Norway (2026-06-30T17:00:00.000Z),Ivory Coast,Norway,2026-06-30T17:00:00.000Z,,Dallas Stadium,Jesús Noel Valenzuela Sáez,Full time,1,2,Norway,Ivory Coast,away,Sondre Klingen Langås,24,unused_bench,Defender,,,
4653712,ivory-coast-vs-norway,https://www.fotmob.com/matches/ivory-coast-vs-norway/1wsny5#4653712,Ivory Coast vs Norway (2026-06-30T17:00:00.000Z),Ivory Coast,Norway,2026-06-30T17:00:00.000Z,,Dallas Stadium,Jesús Noel Valenzuela Sáez,Full time,1,2,Norway,Ivory Coast,away,Julian Ryerson,26,unused_bench,Midfielder,,,
4653712,ivory-coast-vs-norway,https://www.fotmob.com/matches/ivory-coast-vs-norway/1wsny5#4653712,Ivory Coast vs Norway (2026-06-30T17:00:00.000Z),Ivory Coast,Norway,2026-06-30T17:00:00.000Z,,Dallas Stadium,Jesús Noel Valenzuela Sáez,Full time,1,2,Norway,Ivory Coast,away,Kristian Thorstvedt,18,unused_bench,Midfielder,,,
4653712,ivory-coast-vs-norway,https://www.fotmob.com/matches/ivory-coast-vs-norway/1wsny5#4653712,Ivory Coast vs Norway (2026-06-30T17:00:00.000Z),Ivory Coast,Norway,2026-06-30T17:00:00.000Z,,Dallas Stadium,Jesús Noel Valenzuela Sáez,Full time,1,2,Norway,Ivory Coast,away,Morten Thorsby,2,unused_bench,Midfielder,,,
4653712,ivory-coast-vs-norway,https://www.fotmob.com/matches/ivory-coast-vs-norway/1wsny5#4653712,Ivory Coast vs Norway (2026-06-30T17:00:00.000Z),Ivory Coast,Norway,2026-06-30T17:00:00.000Z,,Dallas Stadium,Jesús Noel Valenzuela Sáez,Full time,1,2,Norway,Ivory Coast,away,Thelo Aasgaard,19,unused_bench,Midfielder,,,
4653712,ivory-coast-vs-norway,https://www.fotmob.com/matches/ivory-coast-vs-norway/1wsny5#4653712,Ivory Coast vs Norway (2026-06-30T17:00:00.000Z),Ivory Coast,Norway,2026-06-30T17:00:00.000Z,,Dallas Stadium,Jesús Noel Valenzuela Sáez,Full time,1,2,Norway,Ivory Coast,away,Jens Petter Hauge,23,unused_bench,Attacker,,,
4653712,ivory-coast-vs-norway,https://www.fotmob.com/matches/ivory-coast-vs-norway/1wsny5#4653712,Ivory Coast vs Norway (2026-06-30T17:00:00.000Z),Ivory Coast,Norway,2026-06-30T17:00:00.000Z,,Dallas Stadium,Jesús Noel Valenzuela Sáez,Full time,1,2,Norway,Ivory Coast,away,Jørgen Strand Larsen,11,unused_bench,Attacker,,,
4653704,france-vs-sweden,https://www.fotmob.com/matches/france-vs-sweden/1x6dai#4653704,France vs Sweden (2026-06-30T21:00:00.000Z),France,Sweden,2026-06-30T21:00:00.000Z,,New York New Jersey Stadium,Danny Desmond Makkelie,Full time,3,0,France,Sweden,home,Malo Gusto,2,used_substitute,Defender,6.3,75.0,
4653704,france-vs-sweden,https://www.fotmob.com/matches/france-vs-sweden/1x6dai#4653704,France vs Sweden (2026-06-30T21:00:00.000Z),France,Sweden,2026-06-30T21:00:00.000Z,,New York New Jersey Stadium,Danny Desmond Makkelie,Full time,3,0,France,Sweden,home,Désiré Doué,20,used_substitute,Attacker,6.4,75.0,
4653704,france-vs-sweden,https://www.fotmob.com/matches/france-vs-sweden/1x6dai#4653704,France vs Sweden (2026-06-30T21:00:00.000Z),France,Sweden,2026-06-30T21:00:00.000Z,,New York New Jersey Stadium,Danny Desmond Makkelie,Full time,3,0,France,Sweden,home,Theo Hernández,19,used_substitute,Defender,6.5,78.0,
4653704,france-vs-sweden,https://www.fotmob.com/matches/france-vs-sweden/1x6dai#4653704,France vs Sweden (2026-06-30T21:00:00.000Z),France,Sweden,2026-06-30T21:00:00.000Z,,New York New Jersey Stadium,Danny Desmond Makkelie,Full time,3,0,France,Sweden,home,Rayan Cherki,24,used_substitute,Midfielder,,85.0,
4653704,france-vs-sweden,https://www.fotmob.com/matches/france-vs-sweden/1x6dai#4653704,France vs Sweden (2026-06-30T21:00:00.000Z),France,Sweden,2026-06-30T21:00:00.000Z,,New York New Jersey Stadium,Danny Desmond Makkelie,Full time,3,0,France,Sweden,home,Jean-Philippe Mateta,22,used_substitute,Attacker,,85.0,
4653704,france-vs-sweden,https://www.fotmob.com/matches/france-vs-sweden/1x6dai#4653704,France vs Sweden (2026-06-30T21:00:00.000Z),France,Sweden,2026-06-30T21:00:00.000Z,,New York New Jersey Stadium,Danny Desmond Makkelie,Full time,3,0,Sweden,France,away,Besfort Zeneli,22,used_substitute,Midfielder,6.2,65.0,
4653704,france-vs-sweden,https://www.fotmob.com/matches/france-vs-sweden/1x6dai#4653704,France vs Sweden (2026-06-30T21:00:00.000Z),France,Sweden,2026-06-30T21:00:00.000Z,,New York New Jersey Stadium,Danny Desmond Makkelie,Full time,3,0,Sweden,France,away,Taha Abdi Ali,26,used_substitute,Midfielder,5.9,65.0,
4653704,france-vs-sweden,https://www.fotmob.com/matches/france-vs-sweden/1x6dai#4653704,France vs Sweden (2026-06-30T21:00:00.000Z),France,Sweden,2026-06-30T21:00:00.000Z,,New York New Jersey Stadium,Danny Desmond Makkelie,Full time,3,0,Sweden,France,away,Benjamin Nygren,10,used_substitute,Midfielder,,82.0,
4653704,france-vs-sweden,https://www.fotmob.com/matches/france-vs-sweden/1x6dai#4653704,France vs Sweden (2026-06-30T21:00:00.000Z),France,Sweden,2026-06-30T21:00:00.000Z,,New York New Jersey Stadium,Danny Desmond Makkelie,Full time,3,0,Sweden,France,away,Mattias Svanberg,19,used_substitute,Midfielder,,82.0,
4653704,france-vs-sweden,https://www.fotmob.com/matches/france-vs-sweden/1x6dai#4653704,France vs Sweden (2026-06-30T21:00:00.000Z),France,Sweden,2026-06-30T21:00:00.000Z,,New York New Jersey Stadium,Danny Desmond Makkelie,Full time,3,0,Sweden,France,away,Gustaf Nilsson,25,used_substitute,Attacker,,89.0,
4653704,france-vs-sweden,https://www.fotmob.com/matches/france-vs-sweden/1x6dai#4653704,France vs Sweden (2026-06-30T21:00:00.000Z),France,Sweden,2026-06-30T21:00:00.000Z,,New York New Jersey Stadium,Danny Desmond Makkelie,Full time,3,0,France,Sweden,home,Brice Samba,1,unused_bench,Keeper,,,
4653704,france-vs-sweden,https://www.fotmob.com/matches/france-vs-sweden/1x6dai#4653704,France vs Sweden (2026-06-30T21:00:00.000Z),France,Sweden,2026-06-30T21:00:00.000Z,,New York New Jersey Stadium,Danny Desmond Makkelie,Full time,3,0,Sweden,France,away,Robin Risser,23,unused_bench,Keeper,,,
4653704,france-vs-sweden,https://www.fotmob.com/matches/france-vs-sweden/1x6dai#4653704,France vs Sweden (2026-06-30T21:00:00.000Z),France,Sweden,2026-06-30T21:00:00.000Z,,New York New Jersey Stadium,Danny Desmond Makkelie,Full time,3,0,Sweden,France,away,Ibrahima Konaté,15,unused_bench,Defender,,,
4653704,france-vs-sweden,https://www.fotmob.com/matches/france-vs-sweden/1x6dai#4653704,France vs Sweden (2026-06-30T21:00:00.000Z),France,Sweden,2026-06-30T21:00:00.000Z,,New York New Jersey Stadium,Danny Desmond Makkelie,Full time,3,0,Sweden,France,away,Lucas Hernández,21,unused_bench,Defender,,,
4653704,france-vs-sweden,https://www.fotmob.com/matches/france-vs-sweden/1x6dai#4653704,France vs Sweden (2026-06-30T21:00:00.000Z),France,Sweden,2026-06-30T21:00:00.000Z,,New York New Jersey Stadium,Danny Desmond Makkelie,Full time,3,0,Sweden,France,away,Maxence Lacroix,26,unused_bench,Defender,,,
4653704,france-vs-sweden,https://www.fotmob.com/matches/france-vs-sweden/1x6dai#4653704,France vs Sweden (2026-06-30T21:00:00.000Z),France,Sweden,2026-06-30T21:00:00.000Z,,New York New Jersey Stadium,Danny Desmond Makkelie,Full time,3,0,Sweden,France,away,Kouadio Koné,6,unused_bench,Midfielder,,,
4653704,france-vs-sweden,https://www.fotmob.com/matches/france-vs-sweden/1x6dai#4653704,France vs Sweden (2026-06-30T21:00:00.000Z),France,Sweden,2026-06-30T21:00:00.000Z,,New York New Jersey Stadium,Danny Desmond Makkelie,Full time,3,0,Sweden,France,away,N'Golo Kanté,13,unused_bench,Midfielder,,,
4653704,france-vs-sweden,https://www.fotmob.com/matches/france-vs-sweden/1x6dai#4653704,France vs Sweden (2026-06-30T21:00:00.000Z),France,Sweden,2026-06-30T21:00:00.000Z,,New York New Jersey Stadium,Danny Desmond Makkelie,Full time,3,0,Sweden,France,away,Warren Zaïre-Emery,18,unused_bench,Midfielder,,,
4653704,france-vs-sweden,https://www.fotmob.com/matches/france-vs-sweden/1x6dai#4653704,France vs Sweden (2026-06-30T21:00:00.000Z),France,Sweden,2026-06-30T21:00:00.000Z,,New York New Jersey Stadium,Danny Desmond Makkelie,Full time,3,0,Sweden,France,away,Maghnes Akliouche,25,unused_bench,Attacker,,,
4653704,france-vs-sweden,https://www.fotmob.com/matches/france-vs-sweden/1x6dai#4653704,France vs Sweden (2026-06-30T21:00:00.000Z),France,Sweden,2026-06-30T21:00:00.000Z,,New York New Jersey Stadium,Danny Desmond Makkelie,Full time,3,0,Sweden,France,away,Marcus Thuram,9,unused_bench,Attacker,,,
4653704,france-vs-sweden,https://www.fotmob.com/matches/france-vs-sweden/1x6dai#4653704,France vs Sweden (2026-06-30T21:00:00.000Z),France,Sweden,2026-06-30T21:00:00.000Z,,New York New Jersey Stadium,Danny Desmond Makkelie,Full time,3,0,Sweden,France,away,Kristoffer Nordfeldt,23,unused_bench,Keeper,,,
4653704,france-vs-sweden,https://www.fotmob.com/matches/france-vs-sweden/1x6dai#4653704,France vs Sweden (2026-06-30T21:00:00.000Z),France,Sweden,2026-06-30T21:00:00.000Z,,New York New Jersey Stadium,Danny Desmond Makkelie,Full time,3,0,Sweden,France,away,Viktor Johansson,12,unused_bench,Keeper,,,
4653704,france-vs-sweden,https://www.fotmob.com/matches/france-vs-sweden/1x6dai#4653704,France vs Sweden (2026-06-30T21:00:00.000Z),France,Sweden,2026-06-30T21:00:00.000Z,,New York New Jersey Stadium,Danny Desmond Makkelie,Full time,3,0,Sweden,France,away,Carl Starfelt,15,unused_bench,Defender,,,
4653704,france-vs-sweden,https://www.fotmob.com/matches/france-vs-sweden/1x6dai#4653704,France vs Sweden (2026-06-30T21:00:00.000Z),France,Sweden,2026-06-30T21:00:00.000Z,,New York New Jersey Stadium,Danny Desmond Makkelie,Full time,3,0,Sweden,France,away,Eric Smith,20,unused_bench,Defender,,,
4653704,france-vs-sweden,https://www.fotmob.com/matches/france-vs-sweden/1x6dai#4653704,France vs Sweden (2026-06-30T21:00:00.000Z),France,Sweden,2026-06-30T21:00:00.000Z,,New York New Jersey Stadium,Danny Desmond Makkelie,Full time,3,0,Sweden,France,away,Hjalmar Ekdal,14,unused_bench,Defender,,,
4653704,france-vs-sweden,https://www.fotmob.com/matches/france-vs-sweden/1x6dai#4653704,France vs Sweden (2026-06-30T21:00:00.000Z),France,Sweden,2026-06-30T21:00:00.000Z,,New York New Jersey Stadium,Danny Desmond Makkelie,Full time,3,0,Sweden,France,away,Alexander Bernhardsson,21,unused_bench,Midfielder,,,
4653704,france-vs-sweden,https://www.fotmob.com/matches/france-vs-sweden/1x6dai#4653704,France vs Sweden (2026-06-30T21:00:00.000Z),France,Sweden,2026-06-30T21:00:00.000Z,,New York New Jersey Stadium,Danny Desmond Makkelie,Full time,3,0,Sweden,France,away,Herman Johansson,6,unused_bench,Midfielder,,,
4653704,france-vs-sweden,https://www.fotmob.com/matches/france-vs-sweden/1x6dai#4653704,France vs Sweden (2026-06-30T21:00:00.000Z),France,Sweden,2026-06-30T21:00:00.000Z,,New York New Jersey Stadium,Danny Desmond Makkelie,Full time,3,0,Sweden,France,away,Jesper Karlström,16,unused_bench,Midfielder,,,
4653704,france-vs-sweden,https://www.fotmob.com/matches/france-vs-sweden/1x6dai#4653704,France vs Sweden (2026-06-30T21:00:00.000Z),France,Sweden,2026-06-30T21:00:00.000Z,,New York New Jersey Stadium,Danny Desmond Makkelie,Full time,3,0,Sweden,France,away,Ken Sema,13,unused_bench,Midfielder,,,
4653710,senegal-vs-belgium,https://www.fotmob.com/matches/senegal-vs-belgium/1rywdm#4653710,Belgium vs Senegal (2026-07-01T20:00:00.000Z),Belgium,Senegal,2026-07-01T20:00:00.000Z,,Seattle Stadium,Héctor Saíd Martínez Sorto,After extra time,3,2,4-2-3-1,4-3-3,home,Romelu Lukaku,9,used_substitute,Attacker,8.0,46.0,
4653710,senegal-vs-belgium,https://www.fotmob.com/matches/senegal-vs-belgium/1rywdm#4653710,Belgium vs Senegal (2026-07-01T20:00:00.000Z),Belgium,Senegal,2026-07-01T20:00:00.000Z,,Seattle Stadium,Héctor Saíd Martínez Sorto,After extra time,3,2,4-2-3-1,4-3-3,home,Nicolas Raskin,23,used_substitute,Midfielder,6.3,56.0,
4653710,senegal-vs-belgium,https://www.fotmob.com/matches/senegal-vs-belgium/1rywdm#4653710,Belgium vs Senegal (2026-07-01T20:00:00.000Z),Belgium,Senegal,2026-07-01T20:00:00.000Z,,Seattle Stadium,Héctor Saíd Martínez Sorto,After extra time,3,2,4-2-3-1,4-3-3,home,Dodi Lukébakio,14,used_substitute,Attacker,7.2,56.0,
4653710,senegal-vs-belgium,https://www.fotmob.com/matches/senegal-vs-belgium/1rywdm#4653710,Belgium vs Senegal (2026-07-01T20:00:00.000Z),Belgium,Senegal,2026-07-01T20:00:00.000Z,,Seattle Stadium,Héctor Saíd Martínez Sorto,After extra time,3,2,4-2-3-1,4-3-3,home,Diego Moreira,19,used_substitute,Midfielder,6.6,63.0,
4653710,senegal-vs-belgium,https://www.fotmob.com/matches/senegal-vs-belgium/1rywdm#4653710,Belgium vs Senegal (2026-07-01T20:00:00.000Z),Belgium,Senegal,2026-07-01T20:00:00.000Z,,Seattle Stadium,Héctor Saíd Martínez Sorto,After extra time,3,2,4-2-3-1,4-3-3,home,Thomas Meunier,15,used_substitute,Defender,7.2,78.0,
4653710,senegal-vs-belgium,https://www.fotmob.com/matches/senegal-vs-belgium/1rywdm#4653710,Belgium vs Senegal (2026-07-01T20:00:00.000Z),Belgium,Senegal,2026-07-01T20:00:00.000Z,,Seattle Stadium,Héctor Saíd Martínez Sorto,After extra time,3,2,4-2-3-1,4-3-3,home,Amadou Onana,24,used_substitute,Midfielder,6.3,109.0,
4653710,senegal-vs-belgium,https://www.fotmob.com/matches/senegal-vs-belgium/1rywdm#4653710,Belgium vs Senegal (2026-07-01T20:00:00.000Z),Belgium,Senegal,2026-07-01T20:00:00.000Z,,Seattle Stadium,Héctor Saíd Martínez Sorto,After extra time,3,2,4-3-3,4-2-3-1,away,Lamine Camara,8,used_substitute,Midfielder,5.7,66.0,
4653710,senegal-vs-belgium,https://www.fotmob.com/matches/senegal-vs-belgium/1rywdm#4653710,Belgium vs Senegal (2026-07-01T20:00:00.000Z),Belgium,Senegal,2026-07-01T20:00:00.000Z,,Seattle Stadium,Héctor Saíd Martínez Sorto,After extra time,3,2,4-3-3,4-2-3-1,away,Pape Sarr,17,used_substitute,Midfielder,6.5,73.0,
4653710,senegal-vs-belgium,https://www.fotmob.com/matches/senegal-vs-belgium/1rywdm#4653710,Belgium vs Senegal (2026-07-01T20:00:00.000Z),Belgium,Senegal,2026-07-01T20:00:00.000Z,,Seattle Stadium,Héctor Saíd Martínez Sorto,After extra time,3,2,4-3-3,4-2-3-1,away,Ibrahim Mbaye,20,used_substitute,Attacker,6.8,73.0,
4653710,senegal-vs-belgium,https://www.fotmob.com/matches/senegal-vs-belgium/1rywdm#4653710,Belgium vs Senegal (2026-07-01T20:00:00.000Z),Belgium,Senegal,2026-07-01T20:00:00.000Z,,Seattle Stadium,Héctor Saíd Martínez Sorto,After extra time,3,2,4-3-3,4-2-3-1,away,Malick Diouf,25,used_substitute,Defender,6.5,93.0,
4653710,senegal-vs-belgium,https://www.fotmob.com/matches/senegal-vs-belgium/1rywdm#4653710,Belgium vs Senegal (2026-07-01T20:00:00.000Z),Belgium,Senegal,2026-07-01T20:00:00.000Z,,Seattle Stadium,Héctor Saíd Martínez Sorto,After extra time,3,2,4-3-3,4-2-3-1,away,Nicolas Jackson,11,used_substitute,Attacker,5.9,93.0,
4653710,senegal-vs-belgium,https://www.fotmob.com/matches/senegal-vs-belgium/1rywdm#4653710,Belgium vs Senegal (2026-07-01T20:00:00.000Z),Belgium,Senegal,2026-07-01T20:00:00.000Z,,Seattle Stadium,Héctor Saíd Martínez Sorto,After extra time,3,2,4-3-3,4-2-3-1,away,Bara Ndiaye,22,used_substitute,Midfielder,6.4,95.0,
4653710,senegal-vs-belgium,https://www.fotmob.com/matches/senegal-vs-belgium/1rywdm#4653710,Belgium vs Senegal (2026-07-01T20:00:00.000Z),Belgium,Senegal,2026-07-01T20:00:00.000Z,,Seattle Stadium,Héctor Saíd Martínez Sorto,After extra time,3,2,4-2-3-1,4-3-3,home,Mike Penders,13,unused_bench,Keeper,,,
4653710,senegal-vs-belgium,https://www.fotmob.com/matches/senegal-vs-belgium/1rywdm#4653710,Belgium vs Senegal (2026-07-01T20:00:00.000Z),Belgium,Senegal,2026-07-01T20:00:00.000Z,,Seattle Stadium,Héctor Saíd Martínez Sorto,After extra time,3,2,4-3-3,4-2-3-1,away,Senne Lammens,12,unused_bench,Keeper,,,
4653710,senegal-vs-belgium,https://www.fotmob.com/matches/senegal-vs-belgium/1rywdm#4653710,Belgium vs Senegal (2026-07-01T20:00:00.000Z),Belgium,Senegal,2026-07-01T20:00:00.000Z,,Seattle Stadium,Héctor Saíd Martínez Sorto,After extra time,3,2,4-3-3,4-2-3-1,away,Joaquin Seys,18,unused_bench,Defender,,,
4653710,senegal-vs-belgium,https://www.fotmob.com/matches/senegal-vs-belgium/1rywdm#4653710,Belgium vs Senegal (2026-07-01T20:00:00.000Z),Belgium,Senegal,2026-07-01T20:00:00.000Z,,Seattle Stadium,Héctor Saíd Martínez Sorto,After extra time,3,2,4-3-3,4-2-3-1,away,Koni De Winter,16,unused_bench,Defender,,,
4653710,senegal-vs-belgium,https://www.fotmob.com/matches/senegal-vs-belgium/1rywdm#4653710,Belgium vs Senegal (2026-07-01T20:00:00.000Z),Belgium,Senegal,2026-07-01T20:00:00.000Z,,Seattle Stadium,Héctor Saíd Martínez Sorto,After extra time,3,2,4-3-3,4-2-3-1,away,Nathan Ngoy,25,unused_bench,Defender,,,
4653710,senegal-vs-belgium,https://www.fotmob.com/matches/senegal-vs-belgium/1rywdm#4653710,Belgium vs Senegal (2026-07-01T20:00:00.000Z),Belgium,Senegal,2026-07-01T20:00:00.000Z,,Seattle Stadium,Héctor Saíd Martínez Sorto,After extra time,3,2,4-3-3,4-2-3-1,away,Alexis Saelemaekers,22,unused_bench,Midfielder,,,
4653710,senegal-vs-belgium,https://www.fotmob.com/matches/senegal-vs-belgium/1rywdm#4653710,Belgium vs Senegal (2026-07-01T20:00:00.000Z),Belgium,Senegal,2026-07-01T20:00:00.000Z,,Seattle Stadium,Héctor Saíd Martínez Sorto,After extra time,3,2,4-3-3,4-2-3-1,away,Axel Witsel,6,unused_bench,Midfielder,,,
4653710,senegal-vs-belgium,https://www.fotmob.com/matches/senegal-vs-belgium/1rywdm#4653710,Belgium vs Senegal (2026-07-01T20:00:00.000Z),Belgium,Senegal,2026-07-01T20:00:00.000Z,,Seattle Stadium,Héctor Saíd Martínez Sorto,After extra time,3,2,4-3-3,4-2-3-1,away,Matias Fernandez-Pardo,26,unused_bench,Attacker,,,
4653710,senegal-vs-belgium,https://www.fotmob.com/matches/senegal-vs-belgium/1rywdm#4653710,Belgium vs Senegal (2026-07-01T20:00:00.000Z),Belgium,Senegal,2026-07-01T20:00:00.000Z,,Seattle Stadium,Héctor Saíd Martínez Sorto,After extra time,3,2,4-3-3,4-2-3-1,away,Yehvann Diouf,1,unused_bench,Keeper,,,
4653710,senegal-vs-belgium,https://www.fotmob.com/matches/senegal-vs-belgium/1rywdm#4653710,Belgium vs Senegal (2026-07-01T20:00:00.000Z),Belgium,Senegal,2026-07-01T20:00:00.000Z,,Seattle Stadium,Héctor Saíd Martínez Sorto,After extra time,3,2,4-3-3,4-2-3-1,away,Abdoulaye Seck,4,unused_bench,Defender,,,
4653710,senegal-vs-belgium,https://www.fotmob.com/matches/senegal-vs-belgium/1rywdm#4653710,Belgium vs Senegal (2026-07-01T20:00:00.000Z),Belgium,Senegal,2026-07-01T20:00:00.000Z,,Seattle Stadium,Héctor Saíd Martínez Sorto,After extra time,3,2,4-3-3,4-2-3-1,away,Antoine Mendy,24,unused_bench,Defender,,,
4653710,senegal-vs-belgium,https://www.fotmob.com/matches/senegal-vs-belgium/1rywdm#4653710,Belgium vs Senegal (2026-07-01T20:00:00.000Z),Belgium,Senegal,2026-07-01T20:00:00.000Z,,Seattle Stadium,Héctor Saíd Martínez Sorto,After extra time,3,2,4-3-3,4-2-3-1,away,Kalidou Koulibaly,3,unused_bench,Defender,,,
4653710,senegal-vs-belgium,https://www.fotmob.com/matches/senegal-vs-belgium/1rywdm#4653710,Belgium vs Senegal (2026-07-01T20:00:00.000Z),Belgium,Senegal,2026-07-01T20:00:00.000Z,,Seattle Stadium,Héctor Saíd Martínez Sorto,After extra time,3,2,4-3-3,4-2-3-1,away,Mamadou Sarr,2,unused_bench,Defender,,,
4653710,senegal-vs-belgium,https://www.fotmob.com/matches/senegal-vs-belgium/1rywdm#4653710,Belgium vs Senegal (2026-07-01T20:00:00.000Z),Belgium,Senegal,2026-07-01T20:00:00.000Z,,Seattle Stadium,Héctor Saíd Martínez Sorto,After extra time,3,2,4-3-3,4-2-3-1,away,Assane Diao,7,unused_bench,Attacker,,,
4653710,senegal-vs-belgium,https://www.fotmob.com/matches/senegal-vs-belgium/1rywdm#4653710,Belgium vs Senegal (2026-07-01T20:00:00.000Z),Belgium,Senegal,2026-07-01T20:00:00.000Z,,Seattle Stadium,Héctor Saíd Martínez Sorto,After extra time,3,2,4-3-3,4-2-3-1,away,Bamba Dieng,9,unused_bench,Attacker,,,
4653710,senegal-vs-belgium,https://www.fotmob.com/matches/senegal-vs-belgium/1rywdm#4653710,Belgium vs Senegal (2026-07-01T20:00:00.000Z),Belgium,Senegal,2026-07-01T20:00:00.000Z,,Seattle Stadium,Héctor Saíd Martínez Sorto,After extra time,3,2,4-3-3,4-2-3-1,away,Cherif Ndiaye,12,unused_bench,Attacker,,,
4653708,spain-vs-austria,https://www.fotmob.com/matches/spain-vs-austria/1urklb#4653708,Spain vs Austria (2026-07-02T19:00:00.000Z),Spain,Austria,2026-07-02T19:00:00.000Z,,Los Angeles Stadium,Glenn Nyberg,Full time,3,0,4-2-3-1,4-2-3-1,home,Mikel Merino,6,used_substitute,Midfielder,6.1,71.0,
4653708,spain-vs-austria,https://www.fotmob.com/matches/spain-vs-austria/1urklb#4653708,Spain vs Austria (2026-07-02T19:00:00.000Z),Spain,Austria,2026-07-02T19:00:00.000Z,,Los Angeles Stadium,Glenn Nyberg,Full time,3,0,4-2-3-1,4-2-3-1,home,Ferran Torres,7,used_substitute,Attacker,6.0,71.0,
4653708,spain-vs-austria,https://www.fotmob.com/matches/spain-vs-austria/1urklb#4653708,Spain vs Austria (2026-07-02T19:00:00.000Z),Spain,Austria,2026-07-02T19:00:00.000Z,,Los Angeles Stadium,Glenn Nyberg,Full time,3,0,4-2-3-1,4-2-3-1,home,Gavi,9,used_substitute,Midfielder,,85.0,
4653708,spain-vs-austria,https://www.fotmob.com/matches/spain-vs-austria/1urklb#4653708,Spain vs Austria (2026-07-02T19:00:00.000Z),Spain,Austria,2026-07-02T19:00:00.000Z,,Los Angeles Stadium,Glenn Nyberg,Full time,3,0,4-2-3-1,4-2-3-1,home,Marc Pubill,2,used_substitute,Defender,,90.0,
4653708,spain-vs-austria,https://www.fotmob.com/matches/spain-vs-austria/1urklb#4653708,Spain vs Austria (2026-07-02T19:00:00.000Z),Spain,Austria,2026-07-02T19:00:00.000Z,,Los Angeles Stadium,Glenn Nyberg,Full time,3,0,4-2-3-1,4-2-3-1,home,Fabián Ruiz,8,used_substitute,Midfielder,,90.0,
4653708,spain-vs-austria,https://www.fotmob.com/matches/spain-vs-austria/1urklb#4653708,Spain vs Austria (2026-07-02T19:00:00.000Z),Spain,Austria,2026-07-02T19:00:00.000Z,,Los Angeles Stadium,Glenn Nyberg,Full time,3,0,4-2-3-1,4-2-3-1,away,Carney Chukwuemeka,17,used_substitute,Midfielder,6.0,46.0,
4653708,spain-vs-austria,https://www.fotmob.com/matches/spain-vs-austria/1urklb#4653708,Spain vs Austria (2026-07-02T19:00:00.000Z),Spain,Austria,2026-07-02T19:00:00.000Z,,Los Angeles Stadium,Glenn Nyberg,Full time,3,0,4-2-3-1,4-2-3-1,away,Florian Grillitsch,10,used_substitute,Midfielder,6.2,46.0,
4653708,spain-vs-austria,https://www.fotmob.com/matches/spain-vs-austria/1urklb#4653708,Spain vs Austria (2026-07-02T19:00:00.000Z),Spain,Austria,2026-07-02T19:00:00.000Z,,Los Angeles Stadium,Glenn Nyberg,Full time,3,0,4-2-3-1,4-2-3-1,away,Marko Arnautovic,7,used_substitute,Attacker,5.9,60.0,
4653708,spain-vs-austria,https://www.fotmob.com/matches/spain-vs-austria/1urklb#4653708,Spain vs Austria (2026-07-02T19:00:00.000Z),Spain,Austria,2026-07-02T19:00:00.000Z,,Los Angeles Stadium,Glenn Nyberg,Full time,3,0,4-2-3-1,4-2-3-1,away,Sasa Kalajdzic,14,used_substitute,Attacker,5.9,60.0,
4653708,spain-vs-austria,https://www.fotmob.com/matches/spain-vs-austria/1urklb#4653708,Spain vs Austria (2026-07-02T19:00:00.000Z),Spain,Austria,2026-07-02T19:00:00.000Z,,Los Angeles Stadium,Glenn Nyberg,Full time,3,0,4-2-3-1,4-2-3-1,away,Alexander Prass,22,used_substitute,Midfielder,,85.0,
4653708,spain-vs-austria,https://www.fotmob.com/matches/spain-vs-austria/1urklb#4653708,Spain vs Austria (2026-07-02T19:00:00.000Z),Spain,Austria,2026-07-02T19:00:00.000Z,,Los Angeles Stadium,Glenn Nyberg,Full time,3,0,4-2-3-1,4-2-3-1,home,David Raya,1,unused_bench,Keeper,,,
4653708,spain-vs-austria,https://www.fotmob.com/matches/spain-vs-austria/1urklb#4653708,Spain vs Austria (2026-07-02T19:00:00.000Z),Spain,Austria,2026-07-02T19:00:00.000Z,,Los Angeles Stadium,Glenn Nyberg,Full time,3,0,4-2-3-1,4-2-3-1,away,Joan García,13,unused_bench,Keeper,,,
4653708,spain-vs-austria,https://www.fotmob.com/matches/spain-vs-austria/1urklb#4653708,Spain vs Austria (2026-07-02T19:00:00.000Z),Spain,Austria,2026-07-02T19:00:00.000Z,,Los Angeles Stadium,Glenn Nyberg,Full time,3,0,4-2-3-1,4-2-3-1,away,Eric García,4,unused_bench,Defender,,,
4653708,spain-vs-austria,https://www.fotmob.com/matches/spain-vs-austria/1urklb#4653708,Spain vs Austria (2026-07-02T19:00:00.000Z),Spain,Austria,2026-07-02T19:00:00.000Z,,Los Angeles Stadium,Glenn Nyberg,Full time,3,0,4-2-3-1,4-2-3-1,away,Marcos Llorente,5,unused_bench,Defender,,,
4653708,spain-vs-austria,https://www.fotmob.com/matches/spain-vs-austria/1urklb#4653708,Spain vs Austria (2026-07-02T19:00:00.000Z),Spain,Austria,2026-07-02T19:00:00.000Z,,Los Angeles Stadium,Glenn Nyberg,Full time,3,0,4-2-3-1,4-2-3-1,away,Alejandro Grimaldo,3,unused_bench,Midfielder,,,
4653708,spain-vs-austria,https://www.fotmob.com/matches/spain-vs-austria/1urklb#4653708,Spain vs Austria (2026-07-02T19:00:00.000Z),Spain,Austria,2026-07-02T19:00:00.000Z,,Los Angeles Stadium,Glenn Nyberg,Full time,3,0,4-2-3-1,4-2-3-1,away,Martín Zubimendi,18,unused_bench,Midfielder,,,
4653708,spain-vs-austria,https://www.fotmob.com/matches/spain-vs-austria/1urklb#4653708,Spain vs Austria (2026-07-02T19:00:00.000Z),Spain,Austria,2026-07-02T19:00:00.000Z,,Los Angeles Stadium,Glenn Nyberg,Full time,3,0,4-2-3-1,4-2-3-1,away,Yéremi Pino,11,unused_bench,Midfielder,,,
4653708,spain-vs-austria,https://www.fotmob.com/matches/spain-vs-austria/1urklb#4653708,Spain vs Austria (2026-07-02T19:00:00.000Z),Spain,Austria,2026-07-02T19:00:00.000Z,,Los Angeles Stadium,Glenn Nyberg,Full time,3,0,4-2-3-1,4-2-3-1,away,Borja Iglesias,26,unused_bench,Attacker,,,
4653708,spain-vs-austria,https://www.fotmob.com/matches/spain-vs-austria/1urklb#4653708,Spain vs Austria (2026-07-02T19:00:00.000Z),Spain,Austria,2026-07-02T19:00:00.000Z,,Los Angeles Stadium,Glenn Nyberg,Full time,3,0,4-2-3-1,4-2-3-1,away,Nico Williams,17,unused_bench,Attacker,,,
4653708,spain-vs-austria,https://www.fotmob.com/matches/spain-vs-austria/1urklb#4653708,Spain vs Austria (2026-07-02T19:00:00.000Z),Spain,Austria,2026-07-02T19:00:00.000Z,,Los Angeles Stadium,Glenn Nyberg,Full time,3,0,4-2-3-1,4-2-3-1,away,Víctor Muñoz,25,unused_bench,Attacker,,,
4653708,spain-vs-austria,https://www.fotmob.com/matches/spain-vs-austria/1urklb#4653708,Spain vs Austria (2026-07-02T19:00:00.000Z),Spain,Austria,2026-07-02T19:00:00.000Z,,Los Angeles Stadium,Glenn Nyberg,Full time,3,0,4-2-3-1,4-2-3-1,away,Florian Wiegele,12,unused_bench,Keeper,,,
4653708,spain-vs-austria,https://www.fotmob.com/matches/spain-vs-austria/1urklb#4653708,Spain vs Austria (2026-07-02T19:00:00.000Z),Spain,Austria,2026-07-02T19:00:00.000Z,,Los Angeles Stadium,Glenn Nyberg,Full time,3,0,4-2-3-1,4-2-3-1,away,Patrick Pentz,13,unused_bench,Keeper,,,
4653708,spain-vs-austria,https://www.fotmob.com/matches/spain-vs-austria/1urklb#4653708,Spain vs Austria (2026-07-02T19:00:00.000Z),Spain,Austria,2026-07-02T19:00:00.000Z,,Los Angeles Stadium,Glenn Nyberg,Full time,3,0,4-2-3-1,4-2-3-1,away,David Affengruber,2,unused_bench,Defender,,,
4653708,spain-vs-austria,https://www.fotmob.com/matches/spain-vs-austria/1urklb#4653708,Spain vs Austria (2026-07-02T19:00:00.000Z),Spain,Austria,2026-07-02T19:00:00.000Z,,Los Angeles Stadium,Glenn Nyberg,Full time,3,0,4-2-3-1,4-2-3-1,away,Marco Friedl,23,unused_bench,Defender,,,
4653708,spain-vs-austria,https://www.fotmob.com/matches/spain-vs-austria/1urklb#4653708,Spain vs Austria (2026-07-02T19:00:00.000Z),Spain,Austria,2026-07-02T19:00:00.000Z,,Los Angeles Stadium,Glenn Nyberg,Full time,3,0,4-2-3-1,4-2-3-1,away,Michael Svoboda,25,unused_bench,Defender,,,
4653708,spain-vs-austria,https://www.fotmob.com/matches/spain-vs-austria/1urklb#4653708,Spain vs Austria (2026-07-02T19:00:00.000Z),Spain,Austria,2026-07-02T19:00:00.000Z,,Los Angeles Stadium,Glenn Nyberg,Full time,3,0,4-2-3-1,4-2-3-1,away,Philipp Lienhart,15,unused_bench,Defender,,,
4653708,spain-vs-austria,https://www.fotmob.com/matches/spain-vs-austria/1urklb#4653708,Spain vs Austria (2026-07-02T19:00:00.000Z),Spain,Austria,2026-07-02T19:00:00.000Z,,Los Angeles Stadium,Glenn Nyberg,Full time,3,0,4-2-3-1,4-2-3-1,away,Alessandro Schöpf,26,unused_bench,Midfielder,,,
4653708,spain-vs-austria,https://www.fotmob.com/matches/spain-vs-austria/1urklb#4653708,Spain vs Austria (2026-07-02T19:00:00.000Z),Spain,Austria,2026-07-02T19:00:00.000Z,,Los Angeles Stadium,Glenn Nyberg,Full time,3,0,4-2-3-1,4-2-3-1,away,Dejan Ljubicic,19,unused_bench,Midfielder,,,
4653708,spain-vs-austria,https://www.fotmob.com/matches/spain-vs-austria/1urklb#4653708,Spain vs Austria (2026-07-02T19:00:00.000Z),Spain,Austria,2026-07-02T19:00:00.000Z,,Los Angeles Stadium,Glenn Nyberg,Full time,3,0,4-2-3-1,4-2-3-1,away,Phillipp Mwene,16,unused_bench,Midfielder,,,
4653708,spain-vs-austria,https://www.fotmob.com/matches/spain-vs-austria/1urklb#4653708,Spain vs Austria (2026-07-02T19:00:00.000Z),Spain,Austria,2026-07-02T19:00:00.000Z,,Los Angeles Stadium,Glenn Nyberg,Full time,3,0,4-2-3-1,4-2-3-1,away,Patrick Wimmer,21,unused_bench,Attacker,,,
4653707,portugal-vs-croatia,https://www.fotmob.com/matches/portugal-vs-croatia/2u2izf#4653707,Portugal vs Croatia (2026-07-02T23:00:00.000Z),Portugal,Croatia,2026-07-02T23:00:00.000Z,,Toronto Stadium,Espen Eskås,Full time,2,1,4-2-3-1,4-2-3-1,home,Nélson Semedo,2,used_substitute,Defender,6.5,62.0,
4653707,portugal-vs-croatia,https://www.fotmob.com/matches/portugal-vs-croatia/2u2izf#4653707,Portugal vs Croatia (2026-07-02T23:00:00.000Z),Portugal,Croatia,2026-07-02T23:00:00.000Z,,Toronto Stadium,Espen Eskås,Full time,2,1,4-2-3-1,4-2-3-1,home,Bernardo Silva,10,used_substitute,Midfielder,6.1,62.0,
4653707,portugal-vs-croatia,https://www.fotmob.com/matches/portugal-vs-croatia/2u2izf#4653707,Portugal vs Croatia (2026-07-02T23:00:00.000Z),Portugal,Croatia,2026-07-02T23:00:00.000Z,,Toronto Stadium,Espen Eskås,Full time,2,1,4-2-3-1,4-2-3-1,home,Francisco Conceição,26,used_substitute,Midfielder,6.2,62.0,
4653707,portugal-vs-croatia,https://www.fotmob.com/matches/portugal-vs-croatia/2u2izf#4653707,Portugal vs Croatia (2026-07-02T23:00:00.000Z),Portugal,Croatia,2026-07-02T23:00:00.000Z,,Toronto Stadium,Espen Eskås,Full time,2,1,4-2-3-1,4-2-3-1,home,Gonçalo Ramos,9,used_substitute,Attacker,7.4,62.0,
4653707,portugal-vs-croatia,https://www.fotmob.com/matches/portugal-vs-croatia/2u2izf#4653707,Portugal vs Croatia (2026-07-02T23:00:00.000Z),Portugal,Croatia,2026-07-02T23:00:00.000Z,,Toronto Stadium,Espen Eskås,Full time,2,1,4-2-3-1,4-2-3-1,home,Rúben Neves,21,used_substitute,Midfielder,,81.0,
4653707,portugal-vs-croatia,https://www.fotmob.com/matches/portugal-vs-croatia/2u2izf#4653707,Portugal vs Croatia (2026-07-02T23:00:00.000Z),Portugal,Croatia,2026-07-02T23:00:00.000Z,,Toronto Stadium,Espen Eskås,Full time,2,1,4-2-3-1,4-2-3-1,away,Igor Matanovic,20,used_substitute,Attacker,5.4,46.0,
4653707,portugal-vs-croatia,https://www.fotmob.com/matches/portugal-vs-croatia/2u2izf#4653707,Portugal vs Croatia (2026-07-02T23:00:00.000Z),Portugal,Croatia,2026-07-02T23:00:00.000Z,,Toronto Stadium,Espen Eskås,Full time,2,1,4-2-3-1,4-2-3-1,away,Mario Pasalic,15,used_substitute,Midfielder,6.4,68.0,
4653707,portugal-vs-croatia,https://www.fotmob.com/matches/portugal-vs-croatia/2u2izf#4653707,Portugal vs Croatia (2026-07-02T23:00:00.000Z),Portugal,Croatia,2026-07-02T23:00:00.000Z,,Toronto Stadium,Espen Eskås,Full time,2,1,4-2-3-1,4-2-3-1,away,Josko Gvardiol,4,used_substitute,Defender,,90.0,
4653707,portugal-vs-croatia,https://www.fotmob.com/matches/portugal-vs-croatia/2u2izf#4653707,Portugal vs Croatia (2026-07-02T23:00:00.000Z),Portugal,Croatia,2026-07-02T23:00:00.000Z,,Toronto Stadium,Espen Eskås,Full time,2,1,4-2-3-1,4-2-3-1,away,Andrej Kramaric,9,used_substitute,Midfielder,,90.0,
4653707,portugal-vs-croatia,https://www.fotmob.com/matches/portugal-vs-croatia/2u2izf#4653707,Portugal vs Croatia (2026-07-02T23:00:00.000Z),Portugal,Croatia,2026-07-02T23:00:00.000Z,,Toronto Stadium,Espen Eskås,Full time,2,1,4-2-3-1,4-2-3-1,home,José Sá,12,unused_bench,Keeper,,,
4653707,portugal-vs-croatia,https://www.fotmob.com/matches/portugal-vs-croatia/2u2izf#4653707,Portugal vs Croatia (2026-07-02T23:00:00.000Z),Portugal,Croatia,2026-07-02T23:00:00.000Z,,Toronto Stadium,Espen Eskås,Full time,2,1,4-2-3-1,4-2-3-1,away,Rui Silva,22,unused_bench,Keeper,,,
4653707,portugal-vs-croatia,https://www.fotmob.com/matches/portugal-vs-croatia/2u2izf#4653707,Portugal vs Croatia (2026-07-02T23:00:00.000Z),Portugal,Croatia,2026-07-02T23:00:00.000Z,,Toronto Stadium,Espen Eskås,Full time,2,1,4-2-3-1,4-2-3-1,away,Diogo Dalot,5,unused_bench,Defender,,,
4653707,portugal-vs-croatia,https://www.fotmob.com/matches/portugal-vs-croatia/2u2izf#4653707,Portugal vs Croatia (2026-07-02T23:00:00.000Z),Portugal,Croatia,2026-07-02T23:00:00.000Z,,Toronto Stadium,Espen Eskås,Full time,2,1,4-2-3-1,4-2-3-1,away,Gonçalo Inácio,14,unused_bench,Defender,,,
4653707,portugal-vs-croatia,https://www.fotmob.com/matches/portugal-vs-croatia/2u2izf#4653707,Portugal vs Croatia (2026-07-02T23:00:00.000Z),Portugal,Croatia,2026-07-02T23:00:00.000Z,,Toronto Stadium,Espen Eskås,Full time,2,1,4-2-3-1,4-2-3-1,away,Matheus Nunes,6,unused_bench,Defender,,,
4653707,portugal-vs-croatia,https://www.fotmob.com/matches/portugal-vs-croatia/2u2izf#4653707,Portugal vs Croatia (2026-07-02T23:00:00.000Z),Portugal,Croatia,2026-07-02T23:00:00.000Z,,Toronto Stadium,Espen Eskås,Full time,2,1,4-2-3-1,4-2-3-1,away,Tomás Araújo,4,unused_bench,Defender,,,
4653707,portugal-vs-croatia,https://www.fotmob.com/matches/portugal-vs-croatia/2u2izf#4653707,Portugal vs Croatia (2026-07-02T23:00:00.000Z),Portugal,Croatia,2026-07-02T23:00:00.000Z,,Toronto Stadium,Espen Eskås,Full time,2,1,4-2-3-1,4-2-3-1,away,Samú,24,unused_bench,Midfielder,,,
4653707,portugal-vs-croatia,https://www.fotmob.com/matches/portugal-vs-croatia/2u2izf#4653707,Portugal vs Croatia (2026-07-02T23:00:00.000Z),Portugal,Croatia,2026-07-02T23:00:00.000Z,,Toronto Stadium,Espen Eskås,Full time,2,1,4-2-3-1,4-2-3-1,away,Trincão,16,unused_bench,Midfielder,,,
4653707,portugal-vs-croatia,https://www.fotmob.com/matches/portugal-vs-croatia/2u2izf#4653707,Portugal vs Croatia (2026-07-02T23:00:00.000Z),Portugal,Croatia,2026-07-02T23:00:00.000Z,,Toronto Stadium,Espen Eskås,Full time,2,1,4-2-3-1,4-2-3-1,away,Gonçalo Guedes,19,unused_bench,Attacker,,,
4653707,portugal-vs-croatia,https://www.fotmob.com/matches/portugal-vs-croatia/2u2izf#4653707,Portugal vs Croatia (2026-07-02T23:00:00.000Z),Portugal,Croatia,2026-07-02T23:00:00.000Z,,Toronto Stadium,Espen Eskås,Full time,2,1,4-2-3-1,4-2-3-1,away,Joao Félix,11,unused_bench,Attacker,,,
4653707,portugal-vs-croatia,https://www.fotmob.com/matches/portugal-vs-croatia/2u2izf#4653707,Portugal vs Croatia (2026-07-02T23:00:00.000Z),Portugal,Croatia,2026-07-02T23:00:00.000Z,,Toronto Stadium,Espen Eskås,Full time,2,1,4-2-3-1,4-2-3-1,away,Dominik Kotarski,23,unused_bench,Keeper,,,
4653707,portugal-vs-croatia,https://www.fotmob.com/matches/portugal-vs-croatia/2u2izf#4653707,Portugal vs Croatia (2026-07-02T23:00:00.000Z),Portugal,Croatia,2026-07-02T23:00:00.000Z,,Toronto Stadium,Espen Eskås,Full time,2,1,4-2-3-1,4-2-3-1,away,Ivor Pandur,12,unused_bench,Keeper,,,
4653707,portugal-vs-croatia,https://www.fotmob.com/matches/portugal-vs-croatia/2u2izf#4653707,Portugal vs Croatia (2026-07-02T23:00:00.000Z),Portugal,Croatia,2026-07-02T23:00:00.000Z,,Toronto Stadium,Espen Eskås,Full time,2,1,4-2-3-1,4-2-3-1,away,Duje Caleta-Car,5,unused_bench,Defender,,,
4653707,portugal-vs-croatia,https://www.fotmob.com/matches/portugal-vs-croatia/2u2izf#4653707,Portugal vs Croatia (2026-07-02T23:00:00.000Z),Portugal,Croatia,2026-07-02T23:00:00.000Z,,Toronto Stadium,Espen Eskås,Full time,2,1,4-2-3-1,4-2-3-1,away,Luka Vuskovic,22,unused_bench,Defender,,,
4653707,portugal-vs-croatia,https://www.fotmob.com/matches/portugal-vs-croatia/2u2izf#4653707,Portugal vs Croatia (2026-07-02T23:00:00.000Z),Portugal,Croatia,2026-07-02T23:00:00.000Z,,Toronto Stadium,Espen Eskås,Full time,2,1,4-2-3-1,4-2-3-1,away,Martin Erlic,25,unused_bench,Defender,,,
4653707,portugal-vs-croatia,https://www.fotmob.com/matches/portugal-vs-croatia/2u2izf#4653707,Portugal vs Croatia (2026-07-02T23:00:00.000Z),Portugal,Croatia,2026-07-02T23:00:00.000Z,,Toronto Stadium,Espen Eskås,Full time,2,1,4-2-3-1,4-2-3-1,away,Kristijan Jakic,18,unused_bench,Midfielder,,,
4653707,portugal-vs-croatia,https://www.fotmob.com/matches/portugal-vs-croatia/2u2izf#4653707,Portugal vs Croatia (2026-07-02T23:00:00.000Z),Portugal,Croatia,2026-07-02T23:00:00.000Z,,Toronto Stadium,Espen Eskås,Full time,2,1,4-2-3-1,4-2-3-1,away,Luka Sucic,21,unused_bench,Midfielder,,,
4653707,portugal-vs-croatia,https://www.fotmob.com/matches/portugal-vs-croatia/2u2izf#4653707,Portugal vs Croatia (2026-07-02T23:00:00.000Z),Portugal,Croatia,2026-07-02T23:00:00.000Z,,Toronto Stadium,Espen Eskås,Full time,2,1,4-2-3-1,4-2-3-1,away,Marco Pasalic,24,unused_bench,Midfielder,,,
4653707,portugal-vs-croatia,https://www.fotmob.com/matches/portugal-vs-croatia/2u2izf#4653707,Portugal vs Croatia (2026-07-02T23:00:00.000Z),Portugal,Croatia,2026-07-02T23:00:00.000Z,,Toronto Stadium,Espen Eskås,Full time,2,1,4-2-3-1,4-2-3-1,away,Nikola Moro,7,unused_bench,Midfielder,,,
4653707,portugal-vs-croatia,https://www.fotmob.com/matches/portugal-vs-croatia/2u2izf#4653707,Portugal vs Croatia (2026-07-02T23:00:00.000Z),Portugal,Croatia,2026-07-02T23:00:00.000Z,,Toronto Stadium,Espen Eskås,Full time,2,1,4-2-3-1,4-2-3-1,away,Toni Fruk,19,unused_bench,Midfielder,,,
4653707,portugal-vs-croatia,https://www.fotmob.com/matches/portugal-vs-croatia/2u2izf#4653707,Portugal vs Croatia (2026-07-02T23:00:00.000Z),Portugal,Croatia,2026-07-02T23:00:00.000Z,,Toronto Stadium,Espen Eskås,Full time,2,1,4-2-3-1,4-2-3-1,away,Petar Musa,26,unused_bench,Attacker,,,
4653714,dr-congo-vs-england,https://www.fotmob.com/matches/dr-congo-vs-england/1tbjj5#4653714,England vs DR Congo (2026-07-01T16:00:00.000Z),England,DR Congo,2026-07-01T16:00:00.000Z,,Atlanta Stadium,Adham Mohammad Tumah Makhadmeh,Full time,2,1,4-2-3-1,4-3-3,home,Anthony Gordon,18,used_substitute,Attacker,8.1,60.0,
4653714,dr-congo-vs-england,https://www.fotmob.com/matches/dr-congo-vs-england/1tbjj5#4653714,England vs DR Congo (2026-07-01T16:00:00.000Z),England,DR Congo,2026-07-01T16:00:00.000Z,,Atlanta Stadium,Adham Mohammad Tumah Makhadmeh,Full time,2,1,4-2-3-1,4-3-3,home,Bukayo Saka,7,used_substitute,Attacker,6.7,60.0,
4653714,dr-congo-vs-england,https://www.fotmob.com/matches/dr-congo-vs-england/1tbjj5#4653714,England vs DR Congo (2026-07-01T16:00:00.000Z),England,DR Congo,2026-07-01T16:00:00.000Z,,Atlanta Stadium,Adham Mohammad Tumah Makhadmeh,Full time,2,1,4-2-3-1,4-3-3,home,Eberechi Eze,21,used_substitute,Midfielder,6.4,70.0,
4653714,dr-congo-vs-england,https://www.fotmob.com/matches/dr-congo-vs-england/1tbjj5#4653714,England vs DR Congo (2026-07-01T16:00:00.000Z),England,DR Congo,2026-07-01T16:00:00.000Z,,Atlanta Stadium,Adham Mohammad Tumah Makhadmeh,Full time,2,1,4-2-3-1,4-3-3,home,John Stones,5,used_substitute,Defender,,90.0,
4653714,dr-congo-vs-england,https://www.fotmob.com/matches/dr-congo-vs-england/1tbjj5#4653714,England vs DR Congo (2026-07-01T16:00:00.000Z),England,DR Congo,2026-07-01T16:00:00.000Z,,Atlanta Stadium,Adham Mohammad Tumah Makhadmeh,Full time,2,1,4-3-3,4-2-3-1,away,Meschack Elia,13,used_substitute,Attacker,6.0,64.0,
4653714,dr-congo-vs-england,https://www.fotmob.com/matches/dr-congo-vs-england/1tbjj5#4653714,England vs DR Congo (2026-07-01T16:00:00.000Z),England,DR Congo,2026-07-01T16:00:00.000Z,,Atlanta Stadium,Adham Mohammad Tumah Makhadmeh,Full time,2,1,4-3-3,4-2-3-1,away,Edo Kayembe,25,used_substitute,Midfielder,6.2,76.0,
4653714,dr-congo-vs-england,https://www.fotmob.com/matches/dr-congo-vs-england/1tbjj5#4653714,England vs DR Congo (2026-07-01T16:00:00.000Z),England,DR Congo,2026-07-01T16:00:00.000Z,,Atlanta Stadium,Adham Mohammad Tumah Makhadmeh,Full time,2,1,4-3-3,4-2-3-1,away,Théo Bongonda,10,used_substitute,Attacker,6.4,76.0,
4653714,dr-congo-vs-england,https://www.fotmob.com/matches/dr-congo-vs-england/1tbjj5#4653714,England vs DR Congo (2026-07-01T16:00:00.000Z),England,DR Congo,2026-07-01T16:00:00.000Z,,Atlanta Stadium,Adham Mohammad Tumah Makhadmeh,Full time,2,1,4-3-3,4-2-3-1,away,Joris Kayembe Ditu,12,used_substitute,Defender,,89.0,
4653714,dr-congo-vs-england,https://www.fotmob.com/matches/dr-congo-vs-england/1tbjj5#4653714,England vs DR Congo (2026-07-01T16:00:00.000Z),England,DR Congo,2026-07-01T16:00:00.000Z,,Atlanta Stadium,Adham Mohammad Tumah Makhadmeh,Full time,2,1,4-3-3,4-2-3-1,away,Fiston Mayele,19,used_substitute,Attacker,,89.0,
4653714,dr-congo-vs-england,https://www.fotmob.com/matches/dr-congo-vs-england/1tbjj5#4653714,England vs DR Congo (2026-07-01T16:00:00.000Z),England,DR Congo,2026-07-01T16:00:00.000Z,,Atlanta Stadium,Adham Mohammad Tumah Makhadmeh,Full time,2,1,4-2-3-1,4-3-3,home,Dean Henderson,13,unused_bench,Keeper,,,
4653714,dr-congo-vs-england,https://www.fotmob.com/matches/dr-congo-vs-england/1tbjj5#4653714,England vs DR Congo (2026-07-01T16:00:00.000Z),England,DR Congo,2026-07-01T16:00:00.000Z,,Atlanta Stadium,Adham Mohammad Tumah Makhadmeh,Full time,2,1,4-3-3,4-2-3-1,away,James Trafford,23,unused_bench,Keeper,,,
4653714,dr-congo-vs-england,https://www.fotmob.com/matches/dr-congo-vs-england/1tbjj5#4653714,England vs DR Congo (2026-07-01T16:00:00.000Z),England,DR Congo,2026-07-01T16:00:00.000Z,,Atlanta Stadium,Adham Mohammad Tumah Makhadmeh,Full time,2,1,4-3-3,4-2-3-1,away,Daniel Burn,15,unused_bench,Defender,,,
4653714,dr-congo-vs-england,https://www.fotmob.com/matches/dr-congo-vs-england/1tbjj5#4653714,England vs DR Congo (2026-07-01T16:00:00.000Z),England,DR Congo,2026-07-01T16:00:00.000Z,,Atlanta Stadium,Adham Mohammad Tumah Makhadmeh,Full time,2,1,4-3-3,4-2-3-1,away,Jarell Quansah,26,unused_bench,Defender,,,
4653714,dr-congo-vs-england,https://www.fotmob.com/matches/dr-congo-vs-england/1tbjj5#4653714,England vs DR Congo (2026-07-01T16:00:00.000Z),England,DR Congo,2026-07-01T16:00:00.000Z,,Atlanta Stadium,Adham Mohammad Tumah Makhadmeh,Full time,2,1,4-3-3,4-2-3-1,away,Reece James,24,unused_bench,Defender,,,
4653714,dr-congo-vs-england,https://www.fotmob.com/matches/dr-congo-vs-england/1tbjj5#4653714,England vs DR Congo (2026-07-01T16:00:00.000Z),England,DR Congo,2026-07-01T16:00:00.000Z,,Atlanta Stadium,Adham Mohammad Tumah Makhadmeh,Full time,2,1,4-3-3,4-2-3-1,away,Trevoh Chalobah,12,unused_bench,Defender,,,
4653714,dr-congo-vs-england,https://www.fotmob.com/matches/dr-congo-vs-england/1tbjj5#4653714,England vs DR Congo (2026-07-01T16:00:00.000Z),England,DR Congo,2026-07-01T16:00:00.000Z,,Atlanta Stadium,Adham Mohammad Tumah Makhadmeh,Full time,2,1,4-3-3,4-2-3-1,away,Jordan Henderson,14,unused_bench,Midfielder,,,
4653714,dr-congo-vs-england,https://www.fotmob.com/matches/dr-congo-vs-england/1tbjj5#4653714,England vs DR Congo (2026-07-01T16:00:00.000Z),England,DR Congo,2026-07-01T16:00:00.000Z,,Atlanta Stadium,Adham Mohammad Tumah Makhadmeh,Full time,2,1,4-3-3,4-2-3-1,away,Kobbie Mainoo,16,unused_bench,Midfielder,,,
4653714,dr-congo-vs-england,https://www.fotmob.com/matches/dr-congo-vs-england/1tbjj5#4653714,England vs DR Congo (2026-07-01T16:00:00.000Z),England,DR Congo,2026-07-01T16:00:00.000Z,,Atlanta Stadium,Adham Mohammad Tumah Makhadmeh,Full time,2,1,4-3-3,4-2-3-1,away,Morgan Rogers,17,unused_bench,Midfielder,,,
4653714,dr-congo-vs-england,https://www.fotmob.com/matches/dr-congo-vs-england/1tbjj5#4653714,England vs DR Congo (2026-07-01T16:00:00.000Z),England,DR Congo,2026-07-01T16:00:00.000Z,,Atlanta Stadium,Adham Mohammad Tumah Makhadmeh,Full time,2,1,4-3-3,4-2-3-1,away,Ivan Toney,22,unused_bench,Attacker,,,
4653714,dr-congo-vs-england,https://www.fotmob.com/matches/dr-congo-vs-england/1tbjj5#4653714,England vs DR Congo (2026-07-01T16:00:00.000Z),England,DR Congo,2026-07-01T16:00:00.000Z,,Atlanta Stadium,Adham Mohammad Tumah Makhadmeh,Full time,2,1,4-3-3,4-2-3-1,away,Ollie Watkins,19,unused_bench,Attacker,,,
4653714,dr-congo-vs-england,https://www.fotmob.com/matches/dr-congo-vs-england/1tbjj5#4653714,England vs DR Congo (2026-07-01T16:00:00.000Z),England,DR Congo,2026-07-01T16:00:00.000Z,,Atlanta Stadium,Adham Mohammad Tumah Makhadmeh,Full time,2,1,4-3-3,4-2-3-1,away,Matthieu Epolo,21,unused_bench,Keeper,,,
4653714,dr-congo-vs-england,https://www.fotmob.com/matches/dr-congo-vs-england/1tbjj5#4653714,England vs DR Congo (2026-07-01T16:00:00.000Z),England,DR Congo,2026-07-01T16:00:00.000Z,,Atlanta Stadium,Adham Mohammad Tumah Makhadmeh,Full time,2,1,4-3-3,4-2-3-1,away,Timothy Fayulu,16,unused_bench,Keeper,,,
4653714,dr-congo-vs-england,https://www.fotmob.com/matches/dr-congo-vs-england/1tbjj5#4653714,England vs DR Congo (2026-07-01T16:00:00.000Z),England,DR Congo,2026-07-01T16:00:00.000Z,,Atlanta Stadium,Adham Mohammad Tumah Makhadmeh,Full time,2,1,4-3-3,4-2-3-1,away,Dylan Batubinsika,5,unused_bench,Defender,,,
4653714,dr-congo-vs-england,https://www.fotmob.com/matches/dr-congo-vs-england/1tbjj5#4653714,England vs DR Congo (2026-07-01T16:00:00.000Z),England,DR Congo,2026-07-01T16:00:00.000Z,,Atlanta Stadium,Adham Mohammad Tumah Makhadmeh,Full time,2,1,4-3-3,4-2-3-1,away,Gédéon Kalulu,24,unused_bench,Defender,,,
4653714,dr-congo-vs-england,https://www.fotmob.com/matches/dr-congo-vs-england/1tbjj5#4653714,England vs DR Congo (2026-07-01T16:00:00.000Z),England,DR Congo,2026-07-01T16:00:00.000Z,,Atlanta Stadium,Adham Mohammad Tumah Makhadmeh,Full time,2,1,4-3-3,4-2-3-1,away,Steve Kapuadi,3,unused_bench,Defender,,,
4653714,dr-congo-vs-england,https://www.fotmob.com/matches/dr-congo-vs-england/1tbjj5#4653714,England vs DR Congo (2026-07-01T16:00:00.000Z),England,DR Congo,2026-07-01T16:00:00.000Z,,Atlanta Stadium,Adham Mohammad Tumah Makhadmeh,Full time,2,1,4-3-3,4-2-3-1,away,Aaron Tshibola,15,unused_bench,Midfielder,,,
4653714,dr-congo-vs-england,https://www.fotmob.com/matches/dr-congo-vs-england/1tbjj5#4653714,England vs DR Congo (2026-07-01T16:00:00.000Z),England,DR Congo,2026-07-01T16:00:00.000Z,,Atlanta Stadium,Adham Mohammad Tumah Makhadmeh,Full time,2,1,4-3-3,4-2-3-1,away,Charles Pickel,18,unused_bench,Midfielder,,,
4653714,dr-congo-vs-england,https://www.fotmob.com/matches/dr-congo-vs-england/1tbjj5#4653714,England vs DR Congo (2026-07-01T16:00:00.000Z),England,DR Congo,2026-07-01T16:00:00.000Z,,Atlanta Stadium,Adham Mohammad Tumah Makhadmeh,Full time,2,1,4-3-3,4-2-3-1,away,Cédric Bakambu,17,unused_bench,Attacker,,,
4653714,dr-congo-vs-england,https://www.fotmob.com/matches/dr-congo-vs-england/1tbjj5#4653714,England vs DR Congo (2026-07-01T16:00:00.000Z),England,DR Congo,2026-07-01T16:00:00.000Z,,Atlanta Stadium,Adham Mohammad Tumah Makhadmeh,Full time,2,1,4-3-3,4-2-3-1,away,Gaël Kakuta,11,unused_bench,Attacker,,,
4653714,dr-congo-vs-england,https://www.fotmob.com/matches/dr-congo-vs-england/1tbjj5#4653714,England vs DR Congo (2026-07-01T16:00:00.000Z),England,DR Congo,2026-07-01T16:00:00.000Z,,Atlanta Stadium,Adham Mohammad Tumah Makhadmeh,Full time,2,1,4-3-3,4-2-3-1,away,Simon Banza,23,unused_bench,Attacker,,,
4653713,ecuador-vs-mexico,https://www.fotmob.com/matches/ecuador-vs-mexico/1hlgxf#4653713,Mexico vs Ecuador (2026-07-01T02:00:00.000Z),Mexico,Ecuador,2026-07-01T02:00:00.000Z,,Mexico City Stadium,Slavko Vinčić,Full time,2,0,Mexico,Ecuador,home,Brian Gutiérrez,26,used_substitute,Midfielder,6.3,59.0,
4653713,ecuador-vs-mexico,https://www.fotmob.com/matches/ecuador-vs-mexico/1hlgxf#4653713,Mexico vs Ecuador (2026-07-01T02:00:00.000Z),Mexico,Ecuador,2026-07-01T02:00:00.000Z,,Mexico City Stadium,Slavko Vinčić,Full time,2,0,Mexico,Ecuador,home,Obed Vargas,18,used_substitute,Midfielder,6.1,73.0,
4653713,ecuador-vs-mexico,https://www.fotmob.com/matches/ecuador-vs-mexico/1hlgxf#4653713,Mexico vs Ecuador (2026-07-01T02:00:00.000Z),Mexico,Ecuador,2026-07-01T02:00:00.000Z,,Mexico City Stadium,Slavko Vinčić,Full time,2,0,Mexico,Ecuador,home,Santiago Giménez,11,used_substitute,Attacker,5.8,73.0,
4653713,ecuador-vs-mexico,https://www.fotmob.com/matches/ecuador-vs-mexico/1hlgxf#4653713,Mexico vs Ecuador (2026-07-01T02:00:00.000Z),Mexico,Ecuador,2026-07-01T02:00:00.000Z,,Mexico City Stadium,Slavko Vinčić,Full time,2,0,Mexico,Ecuador,home,Israel Reyes,15,used_substitute,Defender,6.3,80.0,
4653713,ecuador-vs-mexico,https://www.fotmob.com/matches/ecuador-vs-mexico/1hlgxf#4653713,Mexico vs Ecuador (2026-07-01T02:00:00.000Z),Mexico,Ecuador,2026-07-01T02:00:00.000Z,,Mexico City Stadium,Slavko Vinčić,Full time,2,0,Mexico,Ecuador,home,Orbelín Pineda,17,used_substitute,Midfielder,6.2,80.0,
4653713,ecuador-vs-mexico,https://www.fotmob.com/matches/ecuador-vs-mexico/1hlgxf#4653713,Mexico vs Ecuador (2026-07-01T02:00:00.000Z),Mexico,Ecuador,2026-07-01T02:00:00.000Z,,Mexico City Stadium,Slavko Vinčić,Full time,2,0,Ecuador,Mexico,away,Yaimar Medina,26,used_substitute,Defender,6.2,46.0,
4653713,ecuador-vs-mexico,https://www.fotmob.com/matches/ecuador-vs-mexico/1hlgxf#4653713,Mexico vs Ecuador (2026-07-01T02:00:00.000Z),Mexico,Ecuador,2026-07-01T02:00:00.000Z,,Mexico City Stadium,Slavko Vinčić,Full time,2,0,Ecuador,Mexico,away,Ángelo Preciado,17,used_substitute,Midfielder,6.0,46.0,
4653713,ecuador-vs-mexico,https://www.fotmob.com/matches/ecuador-vs-mexico/1hlgxf#4653713,Mexico vs Ecuador (2026-07-01T02:00:00.000Z),Mexico,Ecuador,2026-07-01T02:00:00.000Z,,Mexico City Stadium,Slavko Vinčić,Full time,2,0,Ecuador,Mexico,away,Kevin Rodríguez,11,used_substitute,Attacker,5.9,59.0,
4653713,ecuador-vs-mexico,https://www.fotmob.com/matches/ecuador-vs-mexico/1hlgxf#4653713,Mexico vs Ecuador (2026-07-01T02:00:00.000Z),Mexico,Ecuador,2026-07-01T02:00:00.000Z,,Mexico City Stadium,Slavko Vinčić,Full time,2,0,Ecuador,Mexico,away,Jordy Caicedo,16,used_substitute,Attacker,5.8,79.0,
4653713,ecuador-vs-mexico,https://www.fotmob.com/matches/ecuador-vs-mexico/1hlgxf#4653713,Mexico vs Ecuador (2026-07-01T02:00:00.000Z),Mexico,Ecuador,2026-07-01T02:00:00.000Z,,Mexico City Stadium,Slavko Vinčić,Full time,2,0,Ecuador,Mexico,away,Kendry Páez,10,used_substitute,Attacker,6.6,79.0,
4653713,ecuador-vs-mexico,https://www.fotmob.com/matches/ecuador-vs-mexico/1hlgxf#4653713,Mexico vs Ecuador (2026-07-01T02:00:00.000Z),Mexico,Ecuador,2026-07-01T02:00:00.000Z,,Mexico City Stadium,Slavko Vinčić,Full time,2,0,Mexico,Ecuador,home,Carlos Acevedo,12,unused_bench,Keeper,,,
4653713,ecuador-vs-mexico,https://www.fotmob.com/matches/ecuador-vs-mexico/1hlgxf#4653713,Mexico vs Ecuador (2026-07-01T02:00:00.000Z),Mexico,Ecuador,2026-07-01T02:00:00.000Z,,Mexico City Stadium,Slavko Vinčić,Full time,2,0,Ecuador,Mexico,away,Guillermo Ochoa,13,unused_bench,Keeper,,,
4653713,ecuador-vs-mexico,https://www.fotmob.com/matches/ecuador-vs-mexico/1hlgxf#4653713,Mexico vs Ecuador (2026-07-01T02:00:00.000Z),Mexico,Ecuador,2026-07-01T02:00:00.000Z,,Mexico City Stadium,Slavko Vinčić,Full time,2,0,Ecuador,Mexico,away,Mateo Chávez,20,unused_bench,Defender,,,
4653713,ecuador-vs-mexico,https://www.fotmob.com/matches/ecuador-vs-mexico/1hlgxf#4653713,Mexico vs Ecuador (2026-07-01T02:00:00.000Z),Mexico,Ecuador,2026-07-01T02:00:00.000Z,,Mexico City Stadium,Slavko Vinčić,Full time,2,0,Ecuador,Mexico,away,Álvaro Fidalgo,8,unused_bench,Midfielder,,,
4653713,ecuador-vs-mexico,https://www.fotmob.com/matches/ecuador-vs-mexico/1hlgxf#4653713,Mexico vs Ecuador (2026-07-01T02:00:00.000Z),Mexico,Ecuador,2026-07-01T02:00:00.000Z,,Mexico City Stadium,Slavko Vinčić,Full time,2,0,Ecuador,Mexico,away,Edson Álvarez,4,unused_bench,Midfielder,,,
4653713,ecuador-vs-mexico,https://www.fotmob.com/matches/ecuador-vs-mexico/1hlgxf#4653713,Mexico vs Ecuador (2026-07-01T02:00:00.000Z),Mexico,Ecuador,2026-07-01T02:00:00.000Z,,Mexico City Stadium,Slavko Vinčić,Full time,2,0,Ecuador,Mexico,away,Luis Chávez,24,unused_bench,Midfielder,,,
4653713,ecuador-vs-mexico,https://www.fotmob.com/matches/ecuador-vs-mexico/1hlgxf#4653713,Mexico vs Ecuador (2026-07-01T02:00:00.000Z),Mexico,Ecuador,2026-07-01T02:00:00.000Z,,Mexico City Stadium,Slavko Vinčić,Full time,2,0,Ecuador,Mexico,away,Alexis Vega,10,unused_bench,Attacker,,,
4653713,ecuador-vs-mexico,https://www.fotmob.com/matches/ecuador-vs-mexico/1hlgxf#4653713,Mexico vs Ecuador (2026-07-01T02:00:00.000Z),Mexico,Ecuador,2026-07-01T02:00:00.000Z,,Mexico City Stadium,Slavko Vinčić,Full time,2,0,Ecuador,Mexico,away,Armando González,14,unused_bench,Attacker,,,
4653713,ecuador-vs-mexico,https://www.fotmob.com/matches/ecuador-vs-mexico/1hlgxf#4653713,Mexico vs Ecuador (2026-07-01T02:00:00.000Z),Mexico,Ecuador,2026-07-01T02:00:00.000Z,,Mexico City Stadium,Slavko Vinčić,Full time,2,0,Ecuador,Mexico,away,César Huerta,21,unused_bench,Attacker,,,
4653713,ecuador-vs-mexico,https://www.fotmob.com/matches/ecuador-vs-mexico/1hlgxf#4653713,Mexico vs Ecuador (2026-07-01T02:00:00.000Z),Mexico,Ecuador,2026-07-01T02:00:00.000Z,,Mexico City Stadium,Slavko Vinčić,Full time,2,0,Ecuador,Mexico,away,Guillermo Martínez,22,unused_bench,Attacker,,,
4653713,ecuador-vs-mexico,https://www.fotmob.com/matches/ecuador-vs-mexico/1hlgxf#4653713,Mexico vs Ecuador (2026-07-01T02:00:00.000Z),Mexico,Ecuador,2026-07-01T02:00:00.000Z,,Mexico City Stadium,Slavko Vinčić,Full time,2,0,Ecuador,Mexico,away,Gonzalo Valle,22,unused_bench,Keeper,,,
4653713,ecuador-vs-mexico,https://www.fotmob.com/matches/ecuador-vs-mexico/1hlgxf#4653713,Mexico vs Ecuador (2026-07-01T02:00:00.000Z),Mexico,Ecuador,2026-07-01T02:00:00.000Z,,Mexico City Stadium,Slavko Vinčić,Full time,2,0,Ecuador,Mexico,away,Moisés Ramirez,12,unused_bench,Keeper,,,
4653713,ecuador-vs-mexico,https://www.fotmob.com/matches/ecuador-vs-mexico/1hlgxf#4653713,Mexico vs Ecuador (2026-07-01T02:00:00.000Z),Mexico,Ecuador,2026-07-01T02:00:00.000Z,,Mexico City Stadium,Slavko Vinčić,Full time,2,0,Ecuador,Mexico,away,Félix Torres,2,unused_bench,Defender,,,
4653713,ecuador-vs-mexico,https://www.fotmob.com/matches/ecuador-vs-mexico/1hlgxf#4653713,Mexico vs Ecuador (2026-07-01T02:00:00.000Z),Mexico,Ecuador,2026-07-01T02:00:00.000Z,,Mexico City Stadium,Slavko Vinčić,Full time,2,0,Ecuador,Mexico,away,Jackson Porozo,25,unused_bench,Defender,,,
4653713,ecuador-vs-mexico,https://www.fotmob.com/matches/ecuador-vs-mexico/1hlgxf#4653713,Mexico vs Ecuador (2026-07-01T02:00:00.000Z),Mexico,Ecuador,2026-07-01T02:00:00.000Z,,Mexico City Stadium,Slavko Vinčić,Full time,2,0,Ecuador,Mexico,away,Anthony Valencia,8,unused_bench,Midfielder,,,
4653713,ecuador-vs-mexico,https://www.fotmob.com/matches/ecuador-vs-mexico/1hlgxf#4653713,Mexico vs Ecuador (2026-07-01T02:00:00.000Z),Mexico,Ecuador,2026-07-01T02:00:00.000Z,,Mexico City Stadium,Slavko Vinčić,Full time,2,0,Ecuador,Mexico,away,Denil Castillo,18,unused_bench,Midfielder,,,
4653713,ecuador-vs-mexico,https://www.fotmob.com/matches/ecuador-vs-mexico/1hlgxf#4653713,Mexico vs Ecuador (2026-07-01T02:00:00.000Z),Mexico,Ecuador,2026-07-01T02:00:00.000Z,,Mexico City Stadium,Slavko Vinčić,Full time,2,0,Ecuador,Mexico,away,Jordy Alcívar,5,unused_bench,Midfielder,,,
4653713,ecuador-vs-mexico,https://www.fotmob.com/matches/ecuador-vs-mexico/1hlgxf#4653713,Mexico vs Ecuador (2026-07-01T02:00:00.000Z),Mexico,Ecuador,2026-07-01T02:00:00.000Z,,Mexico City Stadium,Slavko Vinčić,Full time,2,0,Ecuador,Mexico,away,Pervis Estupinán,7,unused_bench,Midfielder,,,
4653713,ecuador-vs-mexico,https://www.fotmob.com/matches/ecuador-vs-mexico/1hlgxf#4653713,Mexico vs Ecuador (2026-07-01T02:00:00.000Z),Mexico,Ecuador,2026-07-01T02:00:00.000Z,,Mexico City Stadium,Slavko Vinčić,Full time,2,0,Ecuador,Mexico,away,Alan Minda,14,unused_bench,Attacker,,,
4653713,ecuador-vs-mexico,https://www.fotmob.com/matches/ecuador-vs-mexico/1hlgxf#4653713,Mexico vs Ecuador (2026-07-01T02:00:00.000Z),Mexico,Ecuador,2026-07-01T02:00:00.000Z,,Mexico City Stadium,Slavko Vinčić,Full time,2,0,Ecuador,Mexico,away,Jeremy Arévalo,24,unused_bench,Attacker,,,
4653709,usa-vs-bosnia-herzegovina,https://www.fotmob.com/matches/usa-vs-bosnia-herzegovina/2c7uzr#4653709,USA vs Bosnia and Herzegovina (2026-07-02T00:00:00.000Z),USA,Bosnia and Herzegovina,2026-07-02T00:00:00.000Z,,San Francisco Bay Area Stadium,Raphael Claus,Full time,2,0,USA,Bosnia and Herzegovina,home,Sebastian Berhalter,14,used_substitute,Midfielder,,87.0,
4653709,usa-vs-bosnia-herzegovina,https://www.fotmob.com/matches/usa-vs-bosnia-herzegovina/2c7uzr#4653709,USA vs Bosnia and Herzegovina (2026-07-02T00:00:00.000Z),USA,Bosnia and Herzegovina,2026-07-02T00:00:00.000Z,,San Francisco Bay Area Stadium,Raphael Claus,Full time,2,0,USA,Bosnia and Herzegovina,home,Ricardo Pepi,9,used_substitute,Attacker,,87.0,
4653709,usa-vs-bosnia-herzegovina,https://www.fotmob.com/matches/usa-vs-bosnia-herzegovina/2c7uzr#4653709,USA vs Bosnia and Herzegovina (2026-07-02T00:00:00.000Z),USA,Bosnia and Herzegovina,2026-07-02T00:00:00.000Z,,San Francisco Bay Area Stadium,Raphael Claus,Full time,2,0,USA,Bosnia and Herzegovina,home,Giovanni Reyna,7,used_substitute,Midfielder,,90.0,
4653709,usa-vs-bosnia-herzegovina,https://www.fotmob.com/matches/usa-vs-bosnia-herzegovina/2c7uzr#4653709,USA vs Bosnia and Herzegovina (2026-07-02T00:00:00.000Z),USA,Bosnia and Herzegovina,2026-07-02T00:00:00.000Z,,San Francisco Bay Area Stadium,Raphael Claus,Full time,2,0,Bosnia and Herzegovina,USA,away,Benjamin Tahirovic,6,used_substitute,Midfielder,6.5,51.0,
4653709,usa-vs-bosnia-herzegovina,https://www.fotmob.com/matches/usa-vs-bosnia-herzegovina/2c7uzr#4653709,USA vs Bosnia and Herzegovina (2026-07-02T00:00:00.000Z),USA,Bosnia and Herzegovina,2026-07-02T00:00:00.000Z,,San Francisco Bay Area Stadium,Raphael Claus,Full time,2,0,Bosnia and Herzegovina,USA,away,Ermin Mahmic,26,used_substitute,Midfielder,5.9,51.0,
4653709,usa-vs-bosnia-herzegovina,https://www.fotmob.com/matches/usa-vs-bosnia-herzegovina/2c7uzr#4653709,USA vs Bosnia and Herzegovina (2026-07-02T00:00:00.000Z),USA,Bosnia and Herzegovina,2026-07-02T00:00:00.000Z,,San Francisco Bay Area Stadium,Raphael Claus,Full time,2,0,Bosnia and Herzegovina,USA,away,Esmir Bajraktarevic,20,used_substitute,Attacker,6.5,51.0,
4653709,usa-vs-bosnia-herzegovina,https://www.fotmob.com/matches/usa-vs-bosnia-herzegovina/2c7uzr#4653709,USA vs Bosnia and Herzegovina (2026-07-02T00:00:00.000Z),USA,Bosnia and Herzegovina,2026-07-02T00:00:00.000Z,,San Francisco Bay Area Stadium,Raphael Claus,Full time,2,0,Bosnia and Herzegovina,USA,away,Amar Memic,15,used_substitute,Midfielder,6.2,75.0,
4653709,usa-vs-bosnia-herzegovina,https://www.fotmob.com/matches/usa-vs-bosnia-herzegovina/2c7uzr#4653709,USA vs Bosnia and Herzegovina (2026-07-02T00:00:00.000Z),USA,Bosnia and Herzegovina,2026-07-02T00:00:00.000Z,,San Francisco Bay Area Stadium,Raphael Claus,Full time,2,0,Bosnia and Herzegovina,USA,away,Haris Tabakovic,23,used_substitute,Attacker,6.1,75.0,
4653709,usa-vs-bosnia-herzegovina,https://www.fotmob.com/matches/usa-vs-bosnia-herzegovina/2c7uzr#4653709,USA vs Bosnia and Herzegovina (2026-07-02T00:00:00.000Z),USA,Bosnia and Herzegovina,2026-07-02T00:00:00.000Z,,San Francisco Bay Area Stadium,Raphael Claus,Full time,2,0,USA,Bosnia and Herzegovina,home,Chris Brady,25,unused_bench,Keeper,,,
4653709,usa-vs-bosnia-herzegovina,https://www.fotmob.com/matches/usa-vs-bosnia-herzegovina/2c7uzr#4653709,USA vs Bosnia and Herzegovina (2026-07-02T00:00:00.000Z),USA,Bosnia and Herzegovina,2026-07-02T00:00:00.000Z,,San Francisco Bay Area Stadium,Raphael Claus,Full time,2,0,Bosnia and Herzegovina,USA,away,Matt Turner,1,unused_bench,Keeper,,,
4653709,usa-vs-bosnia-herzegovina,https://www.fotmob.com/matches/usa-vs-bosnia-herzegovina/2c7uzr#4653709,USA vs Bosnia and Herzegovina (2026-07-02T00:00:00.000Z),USA,Bosnia and Herzegovina,2026-07-02T00:00:00.000Z,,San Francisco Bay Area Stadium,Raphael Claus,Full time,2,0,Bosnia and Herzegovina,USA,away,Auston Trusty,6,unused_bench,Defender,,,
4653709,usa-vs-bosnia-herzegovina,https://www.fotmob.com/matches/usa-vs-bosnia-herzegovina/2c7uzr#4653709,USA vs Bosnia and Herzegovina (2026-07-02T00:00:00.000Z),USA,Bosnia and Herzegovina,2026-07-02T00:00:00.000Z,,San Francisco Bay Area Stadium,Raphael Claus,Full time,2,0,Bosnia and Herzegovina,USA,away,Joseph Scally,23,unused_bench,Defender,,,
4653709,usa-vs-bosnia-herzegovina,https://www.fotmob.com/matches/usa-vs-bosnia-herzegovina/2c7uzr#4653709,USA vs Bosnia and Herzegovina (2026-07-02T00:00:00.000Z),USA,Bosnia and Herzegovina,2026-07-02T00:00:00.000Z,,San Francisco Bay Area Stadium,Raphael Claus,Full time,2,0,Bosnia and Herzegovina,USA,away,Miles Robinson,12,unused_bench,Defender,,,
4653709,usa-vs-bosnia-herzegovina,https://www.fotmob.com/matches/usa-vs-bosnia-herzegovina/2c7uzr#4653709,USA vs Bosnia and Herzegovina (2026-07-02T00:00:00.000Z),USA,Bosnia and Herzegovina,2026-07-02T00:00:00.000Z,,San Francisco Bay Area Stadium,Raphael Claus,Full time,2,0,Bosnia and Herzegovina,USA,away,Brenden Aaronson,11,unused_bench,Midfielder,,,
4653709,usa-vs-bosnia-herzegovina,https://www.fotmob.com/matches/usa-vs-bosnia-herzegovina/2c7uzr#4653709,USA vs Bosnia and Herzegovina (2026-07-02T00:00:00.000Z),USA,Bosnia and Herzegovina,2026-07-02T00:00:00.000Z,,San Francisco Bay Area Stadium,Raphael Claus,Full time,2,0,Bosnia and Herzegovina,USA,away,Max Arfsten,18,unused_bench,Midfielder,,,
4653709,usa-vs-bosnia-herzegovina,https://www.fotmob.com/matches/usa-vs-bosnia-herzegovina/2c7uzr#4653709,USA vs Bosnia and Herzegovina (2026-07-02T00:00:00.000Z),USA,Bosnia and Herzegovina,2026-07-02T00:00:00.000Z,,San Francisco Bay Area Stadium,Raphael Claus,Full time,2,0,Bosnia and Herzegovina,USA,away,Timothy Weah,21,unused_bench,Midfielder,,,
4653709,usa-vs-bosnia-herzegovina,https://www.fotmob.com/matches/usa-vs-bosnia-herzegovina/2c7uzr#4653709,USA vs Bosnia and Herzegovina (2026-07-02T00:00:00.000Z),USA,Bosnia and Herzegovina,2026-07-02T00:00:00.000Z,,San Francisco Bay Area Stadium,Raphael Claus,Full time,2,0,Bosnia and Herzegovina,USA,away,Alex Zendejas,26,unused_bench,Attacker,,,
4653709,usa-vs-bosnia-herzegovina,https://www.fotmob.com/matches/usa-vs-bosnia-herzegovina/2c7uzr#4653709,USA vs Bosnia and Herzegovina (2026-07-02T00:00:00.000Z),USA,Bosnia and Herzegovina,2026-07-02T00:00:00.000Z,,San Francisco Bay Area Stadium,Raphael Claus,Full time,2,0,Bosnia and Herzegovina,USA,away,Haji Wright,19,unused_bench,Attacker,,,
4653709,usa-vs-bosnia-herzegovina,https://www.fotmob.com/matches/usa-vs-bosnia-herzegovina/2c7uzr#4653709,USA vs Bosnia and Herzegovina (2026-07-02T00:00:00.000Z),USA,Bosnia and Herzegovina,2026-07-02T00:00:00.000Z,,San Francisco Bay Area Stadium,Raphael Claus,Full time,2,0,Bosnia and Herzegovina,USA,away,Martin Zlomislic,22,unused_bench,Keeper,,,
4653709,usa-vs-bosnia-herzegovina,https://www.fotmob.com/matches/usa-vs-bosnia-herzegovina/2c7uzr#4653709,USA vs Bosnia and Herzegovina (2026-07-02T00:00:00.000Z),USA,Bosnia and Herzegovina,2026-07-02T00:00:00.000Z,,San Francisco Bay Area Stadium,Raphael Claus,Full time,2,0,Bosnia and Herzegovina,USA,away,Mladen Jurkas,12,unused_bench,Keeper,,,
4653709,usa-vs-bosnia-herzegovina,https://www.fotmob.com/matches/usa-vs-bosnia-herzegovina/2c7uzr#4653709,USA vs Bosnia and Herzegovina (2026-07-02T00:00:00.000Z),USA,Bosnia and Herzegovina,2026-07-02T00:00:00.000Z,,San Francisco Bay Area Stadium,Raphael Claus,Full time,2,0,Bosnia and Herzegovina,USA,away,Arjan Malic,24,unused_bench,Defender,,,
4653709,usa-vs-bosnia-herzegovina,https://www.fotmob.com/matches/usa-vs-bosnia-herzegovina/2c7uzr#4653709,USA vs Bosnia and Herzegovina (2026-07-02T00:00:00.000Z),USA,Bosnia and Herzegovina,2026-07-02T00:00:00.000Z,,San Francisco Bay Area Stadium,Raphael Claus,Full time,2,0,Bosnia and Herzegovina,USA,away,Dennis Hadzikadunic,3,unused_bench,Defender,,,
4653709,usa-vs-bosnia-herzegovina,https://www.fotmob.com/matches/usa-vs-bosnia-herzegovina/2c7uzr#4653709,USA vs Bosnia and Herzegovina (2026-07-02T00:00:00.000Z),USA,Bosnia and Herzegovina,2026-07-02T00:00:00.000Z,,San Francisco Bay Area Stadium,Raphael Claus,Full time,2,0,Bosnia and Herzegovina,USA,away,Nihad Mujakic,2,unused_bench,Defender,,,
4653709,usa-vs-bosnia-herzegovina,https://www.fotmob.com/matches/usa-vs-bosnia-herzegovina/2c7uzr#4653709,USA vs Bosnia and Herzegovina (2026-07-02T00:00:00.000Z),USA,Bosnia and Herzegovina,2026-07-02T00:00:00.000Z,,San Francisco Bay Area Stadium,Raphael Claus,Full time,2,0,Bosnia and Herzegovina,USA,away,Amir Hadziahmetovic,16,unused_bench,Midfielder,,,
4653709,usa-vs-bosnia-herzegovina,https://www.fotmob.com/matches/usa-vs-bosnia-herzegovina/2c7uzr#4653709,USA vs Bosnia and Herzegovina (2026-07-02T00:00:00.000Z),USA,Bosnia and Herzegovina,2026-07-02T00:00:00.000Z,,San Francisco Bay Area Stadium,Raphael Claus,Full time,2,0,Bosnia and Herzegovina,USA,away,Dzenis Burnic,17,unused_bench,Midfielder,,,
4653709,usa-vs-bosnia-herzegovina,https://www.fotmob.com/matches/usa-vs-bosnia-herzegovina/2c7uzr#4653709,USA vs Bosnia and Herzegovina (2026-07-02T00:00:00.000Z),USA,Bosnia and Herzegovina,2026-07-02T00:00:00.000Z,,San Francisco Bay Area Stadium,Raphael Claus,Full time,2,0,Bosnia and Herzegovina,USA,away,Ivan Basic,13,unused_bench,Midfielder,,,
4653709,usa-vs-bosnia-herzegovina,https://www.fotmob.com/matches/usa-vs-bosnia-herzegovina/2c7uzr#4653709,USA vs Bosnia and Herzegovina (2026-07-02T00:00:00.000Z),USA,Bosnia and Herzegovina,2026-07-02T00:00:00.000Z,,San Francisco Bay Area Stadium,Raphael Claus,Full time,2,0,Bosnia and Herzegovina,USA,away,Jovo Lukic,25,unused_bench,Attacker,,,
4653709,usa-vs-bosnia-herzegovina,https://www.fotmob.com/matches/usa-vs-bosnia-herzegovina/2c7uzr#4653709,USA vs Bosnia and Herzegovina (2026-07-02T00:00:00.000Z),USA,Bosnia and Herzegovina,2026-07-02T00:00:00.000Z,,San Francisco Bay Area Stadium,Raphael Claus,Full time,2,0,Bosnia and Herzegovina,USA,away,Samed Bazdar,9,unused_bench,Attacker,,,
4653717,algeria-vs-switzerland,https://www.fotmob.com/matches/algeria-vs-switzerland/1ekwbo#4653717,Switzerland vs Algeria (2026-07-03T03:00:00.000Z),Switzerland,Algeria,2026-07-03T03:00:00.000Z,,,,Full time,2,0,4-2-3-1,4-1-2-3,home,Fabian Rieder,22,used_substitute,Midfielder,6.4,70.0,
4653717,algeria-vs-switzerland,https://www.fotmob.com/matches/algeria-vs-switzerland/1ekwbo#4653717,Switzerland vs Algeria (2026-07-03T03:00:00.000Z),Switzerland,Algeria,2026-07-03T03:00:00.000Z,,,,Full time,2,0,4-2-3-1,4-1-2-3,home,Noah Okafor,19,used_substitute,Attacker,6.6,70.0,
4653717,algeria-vs-switzerland,https://www.fotmob.com/matches/algeria-vs-switzerland/1ekwbo#4653717,Switzerland vs Algeria (2026-07-03T03:00:00.000Z),Switzerland,Algeria,2026-07-03T03:00:00.000Z,,,,Full time,2,0,4-2-3-1,4-1-2-3,home,Zeki Amdouni,23,used_substitute,Attacker,,82.0,
4653717,algeria-vs-switzerland,https://www.fotmob.com/matches/algeria-vs-switzerland/1ekwbo#4653717,Switzerland vs Algeria (2026-07-03T03:00:00.000Z),Switzerland,Algeria,2026-07-03T03:00:00.000Z,,,,Full time,2,0,4-2-3-1,4-1-2-3,home,Michel Aebischer,20,used_substitute,Midfielder,,87.0,
4653717,algeria-vs-switzerland,https://www.fotmob.com/matches/algeria-vs-switzerland/1ekwbo#4653717,Switzerland vs Algeria (2026-07-03T03:00:00.000Z),Switzerland,Algeria,2026-07-03T03:00:00.000Z,,,,Full time,2,0,4-2-3-1,4-1-2-3,home,Silvan Widmer,3,used_substitute,Midfielder,,87.0,
4653717,algeria-vs-switzerland,https://www.fotmob.com/matches/algeria-vs-switzerland/1ekwbo#4653717,Switzerland vs Algeria (2026-07-03T03:00:00.000Z),Switzerland,Algeria,2026-07-03T03:00:00.000Z,,,,Full time,2,0,4-1-2-3,4-2-3-1,away,Jaouen Hadjam,13,used_substitute,Defender,6.8,58.0,
4653717,algeria-vs-switzerland,https://www.fotmob.com/matches/algeria-vs-switzerland/1ekwbo#4653717,Switzerland vs Algeria (2026-07-03T03:00:00.000Z),Switzerland,Algeria,2026-07-03T03:00:00.000Z,,,,Full time,2,0,4-1-2-3,4-2-3-1,away,Amine Gouiri,9,used_substitute,Attacker,5.6,58.0,
4653717,algeria-vs-switzerland,https://www.fotmob.com/matches/algeria-vs-switzerland/1ekwbo#4653717,Switzerland vs Algeria (2026-07-03T03:00:00.000Z),Switzerland,Algeria,2026-07-03T03:00:00.000Z,,,,Full time,2,0,4-1-2-3,4-2-3-1,away,Hicham Boudaoui,14,used_substitute,Midfielder,6.2,71.0,
4653717,algeria-vs-switzerland,https://www.fotmob.com/matches/algeria-vs-switzerland/1ekwbo#4653717,Switzerland vs Algeria (2026-07-03T03:00:00.000Z),Switzerland,Algeria,2026-07-03T03:00:00.000Z,,,,Full time,2,0,4-1-2-3,4-2-3-1,away,Anis Hadj Moussa,11,used_substitute,Attacker,6.3,71.0,
4653717,algeria-vs-switzerland,https://www.fotmob.com/matches/algeria-vs-switzerland/1ekwbo#4653717,Switzerland vs Algeria (2026-07-03T03:00:00.000Z),Switzerland,Algeria,2026-07-03T03:00:00.000Z,,,,Full time,2,0,4-1-2-3,4-2-3-1,away,Adil Boulbina,20,used_substitute,Attacker,,82.0,
4653717,algeria-vs-switzerland,https://www.fotmob.com/matches/algeria-vs-switzerland/1ekwbo#4653717,Switzerland vs Algeria (2026-07-03T03:00:00.000Z),Switzerland,Algeria,2026-07-03T03:00:00.000Z,,,,Full time,2,0,4-2-3-1,4-1-2-3,home,Marvin Keller,21,unused_bench,Keeper,,,
4653717,algeria-vs-switzerland,https://www.fotmob.com/matches/algeria-vs-switzerland/1ekwbo#4653717,Switzerland vs Algeria (2026-07-03T03:00:00.000Z),Switzerland,Algeria,2026-07-03T03:00:00.000Z,,,,Full time,2,0,4-1-2-3,4-2-3-1,away,Yvon Mvogo,12,unused_bench,Keeper,,,
4653717,algeria-vs-switzerland,https://www.fotmob.com/matches/algeria-vs-switzerland/1ekwbo#4653717,Switzerland vs Algeria (2026-07-03T03:00:00.000Z),Switzerland,Algeria,2026-07-03T03:00:00.000Z,,,,Full time,2,0,4-1-2-3,4-2-3-1,away,Aurèle Amenda,24,unused_bench,Defender,,,
4653717,algeria-vs-switzerland,https://www.fotmob.com/matches/algeria-vs-switzerland/1ekwbo#4653717,Switzerland vs Algeria (2026-07-03T03:00:00.000Z),Switzerland,Algeria,2026-07-03T03:00:00.000Z,,,,Full time,2,0,4-1-2-3,4-2-3-1,away,Eray Cömert,18,unused_bench,Defender,,,
4653717,algeria-vs-switzerland,https://www.fotmob.com/matches/algeria-vs-switzerland/1ekwbo#4653717,Switzerland vs Algeria (2026-07-03T03:00:00.000Z),Switzerland,Algeria,2026-07-03T03:00:00.000Z,,,,Full time,2,0,4-1-2-3,4-2-3-1,away,Ardon Jashari,14,unused_bench,Midfielder,,,
4653717,algeria-vs-switzerland,https://www.fotmob.com/matches/algeria-vs-switzerland/1ekwbo#4653717,Switzerland vs Algeria (2026-07-03T03:00:00.000Z),Switzerland,Algeria,2026-07-03T03:00:00.000Z,,,,Full time,2,0,4-1-2-3,4-2-3-1,away,Djibril Sow,15,unused_bench,Midfielder,,,
4653717,algeria-vs-switzerland,https://www.fotmob.com/matches/algeria-vs-switzerland/1ekwbo#4653717,Switzerland vs Algeria (2026-07-03T03:00:00.000Z),Switzerland,Algeria,2026-07-03T03:00:00.000Z,,,,Full time,2,0,4-1-2-3,4-2-3-1,away,Miro Muheim,2,unused_bench,Midfielder,,,
4653717,algeria-vs-switzerland,https://www.fotmob.com/matches/algeria-vs-switzerland/1ekwbo#4653717,Switzerland vs Algeria (2026-07-03T03:00:00.000Z),Switzerland,Algeria,2026-07-03T03:00:00.000Z,,,,Full time,2,0,4-1-2-3,4-2-3-1,away,Cedric Itten,26,unused_bench,Attacker,,,
4653717,algeria-vs-switzerland,https://www.fotmob.com/matches/algeria-vs-switzerland/1ekwbo#4653717,Switzerland vs Algeria (2026-07-03T03:00:00.000Z),Switzerland,Algeria,2026-07-03T03:00:00.000Z,,,,Full time,2,0,4-1-2-3,4-2-3-1,away,Christian Fassnacht,16,unused_bench,Attacker,,,
4653717,algeria-vs-switzerland,https://www.fotmob.com/matches/algeria-vs-switzerland/1ekwbo#4653717,Switzerland vs Algeria (2026-07-03T03:00:00.000Z),Switzerland,Algeria,2026-07-03T03:00:00.000Z,,,,Full time,2,0,4-1-2-3,4-2-3-1,away,Melvin Mastil,1,unused_bench,Keeper,,,
4653717,algeria-vs-switzerland,https://www.fotmob.com/matches/algeria-vs-switzerland/1ekwbo#4653717,Switzerland vs Algeria (2026-07-03T03:00:00.000Z),Switzerland,Algeria,2026-07-03T03:00:00.000Z,,,,Full time,2,0,4-1-2-3,4-2-3-1,away,Oussama Benbot,16,unused_bench,Keeper,,,
4653717,algeria-vs-switzerland,https://www.fotmob.com/matches/algeria-vs-switzerland/1ekwbo#4653717,Switzerland vs Algeria (2026-07-03T03:00:00.000Z),Switzerland,Algeria,2026-07-03T03:00:00.000Z,,,,Full time,2,0,4-1-2-3,4-2-3-1,away,Achref Abada,3,unused_bench,Defender,,,
4653717,algeria-vs-switzerland,https://www.fotmob.com/matches/algeria-vs-switzerland/1ekwbo#4653717,Switzerland vs Algeria (2026-07-03T03:00:00.000Z),Switzerland,Algeria,2026-07-03T03:00:00.000Z,,,,Full time,2,0,4-1-2-3,4-2-3-1,away,Mohamed Tougai,4,unused_bench,Defender,,,
4653717,algeria-vs-switzerland,https://www.fotmob.com/matches/algeria-vs-switzerland/1ekwbo#4653717,Switzerland vs Algeria (2026-07-03T03:00:00.000Z),Switzerland,Algeria,2026-07-03T03:00:00.000Z,,,,Full time,2,0,4-1-2-3,4-2-3-1,away,Samir Chergui,26,unused_bench,Defender,,,
4653717,algeria-vs-switzerland,https://www.fotmob.com/matches/algeria-vs-switzerland/1ekwbo#4653717,Switzerland vs Algeria (2026-07-03T03:00:00.000Z),Switzerland,Algeria,2026-07-03T03:00:00.000Z,,,,Full time,2,0,4-1-2-3,4-2-3-1,away,Zineddine Belaïd,5,unused_bench,Defender,,,
4653717,algeria-vs-switzerland,https://www.fotmob.com/matches/algeria-vs-switzerland/1ekwbo#4653717,Switzerland vs Algeria (2026-07-03T03:00:00.000Z),Switzerland,Algeria,2026-07-03T03:00:00.000Z,,,,Full time,2,0,4-1-2-3,4-2-3-1,away,Yacine Titraoui,24,unused_bench,Midfielder,,,
4653717,algeria-vs-switzerland,https://www.fotmob.com/matches/algeria-vs-switzerland/1ekwbo#4653717,Switzerland vs Algeria (2026-07-03T03:00:00.000Z),Switzerland,Algeria,2026-07-03T03:00:00.000Z,,,,Full time,2,0,4-1-2-3,4-2-3-1,away,Farès Ghedjemis,25,unused_bench,Attacker,,,
4653846,brazil-vs-norway,https://www.fotmob.com/matches/brazil-vs-norway/2bicve#4653846,Brazil vs Norway (2026-07-05T20:00:00.000Z),Brazil,Norway,2026-07-05T20:00:00.000Z,,New York New Jersey Stadium,Ismail Elfath,Full time,1,2,Brazil,Norway,home,Endrick,19,used_substitute,Attacker,5.7,58.0,
4653846,brazil-vs-norway,https://www.fotmob.com/matches/brazil-vs-norway/2bicve#4653846,Brazil vs Norway (2026-07-05T20:00:00.000Z),Brazil,Norway,2026-07-05T20:00:00.000Z,,New York New Jersey Stadium,Ismail Elfath,Full time,1,2,Brazil,Norway,home,Danilo,18,used_substitute,Midfielder,6.4,67.0,
4653846,brazil-vs-norway,https://www.fotmob.com/matches/brazil-vs-norway/2bicve#4653846,Brazil vs Norway (2026-07-05T20:00:00.000Z),Brazil,Norway,2026-07-05T20:00:00.000Z,,New York New Jersey Stadium,Ismail Elfath,Full time,1,2,Brazil,Norway,home,Neymar,10,used_substitute,Attacker,7.2,67.0,
4653846,brazil-vs-norway,https://www.fotmob.com/matches/brazil-vs-norway/2bicve#4653846,Brazil vs Norway (2026-07-05T20:00:00.000Z),Brazil,Norway,2026-07-05T20:00:00.000Z,,New York New Jersey Stadium,Ismail Elfath,Full time,1,2,Brazil,Norway,home,Éderson,2,used_substitute,Midfielder,5.7,79.0,
4653846,brazil-vs-norway,https://www.fotmob.com/matches/brazil-vs-norway/2bicve#4653846,Brazil vs Norway (2026-07-05T20:00:00.000Z),Brazil,Norway,2026-07-05T20:00:00.000Z,,New York New Jersey Stadium,Ismail Elfath,Full time,1,2,Norway,Brazil,away,Andreas Schjelderup,21,used_substitute,Attacker,8.3,46.0,
4653846,brazil-vs-norway,https://www.fotmob.com/matches/brazil-vs-norway/2bicve#4653846,Brazil vs Norway (2026-07-05T20:00:00.000Z),Brazil,Norway,2026-07-05T20:00:00.000Z,,New York New Jersey Stadium,Ismail Elfath,Full time,1,2,Norway,Brazil,away,Oscar Bobb,22,used_substitute,Attacker,7.0,46.0,
4653846,brazil-vs-norway,https://www.fotmob.com/matches/brazil-vs-norway/2bicve#4653846,Brazil vs Norway (2026-07-05T20:00:00.000Z),Brazil,Norway,2026-07-05T20:00:00.000Z,,New York New Jersey Stadium,Ismail Elfath,Full time,1,2,Norway,Brazil,away,Fredrik Aursnes,14,used_substitute,Midfielder,6.5,63.0,
4653846,brazil-vs-norway,https://www.fotmob.com/matches/brazil-vs-norway/2bicve#4653846,Brazil vs Norway (2026-07-05T20:00:00.000Z),Brazil,Norway,2026-07-05T20:00:00.000Z,,New York New Jersey Stadium,Ismail Elfath,Full time,1,2,Norway,Brazil,away,Leo Østigard,4,used_substitute,Defender,,90.0,
4653846,brazil-vs-norway,https://www.fotmob.com/matches/brazil-vs-norway/2bicve#4653846,Brazil vs Norway (2026-07-05T20:00:00.000Z),Brazil,Norway,2026-07-05T20:00:00.000Z,,New York New Jersey Stadium,Ismail Elfath,Full time,1,2,Brazil,Norway,home,Ederson,23,unused_bench,Keeper,,,
4653846,brazil-vs-norway,https://www.fotmob.com/matches/brazil-vs-norway/2bicve#4653846,Brazil vs Norway (2026-07-05T20:00:00.000Z),Brazil,Norway,2026-07-05T20:00:00.000Z,,New York New Jersey Stadium,Ismail Elfath,Full time,1,2,Norway,Brazil,away,Weverton,12,unused_bench,Keeper,,,
4653846,brazil-vs-norway,https://www.fotmob.com/matches/brazil-vs-norway/2bicve#4653846,Brazil vs Norway (2026-07-05T20:00:00.000Z),Brazil,Norway,2026-07-05T20:00:00.000Z,,New York New Jersey Stadium,Ismail Elfath,Full time,1,2,Norway,Brazil,away,Alex Sandro,6,unused_bench,Defender,,,
4653846,brazil-vs-norway,https://www.fotmob.com/matches/brazil-vs-norway/2bicve#4653846,Brazil vs Norway (2026-07-05T20:00:00.000Z),Brazil,Norway,2026-07-05T20:00:00.000Z,,New York New Jersey Stadium,Ismail Elfath,Full time,1,2,Norway,Brazil,away,Gleison Bremer,14,unused_bench,Defender,,,
4653846,brazil-vs-norway,https://www.fotmob.com/matches/brazil-vs-norway/2bicve#4653846,Brazil vs Norway (2026-07-05T20:00:00.000Z),Brazil,Norway,2026-07-05T20:00:00.000Z,,New York New Jersey Stadium,Ismail Elfath,Full time,1,2,Norway,Brazil,away,Léo Pereira,15,unused_bench,Defender,,,
4653846,brazil-vs-norway,https://www.fotmob.com/matches/brazil-vs-norway/2bicve#4653846,Brazil vs Norway (2026-07-05T20:00:00.000Z),Brazil,Norway,2026-07-05T20:00:00.000Z,,New York New Jersey Stadium,Ismail Elfath,Full time,1,2,Norway,Brazil,away,Roger Ibañez,24,unused_bench,Defender,,,
4653846,brazil-vs-norway,https://www.fotmob.com/matches/brazil-vs-norway/2bicve#4653846,Brazil vs Norway (2026-07-05T20:00:00.000Z),Brazil,Norway,2026-07-05T20:00:00.000Z,,New York New Jersey Stadium,Ismail Elfath,Full time,1,2,Norway,Brazil,away,Fabinho,17,unused_bench,Midfielder,,,
4653846,brazil-vs-norway,https://www.fotmob.com/matches/brazil-vs-norway/2bicve#4653846,Brazil vs Norway (2026-07-05T20:00:00.000Z),Brazil,Norway,2026-07-05T20:00:00.000Z,,New York New Jersey Stadium,Ismail Elfath,Full time,1,2,Norway,Brazil,away,Igor Thiago,25,unused_bench,Attacker,,,
4653846,brazil-vs-norway,https://www.fotmob.com/matches/brazil-vs-norway/2bicve#4653846,Brazil vs Norway (2026-07-05T20:00:00.000Z),Brazil,Norway,2026-07-05T20:00:00.000Z,,New York New Jersey Stadium,Ismail Elfath,Full time,1,2,Norway,Brazil,away,Luiz Henrique,21,unused_bench,Attacker,,,
4653846,brazil-vs-norway,https://www.fotmob.com/matches/brazil-vs-norway/2bicve#4653846,Brazil vs Norway (2026-07-05T20:00:00.000Z),Brazil,Norway,2026-07-05T20:00:00.000Z,,New York New Jersey Stadium,Ismail Elfath,Full time,1,2,Norway,Brazil,away,Raphinha,11,unused_bench,Attacker,,,
4653846,brazil-vs-norway,https://www.fotmob.com/matches/brazil-vs-norway/2bicve#4653846,Brazil vs Norway (2026-07-05T20:00:00.000Z),Brazil,Norway,2026-07-05T20:00:00.000Z,,New York New Jersey Stadium,Ismail Elfath,Full time,1,2,Norway,Brazil,away,Egil Selvik,13,unused_bench,Keeper,,,
4653846,brazil-vs-norway,https://www.fotmob.com/matches/brazil-vs-norway/2bicve#4653846,Brazil vs Norway (2026-07-05T20:00:00.000Z),Brazil,Norway,2026-07-05T20:00:00.000Z,,New York New Jersey Stadium,Ismail Elfath,Full time,1,2,Norway,Brazil,away,Sander Tangvik,12,unused_bench,Keeper,,,
4653846,brazil-vs-norway,https://www.fotmob.com/matches/brazil-vs-norway/2bicve#4653846,Brazil vs Norway (2026-07-05T20:00:00.000Z),Brazil,Norway,2026-07-05T20:00:00.000Z,,New York New Jersey Stadium,Ismail Elfath,Full time,1,2,Norway,Brazil,away,Fredrik André Bjørkan,15,unused_bench,Defender,,,
4653846,brazil-vs-norway,https://www.fotmob.com/matches/brazil-vs-norway/2bicve#4653846,Brazil vs Norway (2026-07-05T20:00:00.000Z),Brazil,Norway,2026-07-05T20:00:00.000Z,,New York New Jersey Stadium,Ismail Elfath,Full time,1,2,Norway,Brazil,away,Henrik Falchener,25,unused_bench,Defender,,,
4653846,brazil-vs-norway,https://www.fotmob.com/matches/brazil-vs-norway/2bicve#4653846,Brazil vs Norway (2026-07-05T20:00:00.000Z),Brazil,Norway,2026-07-05T20:00:00.000Z,,New York New Jersey Stadium,Ismail Elfath,Full time,1,2,Norway,Brazil,away,Sondre Klingen Langås,24,unused_bench,Defender,,,
4653846,brazil-vs-norway,https://www.fotmob.com/matches/brazil-vs-norway/2bicve#4653846,Brazil vs Norway (2026-07-05T20:00:00.000Z),Brazil,Norway,2026-07-05T20:00:00.000Z,,New York New Jersey Stadium,Ismail Elfath,Full time,1,2,Norway,Brazil,away,Kristian Thorstvedt,18,unused_bench,Midfielder,,,
4653846,brazil-vs-norway,https://www.fotmob.com/matches/brazil-vs-norway/2bicve#4653846,Brazil vs Norway (2026-07-05T20:00:00.000Z),Brazil,Norway,2026-07-05T20:00:00.000Z,,New York New Jersey Stadium,Ismail Elfath,Full time,1,2,Norway,Brazil,away,Morten Thorsby,2,unused_bench,Midfielder,,,
4653846,brazil-vs-norway,https://www.fotmob.com/matches/brazil-vs-norway/2bicve#4653846,Brazil vs Norway (2026-07-05T20:00:00.000Z),Brazil,Norway,2026-07-05T20:00:00.000Z,,New York New Jersey Stadium,Ismail Elfath,Full time,1,2,Norway,Brazil,away,Thelo Aasgaard,19,unused_bench,Midfielder,,,
4653846,brazil-vs-norway,https://www.fotmob.com/matches/brazil-vs-norway/2bicve#4653846,Brazil vs Norway (2026-07-05T20:00:00.000Z),Brazil,Norway,2026-07-05T20:00:00.000Z,,New York New Jersey Stadium,Ismail Elfath,Full time,1,2,Norway,Brazil,away,Jens Petter Hauge,23,unused_bench,Attacker,,,
4653846,brazil-vs-norway,https://www.fotmob.com/matches/brazil-vs-norway/2bicve#4653846,Brazil vs Norway (2026-07-05T20:00:00.000Z),Brazil,Norway,2026-07-05T20:00:00.000Z,,New York New Jersey Stadium,Ismail Elfath,Full time,1,2,Norway,Brazil,away,Jørgen Strand Larsen,11,unused_bench,Attacker,,,
4653847,mexico-vs-england,https://www.fotmob.com/matches/mexico-vs-england/1wsny4#4653847,Mexico vs England (2026-07-06T01:00:00.000Z),Mexico,England,2026-07-06T01:00:00.000Z,,Mexico City Stadium,Alireza Faghani,Full time,2,3,Mexico,England,home,Edson Álvarez,4,used_substitute,Midfielder,7.2,46.0,
4653847,mexico-vs-england,https://www.fotmob.com/matches/mexico-vs-england/1wsny4#4653847,Mexico vs England (2026-07-06T01:00:00.000Z),Mexico,England,2026-07-06T01:00:00.000Z,,Mexico City Stadium,Alireza Faghani,Full time,2,3,Mexico,England,home,Brian Gutiérrez,26,used_substitute,Midfielder,6.7,61.0,
4653847,mexico-vs-england,https://www.fotmob.com/matches/mexico-vs-england/1wsny4#4653847,Mexico vs England (2026-07-06T01:00:00.000Z),Mexico,England,2026-07-06T01:00:00.000Z,,Mexico City Stadium,Alireza Faghani,Full time,2,3,Mexico,England,home,Santiago Giménez,11,used_substitute,Attacker,5.7,61.0,
4653847,mexico-vs-england,https://www.fotmob.com/matches/mexico-vs-england/1wsny4#4653847,Mexico vs England (2026-07-06T01:00:00.000Z),Mexico,England,2026-07-06T01:00:00.000Z,,Mexico City Stadium,Alireza Faghani,Full time,2,3,Mexico,England,home,Álvaro Fidalgo,8,used_substitute,Midfielder,6.7,79.0,
4653847,mexico-vs-england,https://www.fotmob.com/matches/mexico-vs-england/1wsny4#4653847,Mexico vs England (2026-07-06T01:00:00.000Z),Mexico,England,2026-07-06T01:00:00.000Z,,Mexico City Stadium,Alireza Faghani,Full time,2,3,Mexico,England,home,Guillermo Martínez,22,used_substitute,Attacker,,81.0,
4653847,mexico-vs-england,https://www.fotmob.com/matches/mexico-vs-england/1wsny4#4653847,Mexico vs England (2026-07-06T01:00:00.000Z),Mexico,England,2026-07-06T01:00:00.000Z,,Mexico City Stadium,Alireza Faghani,Full time,2,3,England,Mexico,away,John Stones,5,used_substitute,Defender,6.4,57.0,
4653847,mexico-vs-england,https://www.fotmob.com/matches/mexico-vs-england/1wsny4#4653847,Mexico vs England (2026-07-06T01:00:00.000Z),Mexico,England,2026-07-06T01:00:00.000Z,,Mexico City Stadium,Alireza Faghani,Full time,2,3,England,Mexico,away,Daniel Burn,15,used_substitute,Defender,6.4,75.0,
4653847,mexico-vs-england,https://www.fotmob.com/matches/mexico-vs-england/1wsny4#4653847,Mexico vs England (2026-07-06T01:00:00.000Z),Mexico,England,2026-07-06T01:00:00.000Z,,Mexico City Stadium,Alireza Faghani,Full time,2,3,England,Mexico,away,Djed Spence,25,used_substitute,Defender,6.4,75.0,
4653847,mexico-vs-england,https://www.fotmob.com/matches/mexico-vs-england/1wsny4#4653847,Mexico vs England (2026-07-06T01:00:00.000Z),Mexico,England,2026-07-06T01:00:00.000Z,,Mexico City Stadium,Alireza Faghani,Full time,2,3,England,Mexico,away,Morgan Rogers,17,used_substitute,Midfielder,,90.0,
4653847,mexico-vs-england,https://www.fotmob.com/matches/mexico-vs-england/1wsny4#4653847,Mexico vs England (2026-07-06T01:00:00.000Z),Mexico,England,2026-07-06T01:00:00.000Z,,Mexico City Stadium,Alireza Faghani,Full time,2,3,Mexico,England,home,Carlos Acevedo,12,unused_bench,Keeper,,,
4653847,mexico-vs-england,https://www.fotmob.com/matches/mexico-vs-england/1wsny4#4653847,Mexico vs England (2026-07-06T01:00:00.000Z),Mexico,England,2026-07-06T01:00:00.000Z,,Mexico City Stadium,Alireza Faghani,Full time,2,3,England,Mexico,away,Guillermo Ochoa,13,unused_bench,Keeper,,,
4653847,mexico-vs-england,https://www.fotmob.com/matches/mexico-vs-england/1wsny4#4653847,Mexico vs England (2026-07-06T01:00:00.000Z),Mexico,England,2026-07-06T01:00:00.000Z,,Mexico City Stadium,Alireza Faghani,Full time,2,3,England,Mexico,away,Israel Reyes,15,unused_bench,Defender,,,
4653847,mexico-vs-england,https://www.fotmob.com/matches/mexico-vs-england/1wsny4#4653847,Mexico vs England (2026-07-06T01:00:00.000Z),Mexico,England,2026-07-06T01:00:00.000Z,,Mexico City Stadium,Alireza Faghani,Full time,2,3,England,Mexico,away,Mateo Chávez,20,unused_bench,Defender,,,
4653847,mexico-vs-england,https://www.fotmob.com/matches/mexico-vs-england/1wsny4#4653847,Mexico vs England (2026-07-06T01:00:00.000Z),Mexico,England,2026-07-06T01:00:00.000Z,,Mexico City Stadium,Alireza Faghani,Full time,2,3,England,Mexico,away,Luis Chávez,24,unused_bench,Midfielder,,,
4653847,mexico-vs-england,https://www.fotmob.com/matches/mexico-vs-england/1wsny4#4653847,Mexico vs England (2026-07-06T01:00:00.000Z),Mexico,England,2026-07-06T01:00:00.000Z,,Mexico City Stadium,Alireza Faghani,Full time,2,3,England,Mexico,away,Obed Vargas,18,unused_bench,Midfielder,,,
4653847,mexico-vs-england,https://www.fotmob.com/matches/mexico-vs-england/1wsny4#4653847,Mexico vs England (2026-07-06T01:00:00.000Z),Mexico,England,2026-07-06T01:00:00.000Z,,Mexico City Stadium,Alireza Faghani,Full time,2,3,England,Mexico,away,Orbelín Pineda,17,unused_bench,Midfielder,,,
4653847,mexico-vs-england,https://www.fotmob.com/matches/mexico-vs-england/1wsny4#4653847,Mexico vs England (2026-07-06T01:00:00.000Z),Mexico,England,2026-07-06T01:00:00.000Z,,Mexico City Stadium,Alireza Faghani,Full time,2,3,England,Mexico,away,Alexis Vega,10,unused_bench,Attacker,,,
4653847,mexico-vs-england,https://www.fotmob.com/matches/mexico-vs-england/1wsny4#4653847,Mexico vs England (2026-07-06T01:00:00.000Z),Mexico,England,2026-07-06T01:00:00.000Z,,Mexico City Stadium,Alireza Faghani,Full time,2,3,England,Mexico,away,Armando González,14,unused_bench,Attacker,,,
4653847,mexico-vs-england,https://www.fotmob.com/matches/mexico-vs-england/1wsny4#4653847,Mexico vs England (2026-07-06T01:00:00.000Z),Mexico,England,2026-07-06T01:00:00.000Z,,Mexico City Stadium,Alireza Faghani,Full time,2,3,England,Mexico,away,César Huerta,21,unused_bench,Attacker,,,
4653847,mexico-vs-england,https://www.fotmob.com/matches/mexico-vs-england/1wsny4#4653847,Mexico vs England (2026-07-06T01:00:00.000Z),Mexico,England,2026-07-06T01:00:00.000Z,,Mexico City Stadium,Alireza Faghani,Full time,2,3,England,Mexico,away,Dean Henderson,13,unused_bench,Keeper,,,
4653847,mexico-vs-england,https://www.fotmob.com/matches/mexico-vs-england/1wsny4#4653847,Mexico vs England (2026-07-06T01:00:00.000Z),Mexico,England,2026-07-06T01:00:00.000Z,,Mexico City Stadium,Alireza Faghani,Full time,2,3,England,Mexico,away,James Trafford,23,unused_bench,Keeper,,,
4653847,mexico-vs-england,https://www.fotmob.com/matches/mexico-vs-england/1wsny4#4653847,Mexico vs England (2026-07-06T01:00:00.000Z),Mexico,England,2026-07-06T01:00:00.000Z,,Mexico City Stadium,Alireza Faghani,Full time,2,3,England,Mexico,away,Reece James,24,unused_bench,Defender,,,
4653847,mexico-vs-england,https://www.fotmob.com/matches/mexico-vs-england/1wsny4#4653847,Mexico vs England (2026-07-06T01:00:00.000Z),Mexico,England,2026-07-06T01:00:00.000Z,,Mexico City Stadium,Alireza Faghani,Full time,2,3,England,Mexico,away,Trevoh Chalobah,12,unused_bench,Defender,,,
4653847,mexico-vs-england,https://www.fotmob.com/matches/mexico-vs-england/1wsny4#4653847,Mexico vs England (2026-07-06T01:00:00.000Z),Mexico,England,2026-07-06T01:00:00.000Z,,Mexico City Stadium,Alireza Faghani,Full time,2,3,England,Mexico,away,Eberechi Eze,21,unused_bench,Midfielder,,,
4653847,mexico-vs-england,https://www.fotmob.com/matches/mexico-vs-england/1wsny4#4653847,Mexico vs England (2026-07-06T01:00:00.000Z),Mexico,England,2026-07-06T01:00:00.000Z,,Mexico City Stadium,Alireza Faghani,Full time,2,3,England,Mexico,away,Jordan Henderson,14,unused_bench,Midfielder,,,
4653847,mexico-vs-england,https://www.fotmob.com/matches/mexico-vs-england/1wsny4#4653847,Mexico vs England (2026-07-06T01:00:00.000Z),Mexico,England,2026-07-06T01:00:00.000Z,,Mexico City Stadium,Alireza Faghani,Full time,2,3,England,Mexico,away,Kobbie Mainoo,16,unused_bench,Midfielder,,,
4653847,mexico-vs-england,https://www.fotmob.com/matches/mexico-vs-england/1wsny4#4653847,Mexico vs England (2026-07-06T01:00:00.000Z),Mexico,England,2026-07-06T01:00:00.000Z,,Mexico City Stadium,Alireza Faghani,Full time,2,3,England,Mexico,away,Ivan Toney,22,unused_bench,Attacker,,,
4653847,mexico-vs-england,https://www.fotmob.com/matches/mexico-vs-england/1wsny4#4653847,Mexico vs England (2026-07-06T01:00:00.000Z),Mexico,England,2026-07-06T01:00:00.000Z,,Mexico City Stadium,Alireza Faghani,Full time,2,3,England,Mexico,away,Marcus Rashford,11,unused_bench,Attacker,,,
4653847,mexico-vs-england,https://www.fotmob.com/matches/mexico-vs-england/1wsny4#4653847,Mexico vs England (2026-07-06T01:00:00.000Z),Mexico,England,2026-07-06T01:00:00.000Z,,Mexico City Stadium,Alireza Faghani,Full time,2,3,England,Mexico,away,Noni Madueke,20,unused_bench,Attacker,,,
4653847,mexico-vs-england,https://www.fotmob.com/matches/mexico-vs-england/1wsny4#4653847,Mexico vs England (2026-07-06T01:00:00.000Z),Mexico,England,2026-07-06T01:00:00.000Z,,Mexico City Stadium,Alireza Faghani,Full time,2,3,England,Mexico,away,Ollie Watkins,19,unused_bench,Attacker,,,
4653844,spain-vs-portugal,https://www.fotmob.com/matches/spain-vs-portugal/1vppuu#4653844,Portugal vs Spain (2026-07-06T19:00:00.000Z),Portugal,Spain,2026-07-06T19:00:00.000Z,,Dallas Stadium,Anthony Taylor,Full time,0,1,Portugal,Spain,home,Nélson Semedo,2,used_substitute,Defender,6.0,56.0,
4653844,spain-vs-portugal,https://www.fotmob.com/matches/spain-vs-portugal/1vppuu#4653844,Portugal vs Spain (2026-07-06T19:00:00.000Z),Portugal,Spain,2026-07-06T19:00:00.000Z,,Dallas Stadium,Anthony Taylor,Full time,0,1,Portugal,Spain,home,Diogo Dalot,5,used_substitute,Defender,6.2,71.0,
4653844,spain-vs-portugal,https://www.fotmob.com/matches/spain-vs-portugal/1vppuu#4653844,Portugal vs Spain (2026-07-06T19:00:00.000Z),Portugal,Spain,2026-07-06T19:00:00.000Z,,Dallas Stadium,Anthony Taylor,Full time,0,1,Portugal,Spain,home,Rafael Leão,17,used_substitute,Attacker,6.5,71.0,
4653844,spain-vs-portugal,https://www.fotmob.com/matches/spain-vs-portugal/1vppuu#4653844,Portugal vs Spain (2026-07-06T19:00:00.000Z),Portugal,Spain,2026-07-06T19:00:00.000Z,,Dallas Stadium,Anthony Taylor,Full time,0,1,Portugal,Spain,home,Bernardo Silva,10,used_substitute,Midfielder,,83.0,
4653844,spain-vs-portugal,https://www.fotmob.com/matches/spain-vs-portugal/1vppuu#4653844,Portugal vs Spain (2026-07-06T19:00:00.000Z),Portugal,Spain,2026-07-06T19:00:00.000Z,,Dallas Stadium,Anthony Taylor,Full time,0,1,Portugal,Spain,home,Francisco Conceição,26,used_substitute,Midfielder,,83.0,
4653844,spain-vs-portugal,https://www.fotmob.com/matches/spain-vs-portugal/1vppuu#4653844,Portugal vs Spain (2026-07-06T19:00:00.000Z),Portugal,Spain,2026-07-06T19:00:00.000Z,,Dallas Stadium,Anthony Taylor,Full time,0,1,Spain,Portugal,away,Ferran Torres,7,used_substitute,Attacker,6.7,75.0,
4653844,spain-vs-portugal,https://www.fotmob.com/matches/spain-vs-portugal/1vppuu#4653844,Portugal vs Spain (2026-07-06T19:00:00.000Z),Portugal,Spain,2026-07-06T19:00:00.000Z,,Dallas Stadium,Anthony Taylor,Full time,0,1,Spain,Portugal,away,Fabián Ruiz,8,used_substitute,Midfielder,,85.0,
4653844,spain-vs-portugal,https://www.fotmob.com/matches/spain-vs-portugal/1vppuu#4653844,Portugal vs Spain (2026-07-06T19:00:00.000Z),Portugal,Spain,2026-07-06T19:00:00.000Z,,Dallas Stadium,Anthony Taylor,Full time,0,1,Spain,Portugal,away,Mikel Merino,6,used_substitute,Midfielder,,85.0,
4653844,spain-vs-portugal,https://www.fotmob.com/matches/spain-vs-portugal/1vppuu#4653844,Portugal vs Spain (2026-07-06T19:00:00.000Z),Portugal,Spain,2026-07-06T19:00:00.000Z,,Dallas Stadium,Anthony Taylor,Full time,0,1,Spain,Portugal,away,Borja Iglesias,26,used_substitute,Attacker,,90.0,
4653844,spain-vs-portugal,https://www.fotmob.com/matches/spain-vs-portugal/1vppuu#4653844,Portugal vs Spain (2026-07-06T19:00:00.000Z),Portugal,Spain,2026-07-06T19:00:00.000Z,,Dallas Stadium,Anthony Taylor,Full time,0,1,Portugal,Spain,home,José Sá,12,unused_bench,Keeper,,,
4653844,spain-vs-portugal,https://www.fotmob.com/matches/spain-vs-portugal/1vppuu#4653844,Portugal vs Spain (2026-07-06T19:00:00.000Z),Portugal,Spain,2026-07-06T19:00:00.000Z,,Dallas Stadium,Anthony Taylor,Full time,0,1,Spain,Portugal,away,Rui Silva,22,unused_bench,Keeper,,,
4653844,spain-vs-portugal,https://www.fotmob.com/matches/spain-vs-portugal/1vppuu#4653844,Portugal vs Spain (2026-07-06T19:00:00.000Z),Portugal,Spain,2026-07-06T19:00:00.000Z,,Dallas Stadium,Anthony Taylor,Full time,0,1,Spain,Portugal,away,Gonçalo Inácio,14,unused_bench,Defender,,,
4653844,spain-vs-portugal,https://www.fotmob.com/matches/spain-vs-portugal/1vppuu#4653844,Portugal vs Spain (2026-07-06T19:00:00.000Z),Portugal,Spain,2026-07-06T19:00:00.000Z,,Dallas Stadium,Anthony Taylor,Full time,0,1,Spain,Portugal,away,Matheus Nunes,6,unused_bench,Defender,,,
4653844,spain-vs-portugal,https://www.fotmob.com/matches/spain-vs-portugal/1vppuu#4653844,Portugal vs Spain (2026-07-06T19:00:00.000Z),Portugal,Spain,2026-07-06T19:00:00.000Z,,Dallas Stadium,Anthony Taylor,Full time,0,1,Spain,Portugal,away,Tomás Araújo,4,unused_bench,Defender,,,
4653844,spain-vs-portugal,https://www.fotmob.com/matches/spain-vs-portugal/1vppuu#4653844,Portugal vs Spain (2026-07-06T19:00:00.000Z),Portugal,Spain,2026-07-06T19:00:00.000Z,,Dallas Stadium,Anthony Taylor,Full time,0,1,Spain,Portugal,away,Rúben Neves,21,unused_bench,Midfielder,,,
4653844,spain-vs-portugal,https://www.fotmob.com/matches/spain-vs-portugal/1vppuu#4653844,Portugal vs Spain (2026-07-06T19:00:00.000Z),Portugal,Spain,2026-07-06T19:00:00.000Z,,Dallas Stadium,Anthony Taylor,Full time,0,1,Spain,Portugal,away,Samú,24,unused_bench,Midfielder,,,
4653844,spain-vs-portugal,https://www.fotmob.com/matches/spain-vs-portugal/1vppuu#4653844,Portugal vs Spain (2026-07-06T19:00:00.000Z),Portugal,Spain,2026-07-06T19:00:00.000Z,,Dallas Stadium,Anthony Taylor,Full time,0,1,Spain,Portugal,away,Trincão,16,unused_bench,Midfielder,,,
4653844,spain-vs-portugal,https://www.fotmob.com/matches/spain-vs-portugal/1vppuu#4653844,Portugal vs Spain (2026-07-06T19:00:00.000Z),Portugal,Spain,2026-07-06T19:00:00.000Z,,Dallas Stadium,Anthony Taylor,Full time,0,1,Spain,Portugal,away,Gonçalo Guedes,19,unused_bench,Attacker,,,
4653844,spain-vs-portugal,https://www.fotmob.com/matches/spain-vs-portugal/1vppuu#4653844,Portugal vs Spain (2026-07-06T19:00:00.000Z),Portugal,Spain,2026-07-06T19:00:00.000Z,,Dallas Stadium,Anthony Taylor,Full time,0,1,Spain,Portugal,away,Gonçalo Ramos,9,unused_bench,Attacker,,,
4653844,spain-vs-portugal,https://www.fotmob.com/matches/spain-vs-portugal/1vppuu#4653844,Portugal vs Spain (2026-07-06T19:00:00.000Z),Portugal,Spain,2026-07-06T19:00:00.000Z,,Dallas Stadium,Anthony Taylor,Full time,0,1,Spain,Portugal,away,David Raya,1,unused_bench,Keeper,,,
4653844,spain-vs-portugal,https://www.fotmob.com/matches/spain-vs-portugal/1vppuu#4653844,Portugal vs Spain (2026-07-06T19:00:00.000Z),Portugal,Spain,2026-07-06T19:00:00.000Z,,Dallas Stadium,Anthony Taylor,Full time,0,1,Spain,Portugal,away,Joan García,13,unused_bench,Keeper,,,
4653844,spain-vs-portugal,https://www.fotmob.com/matches/spain-vs-portugal/1vppuu#4653844,Portugal vs Spain (2026-07-06T19:00:00.000Z),Portugal,Spain,2026-07-06T19:00:00.000Z,,Dallas Stadium,Anthony Taylor,Full time,0,1,Spain,Portugal,away,Eric García,4,unused_bench,Defender,,,
4653844,spain-vs-portugal,https://www.fotmob.com/matches/spain-vs-portugal/1vppuu#4653844,Portugal vs Spain (2026-07-06T19:00:00.000Z),Portugal,Spain,2026-07-06T19:00:00.000Z,,Dallas Stadium,Anthony Taylor,Full time,0,1,Spain,Portugal,away,Marc Pubill,2,unused_bench,Defender,,,
4653844,spain-vs-portugal,https://www.fotmob.com/matches/spain-vs-portugal/1vppuu#4653844,Portugal vs Spain (2026-07-06T19:00:00.000Z),Portugal,Spain,2026-07-06T19:00:00.000Z,,Dallas Stadium,Anthony Taylor,Full time,0,1,Spain,Portugal,away,Marcos Llorente,5,unused_bench,Defender,,,
4653844,spain-vs-portugal,https://www.fotmob.com/matches/spain-vs-portugal/1vppuu#4653844,Portugal vs Spain (2026-07-06T19:00:00.000Z),Portugal,Spain,2026-07-06T19:00:00.000Z,,Dallas Stadium,Anthony Taylor,Full time,0,1,Spain,Portugal,away,Alejandro Grimaldo,3,unused_bench,Midfielder,,,
4653844,spain-vs-portugal,https://www.fotmob.com/matches/spain-vs-portugal/1vppuu#4653844,Portugal vs Spain (2026-07-06T19:00:00.000Z),Portugal,Spain,2026-07-06T19:00:00.000Z,,Dallas Stadium,Anthony Taylor,Full time,0,1,Spain,Portugal,away,Gavi,9,unused_bench,Midfielder,,,
4653844,spain-vs-portugal,https://www.fotmob.com/matches/spain-vs-portugal/1vppuu#4653844,Portugal vs Spain (2026-07-06T19:00:00.000Z),Portugal,Spain,2026-07-06T19:00:00.000Z,,Dallas Stadium,Anthony Taylor,Full time,0,1,Spain,Portugal,away,Martín Zubimendi,18,unused_bench,Midfielder,,,
4653844,spain-vs-portugal,https://www.fotmob.com/matches/spain-vs-portugal/1vppuu#4653844,Portugal vs Spain (2026-07-06T19:00:00.000Z),Portugal,Spain,2026-07-06T19:00:00.000Z,,Dallas Stadium,Anthony Taylor,Full time,0,1,Spain,Portugal,away,Yéremi Pino,11,unused_bench,Midfielder,,,
4653844,spain-vs-portugal,https://www.fotmob.com/matches/spain-vs-portugal/1vppuu#4653844,Portugal vs Spain (2026-07-06T19:00:00.000Z),Portugal,Spain,2026-07-06T19:00:00.000Z,,Dallas Stadium,Anthony Taylor,Full time,0,1,Spain,Portugal,away,Nico Williams,17,unused_bench,Attacker,,,
4653844,spain-vs-portugal,https://www.fotmob.com/matches/spain-vs-portugal/1vppuu#4653844,Portugal vs Spain (2026-07-06T19:00:00.000Z),Portugal,Spain,2026-07-06T19:00:00.000Z,,Dallas Stadium,Anthony Taylor,Full time,0,1,Spain,Portugal,away,Víctor Muñoz,25,unused_bench,Attacker,,,
4653845,usa-vs-belgium,https://www.fotmob.com/matches/usa-vs-belgium/1urw5j#4653845,USA vs Belgium (2026-07-07T00:00:00.000Z),USA,Belgium,2026-07-07T00:00:00.000Z,,Seattle Stadium,Adham Mohammad Tumah Makhadmeh,Full time,1,4,USA,Belgium,home,Giovanni Reyna,7,used_substitute,Midfielder,6.9,46.0,
4653845,usa-vs-belgium,https://www.fotmob.com/matches/usa-vs-belgium/1urw5j#4653845,USA vs Belgium (2026-07-07T00:00:00.000Z),USA,Belgium,2026-07-07T00:00:00.000Z,,Seattle Stadium,Adham Mohammad Tumah Makhadmeh,Full time,1,4,USA,Belgium,home,Sebastian Berhalter,14,used_substitute,Midfielder,6.5,59.0,
4653845,usa-vs-belgium,https://www.fotmob.com/matches/usa-vs-belgium/1urw5j#4653845,USA vs Belgium (2026-07-07T00:00:00.000Z),USA,Belgium,2026-07-07T00:00:00.000Z,,Seattle Stadium,Adham Mohammad Tumah Makhadmeh,Full time,1,4,USA,Belgium,home,Ricardo Pepi,9,used_substitute,Attacker,6.4,72.0,
4653845,usa-vs-belgium,https://www.fotmob.com/matches/usa-vs-belgium/1urw5j#4653845,USA vs Belgium (2026-07-07T00:00:00.000Z),USA,Belgium,2026-07-07T00:00:00.000Z,,Seattle Stadium,Adham Mohammad Tumah Makhadmeh,Full time,1,4,USA,Belgium,home,Max Arfsten,18,used_substitute,Midfielder,,90.0,
4653845,usa-vs-belgium,https://www.fotmob.com/matches/usa-vs-belgium/1urw5j#4653845,USA vs Belgium (2026-07-07T00:00:00.000Z),USA,Belgium,2026-07-07T00:00:00.000Z,,Seattle Stadium,Adham Mohammad Tumah Makhadmeh,Full time,1,4,USA,Belgium,home,Haji Wright,19,used_substitute,Attacker,,90.0,
4653845,usa-vs-belgium,https://www.fotmob.com/matches/usa-vs-belgium/1urw5j#4653845,USA vs Belgium (2026-07-07T00:00:00.000Z),USA,Belgium,2026-07-07T00:00:00.000Z,,Seattle Stadium,Adham Mohammad Tumah Makhadmeh,Full time,1,4,Belgium,USA,away,Hans Vanaken,20,used_substitute,Midfielder,8.4,21.0,
4653845,usa-vs-belgium,https://www.fotmob.com/matches/usa-vs-belgium/1urw5j#4653845,USA vs Belgium (2026-07-07T00:00:00.000Z),USA,Belgium,2026-07-07T00:00:00.000Z,,Seattle Stadium,Adham Mohammad Tumah Makhadmeh,Full time,1,4,Belgium,USA,away,Jérémy Doku,11,used_substitute,Attacker,6.5,67.0,
4653845,usa-vs-belgium,https://www.fotmob.com/matches/usa-vs-belgium/1urw5j#4653845,USA vs Belgium (2026-07-07T00:00:00.000Z),USA,Belgium,2026-07-07T00:00:00.000Z,,Seattle Stadium,Adham Mohammad Tumah Makhadmeh,Full time,1,4,Belgium,USA,away,Romelu Lukaku,9,used_substitute,Attacker,7.0,67.0,
4653845,usa-vs-belgium,https://www.fotmob.com/matches/usa-vs-belgium/1urw5j#4653845,USA vs Belgium (2026-07-07T00:00:00.000Z),USA,Belgium,2026-07-07T00:00:00.000Z,,Seattle Stadium,Adham Mohammad Tumah Makhadmeh,Full time,1,4,Belgium,USA,away,Alexis Saelemaekers,22,used_substitute,Midfielder,,89.0,
4653845,usa-vs-belgium,https://www.fotmob.com/matches/usa-vs-belgium/1urw5j#4653845,USA vs Belgium (2026-07-07T00:00:00.000Z),USA,Belgium,2026-07-07T00:00:00.000Z,,Seattle Stadium,Adham Mohammad Tumah Makhadmeh,Full time,1,4,Belgium,USA,away,Axel Witsel,6,used_substitute,Midfielder,,89.0,
4653845,usa-vs-belgium,https://www.fotmob.com/matches/usa-vs-belgium/1urw5j#4653845,USA vs Belgium (2026-07-07T00:00:00.000Z),USA,Belgium,2026-07-07T00:00:00.000Z,,Seattle Stadium,Adham Mohammad Tumah Makhadmeh,Full time,1,4,USA,Belgium,home,Chris Brady,25,unused_bench,Keeper,,,
4653845,usa-vs-belgium,https://www.fotmob.com/matches/usa-vs-belgium/1urw5j#4653845,USA vs Belgium (2026-07-07T00:00:00.000Z),USA,Belgium,2026-07-07T00:00:00.000Z,,Seattle Stadium,Adham Mohammad Tumah Makhadmeh,Full time,1,4,Belgium,USA,away,Matt Turner,1,unused_bench,Keeper,,,
4653845,usa-vs-belgium,https://www.fotmob.com/matches/usa-vs-belgium/1urw5j#4653845,USA vs Belgium (2026-07-07T00:00:00.000Z),USA,Belgium,2026-07-07T00:00:00.000Z,,Seattle Stadium,Adham Mohammad Tumah Makhadmeh,Full time,1,4,Belgium,USA,away,Auston Trusty,6,unused_bench,Defender,,,
4653845,usa-vs-belgium,https://www.fotmob.com/matches/usa-vs-belgium/1urw5j#4653845,USA vs Belgium (2026-07-07T00:00:00.000Z),USA,Belgium,2026-07-07T00:00:00.000Z,,Seattle Stadium,Adham Mohammad Tumah Makhadmeh,Full time,1,4,Belgium,USA,away,Joseph Scally,23,unused_bench,Defender,,,
4653845,usa-vs-belgium,https://www.fotmob.com/matches/usa-vs-belgium/1urw5j#4653845,USA vs Belgium (2026-07-07T00:00:00.000Z),USA,Belgium,2026-07-07T00:00:00.000Z,,Seattle Stadium,Adham Mohammad Tumah Makhadmeh,Full time,1,4,Belgium,USA,away,Mark McKenzie,22,unused_bench,Defender,,,
4653845,usa-vs-belgium,https://www.fotmob.com/matches/usa-vs-belgium/1urw5j#4653845,USA vs Belgium (2026-07-07T00:00:00.000Z),USA,Belgium,2026-07-07T00:00:00.000Z,,Seattle Stadium,Adham Mohammad Tumah Makhadmeh,Full time,1,4,Belgium,USA,away,Miles Robinson,12,unused_bench,Defender,,,
4653845,usa-vs-belgium,https://www.fotmob.com/matches/usa-vs-belgium/1urw5j#4653845,USA vs Belgium (2026-07-07T00:00:00.000Z),USA,Belgium,2026-07-07T00:00:00.000Z,,Seattle Stadium,Adham Mohammad Tumah Makhadmeh,Full time,1,4,Belgium,USA,away,Brenden Aaronson,11,unused_bench,Midfielder,,,
4653845,usa-vs-belgium,https://www.fotmob.com/matches/usa-vs-belgium/1urw5j#4653845,USA vs Belgium (2026-07-07T00:00:00.000Z),USA,Belgium,2026-07-07T00:00:00.000Z,,Seattle Stadium,Adham Mohammad Tumah Makhadmeh,Full time,1,4,Belgium,USA,away,Timothy Weah,21,unused_bench,Midfielder,,,
4653845,usa-vs-belgium,https://www.fotmob.com/matches/usa-vs-belgium/1urw5j#4653845,USA vs Belgium (2026-07-07T00:00:00.000Z),USA,Belgium,2026-07-07T00:00:00.000Z,,Seattle Stadium,Adham Mohammad Tumah Makhadmeh,Full time,1,4,Belgium,USA,away,Alex Zendejas,26,unused_bench,Attacker,,,
4653845,usa-vs-belgium,https://www.fotmob.com/matches/usa-vs-belgium/1urw5j#4653845,USA vs Belgium (2026-07-07T00:00:00.000Z),USA,Belgium,2026-07-07T00:00:00.000Z,,Seattle Stadium,Adham Mohammad Tumah Makhadmeh,Full time,1,4,Belgium,USA,away,Mike Penders,13,unused_bench,Keeper,,,
4653845,usa-vs-belgium,https://www.fotmob.com/matches/usa-vs-belgium/1urw5j#4653845,USA vs Belgium (2026-07-07T00:00:00.000Z),USA,Belgium,2026-07-07T00:00:00.000Z,,Seattle Stadium,Adham Mohammad Tumah Makhadmeh,Full time,1,4,Belgium,USA,away,Senne Lammens,12,unused_bench,Keeper,,,
4653845,usa-vs-belgium,https://www.fotmob.com/matches/usa-vs-belgium/1urw5j#4653845,USA vs Belgium (2026-07-07T00:00:00.000Z),USA,Belgium,2026-07-07T00:00:00.000Z,,Seattle Stadium,Adham Mohammad Tumah Makhadmeh,Full time,1,4,Belgium,USA,away,Arthur Theate,3,unused_bench,Defender,,,
4653845,usa-vs-belgium,https://www.fotmob.com/matches/usa-vs-belgium/1urw5j#4653845,USA vs Belgium (2026-07-07T00:00:00.000Z),USA,Belgium,2026-07-07T00:00:00.000Z,,Seattle Stadium,Adham Mohammad Tumah Makhadmeh,Full time,1,4,Belgium,USA,away,Joaquin Seys,18,unused_bench,Defender,,,
4653845,usa-vs-belgium,https://www.fotmob.com/matches/usa-vs-belgium/1urw5j#4653845,USA vs Belgium (2026-07-07T00:00:00.000Z),USA,Belgium,2026-07-07T00:00:00.000Z,,Seattle Stadium,Adham Mohammad Tumah Makhadmeh,Full time,1,4,Belgium,USA,away,Koni De Winter,16,unused_bench,Defender,,,
4653845,usa-vs-belgium,https://www.fotmob.com/matches/usa-vs-belgium/1urw5j#4653845,USA vs Belgium (2026-07-07T00:00:00.000Z),USA,Belgium,2026-07-07T00:00:00.000Z,,Seattle Stadium,Adham Mohammad Tumah Makhadmeh,Full time,1,4,Belgium,USA,away,Thomas Meunier,15,unused_bench,Defender,,,
4653845,usa-vs-belgium,https://www.fotmob.com/matches/usa-vs-belgium/1urw5j#4653845,USA vs Belgium (2026-07-07T00:00:00.000Z),USA,Belgium,2026-07-07T00:00:00.000Z,,Seattle Stadium,Adham Mohammad Tumah Makhadmeh,Full time,1,4,Belgium,USA,away,Zeno Debast,2,unused_bench,Defender,,,
4653845,usa-vs-belgium,https://www.fotmob.com/matches/usa-vs-belgium/1urw5j#4653845,USA vs Belgium (2026-07-07T00:00:00.000Z),USA,Belgium,2026-07-07T00:00:00.000Z,,Seattle Stadium,Adham Mohammad Tumah Makhadmeh,Full time,1,4,Belgium,USA,away,Diego Moreira,19,unused_bench,Midfielder,,,
4653845,usa-vs-belgium,https://www.fotmob.com/matches/usa-vs-belgium/1urw5j#4653845,USA vs Belgium (2026-07-07T00:00:00.000Z),USA,Belgium,2026-07-07T00:00:00.000Z,,Seattle Stadium,Adham Mohammad Tumah Makhadmeh,Full time,1,4,Belgium,USA,away,Kevin De Bruyne,7,unused_bench,Midfielder,,,
4653845,usa-vs-belgium,https://www.fotmob.com/matches/usa-vs-belgium/1urw5j#4653845,USA vs Belgium (2026-07-07T00:00:00.000Z),USA,Belgium,2026-07-07T00:00:00.000Z,,Seattle Stadium,Adham Mohammad Tumah Makhadmeh,Full time,1,4,Belgium,USA,away,Matias Fernandez-Pardo,26,unused_bench,Attacker,,,
4653848,argentina-vs-egypt,https://www.fotmob.com/matches/argentina-vs-egypt/2dn9n7#4653848,Argentina vs Egypt (2026-07-07T16:00:00.000Z),Argentina,Egypt,2026-07-07T16:00:00.000Z,,Atlanta Stadium,François Letexier,Full time,3,2,4-1-2-1-2,4-4-2,home,Nicolás González,15,used_substitute,Midfielder,6.7,66.0,
4653848,argentina-vs-egypt,https://www.fotmob.com/matches/argentina-vs-egypt/2dn9n7#4653848,Argentina vs Egypt (2026-07-07T16:00:00.000Z),Argentina,Egypt,2026-07-07T16:00:00.000Z,,Atlanta Stadium,François Letexier,Full time,3,2,4-1-2-1-2,4-4-2,home,Lautaro Martínez,22,used_substitute,Attacker,7.0,66.0,
4653848,argentina-vs-egypt,https://www.fotmob.com/matches/argentina-vs-egypt/2dn9n7#4653848,Argentina vs Egypt (2026-07-07T16:00:00.000Z),Argentina,Egypt,2026-07-07T16:00:00.000Z,,Atlanta Stadium,François Letexier,Full time,3,2,4-1-2-1-2,4-4-2,home,Gonzalo Montiel,4,used_substitute,Defender,7.1,73.0,
4653848,argentina-vs-egypt,https://www.fotmob.com/matches/argentina-vs-egypt/2dn9n7#4653848,Argentina vs Egypt (2026-07-07T16:00:00.000Z),Argentina,Egypt,2026-07-07T16:00:00.000Z,,Atlanta Stadium,François Letexier,Full time,3,2,4-1-2-1-2,4-4-2,home,Facundo Medina,25,used_substitute,Defender,,90.0,
4653848,argentina-vs-egypt,https://www.fotmob.com/matches/argentina-vs-egypt/2dn9n7#4653848,Argentina vs Egypt (2026-07-07T16:00:00.000Z),Argentina,Egypt,2026-07-07T16:00:00.000Z,,Atlanta Stadium,François Letexier,Full time,3,2,4-1-2-1-2,4-4-2,home,Nicolás Otamendi,19,used_substitute,Defender,,90.0,
4653848,argentina-vs-egypt,https://www.fotmob.com/matches/argentina-vs-egypt/2dn9n7#4653848,Argentina vs Egypt (2026-07-07T16:00:00.000Z),Argentina,Egypt,2026-07-07T16:00:00.000Z,,Atlanta Stadium,François Letexier,Full time,3,2,4-4-2,4-1-2-1-2,away,Hamdi Fathi,14,used_substitute,Midfielder,6.3,46.0,
4653848,argentina-vs-egypt,https://www.fotmob.com/matches/argentina-vs-egypt/2dn9n7#4653848,Argentina vs Egypt (2026-07-07T16:00:00.000Z),Argentina,Egypt,2026-07-07T16:00:00.000Z,,Atlanta Stadium,François Letexier,Full time,3,2,4-4-2,4-1-2-1-2,away,Trezeguet,7,used_substitute,Attacker,6.3,73.0,
4653848,argentina-vs-egypt,https://www.fotmob.com/matches/argentina-vs-egypt/2dn9n7#4653848,Argentina vs Egypt (2026-07-07T16:00:00.000Z),Argentina,Egypt,2026-07-07T16:00:00.000Z,,Atlanta Stadium,François Letexier,Full time,3,2,4-4-2,4-1-2-1-2,away,Omar Marmoush,22,used_substitute,Attacker,6.1,80.0,
4653848,argentina-vs-egypt,https://www.fotmob.com/matches/argentina-vs-egypt/2dn9n7#4653848,Argentina vs Egypt (2026-07-07T16:00:00.000Z),Argentina,Egypt,2026-07-07T16:00:00.000Z,,Atlanta Stadium,François Letexier,Full time,3,2,4-4-2,4-1-2-1-2,away,Zizo,25,used_substitute,Attacker,,90.0,
4653848,argentina-vs-egypt,https://www.fotmob.com/matches/argentina-vs-egypt/2dn9n7#4653848,Argentina vs Egypt (2026-07-07T16:00:00.000Z),Argentina,Egypt,2026-07-07T16:00:00.000Z,,Atlanta Stadium,François Letexier,Full time,3,2,4-1-2-1-2,4-4-2,home,Gerónimo Rulli,12,unused_bench,Keeper,,,
4653848,argentina-vs-egypt,https://www.fotmob.com/matches/argentina-vs-egypt/2dn9n7#4653848,Argentina vs Egypt (2026-07-07T16:00:00.000Z),Argentina,Egypt,2026-07-07T16:00:00.000Z,,Atlanta Stadium,François Letexier,Full time,3,2,4-4-2,4-1-2-1-2,away,Juan Musso,1,unused_bench,Keeper,,,
4653848,argentina-vs-egypt,https://www.fotmob.com/matches/argentina-vs-egypt/2dn9n7#4653848,Argentina vs Egypt (2026-07-07T16:00:00.000Z),Argentina,Egypt,2026-07-07T16:00:00.000Z,,Atlanta Stadium,François Letexier,Full time,3,2,4-4-2,4-1-2-1-2,away,Marcos Senesi,2,unused_bench,Defender,,,
4653848,argentina-vs-egypt,https://www.fotmob.com/matches/argentina-vs-egypt/2dn9n7#4653848,Argentina vs Egypt (2026-07-07T16:00:00.000Z),Argentina,Egypt,2026-07-07T16:00:00.000Z,,Atlanta Stadium,François Letexier,Full time,3,2,4-4-2,4-1-2-1-2,away,Exequiel Palacios,14,unused_bench,Midfielder,,,
4653848,argentina-vs-egypt,https://www.fotmob.com/matches/argentina-vs-egypt/2dn9n7#4653848,Argentina vs Egypt (2026-07-07T16:00:00.000Z),Argentina,Egypt,2026-07-07T16:00:00.000Z,,Atlanta Stadium,François Letexier,Full time,3,2,4-4-2,4-1-2-1-2,away,Giovani Lo Celso,11,unused_bench,Midfielder,,,
4653848,argentina-vs-egypt,https://www.fotmob.com/matches/argentina-vs-egypt/2dn9n7#4653848,Argentina vs Egypt (2026-07-07T16:00:00.000Z),Argentina,Egypt,2026-07-07T16:00:00.000Z,,Atlanta Stadium,François Letexier,Full time,3,2,4-4-2,4-1-2-1-2,away,Giuliano Simeone,17,unused_bench,Midfielder,,,
4653848,argentina-vs-egypt,https://www.fotmob.com/matches/argentina-vs-egypt/2dn9n7#4653848,Argentina vs Egypt (2026-07-07T16:00:00.000Z),Argentina,Egypt,2026-07-07T16:00:00.000Z,,Atlanta Stadium,François Letexier,Full time,3,2,4-4-2,4-1-2-1-2,away,Nico Paz,18,unused_bench,Midfielder,,,
4653848,argentina-vs-egypt,https://www.fotmob.com/matches/argentina-vs-egypt/2dn9n7#4653848,Argentina vs Egypt (2026-07-07T16:00:00.000Z),Argentina,Egypt,2026-07-07T16:00:00.000Z,,Atlanta Stadium,François Letexier,Full time,3,2,4-4-2,4-1-2-1-2,away,Thiago Almada,16,unused_bench,Midfielder,,,
4653848,argentina-vs-egypt,https://www.fotmob.com/matches/argentina-vs-egypt/2dn9n7#4653848,Argentina vs Egypt (2026-07-07T16:00:00.000Z),Argentina,Egypt,2026-07-07T16:00:00.000Z,,Atlanta Stadium,François Letexier,Full time,3,2,4-4-2,4-1-2-1-2,away,Valentín Barco,8,unused_bench,Midfielder,,,
4653848,argentina-vs-egypt,https://www.fotmob.com/matches/argentina-vs-egypt/2dn9n7#4653848,Argentina vs Egypt (2026-07-07T16:00:00.000Z),Argentina,Egypt,2026-07-07T16:00:00.000Z,,Atlanta Stadium,François Letexier,Full time,3,2,4-4-2,4-1-2-1-2,away,José López,21,unused_bench,Attacker,,,
4653848,argentina-vs-egypt,https://www.fotmob.com/matches/argentina-vs-egypt/2dn9n7#4653848,Argentina vs Egypt (2026-07-07T16:00:00.000Z),Argentina,Egypt,2026-07-07T16:00:00.000Z,,Atlanta Stadium,François Letexier,Full time,3,2,4-4-2,4-1-2-1-2,away,Al Mahdi Soliman,16,unused_bench,Keeper,,,
4653848,argentina-vs-egypt,https://www.fotmob.com/matches/argentina-vs-egypt/2dn9n7#4653848,Argentina vs Egypt (2026-07-07T16:00:00.000Z),Argentina,Egypt,2026-07-07T16:00:00.000Z,,Atlanta Stadium,François Letexier,Full time,3,2,4-4-2,4-1-2-1-2,away,Mohamed Alaa,26,unused_bench,Keeper,,,
4653848,argentina-vs-egypt,https://www.fotmob.com/matches/argentina-vs-egypt/2dn9n7#4653848,Argentina vs Egypt (2026-07-07T16:00:00.000Z),Argentina,Egypt,2026-07-07T16:00:00.000Z,,Atlanta Stadium,François Letexier,Full time,3,2,4-4-2,4-1-2-1-2,away,Mohamed El Shenawy,1,unused_bench,Keeper,,,
4653848,argentina-vs-egypt,https://www.fotmob.com/matches/argentina-vs-egypt/2dn9n7#4653848,Argentina vs Egypt (2026-07-07T16:00:00.000Z),Argentina,Egypt,2026-07-07T16:00:00.000Z,,Atlanta Stadium,François Letexier,Full time,3,2,4-4-2,4-1-2-1-2,away,Hossam Abdelmaguid,4,unused_bench,Defender,,,
4653848,argentina-vs-egypt,https://www.fotmob.com/matches/argentina-vs-egypt/2dn9n7#4653848,Argentina vs Egypt (2026-07-07T16:00:00.000Z),Argentina,Egypt,2026-07-07T16:00:00.000Z,,Atlanta Stadium,François Letexier,Full time,3,2,4-4-2,4-1-2-1-2,away,Tarek Alaa,24,unused_bench,Defender,,,
4653848,argentina-vs-egypt,https://www.fotmob.com/matches/argentina-vs-egypt/2dn9n7#4653848,Argentina vs Egypt (2026-07-07T16:00:00.000Z),Argentina,Egypt,2026-07-07T16:00:00.000Z,,Atlanta Stadium,François Letexier,Full time,3,2,4-4-2,4-1-2-1-2,away,Mahmoud Saber,21,unused_bench,Midfielder,,,
4653848,argentina-vs-egypt,https://www.fotmob.com/matches/argentina-vs-egypt/2dn9n7#4653848,Argentina vs Egypt (2026-07-07T16:00:00.000Z),Argentina,Egypt,2026-07-07T16:00:00.000Z,,Atlanta Stadium,François Letexier,Full time,3,2,4-4-2,4-1-2-1-2,away,Nabil Dunga,18,unused_bench,Midfielder,,,
4653848,argentina-vs-egypt,https://www.fotmob.com/matches/argentina-vs-egypt/2dn9n7#4653848,Argentina vs Egypt (2026-07-07T16:00:00.000Z),Argentina,Egypt,2026-07-07T16:00:00.000Z,,Atlanta Stadium,François Letexier,Full time,3,2,4-4-2,4-1-2-1-2,away,Hamza Abdelkarim,9,unused_bench,Attacker,,,
4653848,argentina-vs-egypt,https://www.fotmob.com/matches/argentina-vs-egypt/2dn9n7#4653848,Argentina vs Egypt (2026-07-07T16:00:00.000Z),Argentina,Egypt,2026-07-07T16:00:00.000Z,,Atlanta Stadium,François Letexier,Full time,3,2,4-4-2,4-1-2-1-2,away,Ibrahim Adel,20,unused_bench,Attacker,,,
4653849,switzerland-vs-colombia,https://www.fotmob.com/matches/switzerland-vs-colombia/1urkle#4653849,Switzerland vs Colombia (2026-07-07T20:00:00.000Z),Switzerland,Colombia,2026-07-07T20:00:00.000Z,,,,Pen: 4 - 3,0,0,4-3-3,4-3-3,home,Djibril Sow,15,used_substitute,Midfielder,6.4,46.0,
4653849,switzerland-vs-colombia,https://www.fotmob.com/matches/switzerland-vs-colombia/1urkle#4653849,Switzerland vs Colombia (2026-07-07T20:00:00.000Z),Switzerland,Colombia,2026-07-07T20:00:00.000Z,,,,Pen: 4 - 3,0,0,4-3-3,4-3-3,home,Miro Muheim,2,used_substitute,Midfielder,6.7,71.0,
4653849,switzerland-vs-colombia,https://www.fotmob.com/matches/switzerland-vs-colombia/1urkle#4653849,Switzerland vs Colombia (2026-07-07T20:00:00.000Z),Switzerland,Colombia,2026-07-07T20:00:00.000Z,,,,Pen: 4 - 3,0,0,4-3-3,4-3-3,home,Silvan Widmer,3,used_substitute,Midfielder,6.6,87.0,
4653849,switzerland-vs-colombia,https://www.fotmob.com/matches/switzerland-vs-colombia/1urkle#4653849,Switzerland vs Colombia (2026-07-07T20:00:00.000Z),Switzerland,Colombia,2026-07-07T20:00:00.000Z,,,,Pen: 4 - 3,0,0,4-3-3,4-3-3,home,Cedric Itten,26,used_substitute,Attacker,5.9,87.0,
4653849,switzerland-vs-colombia,https://www.fotmob.com/matches/switzerland-vs-colombia/1urkle#4653849,Switzerland vs Colombia (2026-07-07T20:00:00.000Z),Switzerland,Colombia,2026-07-07T20:00:00.000Z,,,,Pen: 4 - 3,0,0,4-3-3,4-3-3,home,Rubén Vargas,17,used_substitute,Attacker,6.6,90.0,
4653849,switzerland-vs-colombia,https://www.fotmob.com/matches/switzerland-vs-colombia/1urkle#4653849,Switzerland vs Colombia (2026-07-07T20:00:00.000Z),Switzerland,Colombia,2026-07-07T20:00:00.000Z,,,,Pen: 4 - 3,0,0,4-3-3,4-3-3,home,Zeki Amdouni,23,used_substitute,Attacker,6.1,103.0,
4653849,switzerland-vs-colombia,https://www.fotmob.com/matches/switzerland-vs-colombia/1urkle#4653849,Switzerland vs Colombia (2026-07-07T20:00:00.000Z),Switzerland,Colombia,2026-07-07T20:00:00.000Z,,,,Pen: 4 - 3,0,0,4-3-3,4-3-3,away,Juan Quintero,20,used_substitute,Midfielder,6.7,66.0,
4653849,switzerland-vs-colombia,https://www.fotmob.com/matches/switzerland-vs-colombia/1urkle#4653849,Switzerland vs Colombia (2026-07-07T20:00:00.000Z),Switzerland,Colombia,2026-07-07T20:00:00.000Z,,,,Pen: 4 - 3,0,0,4-3-3,4-3-3,away,Jaminton Campaz,21,used_substitute,Attacker,6.7,66.0,
4653849,switzerland-vs-colombia,https://www.fotmob.com/matches/switzerland-vs-colombia/1urkle#4653849,Switzerland vs Colombia (2026-07-07T20:00:00.000Z),Switzerland,Colombia,2026-07-07T20:00:00.000Z,,,,Pen: 4 - 3,0,0,4-3-3,4-3-3,away,Richard Ríos,6,used_substitute,Midfielder,6.7,82.0,
4653849,switzerland-vs-colombia,https://www.fotmob.com/matches/switzerland-vs-colombia/1urkle#4653849,Switzerland vs Colombia (2026-07-07T20:00:00.000Z),Switzerland,Colombia,2026-07-07T20:00:00.000Z,,,,Pen: 4 - 3,0,0,4-3-3,4-3-3,away,Juan Hernández,19,used_substitute,Attacker,6.2,82.0,
4653849,switzerland-vs-colombia,https://www.fotmob.com/matches/switzerland-vs-colombia/1urkle#4653849,Switzerland vs Colombia (2026-07-07T20:00:00.000Z),Switzerland,Colombia,2026-07-07T20:00:00.000Z,,,,Pen: 4 - 3,0,0,4-3-3,4-3-3,away,Yerry Mina,13,used_substitute,Defender,,118.0,
4653849,switzerland-vs-colombia,https://www.fotmob.com/matches/switzerland-vs-colombia/1urkle#4653849,Switzerland vs Colombia (2026-07-07T20:00:00.000Z),Switzerland,Colombia,2026-07-07T20:00:00.000Z,,,,Pen: 4 - 3,0,0,4-3-3,4-3-3,home,Marvin Keller,21,unused_bench,Keeper,,,
4653849,switzerland-vs-colombia,https://www.fotmob.com/matches/switzerland-vs-colombia/1urkle#4653849,Switzerland vs Colombia (2026-07-07T20:00:00.000Z),Switzerland,Colombia,2026-07-07T20:00:00.000Z,,,,Pen: 4 - 3,0,0,4-3-3,4-3-3,away,Yvon Mvogo,12,unused_bench,Keeper,,,
4653849,switzerland-vs-colombia,https://www.fotmob.com/matches/switzerland-vs-colombia/1urkle#4653849,Switzerland vs Colombia (2026-07-07T20:00:00.000Z),Switzerland,Colombia,2026-07-07T20:00:00.000Z,,,,Pen: 4 - 3,0,0,4-3-3,4-3-3,away,Aurèle Amenda,24,unused_bench,Defender,,,
4653849,switzerland-vs-colombia,https://www.fotmob.com/matches/switzerland-vs-colombia/1urkle#4653849,Switzerland vs Colombia (2026-07-07T20:00:00.000Z),Switzerland,Colombia,2026-07-07T20:00:00.000Z,,,,Pen: 4 - 3,0,0,4-3-3,4-3-3,away,Eray Cömert,18,unused_bench,Defender,,,
4653849,switzerland-vs-colombia,https://www.fotmob.com/matches/switzerland-vs-colombia/1urkle#4653849,Switzerland vs Colombia (2026-07-07T20:00:00.000Z),Switzerland,Colombia,2026-07-07T20:00:00.000Z,,,,Pen: 4 - 3,0,0,4-3-3,4-3-3,away,Christian Fassnacht,16,unused_bench,Attacker,,,
4653849,switzerland-vs-colombia,https://www.fotmob.com/matches/switzerland-vs-colombia/1urkle#4653849,Switzerland vs Colombia (2026-07-07T20:00:00.000Z),Switzerland,Colombia,2026-07-07T20:00:00.000Z,,,,Pen: 4 - 3,0,0,4-3-3,4-3-3,away,Noah Okafor,19,unused_bench,Attacker,,,
4653849,switzerland-vs-colombia,https://www.fotmob.com/matches/switzerland-vs-colombia/1urkle#4653849,Switzerland vs Colombia (2026-07-07T20:00:00.000Z),Switzerland,Colombia,2026-07-07T20:00:00.000Z,,,,Pen: 4 - 3,0,0,4-3-3,4-3-3,away,Álvaro Montero,24,unused_bench,Keeper,,,
4653849,switzerland-vs-colombia,https://www.fotmob.com/matches/switzerland-vs-colombia/1urkle#4653849,Switzerland vs Colombia (2026-07-07T20:00:00.000Z),Switzerland,Colombia,2026-07-07T20:00:00.000Z,,,,Pen: 4 - 3,0,0,4-3-3,4-3-3,away,David Ospina,1,unused_bench,Keeper,,,
4653849,switzerland-vs-colombia,https://www.fotmob.com/matches/switzerland-vs-colombia/1urkle#4653849,Switzerland vs Colombia (2026-07-07T20:00:00.000Z),Switzerland,Colombia,2026-07-07T20:00:00.000Z,,,,Pen: 4 - 3,0,0,4-3-3,4-3-3,away,Santiago Arias,4,unused_bench,Defender,,,
4653849,switzerland-vs-colombia,https://www.fotmob.com/matches/switzerland-vs-colombia/1urkle#4653849,Switzerland vs Colombia (2026-07-07T20:00:00.000Z),Switzerland,Colombia,2026-07-07T20:00:00.000Z,,,,Pen: 4 - 3,0,0,4-3-3,4-3-3,away,Willer Ditta,18,unused_bench,Defender,,,
4653849,switzerland-vs-colombia,https://www.fotmob.com/matches/switzerland-vs-colombia/1urkle#4653849,Switzerland vs Colombia (2026-07-07T20:00:00.000Z),Switzerland,Colombia,2026-07-07T20:00:00.000Z,,,,Pen: 4 - 3,0,0,4-3-3,4-3-3,away,Deiver Machado,22,unused_bench,Midfielder,,,
4653849,switzerland-vs-colombia,https://www.fotmob.com/matches/switzerland-vs-colombia/1urkle#4653849,Switzerland vs Colombia (2026-07-07T20:00:00.000Z),Switzerland,Colombia,2026-07-07T20:00:00.000Z,,,,Pen: 4 - 3,0,0,4-3-3,4-3-3,away,Juan Portilla,15,unused_bench,Midfielder,,,
4653849,switzerland-vs-colombia,https://www.fotmob.com/matches/switzerland-vs-colombia/1urkle#4653849,Switzerland vs Colombia (2026-07-07T20:00:00.000Z),Switzerland,Colombia,2026-07-07T20:00:00.000Z,,,,Pen: 4 - 3,0,0,4-3-3,4-3-3,away,Kevin Castaño,5,unused_bench,Midfielder,,,
4653849,switzerland-vs-colombia,https://www.fotmob.com/matches/switzerland-vs-colombia/1urkle#4653849,Switzerland vs Colombia (2026-07-07T20:00:00.000Z),Switzerland,Colombia,2026-07-07T20:00:00.000Z,,,,Pen: 4 - 3,0,0,4-3-3,4-3-3,away,Andrés Gómez,26,unused_bench,Attacker,,,
4653849,switzerland-vs-colombia,https://www.fotmob.com/matches/switzerland-vs-colombia/1urkle#4653849,Switzerland vs Colombia (2026-07-07T20:00:00.000Z),Switzerland,Colombia,2026-07-07T20:00:00.000Z,,,,Pen: 4 - 3,0,0,4-3-3,4-3-3,away,Jhon Córdoba,9,unused_bench,Attacker,,,
4653849,switzerland-vs-colombia,https://www.fotmob.com/matches/switzerland-vs-colombia/1urkle#4653849,Switzerland vs Colombia (2026-07-07T20:00:00.000Z),Switzerland,Colombia,2026-07-07T20:00:00.000Z,,,,Pen: 4 - 3,0,0,4-3-3,4-3-3,away,Jorge Carrascal,8,unused_bench,Attacker,,,
4653851,morocco-vs-france,https://www.fotmob.com/matches/morocco-vs-france/1e78fs#4653851,France vs Morocco (2026-07-09T20:00:00.000Z),France,Morocco,2026-07-09T20:00:00.000Z,,Boston Stadium,Facundo Raúl Tello Figueroa,Full time,2,0,4-2-3-1,4-2-3-1,home,Warren Zaïre-Emery,18,used_substitute,Midfielder,6.2,71.0,
4653851,morocco-vs-france,https://www.fotmob.com/matches/morocco-vs-france/1e78fs#4653851,France vs Morocco (2026-07-09T20:00:00.000Z),France,Morocco,2026-07-09T20:00:00.000Z,,Boston Stadium,Facundo Raúl Tello Figueroa,Full time,2,0,4-2-3-1,4-2-3-1,home,Bradley Barcola,12,used_substitute,Attacker,6.6,77.0,
4653851,morocco-vs-france,https://www.fotmob.com/matches/morocco-vs-france/1e78fs#4653851,France vs Morocco (2026-07-09T20:00:00.000Z),France,Morocco,2026-07-09T20:00:00.000Z,,Boston Stadium,Facundo Raúl Tello Figueroa,Full time,2,0,4-2-3-1,4-2-3-1,home,Jean-Philippe Mateta,22,used_substitute,Attacker,6.4,77.0,
4653851,morocco-vs-france,https://www.fotmob.com/matches/morocco-vs-france/1e78fs#4653851,France vs Morocco (2026-07-09T20:00:00.000Z),France,Morocco,2026-07-09T20:00:00.000Z,,Boston Stadium,Facundo Raúl Tello Figueroa,Full time,2,0,4-2-3-1,4-2-3-1,home,Malo Gusto,2,used_substitute,Defender,,87.0,
4653851,morocco-vs-france,https://www.fotmob.com/matches/morocco-vs-france/1e78fs#4653851,France vs Morocco (2026-07-09T20:00:00.000Z),France,Morocco,2026-07-09T20:00:00.000Z,,Boston Stadium,Facundo Raúl Tello Figueroa,Full time,2,0,4-2-3-1,4-2-3-1,away,Sofyan Amrabat,4,used_substitute,Midfielder,6.5,62.0,
4653851,morocco-vs-france,https://www.fotmob.com/matches/morocco-vs-france/1e78fs#4653851,France vs Morocco (2026-07-09T20:00:00.000Z),France,Morocco,2026-07-09T20:00:00.000Z,,Boston Stadium,Facundo Raúl Tello Figueroa,Full time,2,0,4-2-3-1,4-2-3-1,away,Soufiane Rahimi,9,used_substitute,Attacker,5.9,62.0,
4653851,morocco-vs-france,https://www.fotmob.com/matches/morocco-vs-france/1e78fs#4653851,France vs Morocco (2026-07-09T20:00:00.000Z),France,Morocco,2026-07-09T20:00:00.000Z,,Boston Stadium,Facundo Raúl Tello Figueroa,Full time,2,0,4-2-3-1,4-2-3-1,away,Zakaria El Ouahdi,13,used_substitute,Defender,6.0,74.0,
4653851,morocco-vs-france,https://www.fotmob.com/matches/morocco-vs-france/1e78fs#4653851,France vs Morocco (2026-07-09T20:00:00.000Z),France,Morocco,2026-07-09T20:00:00.000Z,,Boston Stadium,Facundo Raúl Tello Figueroa,Full time,2,0,4-2-3-1,4-2-3-1,away,Gessime Yassine,16,used_substitute,Attacker,6.0,74.0,
4653851,morocco-vs-france,https://www.fotmob.com/matches/morocco-vs-france/1e78fs#4653851,France vs Morocco (2026-07-09T20:00:00.000Z),France,Morocco,2026-07-09T20:00:00.000Z,,Boston Stadium,Facundo Raúl Tello Figueroa,Full time,2,0,4-2-3-1,4-2-3-1,away,Amine Sbaï,17,used_substitute,Attacker,,85.0,
4653851,morocco-vs-france,https://www.fotmob.com/matches/morocco-vs-france/1e78fs#4653851,France vs Morocco (2026-07-09T20:00:00.000Z),France,Morocco,2026-07-09T20:00:00.000Z,,Boston Stadium,Facundo Raúl Tello Figueroa,Full time,2,0,4-2-3-1,4-2-3-1,home,Brice Samba,1,unused_bench,Keeper,,,
4653851,morocco-vs-france,https://www.fotmob.com/matches/morocco-vs-france/1e78fs#4653851,France vs Morocco (2026-07-09T20:00:00.000Z),France,Morocco,2026-07-09T20:00:00.000Z,,Boston Stadium,Facundo Raúl Tello Figueroa,Full time,2,0,4-2-3-1,4-2-3-1,away,Robin Risser,23,unused_bench,Keeper,,,
4653851,morocco-vs-france,https://www.fotmob.com/matches/morocco-vs-france/1e78fs#4653851,France vs Morocco (2026-07-09T20:00:00.000Z),France,Morocco,2026-07-09T20:00:00.000Z,,Boston Stadium,Facundo Raúl Tello Figueroa,Full time,2,0,4-2-3-1,4-2-3-1,away,Ibrahima Konaté,15,unused_bench,Defender,,,
4653851,morocco-vs-france,https://www.fotmob.com/matches/morocco-vs-france/1e78fs#4653851,France vs Morocco (2026-07-09T20:00:00.000Z),France,Morocco,2026-07-09T20:00:00.000Z,,Boston Stadium,Facundo Raúl Tello Figueroa,Full time,2,0,4-2-3-1,4-2-3-1,away,Lucas Hernández,21,unused_bench,Defender,,,
4653851,morocco-vs-france,https://www.fotmob.com/matches/morocco-vs-france/1e78fs#4653851,France vs Morocco (2026-07-09T20:00:00.000Z),France,Morocco,2026-07-09T20:00:00.000Z,,Boston Stadium,Facundo Raúl Tello Figueroa,Full time,2,0,4-2-3-1,4-2-3-1,away,Maxence Lacroix,26,unused_bench,Defender,,,
4653851,morocco-vs-france,https://www.fotmob.com/matches/morocco-vs-france/1e78fs#4653851,France vs Morocco (2026-07-09T20:00:00.000Z),France,Morocco,2026-07-09T20:00:00.000Z,,Boston Stadium,Facundo Raúl Tello Figueroa,Full time,2,0,4-2-3-1,4-2-3-1,away,Theo Hernández,19,unused_bench,Defender,,,
4653851,morocco-vs-france,https://www.fotmob.com/matches/morocco-vs-france/1e78fs#4653851,France vs Morocco (2026-07-09T20:00:00.000Z),France,Morocco,2026-07-09T20:00:00.000Z,,Boston Stadium,Facundo Raúl Tello Figueroa,Full time,2,0,4-2-3-1,4-2-3-1,away,Aurélien Tchouaméni,8,unused_bench,Midfielder,,,
4653851,morocco-vs-france,https://www.fotmob.com/matches/morocco-vs-france/1e78fs#4653851,France vs Morocco (2026-07-09T20:00:00.000Z),France,Morocco,2026-07-09T20:00:00.000Z,,Boston Stadium,Facundo Raúl Tello Figueroa,Full time,2,0,4-2-3-1,4-2-3-1,away,N'Golo Kanté,13,unused_bench,Midfielder,,,
4653851,morocco-vs-france,https://www.fotmob.com/matches/morocco-vs-france/1e78fs#4653851,France vs Morocco (2026-07-09T20:00:00.000Z),France,Morocco,2026-07-09T20:00:00.000Z,,Boston Stadium,Facundo Raúl Tello Figueroa,Full time,2,0,4-2-3-1,4-2-3-1,away,Rayan Cherki,24,unused_bench,Midfielder,,,
4653851,morocco-vs-france,https://www.fotmob.com/matches/morocco-vs-france/1e78fs#4653851,France vs Morocco (2026-07-09T20:00:00.000Z),France,Morocco,2026-07-09T20:00:00.000Z,,Boston Stadium,Facundo Raúl Tello Figueroa,Full time,2,0,4-2-3-1,4-2-3-1,away,Maghnes Akliouche,25,unused_bench,Attacker,,,
4653851,morocco-vs-france,https://www.fotmob.com/matches/morocco-vs-france/1e78fs#4653851,France vs Morocco (2026-07-09T20:00:00.000Z),France,Morocco,2026-07-09T20:00:00.000Z,,Boston Stadium,Facundo Raúl Tello Figueroa,Full time,2,0,4-2-3-1,4-2-3-1,away,Marcus Thuram,9,unused_bench,Attacker,,,
4653851,morocco-vs-france,https://www.fotmob.com/matches/morocco-vs-france/1e78fs#4653851,France vs Morocco (2026-07-09T20:00:00.000Z),France,Morocco,2026-07-09T20:00:00.000Z,,Boston Stadium,Facundo Raúl Tello Figueroa,Full time,2,0,4-2-3-1,4-2-3-1,away,Ahmed Tagnaouti,22,unused_bench,Keeper,,,
4653851,morocco-vs-france,https://www.fotmob.com/matches/morocco-vs-france/1e78fs#4653851,France vs Morocco (2026-07-09T20:00:00.000Z),France,Morocco,2026-07-09T20:00:00.000Z,,Boston Stadium,Facundo Raúl Tello Figueroa,Full time,2,0,4-2-3-1,4-2-3-1,away,Munir,12,unused_bench,Keeper,,,
4653851,morocco-vs-france,https://www.fotmob.com/matches/morocco-vs-france/1e78fs#4653851,France vs Morocco (2026-07-09T20:00:00.000Z),France,Morocco,2026-07-09T20:00:00.000Z,,Boston Stadium,Facundo Raúl Tello Figueroa,Full time,2,0,4-2-3-1,4-2-3-1,away,Chadi Riad,18,unused_bench,Defender,,,
4653851,morocco-vs-france,https://www.fotmob.com/matches/morocco-vs-france/1e78fs#4653851,France vs Morocco (2026-07-09T20:00:00.000Z),France,Morocco,2026-07-09T20:00:00.000Z,,Boston Stadium,Facundo Raúl Tello Figueroa,Full time,2,0,4-2-3-1,4-2-3-1,away,Marwane Saadane,5,unused_bench,Defender,,,
4653851,morocco-vs-france,https://www.fotmob.com/matches/morocco-vs-france/1e78fs#4653851,France vs Morocco (2026-07-09T20:00:00.000Z),France,Morocco,2026-07-09T20:00:00.000Z,,Boston Stadium,Facundo Raúl Tello Figueroa,Full time,2,0,4-2-3-1,4-2-3-1,away,Redouane Halhal,25,unused_bench,Defender,,,
4653851,morocco-vs-france,https://www.fotmob.com/matches/morocco-vs-france/1e78fs#4653851,France vs Morocco (2026-07-09T20:00:00.000Z),France,Morocco,2026-07-09T20:00:00.000Z,,Boston Stadium,Facundo Raúl Tello Figueroa,Full time,2,0,4-2-3-1,4-2-3-1,away,Youssef Belammari,19,unused_bench,Defender,,,
4653851,morocco-vs-france,https://www.fotmob.com/matches/morocco-vs-france/1e78fs#4653851,France vs Morocco (2026-07-09T20:00:00.000Z),France,Morocco,2026-07-09T20:00:00.000Z,,Boston Stadium,Facundo Raúl Tello Figueroa,Full time,2,0,4-2-3-1,4-2-3-1,away,Ismael Saibari,11,unused_bench,Midfielder,,,
4653851,morocco-vs-france,https://www.fotmob.com/matches/morocco-vs-france/1e78fs#4653851,France vs Morocco (2026-07-09T20:00:00.000Z),France,Morocco,2026-07-09T20:00:00.000Z,,Boston Stadium,Facundo Raúl Tello Figueroa,Full time,2,0,4-2-3-1,4-2-3-1,away,Samir El Mourabet,15,unused_bench,Midfielder,,,
4653851,morocco-vs-france,https://www.fotmob.com/matches/morocco-vs-france/1e78fs#4653851,France vs Morocco (2026-07-09T20:00:00.000Z),France,Morocco,2026-07-09T20:00:00.000Z,,Boston Stadium,Facundo Raúl Tello Figueroa,Full time,2,0,4-2-3-1,4-2-3-1,away,Ayoub El Kaabi,20,unused_bench,Attacker,,,
4653851,morocco-vs-france,https://www.fotmob.com/matches/morocco-vs-france/1e78fs#4653851,France vs Morocco (2026-07-09T20:00:00.000Z),France,Morocco,2026-07-09T20:00:00.000Z,,Boston Stadium,Facundo Raúl Tello Figueroa,Full time,2,0,4-2-3-1,4-2-3-1,away,Ayoube Amaimouni-Echghouyab,21,unused_bench,Attacker,,,
4653843,canada-vs-morocco,https://www.fotmob.com/matches/canada-vs-morocco/17e1pm#4653843,Canada vs Morocco (2026-07-04T17:00:00.000Z),Canada,Morocco,2026-07-04T17:00:00.000Z,,Houston Stadium,Michael Oliver,Full time,0,3,Canada,Morocco,home,Cyle Larin,9,used_substitute,Attacker,5.8,63.0,
4653843,canada-vs-morocco,https://www.fotmob.com/matches/canada-vs-morocco/17e1pm#4653843,Canada vs Morocco (2026-07-04T17:00:00.000Z),Canada,Morocco,2026-07-04T17:00:00.000Z,,Houston Stadium,Michael Oliver,Full time,0,3,Canada,Morocco,home,Jacob Shaffelburg,14,used_substitute,Attacker,6.4,78.0,
4653843,canada-vs-morocco,https://www.fotmob.com/matches/canada-vs-morocco/17e1pm#4653843,Canada vs Morocco (2026-07-04T17:00:00.000Z),Canada,Morocco,2026-07-04T17:00:00.000Z,,Houston Stadium,Michael Oliver,Full time,0,3,Canada,Morocco,home,Promise David,24,used_substitute,Attacker,6.1,78.0,
4653843,canada-vs-morocco,https://www.fotmob.com/matches/canada-vs-morocco/17e1pm#4653843,Canada vs Morocco (2026-07-04T17:00:00.000Z),Canada,Morocco,2026-07-04T17:00:00.000Z,,Houston Stadium,Michael Oliver,Full time,0,3,Canada,Morocco,home,Jonathan Osorio,21,used_substitute,Midfielder,,87.0,
4653843,canada-vs-morocco,https://www.fotmob.com/matches/canada-vs-morocco/17e1pm#4653843,Canada vs Morocco (2026-07-04T17:00:00.000Z),Canada,Morocco,2026-07-04T17:00:00.000Z,,Houston Stadium,Michael Oliver,Full time,0,3,Canada,Morocco,home,Jayden Nelson,26,used_substitute,Attacker,,87.0,
4653843,canada-vs-morocco,https://www.fotmob.com/matches/canada-vs-morocco/17e1pm#4653843,Canada vs Morocco (2026-07-04T17:00:00.000Z),Canada,Morocco,2026-07-04T17:00:00.000Z,,Houston Stadium,Michael Oliver,Full time,0,3,Morocco,Canada,away,Soufiane Rahimi,9,used_substitute,Attacker,7.9,22.0,
4653843,canada-vs-morocco,https://www.fotmob.com/matches/canada-vs-morocco/17e1pm#4653843,Canada vs Morocco (2026-07-04T17:00:00.000Z),Canada,Morocco,2026-07-04T17:00:00.000Z,,Houston Stadium,Michael Oliver,Full time,0,3,Morocco,Canada,away,Sofyan Amrabat,4,used_substitute,Midfielder,6.1,63.0,
4653843,canada-vs-morocco,https://www.fotmob.com/matches/canada-vs-morocco/17e1pm#4653843,Canada vs Morocco (2026-07-04T17:00:00.000Z),Canada,Morocco,2026-07-04T17:00:00.000Z,,Houston Stadium,Michael Oliver,Full time,0,3,Morocco,Canada,away,Chemsdine Talbi,7,used_substitute,Attacker,6.9,63.0,
4653843,canada-vs-morocco,https://www.fotmob.com/matches/canada-vs-morocco/17e1pm#4653843,Canada vs Morocco (2026-07-04T17:00:00.000Z),Canada,Morocco,2026-07-04T17:00:00.000Z,,Houston Stadium,Michael Oliver,Full time,0,3,Morocco,Canada,away,Marwane Saadane,5,used_substitute,Defender,,87.0,
4653843,canada-vs-morocco,https://www.fotmob.com/matches/canada-vs-morocco/17e1pm#4653843,Canada vs Morocco (2026-07-04T17:00:00.000Z),Canada,Morocco,2026-07-04T17:00:00.000Z,,Houston Stadium,Michael Oliver,Full time,0,3,Morocco,Canada,away,Samir El Mourabet,15,used_substitute,Midfielder,,87.0,
4653843,canada-vs-morocco,https://www.fotmob.com/matches/canada-vs-morocco/17e1pm#4653843,Canada vs Morocco (2026-07-04T17:00:00.000Z),Canada,Morocco,2026-07-04T17:00:00.000Z,,Houston Stadium,Michael Oliver,Full time,0,3,Canada,Morocco,home,Dayne St. Clair,1,unused_bench,Keeper,,,
4653843,canada-vs-morocco,https://www.fotmob.com/matches/canada-vs-morocco/17e1pm#4653843,Canada vs Morocco (2026-07-04T17:00:00.000Z),Canada,Morocco,2026-07-04T17:00:00.000Z,,Houston Stadium,Michael Oliver,Full time,0,3,Morocco,Canada,away,Owen Goodman,18,unused_bench,Keeper,,,
4653843,canada-vs-morocco,https://www.fotmob.com/matches/canada-vs-morocco/17e1pm#4653843,Canada vs Morocco (2026-07-04T17:00:00.000Z),Canada,Morocco,2026-07-04T17:00:00.000Z,,Houston Stadium,Michael Oliver,Full time,0,3,Morocco,Canada,away,Alfie Jones,3,unused_bench,Defender,,,
4653843,canada-vs-morocco,https://www.fotmob.com/matches/canada-vs-morocco/17e1pm#4653843,Canada vs Morocco (2026-07-04T17:00:00.000Z),Canada,Morocco,2026-07-04T17:00:00.000Z,,Houston Stadium,Michael Oliver,Full time,0,3,Morocco,Canada,away,Alphonso Davies,19,unused_bench,Defender,,,
4653843,canada-vs-morocco,https://www.fotmob.com/matches/canada-vs-morocco/17e1pm#4653843,Canada vs Morocco (2026-07-04T17:00:00.000Z),Canada,Morocco,2026-07-04T17:00:00.000Z,,Houston Stadium,Michael Oliver,Full time,0,3,Morocco,Canada,away,Derek Cornelius,13,unused_bench,Defender,,,
4653843,canada-vs-morocco,https://www.fotmob.com/matches/canada-vs-morocco/17e1pm#4653843,Canada vs Morocco (2026-07-04T17:00:00.000Z),Canada,Morocco,2026-07-04T17:00:00.000Z,,Houston Stadium,Michael Oliver,Full time,0,3,Morocco,Canada,away,Joel Waterman,5,unused_bench,Defender,,,
4653843,canada-vs-morocco,https://www.fotmob.com/matches/canada-vs-morocco/17e1pm#4653843,Canada vs Morocco (2026-07-04T17:00:00.000Z),Canada,Morocco,2026-07-04T17:00:00.000Z,,Houston Stadium,Michael Oliver,Full time,0,3,Morocco,Canada,away,Mathieu Choinière,6,unused_bench,Midfielder,,,
4653843,canada-vs-morocco,https://www.fotmob.com/matches/canada-vs-morocco/17e1pm#4653843,Canada vs Morocco (2026-07-04T17:00:00.000Z),Canada,Morocco,2026-07-04T17:00:00.000Z,,Houston Stadium,Michael Oliver,Full time,0,3,Morocco,Canada,away,Nathan Saliba,25,unused_bench,Midfielder,,,
4653843,canada-vs-morocco,https://www.fotmob.com/matches/canada-vs-morocco/17e1pm#4653843,Canada vs Morocco (2026-07-04T17:00:00.000Z),Canada,Morocco,2026-07-04T17:00:00.000Z,,Houston Stadium,Michael Oliver,Full time,0,3,Morocco,Canada,away,Liam Millar,11,unused_bench,Attacker,,,
4653843,canada-vs-morocco,https://www.fotmob.com/matches/canada-vs-morocco/17e1pm#4653843,Canada vs Morocco (2026-07-04T17:00:00.000Z),Canada,Morocco,2026-07-04T17:00:00.000Z,,Houston Stadium,Michael Oliver,Full time,0,3,Morocco,Canada,away,Ahmed Tagnaouti,22,unused_bench,Keeper,,,
4653843,canada-vs-morocco,https://www.fotmob.com/matches/canada-vs-morocco/17e1pm#4653843,Canada vs Morocco (2026-07-04T17:00:00.000Z),Canada,Morocco,2026-07-04T17:00:00.000Z,,Houston Stadium,Michael Oliver,Full time,0,3,Morocco,Canada,away,Munir,12,unused_bench,Keeper,,,
4653843,canada-vs-morocco,https://www.fotmob.com/matches/canada-vs-morocco/17e1pm#4653843,Canada vs Morocco (2026-07-04T17:00:00.000Z),Canada,Morocco,2026-07-04T17:00:00.000Z,,Houston Stadium,Michael Oliver,Full time,0,3,Morocco,Canada,away,Anass Salah-Eddine,26,unused_bench,Defender,,,
4653843,canada-vs-morocco,https://www.fotmob.com/matches/canada-vs-morocco/17e1pm#4653843,Canada vs Morocco (2026-07-04T17:00:00.000Z),Canada,Morocco,2026-07-04T17:00:00.000Z,,Houston Stadium,Michael Oliver,Full time,0,3,Morocco,Canada,away,Chadi Riad,18,unused_bench,Defender,,,
4653843,canada-vs-morocco,https://www.fotmob.com/matches/canada-vs-morocco/17e1pm#4653843,Canada vs Morocco (2026-07-04T17:00:00.000Z),Canada,Morocco,2026-07-04T17:00:00.000Z,,Houston Stadium,Michael Oliver,Full time,0,3,Morocco,Canada,away,Youssef Belammari,19,unused_bench,Defender,,,
4653843,canada-vs-morocco,https://www.fotmob.com/matches/canada-vs-morocco/17e1pm#4653843,Canada vs Morocco (2026-07-04T17:00:00.000Z),Canada,Morocco,2026-07-04T17:00:00.000Z,,Houston Stadium,Michael Oliver,Full time,0,3,Morocco,Canada,away,Zakaria El Ouahdi,13,unused_bench,Defender,,,
4653843,canada-vs-morocco,https://www.fotmob.com/matches/canada-vs-morocco/17e1pm#4653843,Canada vs Morocco (2026-07-04T17:00:00.000Z),Canada,Morocco,2026-07-04T17:00:00.000Z,,Houston Stadium,Michael Oliver,Full time,0,3,Morocco,Canada,away,Amine Sbaï,17,unused_bench,Attacker,,,
4653843,canada-vs-morocco,https://www.fotmob.com/matches/canada-vs-morocco/17e1pm#4653843,Canada vs Morocco (2026-07-04T17:00:00.000Z),Canada,Morocco,2026-07-04T17:00:00.000Z,,Houston Stadium,Michael Oliver,Full time,0,3,Morocco,Canada,away,Ayoub El Kaabi,20,unused_bench,Attacker,,,
4653843,canada-vs-morocco,https://www.fotmob.com/matches/canada-vs-morocco/17e1pm#4653843,Canada vs Morocco (2026-07-04T17:00:00.000Z),Canada,Morocco,2026-07-04T17:00:00.000Z,,Houston Stadium,Michael Oliver,Full time,0,3,Morocco,Canada,away,Ayoube Amaimouni-Echghouyab,21,unused_bench,Attacker,,,
4653843,canada-vs-morocco,https://www.fotmob.com/matches/canada-vs-morocco/17e1pm#4653843,Canada vs Morocco (2026-07-04T17:00:00.000Z),Canada,Morocco,2026-07-04T17:00:00.000Z,,Houston Stadium,Michael Oliver,Full time,0,3,Morocco,Canada,away,Gessime Yassine,16,unused_bench,Attacker,,,
4653842,france-vs-paraguay,https://www.fotmob.com/matches/france-vs-paraguay/1hu3vk#4653842,Paraguay vs France (2026-07-04T21:00:00.000Z),Paraguay,France,2026-07-04T21:00:00.000Z,,Philadelphia Stadium,Ilgiz Tantashev,Full time,0,1,Paraguay,France,home,José Canale,13,used_substitute,Defender,6.2,58.0,
4653842,france-vs-paraguay,https://www.fotmob.com/matches/france-vs-paraguay/1hu3vk#4653842,Paraguay vs France (2026-07-04T21:00:00.000Z),Paraguay,France,2026-07-04T21:00:00.000Z,,Philadelphia Stadium,Ilgiz Tantashev,Full time,0,1,Paraguay,France,home,Gustavo Caballero,24,used_substitute,Attacker,6.0,61.0,
4653842,france-vs-paraguay,https://www.fotmob.com/matches/france-vs-paraguay/1hu3vk#4653842,Paraguay vs France (2026-07-04T21:00:00.000Z),Paraguay,France,2026-07-04T21:00:00.000Z,,Philadelphia Stadium,Ilgiz Tantashev,Full time,0,1,Paraguay,France,home,Mauricio,11,used_substitute,Midfielder,6.5,71.0,
4653842,france-vs-paraguay,https://www.fotmob.com/matches/france-vs-paraguay/1hu3vk#4653842,Paraguay vs France (2026-07-04T21:00:00.000Z),Paraguay,France,2026-07-04T21:00:00.000Z,,Philadelphia Stadium,Ilgiz Tantashev,Full time,0,1,Paraguay,France,home,Gabriel Ávalos,21,used_substitute,Attacker,5.8,71.0,
4653842,france-vs-paraguay,https://www.fotmob.com/matches/france-vs-paraguay/1hu3vk#4653842,Paraguay vs France (2026-07-04T21:00:00.000Z),Paraguay,France,2026-07-04T21:00:00.000Z,,Philadelphia Stadium,Ilgiz Tantashev,Full time,0,1,France,Paraguay,away,Désiré Doué,20,used_substitute,Attacker,7.4,61.0,
4653842,france-vs-paraguay,https://www.fotmob.com/matches/france-vs-paraguay/1hu3vk#4653842,Paraguay vs France (2026-07-04T21:00:00.000Z),Paraguay,France,2026-07-04T21:00:00.000Z,,Philadelphia Stadium,Ilgiz Tantashev,Full time,0,1,France,Paraguay,away,Rayan Cherki,24,used_substitute,Midfielder,,84.0,
4653842,france-vs-paraguay,https://www.fotmob.com/matches/france-vs-paraguay/1hu3vk#4653842,Paraguay vs France (2026-07-04T21:00:00.000Z),Paraguay,France,2026-07-04T21:00:00.000Z,,Philadelphia Stadium,Ilgiz Tantashev,Full time,0,1,Paraguay,France,home,Gastón Olveira,22,unused_bench,Keeper,,,
4653842,france-vs-paraguay,https://www.fotmob.com/matches/france-vs-paraguay/1hu3vk#4653842,Paraguay vs France (2026-07-04T21:00:00.000Z),Paraguay,France,2026-07-04T21:00:00.000Z,,Philadelphia Stadium,Ilgiz Tantashev,Full time,0,1,France,Paraguay,away,Roberto Fernández,1,unused_bench,Keeper,,,
4653842,france-vs-paraguay,https://www.fotmob.com/matches/france-vs-paraguay/1hu3vk#4653842,Paraguay vs France (2026-07-04T21:00:00.000Z),Paraguay,France,2026-07-04T21:00:00.000Z,,Philadelphia Stadium,Ilgiz Tantashev,Full time,0,1,France,Paraguay,away,Alexandro Maidana,26,unused_bench,Defender,,,
4653842,france-vs-paraguay,https://www.fotmob.com/matches/france-vs-paraguay/1hu3vk#4653842,Paraguay vs France (2026-07-04T21:00:00.000Z),Paraguay,France,2026-07-04T21:00:00.000Z,,Philadelphia Stadium,Ilgiz Tantashev,Full time,0,1,France,Paraguay,away,Fabián Balbuena,5,unused_bench,Defender,,,
4653842,france-vs-paraguay,https://www.fotmob.com/matches/france-vs-paraguay/1hu3vk#4653842,Paraguay vs France (2026-07-04T21:00:00.000Z),Paraguay,France,2026-07-04T21:00:00.000Z,,Philadelphia Stadium,Ilgiz Tantashev,Full time,0,1,France,Paraguay,away,Alejandro Romero,17,unused_bench,Midfielder,,,
4653842,france-vs-paraguay,https://www.fotmob.com/matches/france-vs-paraguay/1hu3vk#4653842,Paraguay vs France (2026-07-04T21:00:00.000Z),Paraguay,France,2026-07-04T21:00:00.000Z,,Philadelphia Stadium,Ilgiz Tantashev,Full time,0,1,France,Paraguay,away,Braian Ojeda,20,unused_bench,Midfielder,,,
4653842,france-vs-paraguay,https://www.fotmob.com/matches/france-vs-paraguay/1hu3vk#4653842,Paraguay vs France (2026-07-04T21:00:00.000Z),Paraguay,France,2026-07-04T21:00:00.000Z,,Philadelphia Stadium,Ilgiz Tantashev,Full time,0,1,France,Paraguay,away,Damián Bobadilla,16,unused_bench,Midfielder,,,
4653842,france-vs-paraguay,https://www.fotmob.com/matches/france-vs-paraguay/1hu3vk#4653842,Paraguay vs France (2026-07-04T21:00:00.000Z),Paraguay,France,2026-07-04T21:00:00.000Z,,Philadelphia Stadium,Ilgiz Tantashev,Full time,0,1,France,Paraguay,away,Álex Arce,18,unused_bench,Attacker,,,
4653842,france-vs-paraguay,https://www.fotmob.com/matches/france-vs-paraguay/1hu3vk#4653842,Paraguay vs France (2026-07-04T21:00:00.000Z),Paraguay,France,2026-07-04T21:00:00.000Z,,Philadelphia Stadium,Ilgiz Tantashev,Full time,0,1,France,Paraguay,away,Antonio Sanabria,9,unused_bench,Attacker,,,
4653842,france-vs-paraguay,https://www.fotmob.com/matches/france-vs-paraguay/1hu3vk#4653842,Paraguay vs France (2026-07-04T21:00:00.000Z),Paraguay,France,2026-07-04T21:00:00.000Z,,Philadelphia Stadium,Ilgiz Tantashev,Full time,0,1,France,Paraguay,away,Isidro Pitta,25,unused_bench,Attacker,,,
4653842,france-vs-paraguay,https://www.fotmob.com/matches/france-vs-paraguay/1hu3vk#4653842,Paraguay vs France (2026-07-04T21:00:00.000Z),Paraguay,France,2026-07-04T21:00:00.000Z,,Philadelphia Stadium,Ilgiz Tantashev,Full time,0,1,France,Paraguay,away,Ramón Sosa,7,unused_bench,Attacker,,,
4653842,france-vs-paraguay,https://www.fotmob.com/matches/france-vs-paraguay/1hu3vk#4653842,Paraguay vs France (2026-07-04T21:00:00.000Z),Paraguay,France,2026-07-04T21:00:00.000Z,,Philadelphia Stadium,Ilgiz Tantashev,Full time,0,1,France,Paraguay,away,Brice Samba,1,unused_bench,Keeper,,,
4653842,france-vs-paraguay,https://www.fotmob.com/matches/france-vs-paraguay/1hu3vk#4653842,Paraguay vs France (2026-07-04T21:00:00.000Z),Paraguay,France,2026-07-04T21:00:00.000Z,,Philadelphia Stadium,Ilgiz Tantashev,Full time,0,1,France,Paraguay,away,Robin Risser,23,unused_bench,Keeper,,,
4653842,france-vs-paraguay,https://www.fotmob.com/matches/france-vs-paraguay/1hu3vk#4653842,Paraguay vs France (2026-07-04T21:00:00.000Z),Paraguay,France,2026-07-04T21:00:00.000Z,,Philadelphia Stadium,Ilgiz Tantashev,Full time,0,1,France,Paraguay,away,Ibrahima Konaté,15,unused_bench,Defender,,,
4653842,france-vs-paraguay,https://www.fotmob.com/matches/france-vs-paraguay/1hu3vk#4653842,Paraguay vs France (2026-07-04T21:00:00.000Z),Paraguay,France,2026-07-04T21:00:00.000Z,,Philadelphia Stadium,Ilgiz Tantashev,Full time,0,1,France,Paraguay,away,Lucas Hernández,21,unused_bench,Defender,,,
4653842,france-vs-paraguay,https://www.fotmob.com/matches/france-vs-paraguay/1hu3vk#4653842,Paraguay vs France (2026-07-04T21:00:00.000Z),Paraguay,France,2026-07-04T21:00:00.000Z,,Philadelphia Stadium,Ilgiz Tantashev,Full time,0,1,France,Paraguay,away,Malo Gusto,2,unused_bench,Defender,,,
4653842,france-vs-paraguay,https://www.fotmob.com/matches/france-vs-paraguay/1hu3vk#4653842,Paraguay vs France (2026-07-04T21:00:00.000Z),Paraguay,France,2026-07-04T21:00:00.000Z,,Philadelphia Stadium,Ilgiz Tantashev,Full time,0,1,France,Paraguay,away,Maxence Lacroix,26,unused_bench,Defender,,,
4653842,france-vs-paraguay,https://www.fotmob.com/matches/france-vs-paraguay/1hu3vk#4653842,Paraguay vs France (2026-07-04T21:00:00.000Z),Paraguay,France,2026-07-04T21:00:00.000Z,,Philadelphia Stadium,Ilgiz Tantashev,Full time,0,1,France,Paraguay,away,Theo Hernández,19,unused_bench,Defender,,,
4653842,france-vs-paraguay,https://www.fotmob.com/matches/france-vs-paraguay/1hu3vk#4653842,Paraguay vs France (2026-07-04T21:00:00.000Z),Paraguay,France,2026-07-04T21:00:00.000Z,,Philadelphia Stadium,Ilgiz Tantashev,Full time,0,1,France,Paraguay,away,Aurélien Tchouaméni,8,unused_bench,Midfielder,,,
4653842,france-vs-paraguay,https://www.fotmob.com/matches/france-vs-paraguay/1hu3vk#4653842,Paraguay vs France (2026-07-04T21:00:00.000Z),Paraguay,France,2026-07-04T21:00:00.000Z,,Philadelphia Stadium,Ilgiz Tantashev,Full time,0,1,France,Paraguay,away,N'Golo Kanté,13,unused_bench,Midfielder,,,
4653842,france-vs-paraguay,https://www.fotmob.com/matches/france-vs-paraguay/1hu3vk#4653842,Paraguay vs France (2026-07-04T21:00:00.000Z),Paraguay,France,2026-07-04T21:00:00.000Z,,Philadelphia Stadium,Ilgiz Tantashev,Full time,0,1,France,Paraguay,away,Warren Zaïre-Emery,18,unused_bench,Midfielder,,,
4653842,france-vs-paraguay,https://www.fotmob.com/matches/france-vs-paraguay/1hu3vk#4653842,Paraguay vs France (2026-07-04T21:00:00.000Z),Paraguay,France,2026-07-04T21:00:00.000Z,,Philadelphia Stadium,Ilgiz Tantashev,Full time,0,1,France,Paraguay,away,Jean-Philippe Mateta,22,unused_bench,Attacker,,,
4653842,france-vs-paraguay,https://www.fotmob.com/matches/france-vs-paraguay/1hu3vk#4653842,Paraguay vs France (2026-07-04T21:00:00.000Z),Paraguay,France,2026-07-04T21:00:00.000Z,,Philadelphia Stadium,Ilgiz Tantashev,Full time,0,1,France,Paraguay,away,Maghnes Akliouche,25,unused_bench,Attacker,,,
4653842,france-vs-paraguay,https://www.fotmob.com/matches/france-vs-paraguay/1hu3vk#4653842,Paraguay vs France (2026-07-04T21:00:00.000Z),Paraguay,France,2026-07-04T21:00:00.000Z,,Philadelphia Stadium,Ilgiz Tantashev,Full time,0,1,France,Paraguay,away,Marcus Thuram,9,unused_bench,Attacker,,,
4653715,cape-verde-vs-argentina,https://www.fotmob.com/matches/cape-verde-vs-argentina/1b81pp#4653715,Argentina vs Cape Verde (2026-07-03T22:00:00.000Z),Argentina,Cape Verde,2026-07-03T22:00:00.000Z,,Miami Stadium,Drew Thomas Fischer,After extra time,3,2,Argentina,Cape Verde,home,Nicolás González,15,used_substitute,Midfielder,7.2,63.0,
4653715,cape-verde-vs-argentina,https://www.fotmob.com/matches/cape-verde-vs-argentina/1b81pp#4653715,Argentina vs Cape Verde (2026-07-03T22:00:00.000Z),Argentina,Cape Verde,2026-07-03T22:00:00.000Z,,Miami Stadium,Drew Thomas Fischer,After extra time,3,2,Argentina,Cape Verde,home,Julián Álvarez,9,used_substitute,Attacker,6.6,63.0,
4653715,cape-verde-vs-argentina,https://www.fotmob.com/matches/cape-verde-vs-argentina/1b81pp#4653715,Argentina vs Cape Verde (2026-07-03T22:00:00.000Z),Argentina,Cape Verde,2026-07-03T22:00:00.000Z,,Miami Stadium,Drew Thomas Fischer,After extra time,3,2,Argentina,Cape Verde,home,Leandro Paredes,5,used_substitute,Midfielder,7.0,84.0,
4653715,cape-verde-vs-argentina,https://www.fotmob.com/matches/cape-verde-vs-argentina/1b81pp#4653715,Argentina vs Cape Verde (2026-07-03T22:00:00.000Z),Argentina,Cape Verde,2026-07-03T22:00:00.000Z,,Miami Stadium,Drew Thomas Fischer,After extra time,3,2,Argentina,Cape Verde,home,Nicolás Tagliafico,3,used_substitute,Defender,6.9,85.0,
4653715,cape-verde-vs-argentina,https://www.fotmob.com/matches/cape-verde-vs-argentina/1b81pp#4653715,Argentina vs Cape Verde (2026-07-03T22:00:00.000Z),Argentina,Cape Verde,2026-07-03T22:00:00.000Z,,Miami Stadium,Drew Thomas Fischer,After extra time,3,2,Argentina,Cape Verde,home,Gonzalo Montiel,4,used_substitute,Defender,5.9,104.0,
4653715,cape-verde-vs-argentina,https://www.fotmob.com/matches/cape-verde-vs-argentina/1b81pp#4653715,Argentina vs Cape Verde (2026-07-03T22:00:00.000Z),Argentina,Cape Verde,2026-07-03T22:00:00.000Z,,Miami Stadium,Drew Thomas Fischer,After extra time,3,2,Cape Verde,Argentina,away,Jamiro Monteiro,10,used_substitute,Midfielder,6.3,67.0,
4653715,cape-verde-vs-argentina,https://www.fotmob.com/matches/cape-verde-vs-argentina/1b81pp#4653715,Argentina vs Cape Verde (2026-07-03T22:00:00.000Z),Argentina,Cape Verde,2026-07-03T22:00:00.000Z,,Miami Stadium,Drew Thomas Fischer,After extra time,3,2,Cape Verde,Argentina,away,Dailon Livramento,19,used_substitute,Attacker,6.0,67.0,
4653715,cape-verde-vs-argentina,https://www.fotmob.com/matches/cape-verde-vs-argentina/1b81pp#4653715,Argentina vs Cape Verde (2026-07-03T22:00:00.000Z),Argentina,Cape Verde,2026-07-03T22:00:00.000Z,,Miami Stadium,Drew Thomas Fischer,After extra time,3,2,Cape Verde,Argentina,away,Hélio Varela,26,used_substitute,Attacker,6.8,80.0,
4653715,cape-verde-vs-argentina,https://www.fotmob.com/matches/cape-verde-vs-argentina/1b81pp#4653715,Argentina vs Cape Verde (2026-07-03T22:00:00.000Z),Argentina,Cape Verde,2026-07-03T22:00:00.000Z,,Miami Stadium,Drew Thomas Fischer,After extra time,3,2,Cape Verde,Argentina,away,Willy Semedo,17,used_substitute,Attacker,5.6,80.0,
4653715,cape-verde-vs-argentina,https://www.fotmob.com/matches/cape-verde-vs-argentina/1b81pp#4653715,Argentina vs Cape Verde (2026-07-03T22:00:00.000Z),Argentina,Cape Verde,2026-07-03T22:00:00.000Z,,Miami Stadium,Drew Thomas Fischer,After extra time,3,2,Cape Verde,Argentina,away,Yannick Semedo,16,used_substitute,Midfielder,7.4,100.0,
4653715,cape-verde-vs-argentina,https://www.fotmob.com/matches/cape-verde-vs-argentina/1b81pp#4653715,Argentina vs Cape Verde (2026-07-03T22:00:00.000Z),Argentina,Cape Verde,2026-07-03T22:00:00.000Z,,Miami Stadium,Drew Thomas Fischer,After extra time,3,2,Cape Verde,Argentina,away,Gilson Benchimol,9,used_substitute,Attacker,6.0,100.0,
4653715,cape-verde-vs-argentina,https://www.fotmob.com/matches/cape-verde-vs-argentina/1b81pp#4653715,Argentina vs Cape Verde (2026-07-03T22:00:00.000Z),Argentina,Cape Verde,2026-07-03T22:00:00.000Z,,Miami Stadium,Drew Thomas Fischer,After extra time,3,2,Argentina,Cape Verde,home,Gerónimo Rulli,12,unused_bench,Keeper,,,
4653715,cape-verde-vs-argentina,https://www.fotmob.com/matches/cape-verde-vs-argentina/1b81pp#4653715,Argentina vs Cape Verde (2026-07-03T22:00:00.000Z),Argentina,Cape Verde,2026-07-03T22:00:00.000Z,,Miami Stadium,Drew Thomas Fischer,After extra time,3,2,Cape Verde,Argentina,away,Juan Musso,1,unused_bench,Keeper,,,
4653715,cape-verde-vs-argentina,https://www.fotmob.com/matches/cape-verde-vs-argentina/1b81pp#4653715,Argentina vs Cape Verde (2026-07-03T22:00:00.000Z),Argentina,Cape Verde,2026-07-03T22:00:00.000Z,,Miami Stadium,Drew Thomas Fischer,After extra time,3,2,Cape Verde,Argentina,away,Marcos Senesi,2,unused_bench,Defender,,,
4653715,cape-verde-vs-argentina,https://www.fotmob.com/matches/cape-verde-vs-argentina/1b81pp#4653715,Argentina vs Cape Verde (2026-07-03T22:00:00.000Z),Argentina,Cape Verde,2026-07-03T22:00:00.000Z,,Miami Stadium,Drew Thomas Fischer,After extra time,3,2,Cape Verde,Argentina,away,Nicolás Otamendi,19,unused_bench,Defender,,,
4653715,cape-verde-vs-argentina,https://www.fotmob.com/matches/cape-verde-vs-argentina/1b81pp#4653715,Argentina vs Cape Verde (2026-07-03T22:00:00.000Z),Argentina,Cape Verde,2026-07-03T22:00:00.000Z,,Miami Stadium,Drew Thomas Fischer,After extra time,3,2,Cape Verde,Argentina,away,Exequiel Palacios,14,unused_bench,Midfielder,,,
4653715,cape-verde-vs-argentina,https://www.fotmob.com/matches/cape-verde-vs-argentina/1b81pp#4653715,Argentina vs Cape Verde (2026-07-03T22:00:00.000Z),Argentina,Cape Verde,2026-07-03T22:00:00.000Z,,Miami Stadium,Drew Thomas Fischer,After extra time,3,2,Cape Verde,Argentina,away,Giovani Lo Celso,11,unused_bench,Midfielder,,,
4653715,cape-verde-vs-argentina,https://www.fotmob.com/matches/cape-verde-vs-argentina/1b81pp#4653715,Argentina vs Cape Verde (2026-07-03T22:00:00.000Z),Argentina,Cape Verde,2026-07-03T22:00:00.000Z,,Miami Stadium,Drew Thomas Fischer,After extra time,3,2,Cape Verde,Argentina,away,Giuliano Simeone,17,unused_bench,Midfielder,,,
4653715,cape-verde-vs-argentina,https://www.fotmob.com/matches/cape-verde-vs-argentina/1b81pp#4653715,Argentina vs Cape Verde (2026-07-03T22:00:00.000Z),Argentina,Cape Verde,2026-07-03T22:00:00.000Z,,Miami Stadium,Drew Thomas Fischer,After extra time,3,2,Cape Verde,Argentina,away,Nico Paz,18,unused_bench,Midfielder,,,
4653715,cape-verde-vs-argentina,https://www.fotmob.com/matches/cape-verde-vs-argentina/1b81pp#4653715,Argentina vs Cape Verde (2026-07-03T22:00:00.000Z),Argentina,Cape Verde,2026-07-03T22:00:00.000Z,,Miami Stadium,Drew Thomas Fischer,After extra time,3,2,Cape Verde,Argentina,away,Valentín Barco,8,unused_bench,Midfielder,,,
4653715,cape-verde-vs-argentina,https://www.fotmob.com/matches/cape-verde-vs-argentina/1b81pp#4653715,Argentina vs Cape Verde (2026-07-03T22:00:00.000Z),Argentina,Cape Verde,2026-07-03T22:00:00.000Z,,Miami Stadium,Drew Thomas Fischer,After extra time,3,2,Cape Verde,Argentina,away,José López,21,unused_bench,Attacker,,,
4653715,cape-verde-vs-argentina,https://www.fotmob.com/matches/cape-verde-vs-argentina/1b81pp#4653715,Argentina vs Cape Verde (2026-07-03T22:00:00.000Z),Argentina,Cape Verde,2026-07-03T22:00:00.000Z,,Miami Stadium,Drew Thomas Fischer,After extra time,3,2,Cape Verde,Argentina,away,Carlos Dos Santos,23,unused_bench,Keeper,,,
4653715,cape-verde-vs-argentina,https://www.fotmob.com/matches/cape-verde-vs-argentina/1b81pp#4653715,Argentina vs Cape Verde (2026-07-03T22:00:00.000Z),Argentina,Cape Verde,2026-07-03T22:00:00.000Z,,Miami Stadium,Drew Thomas Fischer,After extra time,3,2,Cape Verde,Argentina,away,Márcio Rosa,12,unused_bench,Keeper,,,
4653715,cape-verde-vs-argentina,https://www.fotmob.com/matches/cape-verde-vs-argentina/1b81pp#4653715,Argentina vs Cape Verde (2026-07-03T22:00:00.000Z),Argentina,Cape Verde,2026-07-03T22:00:00.000Z,,Miami Stadium,Drew Thomas Fischer,After extra time,3,2,Cape Verde,Argentina,away,Kelvin Pires,25,unused_bench,Defender,,,
4653715,cape-verde-vs-argentina,https://www.fotmob.com/matches/cape-verde-vs-argentina/1b81pp#4653715,Argentina vs Cape Verde (2026-07-03T22:00:00.000Z),Argentina,Cape Verde,2026-07-03T22:00:00.000Z,,Miami Stadium,Drew Thomas Fischer,After extra time,3,2,Cape Verde,Argentina,away,Logan Costa,5,unused_bench,Defender,,,
4653715,cape-verde-vs-argentina,https://www.fotmob.com/matches/cape-verde-vs-argentina/1b81pp#4653715,Argentina vs Cape Verde (2026-07-03T22:00:00.000Z),Argentina,Cape Verde,2026-07-03T22:00:00.000Z,,Miami Stadium,Drew Thomas Fischer,After extra time,3,2,Cape Verde,Argentina,away,Stopira,2,unused_bench,Defender,,,
4653715,cape-verde-vs-argentina,https://www.fotmob.com/matches/cape-verde-vs-argentina/1b81pp#4653715,Argentina vs Cape Verde (2026-07-03T22:00:00.000Z),Argentina,Cape Verde,2026-07-03T22:00:00.000Z,,Miami Stadium,Drew Thomas Fischer,After extra time,3,2,Cape Verde,Argentina,away,Wagner Pina,24,unused_bench,Defender,,,
4653715,cape-verde-vs-argentina,https://www.fotmob.com/matches/cape-verde-vs-argentina/1b81pp#4653715,Argentina vs Cape Verde (2026-07-03T22:00:00.000Z),Argentina,Cape Verde,2026-07-03T22:00:00.000Z,,Miami Stadium,Drew Thomas Fischer,After extra time,3,2,Cape Verde,Argentina,away,João Paulo,8,unused_bench,Midfielder,,,
4653715,cape-verde-vs-argentina,https://www.fotmob.com/matches/cape-verde-vs-argentina/1b81pp#4653715,Argentina vs Cape Verde (2026-07-03T22:00:00.000Z),Argentina,Cape Verde,2026-07-03T22:00:00.000Z,,Miami Stadium,Drew Thomas Fischer,After extra time,3,2,Cape Verde,Argentina,away,Garry Rodrigues,11,unused_bench,Attacker,,,
4653715,cape-verde-vs-argentina,https://www.fotmob.com/matches/cape-verde-vs-argentina/1b81pp#4653715,Argentina vs Cape Verde (2026-07-03T22:00:00.000Z),Argentina,Cape Verde,2026-07-03T22:00:00.000Z,,Miami Stadium,Drew Thomas Fischer,After extra time,3,2,Cape Verde,Argentina,away,Telmo Arcanjo,18,unused_bench,Attacker,,,
4653716,australia-vs-egypt,https://www.fotmob.com/matches/australia-vs-egypt/2dqwke#4653716,Australia vs Egypt (2026-07-03T18:00:00.000Z),Australia,Egypt,2026-07-03T18:00:00.000Z,,Dallas Stadium,Gustavo Adrian Tejera Capo,Pen: 2 - 4,1,1,Australia,Egypt,home,Kai Trewin,15,used_substitute,Midfielder,6.1,46.0,
4653716,australia-vs-egypt,https://www.fotmob.com/matches/australia-vs-egypt/2dqwke#4653716,Australia vs Egypt (2026-07-03T18:00:00.000Z),Australia,Egypt,2026-07-03T18:00:00.000Z,,Dallas Stadium,Gustavo Adrian Tejera Capo,Pen: 2 - 4,1,1,Australia,Egypt,home,Ajdin Hrustic,10,used_substitute,Midfielder,6.7,74.0,
4653716,australia-vs-egypt,https://www.fotmob.com/matches/australia-vs-egypt/2dqwke#4653716,Australia vs Egypt (2026-07-03T18:00:00.000Z),Australia,Egypt,2026-07-03T18:00:00.000Z,,Dallas Stadium,Gustavo Adrian Tejera Capo,Pen: 2 - 4,1,1,Australia,Egypt,home,Mohamed Touré,9,used_substitute,Attacker,5.9,74.0,
4653716,australia-vs-egypt,https://www.fotmob.com/matches/australia-vs-egypt/2dqwke#4653716,Australia vs Egypt (2026-07-03T18:00:00.000Z),Australia,Egypt,2026-07-03T18:00:00.000Z,,Dallas Stadium,Gustavo Adrian Tejera Capo,Pen: 2 - 4,1,1,Australia,Egypt,home,Paul Okon-Engstler,24,used_substitute,Midfielder,6.3,91.0,
4653716,australia-vs-egypt,https://www.fotmob.com/matches/australia-vs-egypt/2dqwke#4653716,Australia vs Egypt (2026-07-03T18:00:00.000Z),Australia,Egypt,2026-07-03T18:00:00.000Z,,Dallas Stadium,Gustavo Adrian Tejera Capo,Pen: 2 - 4,1,1,Australia,Egypt,home,Awer Mabil,11,used_substitute,Attacker,6.4,91.0,
4653716,australia-vs-egypt,https://www.fotmob.com/matches/australia-vs-egypt/2dqwke#4653716,Australia vs Egypt (2026-07-03T18:00:00.000Z),Australia,Egypt,2026-07-03T18:00:00.000Z,,Dallas Stadium,Gustavo Adrian Tejera Capo,Pen: 2 - 4,1,1,Australia,Egypt,home,Mathew Ryan,1,used_substitute,Keeper,,119.0,
4653716,australia-vs-egypt,https://www.fotmob.com/matches/australia-vs-egypt/2dqwke#4653716,Australia vs Egypt (2026-07-03T18:00:00.000Z),Australia,Egypt,2026-07-03T18:00:00.000Z,,Dallas Stadium,Gustavo Adrian Tejera Capo,Pen: 2 - 4,1,1,Egypt,Australia,away,Hossam Abdelmaguid,4,used_substitute,Defender,6.3,67.0,
4653716,australia-vs-egypt,https://www.fotmob.com/matches/australia-vs-egypt/2dqwke#4653716,Australia vs Egypt (2026-07-03T18:00:00.000Z),Australia,Egypt,2026-07-03T18:00:00.000Z,,Dallas Stadium,Gustavo Adrian Tejera Capo,Pen: 2 - 4,1,1,Egypt,Australia,away,Haissem Hassan,12,used_substitute,Attacker,6.5,67.0,
4653716,australia-vs-egypt,https://www.fotmob.com/matches/australia-vs-egypt/2dqwke#4653716,Australia vs Egypt (2026-07-03T18:00:00.000Z),Australia,Egypt,2026-07-03T18:00:00.000Z,,Dallas Stadium,Gustavo Adrian Tejera Capo,Pen: 2 - 4,1,1,Egypt,Australia,away,Trezeguet,7,used_substitute,Attacker,6.2,80.0,
4653716,australia-vs-egypt,https://www.fotmob.com/matches/australia-vs-egypt/2dqwke#4653716,Australia vs Egypt (2026-07-03T18:00:00.000Z),Australia,Egypt,2026-07-03T18:00:00.000Z,,Dallas Stadium,Gustavo Adrian Tejera Capo,Pen: 2 - 4,1,1,Egypt,Australia,away,Hamza Abdelkarim,9,used_substitute,Attacker,5.9,106.0,
4653716,australia-vs-egypt,https://www.fotmob.com/matches/australia-vs-egypt/2dqwke#4653716,Australia vs Egypt (2026-07-03T18:00:00.000Z),Australia,Egypt,2026-07-03T18:00:00.000Z,,Dallas Stadium,Gustavo Adrian Tejera Capo,Pen: 2 - 4,1,1,Egypt,Australia,away,Mahmoud Saber,21,used_substitute,Midfielder,,120.0,
4653716,australia-vs-egypt,https://www.fotmob.com/matches/australia-vs-egypt/2dqwke#4653716,Australia vs Egypt (2026-07-03T18:00:00.000Z),Australia,Egypt,2026-07-03T18:00:00.000Z,,Dallas Stadium,Gustavo Adrian Tejera Capo,Pen: 2 - 4,1,1,Australia,Egypt,home,Paul Izzo,12,unused_bench,Keeper,,,
4653716,australia-vs-egypt,https://www.fotmob.com/matches/australia-vs-egypt/2dqwke#4653716,Australia vs Egypt (2026-07-03T18:00:00.000Z),Australia,Egypt,2026-07-03T18:00:00.000Z,,Dallas Stadium,Gustavo Adrian Tejera Capo,Pen: 2 - 4,1,1,Australia,Egypt,home,Cameron Burgess,21,unused_bench,Defender,,,
4653716,australia-vs-egypt,https://www.fotmob.com/matches/australia-vs-egypt/2dqwke#4653716,Australia vs Egypt (2026-07-03T18:00:00.000Z),Australia,Egypt,2026-07-03T18:00:00.000Z,,Dallas Stadium,Gustavo Adrian Tejera Capo,Pen: 2 - 4,1,1,Australia,Egypt,home,Jason Geria,6,unused_bench,Defender,,,
4653716,australia-vs-egypt,https://www.fotmob.com/matches/australia-vs-egypt/2dqwke#4653716,Australia vs Egypt (2026-07-03T18:00:00.000Z),Australia,Egypt,2026-07-03T18:00:00.000Z,,Dallas Stadium,Gustavo Adrian Tejera Capo,Pen: 2 - 4,1,1,Australia,Egypt,home,Milos Degenek,2,unused_bench,Defender,,,
4653716,australia-vs-egypt,https://www.fotmob.com/matches/australia-vs-egypt/2dqwke#4653716,Australia vs Egypt (2026-07-03T18:00:00.000Z),Australia,Egypt,2026-07-03T18:00:00.000Z,,Dallas Stadium,Gustavo Adrian Tejera Capo,Pen: 2 - 4,1,1,Australia,Egypt,home,Cameron Devlin,14,unused_bench,Midfielder,,,
4653716,australia-vs-egypt,https://www.fotmob.com/matches/australia-vs-egypt/2dqwke#4653716,Australia vs Egypt (2026-07-03T18:00:00.000Z),Australia,Egypt,2026-07-03T18:00:00.000Z,,Dallas Stadium,Gustavo Adrian Tejera Capo,Pen: 2 - 4,1,1,Australia,Egypt,home,Nishan Velupillay,23,unused_bench,Attacker,,,
4653716,australia-vs-egypt,https://www.fotmob.com/matches/australia-vs-egypt/2dqwke#4653716,Australia vs Egypt (2026-07-03T18:00:00.000Z),Australia,Egypt,2026-07-03T18:00:00.000Z,,Dallas Stadium,Gustavo Adrian Tejera Capo,Pen: 2 - 4,1,1,Australia,Egypt,home,Tete Yengi,26,unused_bench,Attacker,,,
4653716,australia-vs-egypt,https://www.fotmob.com/matches/australia-vs-egypt/2dqwke#4653716,Australia vs Egypt (2026-07-03T18:00:00.000Z),Australia,Egypt,2026-07-03T18:00:00.000Z,,Dallas Stadium,Gustavo Adrian Tejera Capo,Pen: 2 - 4,1,1,Egypt,Australia,away,Al Mahdi Soliman,16,unused_bench,Keeper,,,
4653716,australia-vs-egypt,https://www.fotmob.com/matches/australia-vs-egypt/2dqwke#4653716,Australia vs Egypt (2026-07-03T18:00:00.000Z),Australia,Egypt,2026-07-03T18:00:00.000Z,,Dallas Stadium,Gustavo Adrian Tejera Capo,Pen: 2 - 4,1,1,Egypt,Australia,away,Mohamed Alaa,26,unused_bench,Keeper,,,
4653716,australia-vs-egypt,https://www.fotmob.com/matches/australia-vs-egypt/2dqwke#4653716,Australia vs Egypt (2026-07-03T18:00:00.000Z),Australia,Egypt,2026-07-03T18:00:00.000Z,,Dallas Stadium,Gustavo Adrian Tejera Capo,Pen: 2 - 4,1,1,Egypt,Australia,away,Mohamed El Shenawy,1,unused_bench,Keeper,,,
4653716,australia-vs-egypt,https://www.fotmob.com/matches/australia-vs-egypt/2dqwke#4653716,Australia vs Egypt (2026-07-03T18:00:00.000Z),Australia,Egypt,2026-07-03T18:00:00.000Z,,Dallas Stadium,Gustavo Adrian Tejera Capo,Pen: 2 - 4,1,1,Egypt,Australia,away,Tarek Alaa,24,unused_bench,Defender,,,
4653716,australia-vs-egypt,https://www.fotmob.com/matches/australia-vs-egypt/2dqwke#4653716,Australia vs Egypt (2026-07-03T18:00:00.000Z),Australia,Egypt,2026-07-03T18:00:00.000Z,,Dallas Stadium,Gustavo Adrian Tejera Capo,Pen: 2 - 4,1,1,Egypt,Australia,away,Nabil Dunga,18,unused_bench,Midfielder,,,
4653716,australia-vs-egypt,https://www.fotmob.com/matches/australia-vs-egypt/2dqwke#4653716,Australia vs Egypt (2026-07-03T18:00:00.000Z),Australia,Egypt,2026-07-03T18:00:00.000Z,,Dallas Stadium,Gustavo Adrian Tejera Capo,Pen: 2 - 4,1,1,Egypt,Australia,away,Ibrahim Adel,20,unused_bench,Attacker,,,
4653716,australia-vs-egypt,https://www.fotmob.com/matches/australia-vs-egypt/2dqwke#4653716,Australia vs Egypt (2026-07-03T18:00:00.000Z),Australia,Egypt,2026-07-03T18:00:00.000Z,,Dallas Stadium,Gustavo Adrian Tejera Capo,Pen: 2 - 4,1,1,Egypt,Australia,away,Zizo,25,unused_bench,Attacker,,,
4653718,ghana-vs-colombia,https://www.fotmob.com/matches/ghana-vs-colombia/1uqlxk#4653718,Colombia vs Ghana (2026-07-04T01:30:00.000Z),Colombia,Ghana,2026-07-04T01:30:00.000Z,,Kansas City Stadium,Clément Turpin,Full time,1,0,Colombia,Ghana,home,Luis Suárez,25,used_substitute,Attacker,7.2,8.0,
4653718,ghana-vs-colombia,https://www.fotmob.com/matches/ghana-vs-colombia/1uqlxk#4653718,Colombia vs Ghana (2026-07-04T01:30:00.000Z),Colombia,Ghana,2026-07-04T01:30:00.000Z,,Kansas City Stadium,Clément Turpin,Full time,1,0,Colombia,Ghana,home,Richard Ríos,6,used_substitute,Midfielder,6.8,46.0,
4653718,ghana-vs-colombia,https://www.fotmob.com/matches/ghana-vs-colombia/1uqlxk#4653718,Colombia vs Ghana (2026-07-04T01:30:00.000Z),Colombia,Ghana,2026-07-04T01:30:00.000Z,,Kansas City Stadium,Clément Turpin,Full time,1,0,Colombia,Ghana,home,Juan Quintero,20,used_substitute,Midfielder,7.3,72.0,
4653718,ghana-vs-colombia,https://www.fotmob.com/matches/ghana-vs-colombia/1uqlxk#4653718,Colombia vs Ghana (2026-07-04T01:30:00.000Z),Colombia,Ghana,2026-07-04T01:30:00.000Z,,Kansas City Stadium,Clément Turpin,Full time,1,0,Colombia,Ghana,home,Jaminton Campaz,21,used_substitute,Attacker,,90.0,
4653718,ghana-vs-colombia,https://www.fotmob.com/matches/ghana-vs-colombia/1uqlxk#4653718,Colombia vs Ghana (2026-07-04T01:30:00.000Z),Colombia,Ghana,2026-07-04T01:30:00.000Z,,Kansas City Stadium,Clément Turpin,Full time,1,0,Ghana,Colombia,away,Alidu Seidu,2,used_substitute,Defender,6.4,13.0,
4653718,ghana-vs-colombia,https://www.fotmob.com/matches/ghana-vs-colombia/1uqlxk#4653718,Colombia vs Ghana (2026-07-04T01:30:00.000Z),Colombia,Ghana,2026-07-04T01:30:00.000Z,,Kansas City Stadium,Clément Turpin,Full time,1,0,Ghana,Colombia,away,Elisha Owusu,15,used_substitute,Midfielder,6.2,62.0,
4653718,ghana-vs-colombia,https://www.fotmob.com/matches/ghana-vs-colombia/1uqlxk#4653718,Colombia vs Ghana (2026-07-04T01:30:00.000Z),Colombia,Ghana,2026-07-04T01:30:00.000Z,,Kansas City Stadium,Clément Turpin,Full time,1,0,Ghana,Colombia,away,Abdul Fatawu,7,used_substitute,Attacker,6.0,62.0,
4653718,ghana-vs-colombia,https://www.fotmob.com/matches/ghana-vs-colombia/1uqlxk#4653718,Colombia vs Ghana (2026-07-04T01:30:00.000Z),Colombia,Ghana,2026-07-04T01:30:00.000Z,,Kansas City Stadium,Clément Turpin,Full time,1,0,Ghana,Colombia,away,Ernest Nuamah,24,used_substitute,Midfielder,6.4,79.0,
4653718,ghana-vs-colombia,https://www.fotmob.com/matches/ghana-vs-colombia/1uqlxk#4653718,Colombia vs Ghana (2026-07-04T01:30:00.000Z),Colombia,Ghana,2026-07-04T01:30:00.000Z,,Kansas City Stadium,Clément Turpin,Full time,1,0,Ghana,Colombia,away,Prince Adu,25,used_substitute,Attacker,5.8,79.0,
4653718,ghana-vs-colombia,https://www.fotmob.com/matches/ghana-vs-colombia/1uqlxk#4653718,Colombia vs Ghana (2026-07-04T01:30:00.000Z),Colombia,Ghana,2026-07-04T01:30:00.000Z,,Kansas City Stadium,Clément Turpin,Full time,1,0,Colombia,Ghana,home,Álvaro Montero,24,unused_bench,Keeper,,,
4653718,ghana-vs-colombia,https://www.fotmob.com/matches/ghana-vs-colombia/1uqlxk#4653718,Colombia vs Ghana (2026-07-04T01:30:00.000Z),Colombia,Ghana,2026-07-04T01:30:00.000Z,,Kansas City Stadium,Clément Turpin,Full time,1,0,Ghana,Colombia,away,David Ospina,1,unused_bench,Keeper,,,
4653718,ghana-vs-colombia,https://www.fotmob.com/matches/ghana-vs-colombia/1uqlxk#4653718,Colombia vs Ghana (2026-07-04T01:30:00.000Z),Colombia,Ghana,2026-07-04T01:30:00.000Z,,Kansas City Stadium,Clément Turpin,Full time,1,0,Ghana,Colombia,away,Santiago Arias,4,unused_bench,Defender,,,
4653718,ghana-vs-colombia,https://www.fotmob.com/matches/ghana-vs-colombia/1uqlxk#4653718,Colombia vs Ghana (2026-07-04T01:30:00.000Z),Colombia,Ghana,2026-07-04T01:30:00.000Z,,Kansas City Stadium,Clément Turpin,Full time,1,0,Ghana,Colombia,away,Willer Ditta,18,unused_bench,Defender,,,
4653718,ghana-vs-colombia,https://www.fotmob.com/matches/ghana-vs-colombia/1uqlxk#4653718,Colombia vs Ghana (2026-07-04T01:30:00.000Z),Colombia,Ghana,2026-07-04T01:30:00.000Z,,Kansas City Stadium,Clément Turpin,Full time,1,0,Ghana,Colombia,away,Yerry Mina,13,unused_bench,Defender,,,
4653718,ghana-vs-colombia,https://www.fotmob.com/matches/ghana-vs-colombia/1uqlxk#4653718,Colombia vs Ghana (2026-07-04T01:30:00.000Z),Colombia,Ghana,2026-07-04T01:30:00.000Z,,Kansas City Stadium,Clément Turpin,Full time,1,0,Ghana,Colombia,away,Deiver Machado,22,unused_bench,Midfielder,,,
4653718,ghana-vs-colombia,https://www.fotmob.com/matches/ghana-vs-colombia/1uqlxk#4653718,Colombia vs Ghana (2026-07-04T01:30:00.000Z),Colombia,Ghana,2026-07-04T01:30:00.000Z,,Kansas City Stadium,Clément Turpin,Full time,1,0,Ghana,Colombia,away,Juan Portilla,15,unused_bench,Midfielder,,,
4653718,ghana-vs-colombia,https://www.fotmob.com/matches/ghana-vs-colombia/1uqlxk#4653718,Colombia vs Ghana (2026-07-04T01:30:00.000Z),Colombia,Ghana,2026-07-04T01:30:00.000Z,,Kansas City Stadium,Clément Turpin,Full time,1,0,Ghana,Colombia,away,Kevin Castaño,5,unused_bench,Midfielder,,,
4653718,ghana-vs-colombia,https://www.fotmob.com/matches/ghana-vs-colombia/1uqlxk#4653718,Colombia vs Ghana (2026-07-04T01:30:00.000Z),Colombia,Ghana,2026-07-04T01:30:00.000Z,,Kansas City Stadium,Clément Turpin,Full time,1,0,Ghana,Colombia,away,Andrés Gómez,26,unused_bench,Attacker,,,
4653718,ghana-vs-colombia,https://www.fotmob.com/matches/ghana-vs-colombia/1uqlxk#4653718,Colombia vs Ghana (2026-07-04T01:30:00.000Z),Colombia,Ghana,2026-07-04T01:30:00.000Z,,Kansas City Stadium,Clément Turpin,Full time,1,0,Ghana,Colombia,away,Jorge Carrascal,8,unused_bench,Attacker,,,
4653718,ghana-vs-colombia,https://www.fotmob.com/matches/ghana-vs-colombia/1uqlxk#4653718,Colombia vs Ghana (2026-07-04T01:30:00.000Z),Colombia,Ghana,2026-07-04T01:30:00.000Z,,Kansas City Stadium,Clément Turpin,Full time,1,0,Ghana,Colombia,away,Juan Hernández,19,unused_bench,Attacker,,,
4653718,ghana-vs-colombia,https://www.fotmob.com/matches/ghana-vs-colombia/1uqlxk#4653718,Colombia vs Ghana (2026-07-04T01:30:00.000Z),Colombia,Ghana,2026-07-04T01:30:00.000Z,,Kansas City Stadium,Clément Turpin,Full time,1,0,Ghana,Colombia,away,Benjamin Asare,16,unused_bench,Keeper,,,
4653718,ghana-vs-colombia,https://www.fotmob.com/matches/ghana-vs-colombia/1uqlxk#4653718,Colombia vs Ghana (2026-07-04T01:30:00.000Z),Colombia,Ghana,2026-07-04T01:30:00.000Z,,Kansas City Stadium,Clément Turpin,Full time,1,0,Ghana,Colombia,away,Joseph Anang,12,unused_bench,Keeper,,,
4653718,ghana-vs-colombia,https://www.fotmob.com/matches/ghana-vs-colombia/1uqlxk#4653718,Colombia vs Ghana (2026-07-04T01:30:00.000Z),Colombia,Ghana,2026-07-04T01:30:00.000Z,,Kansas City Stadium,Clément Turpin,Full time,1,0,Ghana,Colombia,away,Abdul Mumin,6,unused_bench,Defender,,,
4653718,ghana-vs-colombia,https://www.fotmob.com/matches/ghana-vs-colombia/1uqlxk#4653718,Colombia vs Ghana (2026-07-04T01:30:00.000Z),Colombia,Ghana,2026-07-04T01:30:00.000Z,,Kansas City Stadium,Clément Turpin,Full time,1,0,Ghana,Colombia,away,Abdul Rahman Baba,17,unused_bench,Defender,,,
4653718,ghana-vs-colombia,https://www.fotmob.com/matches/ghana-vs-colombia/1uqlxk#4653718,Colombia vs Ghana (2026-07-04T01:30:00.000Z),Colombia,Ghana,2026-07-04T01:30:00.000Z,,Kansas City Stadium,Clément Turpin,Full time,1,0,Ghana,Colombia,away,Jonas Adjetey,4,unused_bench,Defender,,,
4653718,ghana-vs-colombia,https://www.fotmob.com/matches/ghana-vs-colombia/1uqlxk#4653718,Colombia vs Ghana (2026-07-04T01:30:00.000Z),Colombia,Ghana,2026-07-04T01:30:00.000Z,,Kansas City Stadium,Clément Turpin,Full time,1,0,Ghana,Colombia,away,Kojo Peprah Oppong,21,unused_bench,Defender,,,
4653718,ghana-vs-colombia,https://www.fotmob.com/matches/ghana-vs-colombia/1uqlxk#4653718,Colombia vs Ghana (2026-07-04T01:30:00.000Z),Colombia,Ghana,2026-07-04T01:30:00.000Z,,Kansas City Stadium,Clément Turpin,Full time,1,0,Ghana,Colombia,away,Christopher Bonsu Baah,13,unused_bench,Midfielder,,,
4653718,ghana-vs-colombia,https://www.fotmob.com/matches/ghana-vs-colombia/1uqlxk#4653718,Colombia vs Ghana (2026-07-04T01:30:00.000Z),Colombia,Ghana,2026-07-04T01:30:00.000Z,,Kansas City Stadium,Clément Turpin,Full time,1,0,Ghana,Colombia,away,Kamaldeen Sulemana,22,unused_bench,Midfielder,,,
4653718,ghana-vs-colombia,https://www.fotmob.com/matches/ghana-vs-colombia/1uqlxk#4653718,Colombia vs Ghana (2026-07-04T01:30:00.000Z),Colombia,Ghana,2026-07-04T01:30:00.000Z,,Kansas City Stadium,Clément Turpin,Full time,1,0,Ghana,Colombia,away,Augustine Boakye,20,unused_bench,Attacker,,,
4653718,ghana-vs-colombia,https://www.fotmob.com/matches/ghana-vs-colombia/1uqlxk#4653718,Colombia vs Ghana (2026-07-04T01:30:00.000Z),Colombia,Ghana,2026-07-04T01:30:00.000Z,,Kansas City Stadium,Clément Turpin,Full time,1,0,Ghana,Colombia,away,Brandon Thomas-Asante,10,unused_bench,Attacker,,,
4653843,canada-vs-morocco,https://www.fotmob.com/matches/canada-vs-morocco/17e1pm#4653843,Canada vs Morocco (2026-07-04T17:00:00.000Z),Canada,Morocco,2026-07-04T17:00:00.000Z,,Houston Stadium,Michael Oliver,Full time,0,3,Canada,Morocco,home,Cyle Larin,9,used_substitute,Attacker,5.8,63.0,
4653843,canada-vs-morocco,https://www.fotmob.com/matches/canada-vs-morocco/17e1pm#4653843,Canada vs Morocco (2026-07-04T17:00:00.000Z),Canada,Morocco,2026-07-04T17:00:00.000Z,,Houston Stadium,Michael Oliver,Full time,0,3,Canada,Morocco,home,Jacob Shaffelburg,14,used_substitute,Attacker,6.4,78.0,
4653843,canada-vs-morocco,https://www.fotmob.com/matches/canada-vs-morocco/17e1pm#4653843,Canada vs Morocco (2026-07-04T17:00:00.000Z),Canada,Morocco,2026-07-04T17:00:00.000Z,,Houston Stadium,Michael Oliver,Full time,0,3,Canada,Morocco,home,Promise David,24,used_substitute,Attacker,6.1,78.0,
4653843,canada-vs-morocco,https://www.fotmob.com/matches/canada-vs-morocco/17e1pm#4653843,Canada vs Morocco (2026-07-04T17:00:00.000Z),Canada,Morocco,2026-07-04T17:00:00.000Z,,Houston Stadium,Michael Oliver,Full time,0,3,Canada,Morocco,home,Jonathan Osorio,21,used_substitute,Midfielder,,87.0,
4653843,canada-vs-morocco,https://www.fotmob.com/matches/canada-vs-morocco/17e1pm#4653843,Canada vs Morocco (2026-07-04T17:00:00.000Z),Canada,Morocco,2026-07-04T17:00:00.000Z,,Houston Stadium,Michael Oliver,Full time,0,3,Canada,Morocco,home,Jayden Nelson,26,used_substitute,Attacker,,87.0,
4653843,canada-vs-morocco,https://www.fotmob.com/matches/canada-vs-morocco/17e1pm#4653843,Canada vs Morocco (2026-07-04T17:00:00.000Z),Canada,Morocco,2026-07-04T17:00:00.000Z,,Houston Stadium,Michael Oliver,Full time,0,3,Morocco,Canada,away,Soufiane Rahimi,9,used_substitute,Attacker,7.9,22.0,
4653843,canada-vs-morocco,https://www.fotmob.com/matches/canada-vs-morocco/17e1pm#4653843,Canada vs Morocco (2026-07-04T17:00:00.000Z),Canada,Morocco,2026-07-04T17:00:00.000Z,,Houston Stadium,Michael Oliver,Full time,0,3,Morocco,Canada,away,Sofyan Amrabat,4,used_substitute,Midfielder,6.1,63.0,
4653843,canada-vs-morocco,https://www.fotmob.com/matches/canada-vs-morocco/17e1pm#4653843,Canada vs Morocco (2026-07-04T17:00:00.000Z),Canada,Morocco,2026-07-04T17:00:00.000Z,,Houston Stadium,Michael Oliver,Full time,0,3,Morocco,Canada,away,Chemsdine Talbi,7,used_substitute,Attacker,6.9,63.0,
4653843,canada-vs-morocco,https://www.fotmob.com/matches/canada-vs-morocco/17e1pm#4653843,Canada vs Morocco (2026-07-04T17:00:00.000Z),Canada,Morocco,2026-07-04T17:00:00.000Z,,Houston Stadium,Michael Oliver,Full time,0,3,Morocco,Canada,away,Marwane Saadane,5,used_substitute,Defender,,87.0,
4653843,canada-vs-morocco,https://www.fotmob.com/matches/canada-vs-morocco/17e1pm#4653843,Canada vs Morocco (2026-07-04T17:00:00.000Z),Canada,Morocco,2026-07-04T17:00:00.000Z,,Houston Stadium,Michael Oliver,Full time,0,3,Morocco,Canada,away,Samir El Mourabet,15,used_substitute,Midfielder,,87.0,
4653843,canada-vs-morocco,https://www.fotmob.com/matches/canada-vs-morocco/17e1pm#4653843,Canada vs Morocco (2026-07-04T17:00:00.000Z),Canada,Morocco,2026-07-04T17:00:00.000Z,,Houston Stadium,Michael Oliver,Full time,0,3,Canada,Morocco,home,Dayne St. Clair,1,unused_bench,Keeper,,,
4653843,canada-vs-morocco,https://www.fotmob.com/matches/canada-vs-morocco/17e1pm#4653843,Canada vs Morocco (2026-07-04T17:00:00.000Z),Canada,Morocco,2026-07-04T17:00:00.000Z,,Houston Stadium,Michael Oliver,Full time,0,3,Morocco,Canada,away,Owen Goodman,18,unused_bench,Keeper,,,
4653843,canada-vs-morocco,https://www.fotmob.com/matches/canada-vs-morocco/17e1pm#4653843,Canada vs Morocco (2026-07-04T17:00:00.000Z),Canada,Morocco,2026-07-04T17:00:00.000Z,,Houston Stadium,Michael Oliver,Full time,0,3,Morocco,Canada,away,Alfie Jones,3,unused_bench,Defender,,,
4653843,canada-vs-morocco,https://www.fotmob.com/matches/canada-vs-morocco/17e1pm#4653843,Canada vs Morocco (2026-07-04T17:00:00.000Z),Canada,Morocco,2026-07-04T17:00:00.000Z,,Houston Stadium,Michael Oliver,Full time,0,3,Morocco,Canada,away,Alphonso Davies,19,unused_bench,Defender,,,
4653843,canada-vs-morocco,https://www.fotmob.com/matches/canada-vs-morocco/17e1pm#4653843,Canada vs Morocco (2026-07-04T17:00:00.000Z),Canada,Morocco,2026-07-04T17:00:00.000Z,,Houston Stadium,Michael Oliver,Full time,0,3,Morocco,Canada,away,Derek Cornelius,13,unused_bench,Defender,,,
4653843,canada-vs-morocco,https://www.fotmob.com/matches/canada-vs-morocco/17e1pm#4653843,Canada vs Morocco (2026-07-04T17:00:00.000Z),Canada,Morocco,2026-07-04T17:00:00.000Z,,Houston Stadium,Michael Oliver,Full time,0,3,Morocco,Canada,away,Joel Waterman,5,unused_bench,Defender,,,
4653843,canada-vs-morocco,https://www.fotmob.com/matches/canada-vs-morocco/17e1pm#4653843,Canada vs Morocco (2026-07-04T17:00:00.000Z),Canada,Morocco,2026-07-04T17:00:00.000Z,,Houston Stadium,Michael Oliver,Full time,0,3,Morocco,Canada,away,Mathieu Choinière,6,unused_bench,Midfielder,,,
4653843,canada-vs-morocco,https://www.fotmob.com/matches/canada-vs-morocco/17e1pm#4653843,Canada vs Morocco (2026-07-04T17:00:00.000Z),Canada,Morocco,2026-07-04T17:00:00.000Z,,Houston Stadium,Michael Oliver,Full time,0,3,Morocco,Canada,away,Nathan Saliba,25,unused_bench,Midfielder,,,
4653843,canada-vs-morocco,https://www.fotmob.com/matches/canada-vs-morocco/17e1pm#4653843,Canada vs Morocco (2026-07-04T17:00:00.000Z),Canada,Morocco,2026-07-04T17:00:00.000Z,,Houston Stadium,Michael Oliver,Full time,0,3,Morocco,Canada,away,Liam Millar,11,unused_bench,Attacker,,,
4653843,canada-vs-morocco,https://www.fotmob.com/matches/canada-vs-morocco/17e1pm#4653843,Canada vs Morocco (2026-07-04T17:00:00.000Z),Canada,Morocco,2026-07-04T17:00:00.000Z,,Houston Stadium,Michael Oliver,Full time,0,3,Morocco,Canada,away,Ahmed Tagnaouti,22,unused_bench,Keeper,,,
4653843,canada-vs-morocco,https://www.fotmob.com/matches/canada-vs-morocco/17e1pm#4653843,Canada vs Morocco (2026-07-04T17:00:00.000Z),Canada,Morocco,2026-07-04T17:00:00.000Z,,Houston Stadium,Michael Oliver,Full time,0,3,Morocco,Canada,away,Munir,12,unused_bench,Keeper,,,
4653843,canada-vs-morocco,https://www.fotmob.com/matches/canada-vs-morocco/17e1pm#4653843,Canada vs Morocco (2026-07-04T17:00:00.000Z),Canada,Morocco,2026-07-04T17:00:00.000Z,,Houston Stadium,Michael Oliver,Full time,0,3,Morocco,Canada,away,Anass Salah-Eddine,26,unused_bench,Defender,,,
4653843,canada-vs-morocco,https://www.fotmob.com/matches/canada-vs-morocco/17e1pm#4653843,Canada vs Morocco (2026-07-04T17:00:00.000Z),Canada,Morocco,2026-07-04T17:00:00.000Z,,Houston Stadium,Michael Oliver,Full time,0,3,Morocco,Canada,away,Chadi Riad,18,unused_bench,Defender,,,
4653843,canada-vs-morocco,https://www.fotmob.com/matches/canada-vs-morocco/17e1pm#4653843,Canada vs Morocco (2026-07-04T17:00:00.000Z),Canada,Morocco,2026-07-04T17:00:00.000Z,,Houston Stadium,Michael Oliver,Full time,0,3,Morocco,Canada,away,Youssef Belammari,19,unused_bench,Defender,,,
4653843,canada-vs-morocco,https://www.fotmob.com/matches/canada-vs-morocco/17e1pm#4653843,Canada vs Morocco (2026-07-04T17:00:00.000Z),Canada,Morocco,2026-07-04T17:00:00.000Z,,Houston Stadium,Michael Oliver,Full time,0,3,Morocco,Canada,away,Zakaria El Ouahdi,13,unused_bench,Defender,,,
4653843,canada-vs-morocco,https://www.fotmob.com/matches/canada-vs-morocco/17e1pm#4653843,Canada vs Morocco (2026-07-04T17:00:00.000Z),Canada,Morocco,2026-07-04T17:00:00.000Z,,Houston Stadium,Michael Oliver,Full time,0,3,Morocco,Canada,away,Amine Sbaï,17,unused_bench,Attacker,,,
4653843,canada-vs-morocco,https://www.fotmob.com/matches/canada-vs-morocco/17e1pm#4653843,Canada vs Morocco (2026-07-04T17:00:00.000Z),Canada,Morocco,2026-07-04T17:00:00.000Z,,Houston Stadium,Michael Oliver,Full time,0,3,Morocco,Canada,away,Ayoub El Kaabi,20,unused_bench,Attacker,,,
4653843,canada-vs-morocco,https://www.fotmob.com/matches/canada-vs-morocco/17e1pm#4653843,Canada vs Morocco (2026-07-04T17:00:00.000Z),Canada,Morocco,2026-07-04T17:00:00.000Z,,Houston Stadium,Michael Oliver,Full time,0,3,Morocco,Canada,away,Ayoube Amaimouni-Echghouyab,21,unused_bench,Attacker,,,
4653843,canada-vs-morocco,https://www.fotmob.com/matches/canada-vs-morocco/17e1pm#4653843,Canada vs Morocco (2026-07-04T17:00:00.000Z),Canada,Morocco,2026-07-04T17:00:00.000Z,,Houston Stadium,Michael Oliver,Full time,0,3,Morocco,Canada,away,Gessime Yassine,16,unused_bench,Attacker,,,
4653842,france-vs-paraguay,https://www.fotmob.com/matches/france-vs-paraguay/1hu3vk#4653842,Paraguay vs France (2026-07-04T21:00:00.000Z),Paraguay,France,2026-07-04T21:00:00.000Z,,Philadelphia Stadium,Ilgiz Tantashev,Full time,0,1,Paraguay,France,home,José Canale,13,used_substitute,Defender,6.2,58.0,
4653842,france-vs-paraguay,https://www.fotmob.com/matches/france-vs-paraguay/1hu3vk#4653842,Paraguay vs France (2026-07-04T21:00:00.000Z),Paraguay,France,2026-07-04T21:00:00.000Z,,Philadelphia Stadium,Ilgiz Tantashev,Full time,0,1,Paraguay,France,home,Gustavo Caballero,24,used_substitute,Attacker,6.0,61.0,
4653842,france-vs-paraguay,https://www.fotmob.com/matches/france-vs-paraguay/1hu3vk#4653842,Paraguay vs France (2026-07-04T21:00:00.000Z),Paraguay,France,2026-07-04T21:00:00.000Z,,Philadelphia Stadium,Ilgiz Tantashev,Full time,0,1,Paraguay,France,home,Mauricio,11,used_substitute,Midfielder,6.5,71.0,
4653842,france-vs-paraguay,https://www.fotmob.com/matches/france-vs-paraguay/1hu3vk#4653842,Paraguay vs France (2026-07-04T21:00:00.000Z),Paraguay,France,2026-07-04T21:00:00.000Z,,Philadelphia Stadium,Ilgiz Tantashev,Full time,0,1,Paraguay,France,home,Gabriel Ávalos,21,used_substitute,Attacker,5.8,71.0,
4653842,france-vs-paraguay,https://www.fotmob.com/matches/france-vs-paraguay/1hu3vk#4653842,Paraguay vs France (2026-07-04T21:00:00.000Z),Paraguay,France,2026-07-04T21:00:00.000Z,,Philadelphia Stadium,Ilgiz Tantashev,Full time,0,1,France,Paraguay,away,Désiré Doué,20,used_substitute,Attacker,7.4,61.0,
4653842,france-vs-paraguay,https://www.fotmob.com/matches/france-vs-paraguay/1hu3vk#4653842,Paraguay vs France (2026-07-04T21:00:00.000Z),Paraguay,France,2026-07-04T21:00:00.000Z,,Philadelphia Stadium,Ilgiz Tantashev,Full time,0,1,France,Paraguay,away,Rayan Cherki,24,used_substitute,Midfielder,,84.0,
4653842,france-vs-paraguay,https://www.fotmob.com/matches/france-vs-paraguay/1hu3vk#4653842,Paraguay vs France (2026-07-04T21:00:00.000Z),Paraguay,France,2026-07-04T21:00:00.000Z,,Philadelphia Stadium,Ilgiz Tantashev,Full time,0,1,Paraguay,France,home,Gastón Olveira,22,unused_bench,Keeper,,,
4653842,france-vs-paraguay,https://www.fotmob.com/matches/france-vs-paraguay/1hu3vk#4653842,Paraguay vs France (2026-07-04T21:00:00.000Z),Paraguay,France,2026-07-04T21:00:00.000Z,,Philadelphia Stadium,Ilgiz Tantashev,Full time,0,1,France,Paraguay,away,Roberto Fernández,1,unused_bench,Keeper,,,
4653842,france-vs-paraguay,https://www.fotmob.com/matches/france-vs-paraguay/1hu3vk#4653842,Paraguay vs France (2026-07-04T21:00:00.000Z),Paraguay,France,2026-07-04T21:00:00.000Z,,Philadelphia Stadium,Ilgiz Tantashev,Full time,0,1,France,Paraguay,away,Alexandro Maidana,26,unused_bench,Defender,,,
4653842,france-vs-paraguay,https://www.fotmob.com/matches/france-vs-paraguay/1hu3vk#4653842,Paraguay vs France (2026-07-04T21:00:00.000Z),Paraguay,France,2026-07-04T21:00:00.000Z,,Philadelphia Stadium,Ilgiz Tantashev,Full time,0,1,France,Paraguay,away,Fabián Balbuena,5,unused_bench,Defender,,,
4653842,france-vs-paraguay,https://www.fotmob.com/matches/france-vs-paraguay/1hu3vk#4653842,Paraguay vs France (2026-07-04T21:00:00.000Z),Paraguay,France,2026-07-04T21:00:00.000Z,,Philadelphia Stadium,Ilgiz Tantashev,Full time,0,1,France,Paraguay,away,Alejandro Romero,17,unused_bench,Midfielder,,,
4653842,france-vs-paraguay,https://www.fotmob.com/matches/france-vs-paraguay/1hu3vk#4653842,Paraguay vs France (2026-07-04T21:00:00.000Z),Paraguay,France,2026-07-04T21:00:00.000Z,,Philadelphia Stadium,Ilgiz Tantashev,Full time,0,1,France,Paraguay,away,Braian Ojeda,20,unused_bench,Midfielder,,,
4653842,france-vs-paraguay,https://www.fotmob.com/matches/france-vs-paraguay/1hu3vk#4653842,Paraguay vs France (2026-07-04T21:00:00.000Z),Paraguay,France,2026-07-04T21:00:00.000Z,,Philadelphia Stadium,Ilgiz Tantashev,Full time,0,1,France,Paraguay,away,Damián Bobadilla,16,unused_bench,Midfielder,,,
4653842,france-vs-paraguay,https://www.fotmob.com/matches/france-vs-paraguay/1hu3vk#4653842,Paraguay vs France (2026-07-04T21:00:00.000Z),Paraguay,France,2026-07-04T21:00:00.000Z,,Philadelphia Stadium,Ilgiz Tantashev,Full time,0,1,France,Paraguay,away,Álex Arce,18,unused_bench,Attacker,,,
4653842,france-vs-paraguay,https://www.fotmob.com/matches/france-vs-paraguay/1hu3vk#4653842,Paraguay vs France (2026-07-04T21:00:00.000Z),Paraguay,France,2026-07-04T21:00:00.000Z,,Philadelphia Stadium,Ilgiz Tantashev,Full time,0,1,France,Paraguay,away,Antonio Sanabria,9,unused_bench,Attacker,,,
4653842,france-vs-paraguay,https://www.fotmob.com/matches/france-vs-paraguay/1hu3vk#4653842,Paraguay vs France (2026-07-04T21:00:00.000Z),Paraguay,France,2026-07-04T21:00:00.000Z,,Philadelphia Stadium,Ilgiz Tantashev,Full time,0,1,France,Paraguay,away,Isidro Pitta,25,unused_bench,Attacker,,,
4653842,france-vs-paraguay,https://www.fotmob.com/matches/france-vs-paraguay/1hu3vk#4653842,Paraguay vs France (2026-07-04T21:00:00.000Z),Paraguay,France,2026-07-04T21:00:00.000Z,,Philadelphia Stadium,Ilgiz Tantashev,Full time,0,1,France,Paraguay,away,Ramón Sosa,7,unused_bench,Attacker,,,
4653842,france-vs-paraguay,https://www.fotmob.com/matches/france-vs-paraguay/1hu3vk#4653842,Paraguay vs France (2026-07-04T21:00:00.000Z),Paraguay,France,2026-07-04T21:00:00.000Z,,Philadelphia Stadium,Ilgiz Tantashev,Full time,0,1,France,Paraguay,away,Brice Samba,1,unused_bench,Keeper,,,
4653842,france-vs-paraguay,https://www.fotmob.com/matches/france-vs-paraguay/1hu3vk#4653842,Paraguay vs France (2026-07-04T21:00:00.000Z),Paraguay,France,2026-07-04T21:00:00.000Z,,Philadelphia Stadium,Ilgiz Tantashev,Full time,0,1,France,Paraguay,away,Robin Risser,23,unused_bench,Keeper,,,
4653842,france-vs-paraguay,https://www.fotmob.com/matches/france-vs-paraguay/1hu3vk#4653842,Paraguay vs France (2026-07-04T21:00:00.000Z),Paraguay,France,2026-07-04T21:00:00.000Z,,Philadelphia Stadium,Ilgiz Tantashev,Full time,0,1,France,Paraguay,away,Ibrahima Konaté,15,unused_bench,Defender,,,
4653842,france-vs-paraguay,https://www.fotmob.com/matches/france-vs-paraguay/1hu3vk#4653842,Paraguay vs France (2026-07-04T21:00:00.000Z),Paraguay,France,2026-07-04T21:00:00.000Z,,Philadelphia Stadium,Ilgiz Tantashev,Full time,0,1,France,Paraguay,away,Lucas Hernández,21,unused_bench,Defender,,,
4653842,france-vs-paraguay,https://www.fotmob.com/matches/france-vs-paraguay/1hu3vk#4653842,Paraguay vs France (2026-07-04T21:00:00.000Z),Paraguay,France,2026-07-04T21:00:00.000Z,,Philadelphia Stadium,Ilgiz Tantashev,Full time,0,1,France,Paraguay,away,Malo Gusto,2,unused_bench,Defender,,,
4653842,france-vs-paraguay,https://www.fotmob.com/matches/france-vs-paraguay/1hu3vk#4653842,Paraguay vs France (2026-07-04T21:00:00.000Z),Paraguay,France,2026-07-04T21:00:00.000Z,,Philadelphia Stadium,Ilgiz Tantashev,Full time,0,1,France,Paraguay,away,Maxence Lacroix,26,unused_bench,Defender,,,
4653842,france-vs-paraguay,https://www.fotmob.com/matches/france-vs-paraguay/1hu3vk#4653842,Paraguay vs France (2026-07-04T21:00:00.000Z),Paraguay,France,2026-07-04T21:00:00.000Z,,Philadelphia Stadium,Ilgiz Tantashev,Full time,0,1,France,Paraguay,away,Theo Hernández,19,unused_bench,Defender,,,
4653842,france-vs-paraguay,https://www.fotmob.com/matches/france-vs-paraguay/1hu3vk#4653842,Paraguay vs France (2026-07-04T21:00:00.000Z),Paraguay,France,2026-07-04T21:00:00.000Z,,Philadelphia Stadium,Ilgiz Tantashev,Full time,0,1,France,Paraguay,away,Aurélien Tchouaméni,8,unused_bench,Midfielder,,,
4653842,france-vs-paraguay,https://www.fotmob.com/matches/france-vs-paraguay/1hu3vk#4653842,Paraguay vs France (2026-07-04T21:00:00.000Z),Paraguay,France,2026-07-04T21:00:00.000Z,,Philadelphia Stadium,Ilgiz Tantashev,Full time,0,1,France,Paraguay,away,N'Golo Kanté,13,unused_bench,Midfielder,,,
4653842,france-vs-paraguay,https://www.fotmob.com/matches/france-vs-paraguay/1hu3vk#4653842,Paraguay vs France (2026-07-04T21:00:00.000Z),Paraguay,France,2026-07-04T21:00:00.000Z,,Philadelphia Stadium,Ilgiz Tantashev,Full time,0,1,France,Paraguay,away,Warren Zaïre-Emery,18,unused_bench,Midfielder,,,
4653842,france-vs-paraguay,https://www.fotmob.com/matches/france-vs-paraguay/1hu3vk#4653842,Paraguay vs France (2026-07-04T21:00:00.000Z),Paraguay,France,2026-07-04T21:00:00.000Z,,Philadelphia Stadium,Ilgiz Tantashev,Full time,0,1,France,Paraguay,away,Jean-Philippe Mateta,22,unused_bench,Attacker,,,
4653842,france-vs-paraguay,https://www.fotmob.com/matches/france-vs-paraguay/1hu3vk#4653842,Paraguay vs France (2026-07-04T21:00:00.000Z),Paraguay,France,2026-07-04T21:00:00.000Z,,Philadelphia Stadium,Ilgiz Tantashev,Full time,0,1,France,Paraguay,away,Maghnes Akliouche,25,unused_bench,Attacker,,,
4653842,france-vs-paraguay,https://www.fotmob.com/matches/france-vs-paraguay/1hu3vk#4653842,Paraguay vs France (2026-07-04T21:00:00.000Z),Paraguay,France,2026-07-04T21:00:00.000Z,,Philadelphia Stadium,Ilgiz Tantashev,Full time,0,1,France,Paraguay,away,Marcus Thuram,9,unused_bench,Attacker,,,
4653715,cape-verde-vs-argentina,https://www.fotmob.com/matches/cape-verde-vs-argentina/1b81pp#4653715,Argentina vs Cape Verde (2026-07-03T22:00:00.000Z),Argentina,Cape Verde,2026-07-03T22:00:00.000Z,,Miami Stadium,Drew Thomas Fischer,After extra time,3,2,Argentina,Cape Verde,home,Nicolás González,15,used_substitute,Midfielder,7.2,63.0,
4653715,cape-verde-vs-argentina,https://www.fotmob.com/matches/cape-verde-vs-argentina/1b81pp#4653715,Argentina vs Cape Verde (2026-07-03T22:00:00.000Z),Argentina,Cape Verde,2026-07-03T22:00:00.000Z,,Miami Stadium,Drew Thomas Fischer,After extra time,3,2,Argentina,Cape Verde,home,Julián Álvarez,9,used_substitute,Attacker,6.6,63.0,
4653715,cape-verde-vs-argentina,https://www.fotmob.com/matches/cape-verde-vs-argentina/1b81pp#4653715,Argentina vs Cape Verde (2026-07-03T22:00:00.000Z),Argentina,Cape Verde,2026-07-03T22:00:00.000Z,,Miami Stadium,Drew Thomas Fischer,After extra time,3,2,Argentina,Cape Verde,home,Leandro Paredes,5,used_substitute,Midfielder,7.0,84.0,
4653715,cape-verde-vs-argentina,https://www.fotmob.com/matches/cape-verde-vs-argentina/1b81pp#4653715,Argentina vs Cape Verde (2026-07-03T22:00:00.000Z),Argentina,Cape Verde,2026-07-03T22:00:00.000Z,,Miami Stadium,Drew Thomas Fischer,After extra time,3,2,Argentina,Cape Verde,home,Nicolás Tagliafico,3,used_substitute,Defender,6.9,85.0,
4653715,cape-verde-vs-argentina,https://www.fotmob.com/matches/cape-verde-vs-argentina/1b81pp#4653715,Argentina vs Cape Verde (2026-07-03T22:00:00.000Z),Argentina,Cape Verde,2026-07-03T22:00:00.000Z,,Miami Stadium,Drew Thomas Fischer,After extra time,3,2,Argentina,Cape Verde,home,Gonzalo Montiel,4,used_substitute,Defender,5.9,104.0,
4653715,cape-verde-vs-argentina,https://www.fotmob.com/matches/cape-verde-vs-argentina/1b81pp#4653715,Argentina vs Cape Verde (2026-07-03T22:00:00.000Z),Argentina,Cape Verde,2026-07-03T22:00:00.000Z,,Miami Stadium,Drew Thomas Fischer,After extra time,3,2,Cape Verde,Argentina,away,Jamiro Monteiro,10,used_substitute,Midfielder,6.3,67.0,
4653715,cape-verde-vs-argentina,https://www.fotmob.com/matches/cape-verde-vs-argentina/1b81pp#4653715,Argentina vs Cape Verde (2026-07-03T22:00:00.000Z),Argentina,Cape Verde,2026-07-03T22:00:00.000Z,,Miami Stadium,Drew Thomas Fischer,After extra time,3,2,Cape Verde,Argentina,away,Dailon Livramento,19,used_substitute,Attacker,6.0,67.0,
4653715,cape-verde-vs-argentina,https://www.fotmob.com/matches/cape-verde-vs-argentina/1b81pp#4653715,Argentina vs Cape Verde (2026-07-03T22:00:00.000Z),Argentina,Cape Verde,2026-07-03T22:00:00.000Z,,Miami Stadium,Drew Thomas Fischer,After extra time,3,2,Cape Verde,Argentina,away,Hélio Varela,26,used_substitute,Attacker,6.8,80.0,
4653715,cape-verde-vs-argentina,https://www.fotmob.com/matches/cape-verde-vs-argentina/1b81pp#4653715,Argentina vs Cape Verde (2026-07-03T22:00:00.000Z),Argentina,Cape Verde,2026-07-03T22:00:00.000Z,,Miami Stadium,Drew Thomas Fischer,After extra time,3,2,Cape Verde,Argentina,away,Willy Semedo,17,used_substitute,Attacker,5.6,80.0,
4653715,cape-verde-vs-argentina,https://www.fotmob.com/matches/cape-verde-vs-argentina/1b81pp#4653715,Argentina vs Cape Verde (2026-07-03T22:00:00.000Z),Argentina,Cape Verde,2026-07-03T22:00:00.000Z,,Miami Stadium,Drew Thomas Fischer,After extra time,3,2,Cape Verde,Argentina,away,Yannick Semedo,16,used_substitute,Midfielder,7.4,100.0,
4653715,cape-verde-vs-argentina,https://www.fotmob.com/matches/cape-verde-vs-argentina/1b81pp#4653715,Argentina vs Cape Verde (2026-07-03T22:00:00.000Z),Argentina,Cape Verde,2026-07-03T22:00:00.000Z,,Miami Stadium,Drew Thomas Fischer,After extra time,3,2,Cape Verde,Argentina,away,Gilson Benchimol,9,used_substitute,Attacker,6.0,100.0,
4653715,cape-verde-vs-argentina,https://www.fotmob.com/matches/cape-verde-vs-argentina/1b81pp#4653715,Argentina vs Cape Verde (2026-07-03T22:00:00.000Z),Argentina,Cape Verde,2026-07-03T22:00:00.000Z,,Miami Stadium,Drew Thomas Fischer,After extra time,3,2,Argentina,Cape Verde,home,Gerónimo Rulli,12,unused_bench,Keeper,,,
4653715,cape-verde-vs-argentina,https://www.fotmob.com/matches/cape-verde-vs-argentina/1b81pp#4653715,Argentina vs Cape Verde (2026-07-03T22:00:00.000Z),Argentina,Cape Verde,2026-07-03T22:00:00.000Z,,Miami Stadium,Drew Thomas Fischer,After extra time,3,2,Cape Verde,Argentina,away,Juan Musso,1,unused_bench,Keeper,,,
4653715,cape-verde-vs-argentina,https://www.fotmob.com/matches/cape-verde-vs-argentina/1b81pp#4653715,Argentina vs Cape Verde (2026-07-03T22:00:00.000Z),Argentina,Cape Verde,2026-07-03T22:00:00.000Z,,Miami Stadium,Drew Thomas Fischer,After extra time,3,2,Cape Verde,Argentina,away,Marcos Senesi,2,unused_bench,Defender,,,
4653715,cape-verde-vs-argentina,https://www.fotmob.com/matches/cape-verde-vs-argentina/1b81pp#4653715,Argentina vs Cape Verde (2026-07-03T22:00:00.000Z),Argentina,Cape Verde,2026-07-03T22:00:00.000Z,,Miami Stadium,Drew Thomas Fischer,After extra time,3,2,Cape Verde,Argentina,away,Nicolás Otamendi,19,unused_bench,Defender,,,
4653715,cape-verde-vs-argentina,https://www.fotmob.com/matches/cape-verde-vs-argentina/1b81pp#4653715,Argentina vs Cape Verde (2026-07-03T22:00:00.000Z),Argentina,Cape Verde,2026-07-03T22:00:00.000Z,,Miami Stadium,Drew Thomas Fischer,After extra time,3,2,Cape Verde,Argentina,away,Exequiel Palacios,14,unused_bench,Midfielder,,,
4653715,cape-verde-vs-argentina,https://www.fotmob.com/matches/cape-verde-vs-argentina/1b81pp#4653715,Argentina vs Cape Verde (2026-07-03T22:00:00.000Z),Argentina,Cape Verde,2026-07-03T22:00:00.000Z,,Miami Stadium,Drew Thomas Fischer,After extra time,3,2,Cape Verde,Argentina,away,Giovani Lo Celso,11,unused_bench,Midfielder,,,
4653715,cape-verde-vs-argentina,https://www.fotmob.com/matches/cape-verde-vs-argentina/1b81pp#4653715,Argentina vs Cape Verde (2026-07-03T22:00:00.000Z),Argentina,Cape Verde,2026-07-03T22:00:00.000Z,,Miami Stadium,Drew Thomas Fischer,After extra time,3,2,Cape Verde,Argentina,away,Giuliano Simeone,17,unused_bench,Midfielder,,,
4653715,cape-verde-vs-argentina,https://www.fotmob.com/matches/cape-verde-vs-argentina/1b81pp#4653715,Argentina vs Cape Verde (2026-07-03T22:00:00.000Z),Argentina,Cape Verde,2026-07-03T22:00:00.000Z,,Miami Stadium,Drew Thomas Fischer,After extra time,3,2,Cape Verde,Argentina,away,Nico Paz,18,unused_bench,Midfielder,,,
4653715,cape-verde-vs-argentina,https://www.fotmob.com/matches/cape-verde-vs-argentina/1b81pp#4653715,Argentina vs Cape Verde (2026-07-03T22:00:00.000Z),Argentina,Cape Verde,2026-07-03T22:00:00.000Z,,Miami Stadium,Drew Thomas Fischer,After extra time,3,2,Cape Verde,Argentina,away,Valentín Barco,8,unused_bench,Midfielder,,,
4653715,cape-verde-vs-argentina,https://www.fotmob.com/matches/cape-verde-vs-argentina/1b81pp#4653715,Argentina vs Cape Verde (2026-07-03T22:00:00.000Z),Argentina,Cape Verde,2026-07-03T22:00:00.000Z,,Miami Stadium,Drew Thomas Fischer,After extra time,3,2,Cape Verde,Argentina,away,José López,21,unused_bench,Attacker,,,
4653715,cape-verde-vs-argentina,https://www.fotmob.com/matches/cape-verde-vs-argentina/1b81pp#4653715,Argentina vs Cape Verde (2026-07-03T22:00:00.000Z),Argentina,Cape Verde,2026-07-03T22:00:00.000Z,,Miami Stadium,Drew Thomas Fischer,After extra time,3,2,Cape Verde,Argentina,away,Carlos Dos Santos,23,unused_bench,Keeper,,,
4653715,cape-verde-vs-argentina,https://www.fotmob.com/matches/cape-verde-vs-argentina/1b81pp#4653715,Argentina vs Cape Verde (2026-07-03T22:00:00.000Z),Argentina,Cape Verde,2026-07-03T22:00:00.000Z,,Miami Stadium,Drew Thomas Fischer,After extra time,3,2,Cape Verde,Argentina,away,Márcio Rosa,12,unused_bench,Keeper,,,
4653715,cape-verde-vs-argentina,https://www.fotmob.com/matches/cape-verde-vs-argentina/1b81pp#4653715,Argentina vs Cape Verde (2026-07-03T22:00:00.000Z),Argentina,Cape Verde,2026-07-03T22:00:00.000Z,,Miami Stadium,Drew Thomas Fischer,After extra time,3,2,Cape Verde,Argentina,away,Kelvin Pires,25,unused_bench,Defender,,,
4653715,cape-verde-vs-argentina,https://www.fotmob.com/matches/cape-verde-vs-argentina/1b81pp#4653715,Argentina vs Cape Verde (2026-07-03T22:00:00.000Z),Argentina,Cape Verde,2026-07-03T22:00:00.000Z,,Miami Stadium,Drew Thomas Fischer,After extra time,3,2,Cape Verde,Argentina,away,Logan Costa,5,unused_bench,Defender,,,
4653715,cape-verde-vs-argentina,https://www.fotmob.com/matches/cape-verde-vs-argentina/1b81pp#4653715,Argentina vs Cape Verde (2026-07-03T22:00:00.000Z),Argentina,Cape Verde,2026-07-03T22:00:00.000Z,,Miami Stadium,Drew Thomas Fischer,After extra time,3,2,Cape Verde,Argentina,away,Stopira,2,unused_bench,Defender,,,
4653715,cape-verde-vs-argentina,https://www.fotmob.com/matches/cape-verde-vs-argentina/1b81pp#4653715,Argentina vs Cape Verde (2026-07-03T22:00:00.000Z),Argentina,Cape Verde,2026-07-03T22:00:00.000Z,,Miami Stadium,Drew Thomas Fischer,After extra time,3,2,Cape Verde,Argentina,away,Wagner Pina,24,unused_bench,Defender,,,
4653715,cape-verde-vs-argentina,https://www.fotmob.com/matches/cape-verde-vs-argentina/1b81pp#4653715,Argentina vs Cape Verde (2026-07-03T22:00:00.000Z),Argentina,Cape Verde,2026-07-03T22:00:00.000Z,,Miami Stadium,Drew Thomas Fischer,After extra time,3,2,Cape Verde,Argentina,away,João Paulo,8,unused_bench,Midfielder,,,
4653715,cape-verde-vs-argentina,https://www.fotmob.com/matches/cape-verde-vs-argentina/1b81pp#4653715,Argentina vs Cape Verde (2026-07-03T22:00:00.000Z),Argentina,Cape Verde,2026-07-03T22:00:00.000Z,,Miami Stadium,Drew Thomas Fischer,After extra time,3,2,Cape Verde,Argentina,away,Garry Rodrigues,11,unused_bench,Attacker,,,
4653715,cape-verde-vs-argentina,https://www.fotmob.com/matches/cape-verde-vs-argentina/1b81pp#4653715,Argentina vs Cape Verde (2026-07-03T22:00:00.000Z),Argentina,Cape Verde,2026-07-03T22:00:00.000Z,,Miami Stadium,Drew Thomas Fischer,After extra time,3,2,Cape Verde,Argentina,away,Telmo Arcanjo,18,unused_bench,Attacker,,,
4653716,australia-vs-egypt,https://www.fotmob.com/matches/australia-vs-egypt/2dqwke#4653716,Australia vs Egypt (2026-07-03T18:00:00.000Z),Australia,Egypt,2026-07-03T18:00:00.000Z,,Dallas Stadium,Gustavo Adrian Tejera Capo,Pen: 2 - 4,1,1,Australia,Egypt,home,Kai Trewin,15,used_substitute,Midfielder,6.1,46.0,
4653716,australia-vs-egypt,https://www.fotmob.com/matches/australia-vs-egypt/2dqwke#4653716,Australia vs Egypt (2026-07-03T18:00:00.000Z),Australia,Egypt,2026-07-03T18:00:00.000Z,,Dallas Stadium,Gustavo Adrian Tejera Capo,Pen: 2 - 4,1,1,Australia,Egypt,home,Ajdin Hrustic,10,used_substitute,Midfielder,6.7,74.0,
4653716,australia-vs-egypt,https://www.fotmob.com/matches/australia-vs-egypt/2dqwke#4653716,Australia vs Egypt (2026-07-03T18:00:00.000Z),Australia,Egypt,2026-07-03T18:00:00.000Z,,Dallas Stadium,Gustavo Adrian Tejera Capo,Pen: 2 - 4,1,1,Australia,Egypt,home,Mohamed Touré,9,used_substitute,Attacker,5.9,74.0,
4653716,australia-vs-egypt,https://www.fotmob.com/matches/australia-vs-egypt/2dqwke#4653716,Australia vs Egypt (2026-07-03T18:00:00.000Z),Australia,Egypt,2026-07-03T18:00:00.000Z,,Dallas Stadium,Gustavo Adrian Tejera Capo,Pen: 2 - 4,1,1,Australia,Egypt,home,Paul Okon-Engstler,24,used_substitute,Midfielder,6.3,91.0,
4653716,australia-vs-egypt,https://www.fotmob.com/matches/australia-vs-egypt/2dqwke#4653716,Australia vs Egypt (2026-07-03T18:00:00.000Z),Australia,Egypt,2026-07-03T18:00:00.000Z,,Dallas Stadium,Gustavo Adrian Tejera Capo,Pen: 2 - 4,1,1,Australia,Egypt,home,Awer Mabil,11,used_substitute,Attacker,6.4,91.0,
4653716,australia-vs-egypt,https://www.fotmob.com/matches/australia-vs-egypt/2dqwke#4653716,Australia vs Egypt (2026-07-03T18:00:00.000Z),Australia,Egypt,2026-07-03T18:00:00.000Z,,Dallas Stadium,Gustavo Adrian Tejera Capo,Pen: 2 - 4,1,1,Australia,Egypt,home,Mathew Ryan,1,used_substitute,Keeper,,119.0,
4653716,australia-vs-egypt,https://www.fotmob.com/matches/australia-vs-egypt/2dqwke#4653716,Australia vs Egypt (2026-07-03T18:00:00.000Z),Australia,Egypt,2026-07-03T18:00:00.000Z,,Dallas Stadium,Gustavo Adrian Tejera Capo,Pen: 2 - 4,1,1,Egypt,Australia,away,Hossam Abdelmaguid,4,used_substitute,Defender,6.3,67.0,
4653716,australia-vs-egypt,https://www.fotmob.com/matches/australia-vs-egypt/2dqwke#4653716,Australia vs Egypt (2026-07-03T18:00:00.000Z),Australia,Egypt,2026-07-03T18:00:00.000Z,,Dallas Stadium,Gustavo Adrian Tejera Capo,Pen: 2 - 4,1,1,Egypt,Australia,away,Haissem Hassan,12,used_substitute,Attacker,6.5,67.0,
4653716,australia-vs-egypt,https://www.fotmob.com/matches/australia-vs-egypt/2dqwke#4653716,Australia vs Egypt (2026-07-03T18:00:00.000Z),Australia,Egypt,2026-07-03T18:00:00.000Z,,Dallas Stadium,Gustavo Adrian Tejera Capo,Pen: 2 - 4,1,1,Egypt,Australia,away,Trezeguet,7,used_substitute,Attacker,6.2,80.0,
4653716,australia-vs-egypt,https://www.fotmob.com/matches/australia-vs-egypt/2dqwke#4653716,Australia vs Egypt (2026-07-03T18:00:00.000Z),Australia,Egypt,2026-07-03T18:00:00.000Z,,Dallas Stadium,Gustavo Adrian Tejera Capo,Pen: 2 - 4,1,1,Egypt,Australia,away,Hamza Abdelkarim,9,used_substitute,Attacker,5.9,106.0,
4653716,australia-vs-egypt,https://www.fotmob.com/matches/australia-vs-egypt/2dqwke#4653716,Australia vs Egypt (2026-07-03T18:00:00.000Z),Australia,Egypt,2026-07-03T18:00:00.000Z,,Dallas Stadium,Gustavo Adrian Tejera Capo,Pen: 2 - 4,1,1,Egypt,Australia,away,Mahmoud Saber,21,used_substitute,Midfielder,,120.0,
4653716,australia-vs-egypt,https://www.fotmob.com/matches/australia-vs-egypt/2dqwke#4653716,Australia vs Egypt (2026-07-03T18:00:00.000Z),Australia,Egypt,2026-07-03T18:00:00.000Z,,Dallas Stadium,Gustavo Adrian Tejera Capo,Pen: 2 - 4,1,1,Australia,Egypt,home,Paul Izzo,12,unused_bench,Keeper,,,
4653716,australia-vs-egypt,https://www.fotmob.com/matches/australia-vs-egypt/2dqwke#4653716,Australia vs Egypt (2026-07-03T18:00:00.000Z),Australia,Egypt,2026-07-03T18:00:00.000Z,,Dallas Stadium,Gustavo Adrian Tejera Capo,Pen: 2 - 4,1,1,Australia,Egypt,home,Cameron Burgess,21,unused_bench,Defender,,,
4653716,australia-vs-egypt,https://www.fotmob.com/matches/australia-vs-egypt/2dqwke#4653716,Australia vs Egypt (2026-07-03T18:00:00.000Z),Australia,Egypt,2026-07-03T18:00:00.000Z,,Dallas Stadium,Gustavo Adrian Tejera Capo,Pen: 2 - 4,1,1,Australia,Egypt,home,Jason Geria,6,unused_bench,Defender,,,
4653716,australia-vs-egypt,https://www.fotmob.com/matches/australia-vs-egypt/2dqwke#4653716,Australia vs Egypt (2026-07-03T18:00:00.000Z),Australia,Egypt,2026-07-03T18:00:00.000Z,,Dallas Stadium,Gustavo Adrian Tejera Capo,Pen: 2 - 4,1,1,Australia,Egypt,home,Milos Degenek,2,unused_bench,Defender,,,
4653716,australia-vs-egypt,https://www.fotmob.com/matches/australia-vs-egypt/2dqwke#4653716,Australia vs Egypt (2026-07-03T18:00:00.000Z),Australia,Egypt,2026-07-03T18:00:00.000Z,,Dallas Stadium,Gustavo Adrian Tejera Capo,Pen: 2 - 4,1,1,Australia,Egypt,home,Cameron Devlin,14,unused_bench,Midfielder,,,
4653716,australia-vs-egypt,https://www.fotmob.com/matches/australia-vs-egypt/2dqwke#4653716,Australia vs Egypt (2026-07-03T18:00:00.000Z),Australia,Egypt,2026-07-03T18:00:00.000Z,,Dallas Stadium,Gustavo Adrian Tejera Capo,Pen: 2 - 4,1,1,Australia,Egypt,home,Nishan Velupillay,23,unused_bench,Attacker,,,
4653716,australia-vs-egypt,https://www.fotmob.com/matches/australia-vs-egypt/2dqwke#4653716,Australia vs Egypt (2026-07-03T18:00:00.000Z),Australia,Egypt,2026-07-03T18:00:00.000Z,,Dallas Stadium,Gustavo Adrian Tejera Capo,Pen: 2 - 4,1,1,Australia,Egypt,home,Tete Yengi,26,unused_bench,Attacker,,,
4653716,australia-vs-egypt,https://www.fotmob.com/matches/australia-vs-egypt/2dqwke#4653716,Australia vs Egypt (2026-07-03T18:00:00.000Z),Australia,Egypt,2026-07-03T18:00:00.000Z,,Dallas Stadium,Gustavo Adrian Tejera Capo,Pen: 2 - 4,1,1,Egypt,Australia,away,Al Mahdi Soliman,16,unused_bench,Keeper,,,
4653716,australia-vs-egypt,https://www.fotmob.com/matches/australia-vs-egypt/2dqwke#4653716,Australia vs Egypt (2026-07-03T18:00:00.000Z),Australia,Egypt,2026-07-03T18:00:00.000Z,,Dallas Stadium,Gustavo Adrian Tejera Capo,Pen: 2 - 4,1,1,Egypt,Australia,away,Mohamed Alaa,26,unused_bench,Keeper,,,
4653716,australia-vs-egypt,https://www.fotmob.com/matches/australia-vs-egypt/2dqwke#4653716,Australia vs Egypt (2026-07-03T18:00:00.000Z),Australia,Egypt,2026-07-03T18:00:00.000Z,,Dallas Stadium,Gustavo Adrian Tejera Capo,Pen: 2 - 4,1,1,Egypt,Australia,away,Mohamed El Shenawy,1,unused_bench,Keeper,,,
4653716,australia-vs-egypt,https://www.fotmob.com/matches/australia-vs-egypt/2dqwke#4653716,Australia vs Egypt (2026-07-03T18:00:00.000Z),Australia,Egypt,2026-07-03T18:00:00.000Z,,Dallas Stadium,Gustavo Adrian Tejera Capo,Pen: 2 - 4,1,1,Egypt,Australia,away,Tarek Alaa,24,unused_bench,Defender,,,
4653716,australia-vs-egypt,https://www.fotmob.com/matches/australia-vs-egypt/2dqwke#4653716,Australia vs Egypt (2026-07-03T18:00:00.000Z),Australia,Egypt,2026-07-03T18:00:00.000Z,,Dallas Stadium,Gustavo Adrian Tejera Capo,Pen: 2 - 4,1,1,Egypt,Australia,away,Nabil Dunga,18,unused_bench,Midfielder,,,
4653716,australia-vs-egypt,https://www.fotmob.com/matches/australia-vs-egypt/2dqwke#4653716,Australia vs Egypt (2026-07-03T18:00:00.000Z),Australia,Egypt,2026-07-03T18:00:00.000Z,,Dallas Stadium,Gustavo Adrian Tejera Capo,Pen: 2 - 4,1,1,Egypt,Australia,away,Ibrahim Adel,20,unused_bench,Attacker,,,
4653716,australia-vs-egypt,https://www.fotmob.com/matches/australia-vs-egypt/2dqwke#4653716,Australia vs Egypt (2026-07-03T18:00:00.000Z),Australia,Egypt,2026-07-03T18:00:00.000Z,,Dallas Stadium,Gustavo Adrian Tejera Capo,Pen: 2 - 4,1,1,Egypt,Australia,away,Zizo,25,unused_bench,Attacker,,,
4653718,ghana-vs-colombia,https://www.fotmob.com/matches/ghana-vs-colombia/1uqlxk#4653718,Colombia vs Ghana (2026-07-04T01:30:00.000Z),Colombia,Ghana,2026-07-04T01:30:00.000Z,,Kansas City Stadium,Clément Turpin,Full time,1,0,Colombia,Ghana,home,Luis Suárez,25,used_substitute,Attacker,7.2,8.0,
4653718,ghana-vs-colombia,https://www.fotmob.com/matches/ghana-vs-colombia/1uqlxk#4653718,Colombia vs Ghana (2026-07-04T01:30:00.000Z),Colombia,Ghana,2026-07-04T01:30:00.000Z,,Kansas City Stadium,Clément Turpin,Full time,1,0,Colombia,Ghana,home,Richard Ríos,6,used_substitute,Midfielder,6.8,46.0,
4653718,ghana-vs-colombia,https://www.fotmob.com/matches/ghana-vs-colombia/1uqlxk#4653718,Colombia vs Ghana (2026-07-04T01:30:00.000Z),Colombia,Ghana,2026-07-04T01:30:00.000Z,,Kansas City Stadium,Clément Turpin,Full time,1,0,Colombia,Ghana,home,Juan Quintero,20,used_substitute,Midfielder,7.3,72.0,
4653718,ghana-vs-colombia,https://www.fotmob.com/matches/ghana-vs-colombia/1uqlxk#4653718,Colombia vs Ghana (2026-07-04T01:30:00.000Z),Colombia,Ghana,2026-07-04T01:30:00.000Z,,Kansas City Stadium,Clément Turpin,Full time,1,0,Colombia,Ghana,home,Jaminton Campaz,21,used_substitute,Attacker,,90.0,
4653718,ghana-vs-colombia,https://www.fotmob.com/matches/ghana-vs-colombia/1uqlxk#4653718,Colombia vs Ghana (2026-07-04T01:30:00.000Z),Colombia,Ghana,2026-07-04T01:30:00.000Z,,Kansas City Stadium,Clément Turpin,Full time,1,0,Ghana,Colombia,away,Alidu Seidu,2,used_substitute,Defender,6.4,13.0,
4653718,ghana-vs-colombia,https://www.fotmob.com/matches/ghana-vs-colombia/1uqlxk#4653718,Colombia vs Ghana (2026-07-04T01:30:00.000Z),Colombia,Ghana,2026-07-04T01:30:00.000Z,,Kansas City Stadium,Clément Turpin,Full time,1,0,Ghana,Colombia,away,Elisha Owusu,15,used_substitute,Midfielder,6.2,62.0,
4653718,ghana-vs-colombia,https://www.fotmob.com/matches/ghana-vs-colombia/1uqlxk#4653718,Colombia vs Ghana (2026-07-04T01:30:00.000Z),Colombia,Ghana,2026-07-04T01:30:00.000Z,,Kansas City Stadium,Clément Turpin,Full time,1,0,Ghana,Colombia,away,Abdul Fatawu,7,used_substitute,Attacker,6.0,62.0,
4653718,ghana-vs-colombia,https://www.fotmob.com/matches/ghana-vs-colombia/1uqlxk#4653718,Colombia vs Ghana (2026-07-04T01:30:00.000Z),Colombia,Ghana,2026-07-04T01:30:00.000Z,,Kansas City Stadium,Clément Turpin,Full time,1,0,Ghana,Colombia,away,Ernest Nuamah,24,used_substitute,Midfielder,6.4,79.0,
4653718,ghana-vs-colombia,https://www.fotmob.com/matches/ghana-vs-colombia/1uqlxk#4653718,Colombia vs Ghana (2026-07-04T01:30:00.000Z),Colombia,Ghana,2026-07-04T01:30:00.000Z,,Kansas City Stadium,Clément Turpin,Full time,1,0,Ghana,Colombia,away,Prince Adu,25,used_substitute,Attacker,5.8,79.0,
4653718,ghana-vs-colombia,https://www.fotmob.com/matches/ghana-vs-colombia/1uqlxk#4653718,Colombia vs Ghana (2026-07-04T01:30:00.000Z),Colombia,Ghana,2026-07-04T01:30:00.000Z,,Kansas City Stadium,Clément Turpin,Full time,1,0,Colombia,Ghana,home,Álvaro Montero,24,unused_bench,Keeper,,,
4653718,ghana-vs-colombia,https://www.fotmob.com/matches/ghana-vs-colombia/1uqlxk#4653718,Colombia vs Ghana (2026-07-04T01:30:00.000Z),Colombia,Ghana,2026-07-04T01:30:00.000Z,,Kansas City Stadium,Clément Turpin,Full time,1,0,Ghana,Colombia,away,David Ospina,1,unused_bench,Keeper,,,
4653718,ghana-vs-colombia,https://www.fotmob.com/matches/ghana-vs-colombia/1uqlxk#4653718,Colombia vs Ghana (2026-07-04T01:30:00.000Z),Colombia,Ghana,2026-07-04T01:30:00.000Z,,Kansas City Stadium,Clément Turpin,Full time,1,0,Ghana,Colombia,away,Santiago Arias,4,unused_bench,Defender,,,
4653718,ghana-vs-colombia,https://www.fotmob.com/matches/ghana-vs-colombia/1uqlxk#4653718,Colombia vs Ghana (2026-07-04T01:30:00.000Z),Colombia,Ghana,2026-07-04T01:30:00.000Z,,Kansas City Stadium,Clément Turpin,Full time,1,0,Ghana,Colombia,away,Willer Ditta,18,unused_bench,Defender,,,
4653718,ghana-vs-colombia,https://www.fotmob.com/matches/ghana-vs-colombia/1uqlxk#4653718,Colombia vs Ghana (2026-07-04T01:30:00.000Z),Colombia,Ghana,2026-07-04T01:30:00.000Z,,Kansas City Stadium,Clément Turpin,Full time,1,0,Ghana,Colombia,away,Yerry Mina,13,unused_bench,Defender,,,
4653718,ghana-vs-colombia,https://www.fotmob.com/matches/ghana-vs-colombia/1uqlxk#4653718,Colombia vs Ghana (2026-07-04T01:30:00.000Z),Colombia,Ghana,2026-07-04T01:30:00.000Z,,Kansas City Stadium,Clément Turpin,Full time,1,0,Ghana,Colombia,away,Deiver Machado,22,unused_bench,Midfielder,,,
4653718,ghana-vs-colombia,https://www.fotmob.com/matches/ghana-vs-colombia/1uqlxk#4653718,Colombia vs Ghana (2026-07-04T01:30:00.000Z),Colombia,Ghana,2026-07-04T01:30:00.000Z,,Kansas City Stadium,Clément Turpin,Full time,1,0,Ghana,Colombia,away,Juan Portilla,15,unused_bench,Midfielder,,,
4653718,ghana-vs-colombia,https://www.fotmob.com/matches/ghana-vs-colombia/1uqlxk#4653718,Colombia vs Ghana (2026-07-04T01:30:00.000Z),Colombia,Ghana,2026-07-04T01:30:00.000Z,,Kansas City Stadium,Clément Turpin,Full time,1,0,Ghana,Colombia,away,Kevin Castaño,5,unused_bench,Midfielder,,,
4653718,ghana-vs-colombia,https://www.fotmob.com/matches/ghana-vs-colombia/1uqlxk#4653718,Colombia vs Ghana (2026-07-04T01:30:00.000Z),Colombia,Ghana,2026-07-04T01:30:00.000Z,,Kansas City Stadium,Clément Turpin,Full time,1,0,Ghana,Colombia,away,Andrés Gómez,26,unused_bench,Attacker,,,
4653718,ghana-vs-colombia,https://www.fotmob.com/matches/ghana-vs-colombia/1uqlxk#4653718,Colombia vs Ghana (2026-07-04T01:30:00.000Z),Colombia,Ghana,2026-07-04T01:30:00.000Z,,Kansas City Stadium,Clément Turpin,Full time,1,0,Ghana,Colombia,away,Jorge Carrascal,8,unused_bench,Attacker,,,
4653718,ghana-vs-colombia,https://www.fotmob.com/matches/ghana-vs-colombia/1uqlxk#4653718,Colombia vs Ghana (2026-07-04T01:30:00.000Z),Colombia,Ghana,2026-07-04T01:30:00.000Z,,Kansas City Stadium,Clément Turpin,Full time,1,0,Ghana,Colombia,away,Juan Hernández,19,unused_bench,Attacker,,,
4653718,ghana-vs-colombia,https://www.fotmob.com/matches/ghana-vs-colombia/1uqlxk#4653718,Colombia vs Ghana (2026-07-04T01:30:00.000Z),Colombia,Ghana,2026-07-04T01:30:00.000Z,,Kansas City Stadium,Clément Turpin,Full time,1,0,Ghana,Colombia,away,Benjamin Asare,16,unused_bench,Keeper,,,
4653718,ghana-vs-colombia,https://www.fotmob.com/matches/ghana-vs-colombia/1uqlxk#4653718,Colombia vs Ghana (2026-07-04T01:30:00.000Z),Colombia,Ghana,2026-07-04T01:30:00.000Z,,Kansas City Stadium,Clément Turpin,Full time,1,0,Ghana,Colombia,away,Joseph Anang,12,unused_bench,Keeper,,,
4653718,ghana-vs-colombia,https://www.fotmob.com/matches/ghana-vs-colombia/1uqlxk#4653718,Colombia vs Ghana (2026-07-04T01:30:00.000Z),Colombia,Ghana,2026-07-04T01:30:00.000Z,,Kansas City Stadium,Clément Turpin,Full time,1,0,Ghana,Colombia,away,Abdul Mumin,6,unused_bench,Defender,,,
4653718,ghana-vs-colombia,https://www.fotmob.com/matches/ghana-vs-colombia/1uqlxk#4653718,Colombia vs Ghana (2026-07-04T01:30:00.000Z),Colombia,Ghana,2026-07-04T01:30:00.000Z,,Kansas City Stadium,Clément Turpin,Full time,1,0,Ghana,Colombia,away,Abdul Rahman Baba,17,unused_bench,Defender,,,
4653718,ghana-vs-colombia,https://www.fotmob.com/matches/ghana-vs-colombia/1uqlxk#4653718,Colombia vs Ghana (2026-07-04T01:30:00.000Z),Colombia,Ghana,2026-07-04T01:30:00.000Z,,Kansas City Stadium,Clément Turpin,Full time,1,0,Ghana,Colombia,away,Jonas Adjetey,4,unused_bench,Defender,,,
4653718,ghana-vs-colombia,https://www.fotmob.com/matches/ghana-vs-colombia/1uqlxk#4653718,Colombia vs Ghana (2026-07-04T01:30:00.000Z),Colombia,Ghana,2026-07-04T01:30:00.000Z,,Kansas City Stadium,Clément Turpin,Full time,1,0,Ghana,Colombia,away,Kojo Peprah Oppong,21,unused_bench,Defender,,,
4653718,ghana-vs-colombia,https://www.fotmob.com/matches/ghana-vs-colombia/1uqlxk#4653718,Colombia vs Ghana (2026-07-04T01:30:00.000Z),Colombia,Ghana,2026-07-04T01:30:00.000Z,,Kansas City Stadium,Clément Turpin,Full time,1,0,Ghana,Colombia,away,Christopher Bonsu Baah,13,unused_bench,Midfielder,,,
4653718,ghana-vs-colombia,https://www.fotmob.com/matches/ghana-vs-colombia/1uqlxk#4653718,Colombia vs Ghana (2026-07-04T01:30:00.000Z),Colombia,Ghana,2026-07-04T01:30:00.000Z,,Kansas City Stadium,Clément Turpin,Full time,1,0,Ghana,Colombia,away,Kamaldeen Sulemana,22,unused_bench,Midfielder,,,
4653718,ghana-vs-colombia,https://www.fotmob.com/matches/ghana-vs-colombia/1uqlxk#4653718,Colombia vs Ghana (2026-07-04T01:30:00.000Z),Colombia,Ghana,2026-07-04T01:30:00.000Z,,Kansas City Stadium,Clément Turpin,Full time,1,0,Ghana,Colombia,away,Augustine Boakye,20,unused_bench,Attacker,,,
4653718,ghana-vs-colombia,https://www.fotmob.com/matches/ghana-vs-colombia/1uqlxk#4653718,Colombia vs Ghana (2026-07-04T01:30:00.000Z),Colombia,Ghana,2026-07-04T01:30:00.000Z,,Kansas City Stadium,Clément Turpin,Full time,1,0,Ghana,Colombia,away,Brandon Thomas-Asante,10,unused_bench,Attacker,,,
