match_id,match_slug,match_url,title,home_team,away_team,kickoff,round,venue,referee,status,home_score,away_score,team,opponent,side,player,shirt_number,starter,squad_role,position,line_index,line_size,slot_index,formation,team_lineup_rating,player_rating,minute_on,minute_off
4667751,south-africa-vs-mexico,https://www.fotmob.com/matches/south-africa-vs-mexico/1einvt#4667751,Mexico vs South Africa (2026-06-11T19:00:00.000Z),Mexico,South Africa,2026-06-11T19:00:00.000Z,FIFA World Cup Round 1,Mexico City Stadium,Wilton Sampaio,Full time,2,0,Mexico,South Africa,home,Rangel,1,True,starting_xi,GK,0,1,1,4-1-4-1,7.1,7.5,0,
4667751,south-africa-vs-mexico,https://www.fotmob.com/matches/south-africa-vs-mexico/1einvt#4667751,Mexico vs South Africa (2026-06-11T19:00:00.000Z),Mexico,South Africa,2026-06-11T19:00:00.000Z,FIFA World Cup Round 1,Mexico City Stadium,Wilton Sampaio,Full time,2,0,Mexico,South Africa,home,Reyes,15,True,starting_xi,DEF,1,4,1,4-1-4-1,7.1,7.4,0,
4667751,south-africa-vs-mexico,https://www.fotmob.com/matches/south-africa-vs-mexico/1einvt#4667751,Mexico vs South Africa (2026-06-11T19:00:00.000Z),Mexico,South Africa,2026-06-11T19:00:00.000Z,FIFA World Cup Round 1,Mexico City Stadium,Wilton Sampaio,Full time,2,0,Mexico,South Africa,home,Montes,3,True,starting_xi,DEF,1,4,2,4-1-4-1,7.1,6.1,0,
4667751,south-africa-vs-mexico,https://www.fotmob.com/matches/south-africa-vs-mexico/1einvt#4667751,Mexico vs South Africa (2026-06-11T19:00:00.000Z),Mexico,South Africa,2026-06-11T19:00:00.000Z,FIFA World Cup Round 1,Mexico City Stadium,Wilton Sampaio,Full time,2,0,Mexico,South Africa,home,Vásquez,5,True,starting_xi,DEF,1,4,3,4-1-4-1,7.1,7.2,0,
4667751,south-africa-vs-mexico,https://www.fotmob.com/matches/south-africa-vs-mexico/1einvt#4667751,Mexico vs South Africa (2026-06-11T19:00:00.000Z),Mexico,South Africa,2026-06-11T19:00:00.000Z,FIFA World Cup Round 1,Mexico City Stadium,Wilton Sampaio,Full time,2,0,Mexico,South Africa,home,Gallardo,23,True,starting_xi,DEF,1,4,4,4-1-4-1,7.1,7.2,0,
4667751,south-africa-vs-mexico,https://www.fotmob.com/matches/south-africa-vs-mexico/1einvt#4667751,Mexico vs South Africa (2026-06-11T19:00:00.000Z),Mexico,South Africa,2026-06-11T19:00:00.000Z,FIFA World Cup Round 1,Mexico City Stadium,Wilton Sampaio,Full time,2,0,Mexico,South Africa,home,Lira,6,True,starting_xi,AM,2,1,1,4-1-4-1,7.1,7.9,0,76.0
4667751,south-africa-vs-mexico,https://www.fotmob.com/matches/south-africa-vs-mexico/1einvt#4667751,Mexico vs South Africa (2026-06-11T19:00:00.000Z),Mexico,South Africa,2026-06-11T19:00:00.000Z,FIFA World Cup Round 1,Mexico City Stadium,Wilton Sampaio,Full time,2,0,Mexico,South Africa,home,Alvarado,25,True,starting_xi,AM,3,4,1,4-1-4-1,7.1,8.2,0,
4667751,south-africa-vs-mexico,https://www.fotmob.com/matches/south-africa-vs-mexico/1einvt#4667751,Mexico vs South Africa (2026-06-11T19:00:00.000Z),Mexico,South Africa,2026-06-11T19:00:00.000Z,FIFA World Cup Round 1,Mexico City Stadium,Wilton Sampaio,Full time,2,0,Mexico,South Africa,home,Gutiérrez,26,True,starting_xi,AM,3,4,2,4-1-4-1,7.1,6.7,0,66.0
4667751,south-africa-vs-mexico,https://www.fotmob.com/matches/south-africa-vs-mexico/1einvt#4667751,Mexico vs South Africa (2026-06-11T19:00:00.000Z),Mexico,South Africa,2026-06-11T19:00:00.000Z,FIFA World Cup Round 1,Mexico City Stadium,Wilton Sampaio,Full time,2,0,Mexico,South Africa,home,Fidalgo,8,True,starting_xi,AM,3,4,3,4-1-4-1,7.1,7.2,0,66.0
4667751,south-africa-vs-mexico,https://www.fotmob.com/matches/south-africa-vs-mexico/1einvt#4667751,Mexico vs South Africa (2026-06-11T19:00:00.000Z),Mexico,South Africa,2026-06-11T19:00:00.000Z,FIFA World Cup Round 1,Mexico City Stadium,Wilton Sampaio,Full time,2,0,Mexico,South Africa,home,Quiñones,16,True,starting_xi,AM,3,4,4,4-1-4-1,7.1,8.8,0,79.0
4667751,south-africa-vs-mexico,https://www.fotmob.com/matches/south-africa-vs-mexico/1einvt#4667751,Mexico vs South Africa (2026-06-11T19:00:00.000Z),Mexico,South Africa,2026-06-11T19:00:00.000Z,FIFA World Cup Round 1,Mexico City Stadium,Wilton Sampaio,Full time,2,0,Mexico,South Africa,home,Jiménez,9,True,starting_xi,FWD,4,1,1,4-1-4-1,7.1,8.0,0,76.0
4667751,south-africa-vs-mexico,https://www.fotmob.com/matches/south-africa-vs-mexico/1einvt#4667751,Mexico vs South Africa (2026-06-11T19:00:00.000Z),Mexico,South Africa,2026-06-11T19:00:00.000Z,FIFA World Cup Round 1,Mexico City Stadium,Wilton Sampaio,Full time,2,0,South Africa,Mexico,away,Foster,9,True,starting_xi,FWD,3,2,1,5-3-2,5.8,5.6,0,56.0
4667751,south-africa-vs-mexico,https://www.fotmob.com/matches/south-africa-vs-mexico/1einvt#4667751,Mexico vs South Africa (2026-06-11T19:00:00.000Z),Mexico,South Africa,2026-06-11T19:00:00.000Z,FIFA World Cup Round 1,Mexico City Stadium,Wilton Sampaio,Full time,2,0,South Africa,Mexico,away,Rayners,15,True,starting_xi,FWD,3,2,2,5-3-2,5.8,5.5,0,76.0
4667751,south-africa-vs-mexico,https://www.fotmob.com/matches/south-africa-vs-mexico/1einvt#4667751,Mexico vs South Africa (2026-06-11T19:00:00.000Z),Mexico,South Africa,2026-06-11T19:00:00.000Z,FIFA World Cup Round 1,Mexico City Stadium,Wilton Sampaio,Full time,2,0,South Africa,Mexico,away,Adams,23,True,starting_xi,AM,2,3,1,5-3-2,5.8,6.2,0,61.0
4667751,south-africa-vs-mexico,https://www.fotmob.com/matches/south-africa-vs-mexico/1einvt#4667751,Mexico vs South Africa (2026-06-11T19:00:00.000Z),Mexico,South Africa,2026-06-11T19:00:00.000Z,FIFA World Cup Round 1,Mexico City Stadium,Wilton Sampaio,Full time,2,0,South Africa,Mexico,away,Sithole,13,True,starting_xi,AM,2,3,2,5-3-2,5.8,3.5,0,
4667751,south-africa-vs-mexico,https://www.fotmob.com/matches/south-africa-vs-mexico/1einvt#4667751,Mexico vs South Africa (2026-06-11T19:00:00.000Z),Mexico,South Africa,2026-06-11T19:00:00.000Z,FIFA World Cup Round 1,Mexico City Stadium,Wilton Sampaio,Full time,2,0,South Africa,Mexico,away,Mokoena,4,True,starting_xi,AM,2,3,3,5-3-2,5.8,6.5,0,
4667751,south-africa-vs-mexico,https://www.fotmob.com/matches/south-africa-vs-mexico/1einvt#4667751,Mexico vs South Africa (2026-06-11T19:00:00.000Z),Mexico,South Africa,2026-06-11T19:00:00.000Z,FIFA World Cup Round 1,Mexico City Stadium,Wilton Sampaio,Full time,2,0,South Africa,Mexico,away,Modiba,6,True,starting_xi,DEF,1,5,1,5-3-2,5.8,5.9,0,76.0
4667751,south-africa-vs-mexico,https://www.fotmob.com/matches/south-africa-vs-mexico/1einvt#4667751,Mexico vs South Africa (2026-06-11T19:00:00.000Z),Mexico,South Africa,2026-06-11T19:00:00.000Z,FIFA World Cup Round 1,Mexico City Stadium,Wilton Sampaio,Full time,2,0,South Africa,Mexico,away,Mudau,20,True,starting_xi,DEF,1,5,2,5-3-2,5.8,6.5,0,
4667751,south-africa-vs-mexico,https://www.fotmob.com/matches/south-africa-vs-mexico/1einvt#4667751,Mexico vs South Africa (2026-06-11T19:00:00.000Z),Mexico,South Africa,2026-06-11T19:00:00.000Z,FIFA World Cup Round 1,Mexico City Stadium,Wilton Sampaio,Full time,2,0,South Africa,Mexico,away,Mbokazi,14,True,starting_xi,DEF,1,5,3,5-3-2,5.8,6.1,0,
4667751,south-africa-vs-mexico,https://www.fotmob.com/matches/south-africa-vs-mexico/1einvt#4667751,Mexico vs South Africa (2026-06-11T19:00:00.000Z),Mexico,South Africa,2026-06-11T19:00:00.000Z,FIFA World Cup Round 1,Mexico City Stadium,Wilton Sampaio,Full time,2,0,South Africa,Mexico,away,Okon,21,True,starting_xi,DEF,1,5,4,5-3-2,5.8,6.0,0,
4667751,south-africa-vs-mexico,https://www.fotmob.com/matches/south-africa-vs-mexico/1einvt#4667751,Mexico vs South Africa (2026-06-11T19:00:00.000Z),Mexico,South Africa,2026-06-11T19:00:00.000Z,FIFA World Cup Round 1,Mexico City Stadium,Wilton Sampaio,Full time,2,0,South Africa,Mexico,away,Sibisi,19,True,starting_xi,DEF,1,5,5,5-3-2,5.8,5.8,0,
4667751,south-africa-vs-mexico,https://www.fotmob.com/matches/south-africa-vs-mexico/1einvt#4667751,Mexico vs South Africa (2026-06-11T19:00:00.000Z),Mexico,South Africa,2026-06-11T19:00:00.000Z,FIFA World Cup Round 1,Mexico City Stadium,Wilton Sampaio,Full time,2,0,South Africa,Mexico,away,Williams,1,True,starting_xi,GK,0,1,1,5-3-2,5.8,6.2,0,
4667752,south-korea-vs-czechia,https://www.fotmob.com/matches/south-korea-vs-czechia/273opa#4667752,South Korea vs Czechia (2026-06-12T02:00:00.000Z),South Korea,Czechia,2026-06-12T02:00:00.000Z,FIFA World Cup Round 1,Guadalajara Stadium,Amin Omar,Full time,2,1,South Korea,Czechia,home,Kim,1,True,starting_xi,GK,0,1,1,3-4-2-1,7.4,7.7,0,
4667752,south-korea-vs-czechia,https://www.fotmob.com/matches/south-korea-vs-czechia/273opa#4667752,South Korea vs Czechia (2026-06-12T02:00:00.000Z),South Korea,Czechia,2026-06-12T02:00:00.000Z,FIFA World Cup Round 1,Guadalajara Stadium,Amin Omar,Full time,2,1,South Korea,Czechia,home,Lee,2,True,starting_xi,DEF,1,3,1,3-4-2-1,7.4,7.1,0,
4667752,south-korea-vs-czechia,https://www.fotmob.com/matches/south-korea-vs-czechia/273opa#4667752,South Korea vs Czechia (2026-06-12T02:00:00.000Z),South Korea,Czechia,2026-06-12T02:00:00.000Z,FIFA World Cup Round 1,Guadalajara Stadium,Amin Omar,Full time,2,1,South Korea,Czechia,home,Kim,4,True,starting_xi,DEF,1,3,2,3-4-2-1,7.4,7.4,0,
4667752,south-korea-vs-czechia,https://www.fotmob.com/matches/south-korea-vs-czechia/273opa#4667752,South Korea vs Czechia (2026-06-12T02:00:00.000Z),South Korea,Czechia,2026-06-12T02:00:00.000Z,FIFA World Cup Round 1,Guadalajara Stadium,Amin Omar,Full time,2,1,South Korea,Czechia,home,Lee,3,True,starting_xi,DEF,1,3,3,3-4-2-1,7.4,7.6,0,
4667752,south-korea-vs-czechia,https://www.fotmob.com/matches/south-korea-vs-czechia/273opa#4667752,South Korea vs Czechia (2026-06-12T02:00:00.000Z),South Korea,Czechia,2026-06-12T02:00:00.000Z,FIFA World Cup Round 1,Guadalajara Stadium,Amin Omar,Full time,2,1,South Korea,Czechia,home,Seol,22,True,starting_xi,AM,2,4,1,3-4-2-1,7.4,6.9,0,
4667752,south-korea-vs-czechia,https://www.fotmob.com/matches/south-korea-vs-czechia/273opa#4667752,South Korea vs Czechia (2026-06-12T02:00:00.000Z),South Korea,Czechia,2026-06-12T02:00:00.000Z,FIFA World Cup Round 1,Guadalajara Stadium,Amin Omar,Full time,2,1,South Korea,Czechia,home,Hwang,6,True,starting_xi,AM,2,4,2,3-4-2-1,7.4,8.9,0,84.0
4667752,south-korea-vs-czechia,https://www.fotmob.com/matches/south-korea-vs-czechia/273opa#4667752,South Korea vs Czechia (2026-06-12T02:00:00.000Z),South Korea,Czechia,2026-06-12T02:00:00.000Z,FIFA World Cup Round 1,Guadalajara Stadium,Amin Omar,Full time,2,1,South Korea,Czechia,home,Paik,8,True,starting_xi,AM,2,4,3,3-4-2-1,7.4,7.3,0,84.0
4667752,south-korea-vs-czechia,https://www.fotmob.com/matches/south-korea-vs-czechia/273opa#4667752,South Korea vs Czechia (2026-06-12T02:00:00.000Z),South Korea,Czechia,2026-06-12T02:00:00.000Z,FIFA World Cup Round 1,Guadalajara Stadium,Amin Omar,Full time,2,1,South Korea,Czechia,home,Lee,13,True,starting_xi,AM,2,4,4,3-4-2-1,7.4,6.9,0,69.0
4667752,south-korea-vs-czechia,https://www.fotmob.com/matches/south-korea-vs-czechia/273opa#4667752,South Korea vs Czechia (2026-06-12T02:00:00.000Z),South Korea,Czechia,2026-06-12T02:00:00.000Z,FIFA World Cup Round 1,Guadalajara Stadium,Amin Omar,Full time,2,1,South Korea,Czechia,home,Lee,19,True,starting_xi,AM,3,2,1,3-4-2-1,7.4,8.4,0,
4667752,south-korea-vs-czechia,https://www.fotmob.com/matches/south-korea-vs-czechia/273opa#4667752,South Korea vs Czechia (2026-06-12T02:00:00.000Z),South Korea,Czechia,2026-06-12T02:00:00.000Z,FIFA World Cup Round 1,Guadalajara Stadium,Amin Omar,Full time,2,1,South Korea,Czechia,home,Lee,10,True,starting_xi,AM,3,2,2,3-4-2-1,7.4,7.4,0,62.0
4667752,south-korea-vs-czechia,https://www.fotmob.com/matches/south-korea-vs-czechia/273opa#4667752,South Korea vs Czechia (2026-06-12T02:00:00.000Z),South Korea,Czechia,2026-06-12T02:00:00.000Z,FIFA World Cup Round 1,Guadalajara Stadium,Amin Omar,Full time,2,1,South Korea,Czechia,home,Son,7,True,starting_xi,FWD,4,1,1,3-4-2-1,7.4,6.9,0,69.0
4667752,south-korea-vs-czechia,https://www.fotmob.com/matches/south-korea-vs-czechia/273opa#4667752,South Korea vs Czechia (2026-06-12T02:00:00.000Z),South Korea,Czechia,2026-06-12T02:00:00.000Z,FIFA World Cup Round 1,Guadalajara Stadium,Amin Omar,Full time,2,1,Czechia,South Korea,away,Schick,10,True,starting_xi,FWD,4,1,1,3-4-2-1,6.4,5.9,0,63.0
4667752,south-korea-vs-czechia,https://www.fotmob.com/matches/south-korea-vs-czechia/273opa#4667752,South Korea vs Czechia (2026-06-12T02:00:00.000Z),South Korea,Czechia,2026-06-12T02:00:00.000Z,FIFA World Cup Round 1,Guadalajara Stadium,Amin Omar,Full time,2,1,Czechia,South Korea,away,Sulc,15,True,starting_xi,AM,3,2,1,3-4-2-1,6.4,7.2,0,63.0
4667752,south-korea-vs-czechia,https://www.fotmob.com/matches/south-korea-vs-czechia/273opa#4667752,South Korea vs Czechia (2026-06-12T02:00:00.000Z),South Korea,Czechia,2026-06-12T02:00:00.000Z,FIFA World Cup Round 1,Guadalajara Stadium,Amin Omar,Full time,2,1,Czechia,South Korea,away,Provod,17,True,starting_xi,AM,3,2,2,3-4-2-1,6.4,6.8,0,63.0
4667752,south-korea-vs-czechia,https://www.fotmob.com/matches/south-korea-vs-czechia/273opa#4667752,South Korea vs Czechia (2026-06-12T02:00:00.000Z),South Korea,Czechia,2026-06-12T02:00:00.000Z,FIFA World Cup Round 1,Guadalajara Stadium,Amin Omar,Full time,2,1,Czechia,South Korea,away,Zeleny,20,True,starting_xi,AM,2,4,1,3-4-2-1,6.4,6.8,0,
4667752,south-korea-vs-czechia,https://www.fotmob.com/matches/south-korea-vs-czechia/273opa#4667752,South Korea vs Czechia (2026-06-12T02:00:00.000Z),South Korea,Czechia,2026-06-12T02:00:00.000Z,FIFA World Cup Round 1,Guadalajara Stadium,Amin Omar,Full time,2,1,Czechia,South Korea,away,Sojka,24,True,starting_xi,AM,2,4,2,3-4-2-1,6.4,6.6,0,84.0
4667752,south-korea-vs-czechia,https://www.fotmob.com/matches/south-korea-vs-czechia/273opa#4667752,South Korea vs Czechia (2026-06-12T02:00:00.000Z),South Korea,Czechia,2026-06-12T02:00:00.000Z,FIFA World Cup Round 1,Guadalajara Stadium,Amin Omar,Full time,2,1,Czechia,South Korea,away,Soucek,22,True,starting_xi,AM,2,4,3,3-4-2-1,6.4,6.1,0,
4667752,south-korea-vs-czechia,https://www.fotmob.com/matches/south-korea-vs-czechia/273opa#4667752,South Korea vs Czechia (2026-06-12T02:00:00.000Z),South Korea,Czechia,2026-06-12T02:00:00.000Z,FIFA World Cup Round 1,Guadalajara Stadium,Amin Omar,Full time,2,1,Czechia,South Korea,away,Coufal,5,True,starting_xi,AM,2,4,4,3-4-2-1,6.4,6.9,0,
4667752,south-korea-vs-czechia,https://www.fotmob.com/matches/south-korea-vs-czechia/273opa#4667752,South Korea vs Czechia (2026-06-12T02:00:00.000Z),South Korea,Czechia,2026-06-12T02:00:00.000Z,FIFA World Cup Round 1,Guadalajara Stadium,Amin Omar,Full time,2,1,Czechia,South Korea,away,Krejcí,7,True,starting_xi,DEF,1,3,1,3-4-2-1,6.4,7.4,0,
4667752,south-korea-vs-czechia,https://www.fotmob.com/matches/south-korea-vs-czechia/273opa#4667752,South Korea vs Czechia (2026-06-12T02:00:00.000Z),South Korea,Czechia,2026-06-12T02:00:00.000Z,FIFA World Cup Round 1,Guadalajara Stadium,Amin Omar,Full time,2,1,Czechia,South Korea,away,Hranác,4,True,starting_xi,DEF,1,3,2,3-4-2-1,6.4,5.7,0,
4667752,south-korea-vs-czechia,https://www.fotmob.com/matches/south-korea-vs-czechia/273opa#4667752,South Korea vs Czechia (2026-06-12T02:00:00.000Z),South Korea,Czechia,2026-06-12T02:00:00.000Z,FIFA World Cup Round 1,Guadalajara Stadium,Amin Omar,Full time,2,1,Czechia,South Korea,away,Chaloupek,6,True,starting_xi,DEF,1,3,3,3-4-2-1,6.4,5.7,0,
4667752,south-korea-vs-czechia,https://www.fotmob.com/matches/south-korea-vs-czechia/273opa#4667752,South Korea vs Czechia (2026-06-12T02:00:00.000Z),South Korea,Czechia,2026-06-12T02:00:00.000Z,FIFA World Cup Round 1,Guadalajara Stadium,Amin Omar,Full time,2,1,Czechia,South Korea,away,Kovár,1,True,starting_xi,GK,0,1,1,3-4-2-1,6.4,6.8,0,
4667758,qatar-vs-switzerland,https://www.fotmob.com/matches/qatar-vs-switzerland/1beswv#4667758,Qatar vs Switzerland (2026-06-13T19:00:00.000Z),Qatar,Switzerland,2026-06-13T19:00:00.000Z,FIFA World Cup Round 1,San Francisco Bay Area Stadium,Héctor Saíd Martínez Sorto,Full time,1,1,Qatar,Switzerland,home,Abunada,1,True,starting_xi,GK,0,1,1,4-3-3,6.7,7.7,0,
4667758,qatar-vs-switzerland,https://www.fotmob.com/matches/qatar-vs-switzerland/1beswv#4667758,Qatar vs Switzerland (2026-06-13T19:00:00.000Z),Qatar,Switzerland,2026-06-13T19:00:00.000Z,FIFA World Cup Round 1,San Francisco Bay Area Stadium,Héctor Saíd Martínez Sorto,Full time,1,1,Qatar,Switzerland,home,Al Oui,13,True,starting_xi,DEF,1,4,1,4-3-3,6.7,6.4,0,60.0
4667758,qatar-vs-switzerland,https://www.fotmob.com/matches/qatar-vs-switzerland/1beswv#4667758,Qatar vs Switzerland (2026-06-13T19:00:00.000Z),Qatar,Switzerland,2026-06-13T19:00:00.000Z,FIFA World Cup Round 1,San Francisco Bay Area Stadium,Héctor Saíd Martínez Sorto,Full time,1,1,Qatar,Switzerland,home,Miguel,2,True,starting_xi,DEF,1,4,2,4-3-3,6.7,7.3,0,
4667758,qatar-vs-switzerland,https://www.fotmob.com/matches/qatar-vs-switzerland/1beswv#4667758,Qatar vs Switzerland (2026-06-13T19:00:00.000Z),Qatar,Switzerland,2026-06-13T19:00:00.000Z,FIFA World Cup Round 1,San Francisco Bay Area Stadium,Héctor Saíd Martínez Sorto,Full time,1,1,Qatar,Switzerland,home,Khoukhi,16,True,starting_xi,DEF,1,4,3,4-3-3,6.7,6.9,0,
4667758,qatar-vs-switzerland,https://www.fotmob.com/matches/qatar-vs-switzerland/1beswv#4667758,Qatar vs Switzerland (2026-06-13T19:00:00.000Z),Qatar,Switzerland,2026-06-13T19:00:00.000Z,FIFA World Cup Round 1,San Francisco Bay Area Stadium,Héctor Saíd Martínez Sorto,Full time,1,1,Qatar,Switzerland,home,Elamin,14,True,starting_xi,DEF,1,4,4,4-3-3,6.7,7.2,0,
4667758,qatar-vs-switzerland,https://www.fotmob.com/matches/qatar-vs-switzerland/1beswv#4667758,Qatar vs Switzerland (2026-06-13T19:00:00.000Z),Qatar,Switzerland,2026-06-13T19:00:00.000Z,FIFA World Cup Round 1,San Francisco Bay Area Stadium,Héctor Saíd Martínez Sorto,Full time,1,1,Qatar,Switzerland,home,Gaber,5,True,starting_xi,AM,2,3,1,4-3-3,6.7,6.1,0,60.0
4667758,qatar-vs-switzerland,https://www.fotmob.com/matches/qatar-vs-switzerland/1beswv#4667758,Qatar vs Switzerland (2026-06-13T19:00:00.000Z),Qatar,Switzerland,2026-06-13T19:00:00.000Z,FIFA World Cup Round 1,San Francisco Bay Area Stadium,Héctor Saíd Martínez Sorto,Full time,1,1,Qatar,Switzerland,home,Madibo,23,True,starting_xi,AM,2,3,2,4-3-3,6.7,6.4,0,78.0
4667758,qatar-vs-switzerland,https://www.fotmob.com/matches/qatar-vs-switzerland/1beswv#4667758,Qatar vs Switzerland (2026-06-13T19:00:00.000Z),Qatar,Switzerland,2026-06-13T19:00:00.000Z,FIFA World Cup Round 1,San Francisco Bay Area Stadium,Héctor Saíd Martínez Sorto,Full time,1,1,Qatar,Switzerland,home,Laye,4,True,starting_xi,AM,2,3,3,4-3-3,6.7,6.8,0,
4667758,qatar-vs-switzerland,https://www.fotmob.com/matches/qatar-vs-switzerland/1beswv#4667758,Qatar vs Switzerland (2026-06-13T19:00:00.000Z),Qatar,Switzerland,2026-06-13T19:00:00.000Z,FIFA World Cup Round 1,San Francisco Bay Area Stadium,Héctor Saíd Martínez Sorto,Full time,1,1,Qatar,Switzerland,home,Junior,8,True,starting_xi,FWD,3,3,1,4-3-3,6.7,6.3,0,88.0
4667758,qatar-vs-switzerland,https://www.fotmob.com/matches/qatar-vs-switzerland/1beswv#4667758,Qatar vs Switzerland (2026-06-13T19:00:00.000Z),Qatar,Switzerland,2026-06-13T19:00:00.000Z,FIFA World Cup Round 1,San Francisco Bay Area Stadium,Héctor Saíd Martínez Sorto,Full time,1,1,Qatar,Switzerland,home,Abdurisag,15,True,starting_xi,FWD,3,3,2,4-3-3,6.7,6.8,0,60.0
4667758,qatar-vs-switzerland,https://www.fotmob.com/matches/qatar-vs-switzerland/1beswv#4667758,Qatar vs Switzerland (2026-06-13T19:00:00.000Z),Qatar,Switzerland,2026-06-13T19:00:00.000Z,FIFA World Cup Round 1,San Francisco Bay Area Stadium,Héctor Saíd Martínez Sorto,Full time,1,1,Qatar,Switzerland,home,Afif,11,True,starting_xi,FWD,3,3,3,4-3-3,6.7,6.9,0,
4667758,qatar-vs-switzerland,https://www.fotmob.com/matches/qatar-vs-switzerland/1beswv#4667758,Qatar vs Switzerland (2026-06-13T19:00:00.000Z),Qatar,Switzerland,2026-06-13T19:00:00.000Z,FIFA World Cup Round 1,San Francisco Bay Area Stadium,Héctor Saíd Martínez Sorto,Full time,1,1,Switzerland,Qatar,away,Vargas,17,True,starting_xi,FWD,3,3,1,4-3-3,7.2,8.1,0,79.0
4667758,qatar-vs-switzerland,https://www.fotmob.com/matches/qatar-vs-switzerland/1beswv#4667758,Qatar vs Switzerland (2026-06-13T19:00:00.000Z),Qatar,Switzerland,2026-06-13T19:00:00.000Z,FIFA World Cup Round 1,San Francisco Bay Area Stadium,Héctor Saíd Martínez Sorto,Full time,1,1,Switzerland,Qatar,away,Embolo,7,True,starting_xi,FWD,3,3,2,4-3-3,7.2,8.0,0,
4667758,qatar-vs-switzerland,https://www.fotmob.com/matches/qatar-vs-switzerland/1beswv#4667758,Qatar vs Switzerland (2026-06-13T19:00:00.000Z),Qatar,Switzerland,2026-06-13T19:00:00.000Z,FIFA World Cup Round 1,San Francisco Bay Area Stadium,Héctor Saíd Martínez Sorto,Full time,1,1,Switzerland,Qatar,away,Ndoye,11,True,starting_xi,FWD,3,3,3,4-3-3,7.2,7.2,0,65.0
4667758,qatar-vs-switzerland,https://www.fotmob.com/matches/qatar-vs-switzerland/1beswv#4667758,Qatar vs Switzerland (2026-06-13T19:00:00.000Z),Qatar,Switzerland,2026-06-13T19:00:00.000Z,FIFA World Cup Round 1,San Francisco Bay Area Stadium,Héctor Saíd Martínez Sorto,Full time,1,1,Switzerland,Qatar,away,Freuler,8,True,starting_xi,AM,2,3,1,4-3-3,7.2,7.1,0,89.0
4667758,qatar-vs-switzerland,https://www.fotmob.com/matches/qatar-vs-switzerland/1beswv#4667758,Qatar vs Switzerland (2026-06-13T19:00:00.000Z),Qatar,Switzerland,2026-06-13T19:00:00.000Z,FIFA World Cup Round 1,San Francisco Bay Area Stadium,Héctor Saíd Martínez Sorto,Full time,1,1,Switzerland,Qatar,away,Xhaka,10,True,starting_xi,AM,2,3,2,4-3-3,7.2,7.3,0,
4667758,qatar-vs-switzerland,https://www.fotmob.com/matches/qatar-vs-switzerland/1beswv#4667758,Qatar vs Switzerland (2026-06-13T19:00:00.000Z),Qatar,Switzerland,2026-06-13T19:00:00.000Z,FIFA World Cup Round 1,San Francisco Bay Area Stadium,Héctor Saíd Martínez Sorto,Full time,1,1,Switzerland,Qatar,away,Aebischer,20,True,starting_xi,AM,2,3,3,4-3-3,7.2,7.2,0,65.0
4667758,qatar-vs-switzerland,https://www.fotmob.com/matches/qatar-vs-switzerland/1beswv#4667758,Qatar vs Switzerland (2026-06-13T19:00:00.000Z),Qatar,Switzerland,2026-06-13T19:00:00.000Z,FIFA World Cup Round 1,San Francisco Bay Area Stadium,Héctor Saíd Martínez Sorto,Full time,1,1,Switzerland,Qatar,away,Rodríguez,13,True,starting_xi,DEF,1,4,1,4-3-3,7.2,7.8,0,89.0
4667758,qatar-vs-switzerland,https://www.fotmob.com/matches/qatar-vs-switzerland/1beswv#4667758,Qatar vs Switzerland (2026-06-13T19:00:00.000Z),Qatar,Switzerland,2026-06-13T19:00:00.000Z,FIFA World Cup Round 1,San Francisco Bay Area Stadium,Héctor Saíd Martínez Sorto,Full time,1,1,Switzerland,Qatar,away,Akanji,5,True,starting_xi,DEF,1,4,2,4-3-3,7.2,7.4,0,
4667758,qatar-vs-switzerland,https://www.fotmob.com/matches/qatar-vs-switzerland/1beswv#4667758,Qatar vs Switzerland (2026-06-13T19:00:00.000Z),Qatar,Switzerland,2026-06-13T19:00:00.000Z,FIFA World Cup Round 1,San Francisco Bay Area Stadium,Héctor Saíd Martínez Sorto,Full time,1,1,Switzerland,Qatar,away,Elvedi,4,True,starting_xi,DEF,1,4,3,4-3-3,7.2,7.3,0,
4667758,qatar-vs-switzerland,https://www.fotmob.com/matches/qatar-vs-switzerland/1beswv#4667758,Qatar vs Switzerland (2026-06-13T19:00:00.000Z),Qatar,Switzerland,2026-06-13T19:00:00.000Z,FIFA World Cup Round 1,San Francisco Bay Area Stadium,Héctor Saíd Martínez Sorto,Full time,1,1,Switzerland,Qatar,away,Zakaria,6,True,starting_xi,DEF,1,4,4,4-3-3,7.2,7.5,0,
4667758,qatar-vs-switzerland,https://www.fotmob.com/matches/qatar-vs-switzerland/1beswv#4667758,Qatar vs Switzerland (2026-06-13T19:00:00.000Z),Qatar,Switzerland,2026-06-13T19:00:00.000Z,FIFA World Cup Round 1,San Francisco Bay Area Stadium,Héctor Saíd Martínez Sorto,Full time,1,1,Switzerland,Qatar,away,Kobel,1,True,starting_xi,GK,0,1,1,4-3-3,7.2,7.5,0,
4667757,canada-vs-bosnia-herzegovina,https://www.fotmob.com/matches/canada-vs-bosnia-herzegovina/23f1qo#4667757,Canada vs Bosnia and Herzegovina (2026-06-12T19:00:00.000Z),Canada,Bosnia and Herzegovina,2026-06-12T19:00:00.000Z,FIFA World Cup Round 1,Toronto Stadium,Facundo Tello,Full time,1,1,Canada,Bosnia and Herzegovina,home,Crépeau,16,True,starting_xi,GK,0,1,1,4-4-2,6.9,7.5,0,
4667757,canada-vs-bosnia-herzegovina,https://www.fotmob.com/matches/canada-vs-bosnia-herzegovina/23f1qo#4667757,Canada vs Bosnia and Herzegovina (2026-06-12T19:00:00.000Z),Canada,Bosnia and Herzegovina,2026-06-12T19:00:00.000Z,FIFA World Cup Round 1,Toronto Stadium,Facundo Tello,Full time,1,1,Canada,Bosnia and Herzegovina,home,Johnston,2,True,starting_xi,DEF,1,4,1,4-4-2,6.9,7.2,0,
4667757,canada-vs-bosnia-herzegovina,https://www.fotmob.com/matches/canada-vs-bosnia-herzegovina/23f1qo#4667757,Canada vs Bosnia and Herzegovina (2026-06-12T19:00:00.000Z),Canada,Bosnia and Herzegovina,2026-06-12T19:00:00.000Z,FIFA World Cup Round 1,Toronto Stadium,Facundo Tello,Full time,1,1,Canada,Bosnia and Herzegovina,home,De Fougerolles,4,True,starting_xi,DEF,1,4,2,4-4-2,6.9,7.1,0,
4667757,canada-vs-bosnia-herzegovina,https://www.fotmob.com/matches/canada-vs-bosnia-herzegovina/23f1qo#4667757,Canada vs Bosnia and Herzegovina (2026-06-12T19:00:00.000Z),Canada,Bosnia and Herzegovina,2026-06-12T19:00:00.000Z,FIFA World Cup Round 1,Toronto Stadium,Facundo Tello,Full time,1,1,Canada,Bosnia and Herzegovina,home,Cornelius,13,True,starting_xi,DEF,1,4,3,4-4-2,6.9,7.4,0,
4667757,canada-vs-bosnia-herzegovina,https://www.fotmob.com/matches/canada-vs-bosnia-herzegovina/23f1qo#4667757,Canada vs Bosnia and Herzegovina (2026-06-12T19:00:00.000Z),Canada,Bosnia and Herzegovina,2026-06-12T19:00:00.000Z,FIFA World Cup Round 1,Toronto Stadium,Facundo Tello,Full time,1,1,Canada,Bosnia and Herzegovina,home,Laryea,22,True,starting_xi,DEF,1,4,4,4-4-2,6.9,8.2,0,
4667757,canada-vs-bosnia-herzegovina,https://www.fotmob.com/matches/canada-vs-bosnia-herzegovina/23f1qo#4667757,Canada vs Bosnia and Herzegovina (2026-06-12T19:00:00.000Z),Canada,Bosnia and Herzegovina,2026-06-12T19:00:00.000Z,FIFA World Cup Round 1,Toronto Stadium,Facundo Tello,Full time,1,1,Canada,Bosnia and Herzegovina,home,Buchanan,17,True,starting_xi,AM,2,4,1,4-4-2,6.9,5.7,0,61.0
4667757,canada-vs-bosnia-herzegovina,https://www.fotmob.com/matches/canada-vs-bosnia-herzegovina/23f1qo#4667757,Canada vs Bosnia and Herzegovina (2026-06-12T19:00:00.000Z),Canada,Bosnia and Herzegovina,2026-06-12T19:00:00.000Z,FIFA World Cup Round 1,Toronto Stadium,Facundo Tello,Full time,1,1,Canada,Bosnia and Herzegovina,home,Koné,8,True,starting_xi,AM,2,4,2,4-4-2,6.9,6.0,0,
4667757,canada-vs-bosnia-herzegovina,https://www.fotmob.com/matches/canada-vs-bosnia-herzegovina/23f1qo#4667757,Canada vs Bosnia and Herzegovina (2026-06-12T19:00:00.000Z),Canada,Bosnia and Herzegovina,2026-06-12T19:00:00.000Z,FIFA World Cup Round 1,Toronto Stadium,Facundo Tello,Full time,1,1,Canada,Bosnia and Herzegovina,home,Eustaquio,7,True,starting_xi,AM,2,4,3,4-4-2,6.9,7.5,0,90.0
4667757,canada-vs-bosnia-herzegovina,https://www.fotmob.com/matches/canada-vs-bosnia-herzegovina/23f1qo#4667757,Canada vs Bosnia and Herzegovina (2026-06-12T19:00:00.000Z),Canada,Bosnia and Herzegovina,2026-06-12T19:00:00.000Z,FIFA World Cup Round 1,Toronto Stadium,Facundo Tello,Full time,1,1,Canada,Bosnia and Herzegovina,home,Millar,11,True,starting_xi,AM,2,4,4,4-4-2,6.9,6.8,0,61.0
4667757,canada-vs-bosnia-herzegovina,https://www.fotmob.com/matches/canada-vs-bosnia-herzegovina/23f1qo#4667757,Canada vs Bosnia and Herzegovina (2026-06-12T19:00:00.000Z),Canada,Bosnia and Herzegovina,2026-06-12T19:00:00.000Z,FIFA World Cup Round 1,Toronto Stadium,Facundo Tello,Full time,1,1,Canada,Bosnia and Herzegovina,home,David,10,True,starting_xi,FWD,3,2,1,4-4-2,6.9,6.6,0,61.0
4667757,canada-vs-bosnia-herzegovina,https://www.fotmob.com/matches/canada-vs-bosnia-herzegovina/23f1qo#4667757,Canada vs Bosnia and Herzegovina (2026-06-12T19:00:00.000Z),Canada,Bosnia and Herzegovina,2026-06-12T19:00:00.000Z,FIFA World Cup Round 1,Toronto Stadium,Facundo Tello,Full time,1,1,Canada,Bosnia and Herzegovina,home,Oluwaseyi,12,True,starting_xi,FWD,3,2,2,4-4-2,6.9,6.6,0,76.0
4667757,canada-vs-bosnia-herzegovina,https://www.fotmob.com/matches/canada-vs-bosnia-herzegovina/23f1qo#4667757,Canada vs Bosnia and Herzegovina (2026-06-12T19:00:00.000Z),Canada,Bosnia and Herzegovina,2026-06-12T19:00:00.000Z,FIFA World Cup Round 1,Toronto Stadium,Facundo Tello,Full time,1,1,Bosnia and Herzegovina,Canada,away,Lukic,25,True,starting_xi,FWD,3,2,1,4-4-2,7.0,8.0,0,61.0
4667757,canada-vs-bosnia-herzegovina,https://www.fotmob.com/matches/canada-vs-bosnia-herzegovina/23f1qo#4667757,Canada vs Bosnia and Herzegovina (2026-06-12T19:00:00.000Z),Canada,Bosnia and Herzegovina,2026-06-12T19:00:00.000Z,FIFA World Cup Round 1,Toronto Stadium,Facundo Tello,Full time,1,1,Bosnia and Herzegovina,Canada,away,Demirovic,10,True,starting_xi,FWD,3,2,2,4-4-2,7.0,6.6,0,
4667757,canada-vs-bosnia-herzegovina,https://www.fotmob.com/matches/canada-vs-bosnia-herzegovina/23f1qo#4667757,Canada vs Bosnia and Herzegovina (2026-06-12T19:00:00.000Z),Canada,Bosnia and Herzegovina,2026-06-12T19:00:00.000Z,FIFA World Cup Round 1,Toronto Stadium,Facundo Tello,Full time,1,1,Bosnia and Herzegovina,Canada,away,Memic,15,True,starting_xi,AM,2,4,1,4-4-2,7.0,6.1,0,74.0
4667757,canada-vs-bosnia-herzegovina,https://www.fotmob.com/matches/canada-vs-bosnia-herzegovina/23f1qo#4667757,Canada vs Bosnia and Herzegovina (2026-06-12T19:00:00.000Z),Canada,Bosnia and Herzegovina,2026-06-12T19:00:00.000Z,FIFA World Cup Round 1,Toronto Stadium,Facundo Tello,Full time,1,1,Bosnia and Herzegovina,Canada,away,Tahirovic,6,True,starting_xi,AM,2,4,2,4-4-2,7.0,6.6,0,
4667757,canada-vs-bosnia-herzegovina,https://www.fotmob.com/matches/canada-vs-bosnia-herzegovina/23f1qo#4667757,Canada vs Bosnia and Herzegovina (2026-06-12T19:00:00.000Z),Canada,Bosnia and Herzegovina,2026-06-12T19:00:00.000Z,FIFA World Cup Round 1,Toronto Stadium,Facundo Tello,Full time,1,1,Bosnia and Herzegovina,Canada,away,Basic,13,True,starting_xi,AM,2,4,3,4-4-2,7.0,7.2,0,61.0
4667757,canada-vs-bosnia-herzegovina,https://www.fotmob.com/matches/canada-vs-bosnia-herzegovina/23f1qo#4667757,Canada vs Bosnia and Herzegovina (2026-06-12T19:00:00.000Z),Canada,Bosnia and Herzegovina,2026-06-12T19:00:00.000Z,FIFA World Cup Round 1,Toronto Stadium,Facundo Tello,Full time,1,1,Bosnia and Herzegovina,Canada,away,Bajraktarevic,20,True,starting_xi,AM,2,4,4,4-4-2,7.0,6.3,0,74.0
4667757,canada-vs-bosnia-herzegovina,https://www.fotmob.com/matches/canada-vs-bosnia-herzegovina/23f1qo#4667757,Canada vs Bosnia and Herzegovina (2026-06-12T19:00:00.000Z),Canada,Bosnia and Herzegovina,2026-06-12T19:00:00.000Z,FIFA World Cup Round 1,Toronto Stadium,Facundo Tello,Full time,1,1,Bosnia and Herzegovina,Canada,away,Kolasinac,5,True,starting_xi,DEF,1,4,1,4-4-2,7.0,8.0,0,83.0
4667757,canada-vs-bosnia-herzegovina,https://www.fotmob.com/matches/canada-vs-bosnia-herzegovina/23f1qo#4667757,Canada vs Bosnia and Herzegovina (2026-06-12T19:00:00.000Z),Canada,Bosnia and Herzegovina,2026-06-12T19:00:00.000Z,FIFA World Cup Round 1,Toronto Stadium,Facundo Tello,Full time,1,1,Bosnia and Herzegovina,Canada,away,Muharemovic,4,True,starting_xi,DEF,1,4,2,4-4-2,7.0,8.3,0,
4667757,canada-vs-bosnia-herzegovina,https://www.fotmob.com/matches/canada-vs-bosnia-herzegovina/23f1qo#4667757,Canada vs Bosnia and Herzegovina (2026-06-12T19:00:00.000Z),Canada,Bosnia and Herzegovina,2026-06-12T19:00:00.000Z,FIFA World Cup Round 1,Toronto Stadium,Facundo Tello,Full time,1,1,Bosnia and Herzegovina,Canada,away,Katic,18,True,starting_xi,DEF,1,4,3,4-4-2,7.0,8.4,0,
4667757,canada-vs-bosnia-herzegovina,https://www.fotmob.com/matches/canada-vs-bosnia-herzegovina/23f1qo#4667757,Canada vs Bosnia and Herzegovina (2026-06-12T19:00:00.000Z),Canada,Bosnia and Herzegovina,2026-06-12T19:00:00.000Z,FIFA World Cup Round 1,Toronto Stadium,Facundo Tello,Full time,1,1,Bosnia and Herzegovina,Canada,away,Dedic,7,True,starting_xi,DEF,1,4,4,4-4-2,7.0,7.0,0,
4667757,canada-vs-bosnia-herzegovina,https://www.fotmob.com/matches/canada-vs-bosnia-herzegovina/23f1qo#4667757,Canada vs Bosnia and Herzegovina (2026-06-12T19:00:00.000Z),Canada,Bosnia and Herzegovina,2026-06-12T19:00:00.000Z,FIFA World Cup Round 1,Toronto Stadium,Facundo Tello,Full time,1,1,Bosnia and Herzegovina,Canada,away,Vasilj,1,True,starting_xi,GK,0,1,1,4-4-2,7.0,6.8,0,
4667765,haiti-vs-scotland,https://www.fotmob.com/matches/haiti-vs-scotland/1q0g2q#4667765,Haiti vs Scotland (2026-06-14T01:00:00.000Z),Haiti,Scotland,2026-06-14T01:00:00.000Z,FIFA World Cup Round 1,Boston Stadium,Mustapha Ghorbal,Full time,0,1,Haiti,Scotland,home,Placide,1,True,starting_xi,GK,0,1,1,4-4-2,6.5,6.4,0,
4667765,haiti-vs-scotland,https://www.fotmob.com/matches/haiti-vs-scotland/1q0g2q#4667765,Haiti vs Scotland (2026-06-14T01:00:00.000Z),Haiti,Scotland,2026-06-14T01:00:00.000Z,FIFA World Cup Round 1,Boston Stadium,Mustapha Ghorbal,Full time,0,1,Haiti,Scotland,home,Arcus,2,True,starting_xi,DEF,1,4,1,4-4-2,6.5,6.4,0,
4667765,haiti-vs-scotland,https://www.fotmob.com/matches/haiti-vs-scotland/1q0g2q#4667765,Haiti vs Scotland (2026-06-14T01:00:00.000Z),Haiti,Scotland,2026-06-14T01:00:00.000Z,FIFA World Cup Round 1,Boston Stadium,Mustapha Ghorbal,Full time,0,1,Haiti,Scotland,home,Adé,4,True,starting_xi,DEF,1,4,2,4-4-2,6.5,6.7,0,
4667765,haiti-vs-scotland,https://www.fotmob.com/matches/haiti-vs-scotland/1q0g2q#4667765,Haiti vs Scotland (2026-06-14T01:00:00.000Z),Haiti,Scotland,2026-06-14T01:00:00.000Z,FIFA World Cup Round 1,Boston Stadium,Mustapha Ghorbal,Full time,0,1,Haiti,Scotland,home,Delcroix,5,True,starting_xi,DEF,1,4,3,4-4-2,6.5,6.9,0,
4667765,haiti-vs-scotland,https://www.fotmob.com/matches/haiti-vs-scotland/1q0g2q#4667765,Haiti vs Scotland (2026-06-14T01:00:00.000Z),Haiti,Scotland,2026-06-14T01:00:00.000Z,FIFA World Cup Round 1,Boston Stadium,Mustapha Ghorbal,Full time,0,1,Haiti,Scotland,home,Expérience,8,True,starting_xi,DEF,1,4,4,4-4-2,6.5,7.1,0,
4667765,haiti-vs-scotland,https://www.fotmob.com/matches/haiti-vs-scotland/1q0g2q#4667765,Haiti vs Scotland (2026-06-14T01:00:00.000Z),Haiti,Scotland,2026-06-14T01:00:00.000Z,FIFA World Cup Round 1,Boston Stadium,Mustapha Ghorbal,Full time,0,1,Haiti,Scotland,home,Louicius,11,True,starting_xi,AM,2,4,1,4-4-2,6.5,6.5,0,61.0
4667765,haiti-vs-scotland,https://www.fotmob.com/matches/haiti-vs-scotland/1q0g2q#4667765,Haiti vs Scotland (2026-06-14T01:00:00.000Z),Haiti,Scotland,2026-06-14T01:00:00.000Z,FIFA World Cup Round 1,Boston Stadium,Mustapha Ghorbal,Full time,0,1,Haiti,Scotland,home,Jacques,17,True,starting_xi,AM,2,4,2,4-4-2,6.5,7.3,0,
4667765,haiti-vs-scotland,https://www.fotmob.com/matches/haiti-vs-scotland/1q0g2q#4667765,Haiti vs Scotland (2026-06-14T01:00:00.000Z),Haiti,Scotland,2026-06-14T01:00:00.000Z,FIFA World Cup Round 1,Boston Stadium,Mustapha Ghorbal,Full time,0,1,Haiti,Scotland,home,Bellegarde,10,True,starting_xi,AM,2,4,3,4-4-2,6.5,7.2,0,
4667765,haiti-vs-scotland,https://www.fotmob.com/matches/haiti-vs-scotland/1q0g2q#4667765,Haiti vs Scotland (2026-06-14T01:00:00.000Z),Haiti,Scotland,2026-06-14T01:00:00.000Z,FIFA World Cup Round 1,Boston Stadium,Mustapha Ghorbal,Full time,0,1,Haiti,Scotland,home,Providence,15,True,starting_xi,AM,2,4,4,4-4-2,6.5,6.5,0,85.0
4667765,haiti-vs-scotland,https://www.fotmob.com/matches/haiti-vs-scotland/1q0g2q#4667765,Haiti vs Scotland (2026-06-14T01:00:00.000Z),Haiti,Scotland,2026-06-14T01:00:00.000Z,FIFA World Cup Round 1,Boston Stadium,Mustapha Ghorbal,Full time,0,1,Haiti,Scotland,home,Isidor,18,True,starting_xi,FWD,3,2,1,4-4-2,6.5,5.9,0,75.0
4667765,haiti-vs-scotland,https://www.fotmob.com/matches/haiti-vs-scotland/1q0g2q#4667765,Haiti vs Scotland (2026-06-14T01:00:00.000Z),Haiti,Scotland,2026-06-14T01:00:00.000Z,FIFA World Cup Round 1,Boston Stadium,Mustapha Ghorbal,Full time,0,1,Haiti,Scotland,home,Pierrot,20,True,starting_xi,FWD,3,2,2,4-4-2,6.5,6.0,0,
4667765,haiti-vs-scotland,https://www.fotmob.com/matches/haiti-vs-scotland/1q0g2q#4667765,Haiti vs Scotland (2026-06-14T01:00:00.000Z),Haiti,Scotland,2026-06-14T01:00:00.000Z,FIFA World Cup Round 1,Boston Stadium,Mustapha Ghorbal,Full time,0,1,Scotland,Haiti,away,Adams,10,True,starting_xi,FWD,3,2,1,4-4-2,6.9,6.4,0,75.0
4667765,haiti-vs-scotland,https://www.fotmob.com/matches/haiti-vs-scotland/1q0g2q#4667765,Haiti vs Scotland (2026-06-14T01:00:00.000Z),Haiti,Scotland,2026-06-14T01:00:00.000Z,FIFA World Cup Round 1,Boston Stadium,Mustapha Ghorbal,Full time,0,1,Scotland,Haiti,away,Shankland,20,True,starting_xi,FWD,3,2,2,4-4-2,6.9,6.8,0,82.0
4667765,haiti-vs-scotland,https://www.fotmob.com/matches/haiti-vs-scotland/1q0g2q#4667765,Haiti vs Scotland (2026-06-14T01:00:00.000Z),Haiti,Scotland,2026-06-14T01:00:00.000Z,FIFA World Cup Round 1,Boston Stadium,Mustapha Ghorbal,Full time,0,1,Scotland,Haiti,away,McGinn,7,True,starting_xi,AM,2,4,1,4-4-2,6.9,7.8,0,82.0
4667765,haiti-vs-scotland,https://www.fotmob.com/matches/haiti-vs-scotland/1q0g2q#4667765,Haiti vs Scotland (2026-06-14T01:00:00.000Z),Haiti,Scotland,2026-06-14T01:00:00.000Z,FIFA World Cup Round 1,Boston Stadium,Mustapha Ghorbal,Full time,0,1,Scotland,Haiti,away,Ferguson,19,True,starting_xi,AM,2,4,2,4-4-2,6.9,7.3,0,
4667765,haiti-vs-scotland,https://www.fotmob.com/matches/haiti-vs-scotland/1q0g2q#4667765,Haiti vs Scotland (2026-06-14T01:00:00.000Z),Haiti,Scotland,2026-06-14T01:00:00.000Z,FIFA World Cup Round 1,Boston Stadium,Mustapha Ghorbal,Full time,0,1,Scotland,Haiti,away,McTominay,4,True,starting_xi,AM,2,4,3,4-4-2,6.9,6.8,0,
4667765,haiti-vs-scotland,https://www.fotmob.com/matches/haiti-vs-scotland/1q0g2q#4667765,Haiti vs Scotland (2026-06-14T01:00:00.000Z),Haiti,Scotland,2026-06-14T01:00:00.000Z,FIFA World Cup Round 1,Boston Stadium,Mustapha Ghorbal,Full time,0,1,Scotland,Haiti,away,Gannon-Doak,17,True,starting_xi,AM,2,4,4,4-4-2,6.9,7.0,0,75.0
4667765,haiti-vs-scotland,https://www.fotmob.com/matches/haiti-vs-scotland/1q0g2q#4667765,Haiti vs Scotland (2026-06-14T01:00:00.000Z),Haiti,Scotland,2026-06-14T01:00:00.000Z,FIFA World Cup Round 1,Boston Stadium,Mustapha Ghorbal,Full time,0,1,Scotland,Haiti,away,Robertson,3,True,starting_xi,DEF,1,4,1,4-4-2,6.9,7.3,0,
4667765,haiti-vs-scotland,https://www.fotmob.com/matches/haiti-vs-scotland/1q0g2q#4667765,Haiti vs Scotland (2026-06-14T01:00:00.000Z),Haiti,Scotland,2026-06-14T01:00:00.000Z,FIFA World Cup Round 1,Boston Stadium,Mustapha Ghorbal,Full time,0,1,Scotland,Haiti,away,Hendry,13,True,starting_xi,DEF,1,4,2,4-4-2,6.9,6.8,0,
4667765,haiti-vs-scotland,https://www.fotmob.com/matches/haiti-vs-scotland/1q0g2q#4667765,Haiti vs Scotland (2026-06-14T01:00:00.000Z),Haiti,Scotland,2026-06-14T01:00:00.000Z,FIFA World Cup Round 1,Boston Stadium,Mustapha Ghorbal,Full time,0,1,Scotland,Haiti,away,Hanley,5,True,starting_xi,DEF,1,4,3,4-4-2,6.9,6.8,0,
4667765,haiti-vs-scotland,https://www.fotmob.com/matches/haiti-vs-scotland/1q0g2q#4667765,Haiti vs Scotland (2026-06-14T01:00:00.000Z),Haiti,Scotland,2026-06-14T01:00:00.000Z,FIFA World Cup Round 1,Boston Stadium,Mustapha Ghorbal,Full time,0,1,Scotland,Haiti,away,Hickey,2,True,starting_xi,DEF,1,4,4,4-4-2,6.9,7.3,0,75.0
4667765,haiti-vs-scotland,https://www.fotmob.com/matches/haiti-vs-scotland/1q0g2q#4667765,Haiti vs Scotland (2026-06-14T01:00:00.000Z),Haiti,Scotland,2026-06-14T01:00:00.000Z,FIFA World Cup Round 1,Boston Stadium,Mustapha Ghorbal,Full time,0,1,Scotland,Haiti,away,Gunn,1,True,starting_xi,GK,0,1,1,4-4-2,6.9,7.7,0,
4667764,morocco-vs-brazil,https://www.fotmob.com/matches/morocco-vs-brazil/1qr4gd#4667764,Brazil vs Morocco (2026-06-13T22:00:00.000Z),Brazil,Morocco,2026-06-13T22:00:00.000Z,FIFA World Cup Round 1,New York New Jersey Stadium,Slavko Vinčić,Full time,1,1,Brazil,Morocco,home,Alisson,1,True,starting_xi,GK,0,1,1,4-4-2,6.7,6.5,0,
4667764,morocco-vs-brazil,https://www.fotmob.com/matches/morocco-vs-brazil/1qr4gd#4667764,Brazil vs Morocco (2026-06-13T22:00:00.000Z),Brazil,Morocco,2026-06-13T22:00:00.000Z,FIFA World Cup Round 1,New York New Jersey Stadium,Slavko Vinčić,Full time,1,1,Brazil,Morocco,home,Ibañez,24,True,starting_xi,DEF,1,4,1,4-4-2,6.7,6.7,0,46.0
4667764,morocco-vs-brazil,https://www.fotmob.com/matches/morocco-vs-brazil/1qr4gd#4667764,Brazil vs Morocco (2026-06-13T22:00:00.000Z),Brazil,Morocco,2026-06-13T22:00:00.000Z,FIFA World Cup Round 1,New York New Jersey Stadium,Slavko Vinčić,Full time,1,1,Brazil,Morocco,home,Marquinhos,4,True,starting_xi,DEF,1,4,2,4-4-2,6.7,6.9,0,
4667764,morocco-vs-brazil,https://www.fotmob.com/matches/morocco-vs-brazil/1qr4gd#4667764,Brazil vs Morocco (2026-06-13T22:00:00.000Z),Brazil,Morocco,2026-06-13T22:00:00.000Z,FIFA World Cup Round 1,New York New Jersey Stadium,Slavko Vinčić,Full time,1,1,Brazil,Morocco,home,Gabriel,3,True,starting_xi,DEF,1,4,3,4-4-2,6.7,6.9,0,
4667764,morocco-vs-brazil,https://www.fotmob.com/matches/morocco-vs-brazil/1qr4gd#4667764,Brazil vs Morocco (2026-06-13T22:00:00.000Z),Brazil,Morocco,2026-06-13T22:00:00.000Z,FIFA World Cup Round 1,New York New Jersey Stadium,Slavko Vinčić,Full time,1,1,Brazil,Morocco,home,Santos,16,True,starting_xi,DEF,1,4,4,4-4-2,6.7,7.7,0,
4667764,morocco-vs-brazil,https://www.fotmob.com/matches/morocco-vs-brazil/1qr4gd#4667764,Brazil vs Morocco (2026-06-13T22:00:00.000Z),Brazil,Morocco,2026-06-13T22:00:00.000Z,FIFA World Cup Round 1,New York New Jersey Stadium,Slavko Vinčić,Full time,1,1,Brazil,Morocco,home,Paquetá,20,True,starting_xi,AM,2,4,1,4-4-2,6.7,7.1,0,61.0
4667764,morocco-vs-brazil,https://www.fotmob.com/matches/morocco-vs-brazil/1qr4gd#4667764,Brazil vs Morocco (2026-06-13T22:00:00.000Z),Brazil,Morocco,2026-06-13T22:00:00.000Z,FIFA World Cup Round 1,New York New Jersey Stadium,Slavko Vinčić,Full time,1,1,Brazil,Morocco,home,Guimarães,8,True,starting_xi,AM,2,4,2,4-4-2,6.7,7.0,0,80.0
4667764,morocco-vs-brazil,https://www.fotmob.com/matches/morocco-vs-brazil/1qr4gd#4667764,Brazil vs Morocco (2026-06-13T22:00:00.000Z),Brazil,Morocco,2026-06-13T22:00:00.000Z,FIFA World Cup Round 1,New York New Jersey Stadium,Slavko Vinčić,Full time,1,1,Brazil,Morocco,home,Casemiro,5,True,starting_xi,AM,2,4,3,4-4-2,6.7,6.5,0,46.0
4667764,morocco-vs-brazil,https://www.fotmob.com/matches/morocco-vs-brazil/1qr4gd#4667764,Brazil vs Morocco (2026-06-13T22:00:00.000Z),Brazil,Morocco,2026-06-13T22:00:00.000Z,FIFA World Cup Round 1,New York New Jersey Stadium,Slavko Vinčić,Full time,1,1,Brazil,Morocco,home,Raphinha,11,True,starting_xi,AM,2,4,4,4-4-2,6.7,6.8,0,
4667764,morocco-vs-brazil,https://www.fotmob.com/matches/morocco-vs-brazil/1qr4gd#4667764,Brazil vs Morocco (2026-06-13T22:00:00.000Z),Brazil,Morocco,2026-06-13T22:00:00.000Z,FIFA World Cup Round 1,New York New Jersey Stadium,Slavko Vinčić,Full time,1,1,Brazil,Morocco,home,Thiago,25,True,starting_xi,FWD,3,2,1,4-4-2,6.7,6.5,0,61.0
4667764,morocco-vs-brazil,https://www.fotmob.com/matches/morocco-vs-brazil/1qr4gd#4667764,Brazil vs Morocco (2026-06-13T22:00:00.000Z),Brazil,Morocco,2026-06-13T22:00:00.000Z,FIFA World Cup Round 1,New York New Jersey Stadium,Slavko Vinčić,Full time,1,1,Brazil,Morocco,home,Vinicius,7,True,starting_xi,FWD,3,2,2,4-4-2,6.7,7.3,0,
4667764,morocco-vs-brazil,https://www.fotmob.com/matches/morocco-vs-brazil/1qr4gd#4667764,Brazil vs Morocco (2026-06-13T22:00:00.000Z),Brazil,Morocco,2026-06-13T22:00:00.000Z,FIFA World Cup Round 1,New York New Jersey Stadium,Slavko Vinčić,Full time,1,1,Morocco,Brazil,away,Saibari,11,True,starting_xi,FWD,4,1,1,4-2-3-1,7.0,7.7,0,89.0
4667764,morocco-vs-brazil,https://www.fotmob.com/matches/morocco-vs-brazil/1qr4gd#4667764,Brazil vs Morocco (2026-06-13T22:00:00.000Z),Brazil,Morocco,2026-06-13T22:00:00.000Z,FIFA World Cup Round 1,New York New Jersey Stadium,Slavko Vinčić,Full time,1,1,Morocco,Brazil,away,El Khannouss,23,True,starting_xi,AM,3,3,1,4-2-3-1,7.0,7.6,0,80.0
4667764,morocco-vs-brazil,https://www.fotmob.com/matches/morocco-vs-brazil/1qr4gd#4667764,Brazil vs Morocco (2026-06-13T22:00:00.000Z),Brazil,Morocco,2026-06-13T22:00:00.000Z,FIFA World Cup Round 1,New York New Jersey Stadium,Slavko Vinčić,Full time,1,1,Morocco,Brazil,away,Ounahi,8,True,starting_xi,AM,3,3,2,4-2-3-1,7.0,7.3,0,64.0
4667764,morocco-vs-brazil,https://www.fotmob.com/matches/morocco-vs-brazil/1qr4gd#4667764,Brazil vs Morocco (2026-06-13T22:00:00.000Z),Brazil,Morocco,2026-06-13T22:00:00.000Z,FIFA World Cup Round 1,New York New Jersey Stadium,Slavko Vinčić,Full time,1,1,Morocco,Brazil,away,Brahim Díaz,10,True,starting_xi,AM,3,3,3,4-2-3-1,7.0,7.1,0,64.0
4667764,morocco-vs-brazil,https://www.fotmob.com/matches/morocco-vs-brazil/1qr4gd#4667764,Brazil vs Morocco (2026-06-13T22:00:00.000Z),Brazil,Morocco,2026-06-13T22:00:00.000Z,FIFA World Cup Round 1,New York New Jersey Stadium,Slavko Vinčić,Full time,1,1,Morocco,Brazil,away,Bouaddi,6,True,starting_xi,AM,2,2,1,4-2-3-1,7.0,7.1,0,
4667764,morocco-vs-brazil,https://www.fotmob.com/matches/morocco-vs-brazil/1qr4gd#4667764,Brazil vs Morocco (2026-06-13T22:00:00.000Z),Brazil,Morocco,2026-06-13T22:00:00.000Z,FIFA World Cup Round 1,New York New Jersey Stadium,Slavko Vinčić,Full time,1,1,Morocco,Brazil,away,El Aynaoui,24,True,starting_xi,AM,2,2,2,4-2-3-1,7.0,7.4,0,
4667764,morocco-vs-brazil,https://www.fotmob.com/matches/morocco-vs-brazil/1qr4gd#4667764,Brazil vs Morocco (2026-06-13T22:00:00.000Z),Brazil,Morocco,2026-06-13T22:00:00.000Z,FIFA World Cup Round 1,New York New Jersey Stadium,Slavko Vinčić,Full time,1,1,Morocco,Brazil,away,Mazraoui,3,True,starting_xi,DEF,1,4,1,4-2-3-1,7.0,7.4,0,80.0
4667764,morocco-vs-brazil,https://www.fotmob.com/matches/morocco-vs-brazil/1qr4gd#4667764,Brazil vs Morocco (2026-06-13T22:00:00.000Z),Brazil,Morocco,2026-06-13T22:00:00.000Z,FIFA World Cup Round 1,New York New Jersey Stadium,Slavko Vinčić,Full time,1,1,Morocco,Brazil,away,Riad,18,True,starting_xi,DEF,1,4,2,4-2-3-1,7.0,7.2,0,
4667764,morocco-vs-brazil,https://www.fotmob.com/matches/morocco-vs-brazil/1qr4gd#4667764,Brazil vs Morocco (2026-06-13T22:00:00.000Z),Brazil,Morocco,2026-06-13T22:00:00.000Z,FIFA World Cup Round 1,New York New Jersey Stadium,Slavko Vinčić,Full time,1,1,Morocco,Brazil,away,Diop,14,True,starting_xi,DEF,1,4,3,4-2-3-1,7.0,6.6,0,
4667764,morocco-vs-brazil,https://www.fotmob.com/matches/morocco-vs-brazil/1qr4gd#4667764,Brazil vs Morocco (2026-06-13T22:00:00.000Z),Brazil,Morocco,2026-06-13T22:00:00.000Z,FIFA World Cup Round 1,New York New Jersey Stadium,Slavko Vinčić,Full time,1,1,Morocco,Brazil,away,Hakimi,2,True,starting_xi,DEF,1,4,4,4-2-3-1,7.0,7.5,0,
4667764,morocco-vs-brazil,https://www.fotmob.com/matches/morocco-vs-brazil/1qr4gd#4667764,Brazil vs Morocco (2026-06-13T22:00:00.000Z),Brazil,Morocco,2026-06-13T22:00:00.000Z,FIFA World Cup Round 1,New York New Jersey Stadium,Slavko Vinčić,Full time,1,1,Morocco,Brazil,away,Bono,1,True,starting_xi,GK,0,1,1,4-2-3-1,7.0,7.4,0,
4667771,usa-vs-paraguay,https://www.fotmob.com/matches/usa-vs-paraguay/1hr85j#4667771,USA vs Paraguay (2026-06-13T01:00:00.000Z),USA,Paraguay,2026-06-13T01:00:00.000Z,FIFA World Cup Round 1,Los Angeles Stadium,Danny Makkelie,Full time,4,1,USA,Paraguay,home,Freese,24,True,starting_xi,GK,0,1,1,4-1-2-3,7.3,6.2,0,
4667771,usa-vs-paraguay,https://www.fotmob.com/matches/usa-vs-paraguay/1hr85j#4667771,USA vs Paraguay (2026-06-13T01:00:00.000Z),USA,Paraguay,2026-06-13T01:00:00.000Z,FIFA World Cup Round 1,Los Angeles Stadium,Danny Makkelie,Full time,4,1,USA,Paraguay,home,Freeman,16,True,starting_xi,DEF,1,4,1,4-1-2-3,7.3,8.1,0,
4667771,usa-vs-paraguay,https://www.fotmob.com/matches/usa-vs-paraguay/1hr85j#4667771,USA vs Paraguay (2026-06-13T01:00:00.000Z),USA,Paraguay,2026-06-13T01:00:00.000Z,FIFA World Cup Round 1,Los Angeles Stadium,Danny Makkelie,Full time,4,1,USA,Paraguay,home,Richards,3,True,starting_xi,DEF,1,4,2,4-1-2-3,7.3,7.2,0,
4667771,usa-vs-paraguay,https://www.fotmob.com/matches/usa-vs-paraguay/1hr85j#4667771,USA vs Paraguay (2026-06-13T01:00:00.000Z),USA,Paraguay,2026-06-13T01:00:00.000Z,FIFA World Cup Round 1,Los Angeles Stadium,Danny Makkelie,Full time,4,1,USA,Paraguay,home,Ream,13,True,starting_xi,DEF,1,4,3,4-1-2-3,7.3,7.5,0,
4667771,usa-vs-paraguay,https://www.fotmob.com/matches/usa-vs-paraguay/1hr85j#4667771,USA vs Paraguay (2026-06-13T01:00:00.000Z),USA,Paraguay,2026-06-13T01:00:00.000Z,FIFA World Cup Round 1,Los Angeles Stadium,Danny Makkelie,Full time,4,1,USA,Paraguay,home,Robinson,5,True,starting_xi,DEF,1,4,4,4-1-2-3,7.3,7.6,0,
4667771,usa-vs-paraguay,https://www.fotmob.com/matches/usa-vs-paraguay/1hr85j#4667771,USA vs Paraguay (2026-06-13T01:00:00.000Z),USA,Paraguay,2026-06-13T01:00:00.000Z,FIFA World Cup Round 1,Los Angeles Stadium,Danny Makkelie,Full time,4,1,USA,Paraguay,home,Adams,4,True,starting_xi,AM,2,1,1,4-1-2-3,7.3,7.7,0,
4667771,usa-vs-paraguay,https://www.fotmob.com/matches/usa-vs-paraguay/1hr85j#4667771,USA vs Paraguay (2026-06-13T01:00:00.000Z),USA,Paraguay,2026-06-13T01:00:00.000Z,FIFA World Cup Round 1,Los Angeles Stadium,Danny Makkelie,Full time,4,1,USA,Paraguay,home,McKennie,8,True,starting_xi,AM,3,2,1,4-1-2-3,7.3,7.4,0,
4667771,usa-vs-paraguay,https://www.fotmob.com/matches/usa-vs-paraguay/1hr85j#4667771,USA vs Paraguay (2026-06-13T01:00:00.000Z),USA,Paraguay,2026-06-13T01:00:00.000Z,FIFA World Cup Round 1,Los Angeles Stadium,Danny Makkelie,Full time,4,1,USA,Paraguay,home,Tillman,17,True,starting_xi,AM,3,2,2,4-1-2-3,7.3,7.9,0,82.0
4667771,usa-vs-paraguay,https://www.fotmob.com/matches/usa-vs-paraguay/1hr85j#4667771,USA vs Paraguay (2026-06-13T01:00:00.000Z),USA,Paraguay,2026-06-13T01:00:00.000Z,FIFA World Cup Round 1,Los Angeles Stadium,Danny Makkelie,Full time,4,1,USA,Paraguay,home,Dest,2,True,starting_xi,FWD,4,3,1,4-1-2-3,7.3,7.0,0,72.0
4667771,usa-vs-paraguay,https://www.fotmob.com/matches/usa-vs-paraguay/1hr85j#4667771,USA vs Paraguay (2026-06-13T01:00:00.000Z),USA,Paraguay,2026-06-13T01:00:00.000Z,FIFA World Cup Round 1,Los Angeles Stadium,Danny Makkelie,Full time,4,1,USA,Paraguay,home,Balogun,20,True,starting_xi,FWD,4,3,2,4-1-2-3,7.3,8.8,0,72.0
4667771,usa-vs-paraguay,https://www.fotmob.com/matches/usa-vs-paraguay/1hr85j#4667771,USA vs Paraguay (2026-06-13T01:00:00.000Z),USA,Paraguay,2026-06-13T01:00:00.000Z,FIFA World Cup Round 1,Los Angeles Stadium,Danny Makkelie,Full time,4,1,USA,Paraguay,home,Pulisic,10,True,starting_xi,FWD,4,3,3,4-1-2-3,7.3,7.9,0,46.0
4667771,usa-vs-paraguay,https://www.fotmob.com/matches/usa-vs-paraguay/1hr85j#4667771,USA vs Paraguay (2026-06-13T01:00:00.000Z),USA,Paraguay,2026-06-13T01:00:00.000Z,FIFA World Cup Round 1,Los Angeles Stadium,Danny Makkelie,Full time,4,1,Paraguay,USA,away,Sanabria,9,True,starting_xi,FWD,3,2,1,4-4-2,6.1,5.7,0,62.0
4667771,usa-vs-paraguay,https://www.fotmob.com/matches/usa-vs-paraguay/1hr85j#4667771,USA vs Paraguay (2026-06-13T01:00:00.000Z),USA,Paraguay,2026-06-13T01:00:00.000Z,FIFA World Cup Round 1,Los Angeles Stadium,Danny Makkelie,Full time,4,1,Paraguay,USA,away,Enciso,19,True,starting_xi,FWD,3,2,2,4-4-2,6.1,7.8,0,
4667771,usa-vs-paraguay,https://www.fotmob.com/matches/usa-vs-paraguay/1hr85j#4667771,USA vs Paraguay (2026-06-13T01:00:00.000Z),USA,Paraguay,2026-06-13T01:00:00.000Z,FIFA World Cup Round 1,Los Angeles Stadium,Danny Makkelie,Full time,4,1,Paraguay,USA,away,Almirón,10,True,starting_xi,AM,2,4,1,4-4-2,6.1,7.0,0,79.0
4667771,usa-vs-paraguay,https://www.fotmob.com/matches/usa-vs-paraguay/1hr85j#4667771,USA vs Paraguay (2026-06-13T01:00:00.000Z),USA,Paraguay,2026-06-13T01:00:00.000Z,FIFA World Cup Round 1,Los Angeles Stadium,Danny Makkelie,Full time,4,1,Paraguay,USA,away,Bobadilla,16,True,starting_xi,AM,2,4,2,4-4-2,6.1,5.0,0,46.0
4667771,usa-vs-paraguay,https://www.fotmob.com/matches/usa-vs-paraguay/1hr85j#4667771,USA vs Paraguay (2026-06-13T01:00:00.000Z),USA,Paraguay,2026-06-13T01:00:00.000Z,FIFA World Cup Round 1,Los Angeles Stadium,Danny Makkelie,Full time,4,1,Paraguay,USA,away,Cubas,14,True,starting_xi,AM,2,4,3,4-4-2,6.1,6.3,0,
4667771,usa-vs-paraguay,https://www.fotmob.com/matches/usa-vs-paraguay/1hr85j#4667771,USA vs Paraguay (2026-06-13T01:00:00.000Z),USA,Paraguay,2026-06-13T01:00:00.000Z,FIFA World Cup Round 1,Los Angeles Stadium,Danny Makkelie,Full time,4,1,Paraguay,USA,away,Gómez,8,True,starting_xi,AM,2,4,4,4-4-2,6.1,6.4,0,79.0
4667771,usa-vs-paraguay,https://www.fotmob.com/matches/usa-vs-paraguay/1hr85j#4667771,USA vs Paraguay (2026-06-13T01:00:00.000Z),USA,Paraguay,2026-06-13T01:00:00.000Z,FIFA World Cup Round 1,Los Angeles Stadium,Danny Makkelie,Full time,4,1,Paraguay,USA,away,Alonso,6,True,starting_xi,DEF,1,4,1,4-4-2,6.1,5.3,0,
4667771,usa-vs-paraguay,https://www.fotmob.com/matches/usa-vs-paraguay/1hr85j#4667771,USA vs Paraguay (2026-06-13T01:00:00.000Z),USA,Paraguay,2026-06-13T01:00:00.000Z,FIFA World Cup Round 1,Los Angeles Stadium,Danny Makkelie,Full time,4,1,Paraguay,USA,away,Alderete,3,True,starting_xi,DEF,1,4,2,4-4-2,6.1,5.8,0,
4667771,usa-vs-paraguay,https://www.fotmob.com/matches/usa-vs-paraguay/1hr85j#4667771,USA vs Paraguay (2026-06-13T01:00:00.000Z),USA,Paraguay,2026-06-13T01:00:00.000Z,FIFA World Cup Round 1,Los Angeles Stadium,Danny Makkelie,Full time,4,1,Paraguay,USA,away,Gómez,15,True,starting_xi,DEF,1,4,3,4-4-2,6.1,5.2,0,
4667771,usa-vs-paraguay,https://www.fotmob.com/matches/usa-vs-paraguay/1hr85j#4667771,USA vs Paraguay (2026-06-13T01:00:00.000Z),USA,Paraguay,2026-06-13T01:00:00.000Z,FIFA World Cup Round 1,Los Angeles Stadium,Danny Makkelie,Full time,4,1,Paraguay,USA,away,Cáceres,4,True,starting_xi,DEF,1,4,4,4-4-2,6.1,6.5,0,79.0
4667771,usa-vs-paraguay,https://www.fotmob.com/matches/usa-vs-paraguay/1hr85j#4667771,USA vs Paraguay (2026-06-13T01:00:00.000Z),USA,Paraguay,2026-06-13T01:00:00.000Z,FIFA World Cup Round 1,Los Angeles Stadium,Danny Makkelie,Full time,4,1,Paraguay,USA,away,Gill,12,True,starting_xi,GK,0,1,1,4-4-2,6.1,5.6,0,
4667772,turkiye-vs-australia,https://www.fotmob.com/matches/turkiye-vs-australia/1gr3uk#4667772,Australia vs Turkiye (2026-06-14T04:00:00.000Z),Australia,Turkiye,2026-06-14T04:00:00.000Z,FIFA World Cup Round 1,,,Full time,2,0,Australia,Turkiye,home,Beach,18,True,starting_xi,GK,0,1,1,5-4-1,7.2,8.9,0,
4667772,turkiye-vs-australia,https://www.fotmob.com/matches/turkiye-vs-australia/1gr3uk#4667772,Australia vs Turkiye (2026-06-14T04:00:00.000Z),Australia,Turkiye,2026-06-14T04:00:00.000Z,FIFA World Cup Round 1,,,Full time,2,0,Australia,Turkiye,home,Circati,3,True,starting_xi,DEF,1,5,1,5-4-1,7.2,7.2,0,
4667772,turkiye-vs-australia,https://www.fotmob.com/matches/turkiye-vs-australia/1gr3uk#4667772,Australia vs Turkiye (2026-06-14T04:00:00.000Z),Australia,Turkiye,2026-06-14T04:00:00.000Z,FIFA World Cup Round 1,,,Full time,2,0,Australia,Turkiye,home,Souttar,19,True,starting_xi,DEF,1,5,2,5-4-1,7.2,7.8,0,
4667772,turkiye-vs-australia,https://www.fotmob.com/matches/turkiye-vs-australia/1gr3uk#4667772,Australia vs Turkiye (2026-06-14T04:00:00.000Z),Australia,Turkiye,2026-06-14T04:00:00.000Z,FIFA World Cup Round 1,,,Full time,2,0,Australia,Turkiye,home,Burgess,21,True,starting_xi,DEF,1,5,3,5-4-1,7.2,7.3,0,
4667772,turkiye-vs-australia,https://www.fotmob.com/matches/turkiye-vs-australia/1gr3uk#4667772,Australia vs Turkiye (2026-06-14T04:00:00.000Z),Australia,Turkiye,2026-06-14T04:00:00.000Z,FIFA World Cup Round 1,,,Full time,2,0,Australia,Turkiye,home,Italiano,4,True,starting_xi,DEF,1,5,4,5-4-1,7.2,7.1,0,74.0
4667772,turkiye-vs-australia,https://www.fotmob.com/matches/turkiye-vs-australia/1gr3uk#4667772,Australia vs Turkiye (2026-06-14T04:00:00.000Z),Australia,Turkiye,2026-06-14T04:00:00.000Z,FIFA World Cup Round 1,,,Full time,2,0,Australia,Turkiye,home,Bos,5,True,starting_xi,DEF,1,5,5,5-4-1,7.2,6.8,0,83.0
4667772,turkiye-vs-australia,https://www.fotmob.com/matches/turkiye-vs-australia/1gr3uk#4667772,Australia vs Turkiye (2026-06-14T04:00:00.000Z),Australia,Turkiye,2026-06-14T04:00:00.000Z,FIFA World Cup Round 1,,,Full time,2,0,Australia,Turkiye,home,Metcalfe,8,True,starting_xi,AM,2,4,1,5-4-1,7.2,8.0,0,
4667772,turkiye-vs-australia,https://www.fotmob.com/matches/turkiye-vs-australia/1gr3uk#4667772,Australia vs Turkiye (2026-06-14T04:00:00.000Z),Australia,Turkiye,2026-06-14T04:00:00.000Z,FIFA World Cup Round 1,,,Full time,2,0,Australia,Turkiye,home,O'Neill,13,True,starting_xi,AM,2,4,2,5-4-1,7.2,7.4,0,
4667772,turkiye-vs-australia,https://www.fotmob.com/matches/turkiye-vs-australia/1gr3uk#4667772,Australia vs Turkiye (2026-06-14T04:00:00.000Z),Australia,Turkiye,2026-06-14T04:00:00.000Z,FIFA World Cup Round 1,,,Full time,2,0,Australia,Turkiye,home,Okon-Engstler,24,True,starting_xi,AM,2,4,3,5-4-1,7.2,8.1,0,83.0
4667772,turkiye-vs-australia,https://www.fotmob.com/matches/turkiye-vs-australia/1gr3uk#4667772,Australia vs Turkiye (2026-06-14T04:00:00.000Z),Australia,Turkiye,2026-06-14T04:00:00.000Z,FIFA World Cup Round 1,,,Full time,2,0,Australia,Turkiye,home,Irankunda,17,True,starting_xi,AM,2,4,4,5-4-1,7.2,7.6,0,61.0
4667772,turkiye-vs-australia,https://www.fotmob.com/matches/turkiye-vs-australia/1gr3uk#4667772,Australia vs Turkiye (2026-06-14T04:00:00.000Z),Australia,Turkiye,2026-06-14T04:00:00.000Z,FIFA World Cup Round 1,,,Full time,2,0,Australia,Turkiye,home,Touré,9,True,starting_xi,FWD,3,1,1,5-4-1,7.2,6.6,0,74.0
4667772,turkiye-vs-australia,https://www.fotmob.com/matches/turkiye-vs-australia/1gr3uk#4667772,Australia vs Turkiye (2026-06-14T04:00:00.000Z),Australia,Turkiye,2026-06-14T04:00:00.000Z,FIFA World Cup Round 1,,,Full time,2,0,Turkiye,Australia,away,Aktürkoglu,7,True,starting_xi,FWD,4,1,1,4-2-3-1,6.7,6.1,0,85.0
4667772,turkiye-vs-australia,https://www.fotmob.com/matches/turkiye-vs-australia/1gr3uk#4667772,Australia vs Turkiye (2026-06-14T04:00:00.000Z),Australia,Turkiye,2026-06-14T04:00:00.000Z,FIFA World Cup Round 1,,,Full time,2,0,Turkiye,Australia,away,Yilmaz,21,True,starting_xi,AM,3,3,1,4-2-3-1,6.7,5.6,0,46.0
4667772,turkiye-vs-australia,https://www.fotmob.com/matches/turkiye-vs-australia/1gr3uk#4667772,Australia vs Turkiye (2026-06-14T04:00:00.000Z),Australia,Turkiye,2026-06-14T04:00:00.000Z,FIFA World Cup Round 1,,,Full time,2,0,Turkiye,Australia,away,Kökcü,6,True,starting_xi,AM,3,3,2,4-2-3-1,6.7,6.9,0,62.0
4667772,turkiye-vs-australia,https://www.fotmob.com/matches/turkiye-vs-australia/1gr3uk#4667772,Australia vs Turkiye (2026-06-14T04:00:00.000Z),Australia,Turkiye,2026-06-14T04:00:00.000Z,FIFA World Cup Round 1,,,Full time,2,0,Turkiye,Australia,away,Güler,8,True,starting_xi,AM,3,3,3,4-2-3-1,6.7,7.4,0,
4667772,turkiye-vs-australia,https://www.fotmob.com/matches/turkiye-vs-australia/1gr3uk#4667772,Australia vs Turkiye (2026-06-14T04:00:00.000Z),Australia,Turkiye,2026-06-14T04:00:00.000Z,FIFA World Cup Round 1,,,Full time,2,0,Turkiye,Australia,away,Çalhanoglu,10,True,starting_xi,AM,2,2,1,4-2-3-1,6.7,7.4,0,
4667772,turkiye-vs-australia,https://www.fotmob.com/matches/turkiye-vs-australia/1gr3uk#4667772,Australia vs Turkiye (2026-06-14T04:00:00.000Z),Australia,Turkiye,2026-06-14T04:00:00.000Z,FIFA World Cup Round 1,,,Full time,2,0,Turkiye,Australia,away,Yüksek,16,True,starting_xi,AM,2,2,2,4-2-3-1,6.7,7.0,0,81.0
4667772,turkiye-vs-australia,https://www.fotmob.com/matches/turkiye-vs-australia/1gr3uk#4667772,Australia vs Turkiye (2026-06-14T04:00:00.000Z),Australia,Turkiye,2026-06-14T04:00:00.000Z,FIFA World Cup Round 1,,,Full time,2,0,Turkiye,Australia,away,Kadioglu,20,True,starting_xi,DEF,1,4,1,4-2-3-1,6.7,7.6,0,
4667772,turkiye-vs-australia,https://www.fotmob.com/matches/turkiye-vs-australia/1gr3uk#4667772,Australia vs Turkiye (2026-06-14T04:00:00.000Z),Australia,Turkiye,2026-06-14T04:00:00.000Z,FIFA World Cup Round 1,,,Full time,2,0,Turkiye,Australia,away,Bardakci,14,True,starting_xi,DEF,1,4,2,4-2-3-1,6.7,7.0,0,
4667772,turkiye-vs-australia,https://www.fotmob.com/matches/turkiye-vs-australia/1gr3uk#4667772,Australia vs Turkiye (2026-06-14T04:00:00.000Z),Australia,Turkiye,2026-06-14T04:00:00.000Z,FIFA World Cup Round 1,,,Full time,2,0,Turkiye,Australia,away,Demiral,3,True,starting_xi,DEF,1,4,3,4-2-3-1,6.7,6.5,0,
4667772,turkiye-vs-australia,https://www.fotmob.com/matches/turkiye-vs-australia/1gr3uk#4667772,Australia vs Turkiye (2026-06-14T04:00:00.000Z),Australia,Turkiye,2026-06-14T04:00:00.000Z,FIFA World Cup Round 1,,,Full time,2,0,Turkiye,Australia,away,Çelik,2,True,starting_xi,DEF,1,4,4,4-2-3-1,6.7,6.4,0,81.0
4667772,turkiye-vs-australia,https://www.fotmob.com/matches/turkiye-vs-australia/1gr3uk#4667772,Australia vs Turkiye (2026-06-14T04:00:00.000Z),Australia,Turkiye,2026-06-14T04:00:00.000Z,FIFA World Cup Round 1,,,Full time,2,0,Turkiye,Australia,away,Çakir,23,True,starting_xi,GK,0,1,1,4-2-3-1,6.7,6.0,0,
4667777,germany-vs-curacao,https://www.fotmob.com/matches/germany-vs-curacao/k77fsyu#4667777,Germany vs Curacao (2026-06-14T17:00:00.000Z),Germany,Curacao,2026-06-14T17:00:00.000Z,FIFA World Cup Round 1,Houston Stadium,Jalal Jayed,Full time,7,1,Germany,Curacao,home,Neuer,1,True,starting_xi,GK,0,1,1,4-2-3-1,7.7,6.6,0,
4667777,germany-vs-curacao,https://www.fotmob.com/matches/germany-vs-curacao/k77fsyu#4667777,Germany vs Curacao (2026-06-14T17:00:00.000Z),Germany,Curacao,2026-06-14T17:00:00.000Z,FIFA World Cup Round 1,Houston Stadium,Jalal Jayed,Full time,7,1,Germany,Curacao,home,Kimmich,6,True,starting_xi,DEF,1,4,1,4-2-3-1,7.7,8.8,0,83.0
4667777,germany-vs-curacao,https://www.fotmob.com/matches/germany-vs-curacao/k77fsyu#4667777,Germany vs Curacao (2026-06-14T17:00:00.000Z),Germany,Curacao,2026-06-14T17:00:00.000Z,FIFA World Cup Round 1,Houston Stadium,Jalal Jayed,Full time,7,1,Germany,Curacao,home,Tah,4,True,starting_xi,DEF,1,4,2,4-2-3-1,7.7,6.9,0,72.0
4667777,germany-vs-curacao,https://www.fotmob.com/matches/germany-vs-curacao/k77fsyu#4667777,Germany vs Curacao (2026-06-14T17:00:00.000Z),Germany,Curacao,2026-06-14T17:00:00.000Z,FIFA World Cup Round 1,Houston Stadium,Jalal Jayed,Full time,7,1,Germany,Curacao,home,Schlotterbeck,15,True,starting_xi,DEF,1,4,3,4-2-3-1,7.7,8.9,0,
4667777,germany-vs-curacao,https://www.fotmob.com/matches/germany-vs-curacao/k77fsyu#4667777,Germany vs Curacao (2026-06-14T17:00:00.000Z),Germany,Curacao,2026-06-14T17:00:00.000Z,FIFA World Cup Round 1,Houston Stadium,Jalal Jayed,Full time,7,1,Germany,Curacao,home,Brown,18,True,starting_xi,DEF,1,4,4,4-2-3-1,7.7,8.5,0,72.0
4667777,germany-vs-curacao,https://www.fotmob.com/matches/germany-vs-curacao/k77fsyu#4667777,Germany vs Curacao (2026-06-14T17:00:00.000Z),Germany,Curacao,2026-06-14T17:00:00.000Z,FIFA World Cup Round 1,Houston Stadium,Jalal Jayed,Full time,7,1,Germany,Curacao,home,Nmecha,23,True,starting_xi,AM,2,2,1,4-2-3-1,7.7,8.6,0,72.0
4667777,germany-vs-curacao,https://www.fotmob.com/matches/germany-vs-curacao/k77fsyu#4667777,Germany vs Curacao (2026-06-14T17:00:00.000Z),Germany,Curacao,2026-06-14T17:00:00.000Z,FIFA World Cup Round 1,Houston Stadium,Jalal Jayed,Full time,7,1,Germany,Curacao,home,Pavlovic,5,True,starting_xi,AM,2,2,2,4-2-3-1,7.7,7.6,0,
4667777,germany-vs-curacao,https://www.fotmob.com/matches/germany-vs-curacao/k77fsyu#4667777,Germany vs Curacao (2026-06-14T17:00:00.000Z),Germany,Curacao,2026-06-14T17:00:00.000Z,FIFA World Cup Round 1,Houston Stadium,Jalal Jayed,Full time,7,1,Germany,Curacao,home,Sané,19,True,starting_xi,AM,3,3,1,4-2-3-1,7.7,7.2,0,
4667777,germany-vs-curacao,https://www.fotmob.com/matches/germany-vs-curacao/k77fsyu#4667777,Germany vs Curacao (2026-06-14T17:00:00.000Z),Germany,Curacao,2026-06-14T17:00:00.000Z,FIFA World Cup Round 1,Houston Stadium,Jalal Jayed,Full time,7,1,Germany,Curacao,home,Musiala,10,True,starting_xi,AM,3,3,2,4-2-3-1,7.7,8.3,0,64.0
4667777,germany-vs-curacao,https://www.fotmob.com/matches/germany-vs-curacao/k77fsyu#4667777,Germany vs Curacao (2026-06-14T17:00:00.000Z),Germany,Curacao,2026-06-14T17:00:00.000Z,FIFA World Cup Round 1,Houston Stadium,Jalal Jayed,Full time,7,1,Germany,Curacao,home,Wirtz,17,True,starting_xi,AM,3,3,3,4-2-3-1,7.7,8.4,0,
4667777,germany-vs-curacao,https://www.fotmob.com/matches/germany-vs-curacao/k77fsyu#4667777,Germany vs Curacao (2026-06-14T17:00:00.000Z),Germany,Curacao,2026-06-14T17:00:00.000Z,FIFA World Cup Round 1,Houston Stadium,Jalal Jayed,Full time,7,1,Germany,Curacao,home,Havertz,7,True,starting_xi,FWD,4,1,1,4-2-3-1,7.7,8.9,0,
4667777,germany-vs-curacao,https://www.fotmob.com/matches/germany-vs-curacao/k77fsyu#4667777,Germany vs Curacao (2026-06-14T17:00:00.000Z),Germany,Curacao,2026-06-14T17:00:00.000Z,FIFA World Cup Round 1,Houston Stadium,Jalal Jayed,Full time,7,1,Curacao,Germany,away,Hansen,12,True,starting_xi,FWD,4,2,1,4-3-1-2,5.9,6.6,0,46.0
4667777,germany-vs-curacao,https://www.fotmob.com/matches/germany-vs-curacao/k77fsyu#4667777,Germany vs Curacao (2026-06-14T17:00:00.000Z),Germany,Curacao,2026-06-14T17:00:00.000Z,FIFA World Cup Round 1,Houston Stadium,Jalal Jayed,Full time,7,1,Curacao,Germany,away,Locadia,9,True,starting_xi,FWD,4,2,2,4-3-1-2,5.9,6.0,0,65.0
4667777,germany-vs-curacao,https://www.fotmob.com/matches/germany-vs-curacao/k77fsyu#4667777,Germany vs Curacao (2026-06-14T17:00:00.000Z),Germany,Curacao,2026-06-14T17:00:00.000Z,FIFA World Cup Round 1,Houston Stadium,Jalal Jayed,Full time,7,1,Curacao,Germany,away,Chong,21,True,starting_xi,AM,3,1,1,4-3-1-2,5.9,7.0,0,82.0
4667777,germany-vs-curacao,https://www.fotmob.com/matches/germany-vs-curacao/k77fsyu#4667777,Germany vs Curacao (2026-06-14T17:00:00.000Z),Germany,Curacao,2026-06-14T17:00:00.000Z,FIFA World Cup Round 1,Houston Stadium,Jalal Jayed,Full time,7,1,Curacao,Germany,away,Bacuna,7,True,starting_xi,AM,2,3,1,4-3-1-2,5.9,7.4,0,
4667777,germany-vs-curacao,https://www.fotmob.com/matches/germany-vs-curacao/k77fsyu#4667777,Germany vs Curacao (2026-06-14T17:00:00.000Z),Germany,Curacao,2026-06-14T17:00:00.000Z,FIFA World Cup Round 1,Houston Stadium,Jalal Jayed,Full time,7,1,Curacao,Germany,away,Bacuna,10,True,starting_xi,AM,2,3,2,4-3-1-2,5.9,5.8,0,
4667777,germany-vs-curacao,https://www.fotmob.com/matches/germany-vs-curacao/k77fsyu#4667777,Germany vs Curacao (2026-06-14T17:00:00.000Z),Germany,Curacao,2026-06-14T17:00:00.000Z,FIFA World Cup Round 1,Houston Stadium,Jalal Jayed,Full time,7,1,Curacao,Germany,away,Comenencia,8,True,starting_xi,AM,2,3,3,4-3-1-2,5.9,8.1,0,
4667777,germany-vs-curacao,https://www.fotmob.com/matches/germany-vs-curacao/k77fsyu#4667777,Germany vs Curacao (2026-06-14T17:00:00.000Z),Germany,Curacao,2026-06-14T17:00:00.000Z,FIFA World Cup Round 1,Houston Stadium,Jalal Jayed,Full time,7,1,Curacao,Germany,away,Fonville,24,True,starting_xi,DEF,1,4,1,4-3-1-2,5.9,4.8,0,
4667777,germany-vs-curacao,https://www.fotmob.com/matches/germany-vs-curacao/k77fsyu#4667777,Germany vs Curacao (2026-06-14T17:00:00.000Z),Germany,Curacao,2026-06-14T17:00:00.000Z,FIFA World Cup Round 1,Houston Stadium,Jalal Jayed,Full time,7,1,Curacao,Germany,away,Obispo,18,True,starting_xi,DEF,1,4,2,4-3-1-2,5.9,5.3,0,
4667777,germany-vs-curacao,https://www.fotmob.com/matches/germany-vs-curacao/k77fsyu#4667777,Germany vs Curacao (2026-06-14T17:00:00.000Z),Germany,Curacao,2026-06-14T17:00:00.000Z,FIFA World Cup Round 1,Houston Stadium,Jalal Jayed,Full time,7,1,Curacao,Germany,away,Bazoer,23,True,starting_xi,DEF,1,4,3,4-3-1-2,5.9,4.1,0,
4667777,germany-vs-curacao,https://www.fotmob.com/matches/germany-vs-curacao/k77fsyu#4667777,Germany vs Curacao (2026-06-14T17:00:00.000Z),Germany,Curacao,2026-06-14T17:00:00.000Z,FIFA World Cup Round 1,Houston Stadium,Jalal Jayed,Full time,7,1,Curacao,Germany,away,Floranus,5,True,starting_xi,DEF,1,4,4,4-3-1-2,5.9,4.9,0,
4667777,germany-vs-curacao,https://www.fotmob.com/matches/germany-vs-curacao/k77fsyu#4667777,Germany vs Curacao (2026-06-14T17:00:00.000Z),Germany,Curacao,2026-06-14T17:00:00.000Z,FIFA World Cup Round 1,Houston Stadium,Jalal Jayed,Full time,7,1,Curacao,Germany,away,Room,1,True,starting_xi,GK,0,1,1,4-3-1-2,5.9,4.1,0,
4667778,ecuador-vs-ivory-coast,https://www.fotmob.com/matches/ecuador-vs-ivory-coast/1hl6kp#4667778,Ivory Coast vs Ecuador (2026-06-14T23:00:00.000Z),Ivory Coast,Ecuador,2026-06-14T23:00:00.000Z,FIFA World Cup Round 1,Philadelphia Stadium,François Letexier,Full time,1,0,Ivory Coast,Ecuador,home,Fofana,1,True,starting_xi,GK,0,1,1,4-4-2,7.2,7.6,0,
4667778,ecuador-vs-ivory-coast,https://www.fotmob.com/matches/ecuador-vs-ivory-coast/1hl6kp#4667778,Ivory Coast vs Ecuador (2026-06-14T23:00:00.000Z),Ivory Coast,Ecuador,2026-06-14T23:00:00.000Z,FIFA World Cup Round 1,Philadelphia Stadium,François Letexier,Full time,1,0,Ivory Coast,Ecuador,home,Doué,17,True,starting_xi,DEF,1,4,1,4-4-2,7.2,7.6,0,89.0
4667778,ecuador-vs-ivory-coast,https://www.fotmob.com/matches/ecuador-vs-ivory-coast/1hl6kp#4667778,Ivory Coast vs Ecuador (2026-06-14T23:00:00.000Z),Ivory Coast,Ecuador,2026-06-14T23:00:00.000Z,FIFA World Cup Round 1,Philadelphia Stadium,François Letexier,Full time,1,0,Ivory Coast,Ecuador,home,Singo,5,True,starting_xi,DEF,1,4,2,4-4-2,7.2,8.3,0,
4667778,ecuador-vs-ivory-coast,https://www.fotmob.com/matches/ecuador-vs-ivory-coast/1hl6kp#4667778,Ivory Coast vs Ecuador (2026-06-14T23:00:00.000Z),Ivory Coast,Ecuador,2026-06-14T23:00:00.000Z,FIFA World Cup Round 1,Philadelphia Stadium,François Letexier,Full time,1,0,Ivory Coast,Ecuador,home,Agbadou,20,True,starting_xi,DEF,1,4,3,4-4-2,7.2,7.7,0,
4667778,ecuador-vs-ivory-coast,https://www.fotmob.com/matches/ecuador-vs-ivory-coast/1hl6kp#4667778,Ivory Coast vs Ecuador (2026-06-14T23:00:00.000Z),Ivory Coast,Ecuador,2026-06-14T23:00:00.000Z,FIFA World Cup Round 1,Philadelphia Stadium,François Letexier,Full time,1,0,Ivory Coast,Ecuador,home,Konan,3,True,starting_xi,DEF,1,4,4,4-4-2,7.2,7.0,0,
4667778,ecuador-vs-ivory-coast,https://www.fotmob.com/matches/ecuador-vs-ivory-coast/1hl6kp#4667778,Ivory Coast vs Ecuador (2026-06-14T23:00:00.000Z),Ivory Coast,Ecuador,2026-06-14T23:00:00.000Z,FIFA World Cup Round 1,Philadelphia Stadium,François Letexier,Full time,1,0,Ivory Coast,Ecuador,home,Diomande,11,True,starting_xi,AM,2,4,1,4-4-2,7.2,8.3,0,
4667778,ecuador-vs-ivory-coast,https://www.fotmob.com/matches/ecuador-vs-ivory-coast/1hl6kp#4667778,Ivory Coast vs Ecuador (2026-06-14T23:00:00.000Z),Ivory Coast,Ecuador,2026-06-14T23:00:00.000Z,FIFA World Cup Round 1,Philadelphia Stadium,François Letexier,Full time,1,0,Ivory Coast,Ecuador,home,Kessié,8,True,starting_xi,AM,2,4,2,4-4-2,7.2,7.5,0,
4667778,ecuador-vs-ivory-coast,https://www.fotmob.com/matches/ecuador-vs-ivory-coast/1hl6kp#4667778,Ivory Coast vs Ecuador (2026-06-14T23:00:00.000Z),Ivory Coast,Ecuador,2026-06-14T23:00:00.000Z,FIFA World Cup Round 1,Philadelphia Stadium,François Letexier,Full time,1,0,Ivory Coast,Ecuador,home,Fofana,6,True,starting_xi,AM,2,4,3,4-4-2,7.2,6.9,0,77.0
4667778,ecuador-vs-ivory-coast,https://www.fotmob.com/matches/ecuador-vs-ivory-coast/1hl6kp#4667778,Ivory Coast vs Ecuador (2026-06-14T23:00:00.000Z),Ivory Coast,Ecuador,2026-06-14T23:00:00.000Z,FIFA World Cup Round 1,Philadelphia Stadium,François Letexier,Full time,1,0,Ivory Coast,Ecuador,home,Touré,24,True,starting_xi,AM,2,4,4,4-4-2,7.2,6.2,0,56.0
4667778,ecuador-vs-ivory-coast,https://www.fotmob.com/matches/ecuador-vs-ivory-coast/1hl6kp#4667778,Ivory Coast vs Ecuador (2026-06-14T23:00:00.000Z),Ivory Coast,Ecuador,2026-06-14T23:00:00.000Z,FIFA World Cup Round 1,Philadelphia Stadium,François Letexier,Full time,1,0,Ivory Coast,Ecuador,home,Pépé,19,True,starting_xi,FWD,3,2,1,4-4-2,7.2,6.7,0,77.0
4667778,ecuador-vs-ivory-coast,https://www.fotmob.com/matches/ecuador-vs-ivory-coast/1hl6kp#4667778,Ivory Coast vs Ecuador (2026-06-14T23:00:00.000Z),Ivory Coast,Ecuador,2026-06-14T23:00:00.000Z,FIFA World Cup Round 1,Philadelphia Stadium,François Letexier,Full time,1,0,Ivory Coast,Ecuador,home,Wahi,12,True,starting_xi,FWD,3,2,2,4-4-2,7.2,6.6,0,56.0
4667778,ecuador-vs-ivory-coast,https://www.fotmob.com/matches/ecuador-vs-ivory-coast/1hl6kp#4667778,Ivory Coast vs Ecuador (2026-06-14T23:00:00.000Z),Ivory Coast,Ecuador,2026-06-14T23:00:00.000Z,FIFA World Cup Round 1,Philadelphia Stadium,François Letexier,Full time,1,0,Ecuador,Ivory Coast,away,Minda,14,True,starting_xi,FWD,3,3,1,3-4-3,6.6,6.6,0,56.0
4667778,ecuador-vs-ivory-coast,https://www.fotmob.com/matches/ecuador-vs-ivory-coast/1hl6kp#4667778,Ivory Coast vs Ecuador (2026-06-14T23:00:00.000Z),Ivory Coast,Ecuador,2026-06-14T23:00:00.000Z,FIFA World Cup Round 1,Philadelphia Stadium,François Letexier,Full time,1,0,Ecuador,Ivory Coast,away,Valencia,13,True,starting_xi,FWD,3,3,2,3-4-3,6.6,6.6,0,77.0
4667778,ecuador-vs-ivory-coast,https://www.fotmob.com/matches/ecuador-vs-ivory-coast/1hl6kp#4667778,Ivory Coast vs Ecuador (2026-06-14T23:00:00.000Z),Ivory Coast,Ecuador,2026-06-14T23:00:00.000Z,FIFA World Cup Round 1,Philadelphia Stadium,François Letexier,Full time,1,0,Ecuador,Ivory Coast,away,Plata,19,True,starting_xi,FWD,3,3,3,3-4-3,6.6,7.3,0,
4667778,ecuador-vs-ivory-coast,https://www.fotmob.com/matches/ecuador-vs-ivory-coast/1hl6kp#4667778,Ivory Coast vs Ecuador (2026-06-14T23:00:00.000Z),Ivory Coast,Ecuador,2026-06-14T23:00:00.000Z,FIFA World Cup Round 1,Philadelphia Stadium,François Letexier,Full time,1,0,Ecuador,Ivory Coast,away,Hincapié,3,True,starting_xi,AM,2,4,1,3-4-3,6.6,6.5,0,
4667778,ecuador-vs-ivory-coast,https://www.fotmob.com/matches/ecuador-vs-ivory-coast/1hl6kp#4667778,Ivory Coast vs Ecuador (2026-06-14T23:00:00.000Z),Ivory Coast,Ecuador,2026-06-14T23:00:00.000Z,FIFA World Cup Round 1,Philadelphia Stadium,François Letexier,Full time,1,0,Ecuador,Ivory Coast,away,Vite,15,True,starting_xi,AM,2,4,2,3-4-3,6.6,7.3,0,
4667778,ecuador-vs-ivory-coast,https://www.fotmob.com/matches/ecuador-vs-ivory-coast/1hl6kp#4667778,Ivory Coast vs Ecuador (2026-06-14T23:00:00.000Z),Ivory Coast,Ecuador,2026-06-14T23:00:00.000Z,FIFA World Cup Round 1,Philadelphia Stadium,François Letexier,Full time,1,0,Ecuador,Ivory Coast,away,Caicedo,23,True,starting_xi,AM,2,4,3,3-4-3,6.6,6.9,0,
4667778,ecuador-vs-ivory-coast,https://www.fotmob.com/matches/ecuador-vs-ivory-coast/1hl6kp#4667778,Ivory Coast vs Ecuador (2026-06-14T23:00:00.000Z),Ivory Coast,Ecuador,2026-06-14T23:00:00.000Z,FIFA World Cup Round 1,Philadelphia Stadium,François Letexier,Full time,1,0,Ecuador,Ivory Coast,away,Yeboah,9,True,starting_xi,AM,2,4,4,3-4-3,6.6,6.9,0,62.0
4667778,ecuador-vs-ivory-coast,https://www.fotmob.com/matches/ecuador-vs-ivory-coast/1hl6kp#4667778,Ivory Coast vs Ecuador (2026-06-14T23:00:00.000Z),Ivory Coast,Ecuador,2026-06-14T23:00:00.000Z,FIFA World Cup Round 1,Philadelphia Stadium,François Letexier,Full time,1,0,Ecuador,Ivory Coast,away,Pacho,6,True,starting_xi,DEF,1,3,1,3-4-3,6.6,6.9,0,
4667778,ecuador-vs-ivory-coast,https://www.fotmob.com/matches/ecuador-vs-ivory-coast/1hl6kp#4667778,Ivory Coast vs Ecuador (2026-06-14T23:00:00.000Z),Ivory Coast,Ecuador,2026-06-14T23:00:00.000Z,FIFA World Cup Round 1,Philadelphia Stadium,François Letexier,Full time,1,0,Ecuador,Ivory Coast,away,Ordóñez,4,True,starting_xi,DEF,1,3,2,3-4-3,6.6,6.9,0,
4667778,ecuador-vs-ivory-coast,https://www.fotmob.com/matches/ecuador-vs-ivory-coast/1hl6kp#4667778,Ivory Coast vs Ecuador (2026-06-14T23:00:00.000Z),Ivory Coast,Ecuador,2026-06-14T23:00:00.000Z,FIFA World Cup Round 1,Philadelphia Stadium,François Letexier,Full time,1,0,Ecuador,Ivory Coast,away,Franco,21,True,starting_xi,DEF,1,3,3,3-4-3,6.6,6.9,0,62.0
4667778,ecuador-vs-ivory-coast,https://www.fotmob.com/matches/ecuador-vs-ivory-coast/1hl6kp#4667778,Ivory Coast vs Ecuador (2026-06-14T23:00:00.000Z),Ivory Coast,Ecuador,2026-06-14T23:00:00.000Z,FIFA World Cup Round 1,Philadelphia Stadium,François Letexier,Full time,1,0,Ecuador,Ivory Coast,away,Galindez,1,True,starting_xi,GK,0,1,1,3-4-3,6.6,6.5,0,
4667784,tunisia-vs-sweden,https://www.fotmob.com/matches/tunisia-vs-sweden/1x5290#4667784,Sweden vs Tunisia (2026-06-15T02:00:00.000Z),Sweden,Tunisia,2026-06-15T02:00:00.000Z,FIFA World Cup Round 1,Monterrey Stadium,Yael Falcón Pérez,Full time,5,1,Sweden,Tunisia,home,Nordfeldt,23,True,starting_xi,GK,0,1,1,3-4-1-2,7.3,6.3,0,
4667784,tunisia-vs-sweden,https://www.fotmob.com/matches/tunisia-vs-sweden/1x5290#4667784,Sweden vs Tunisia (2026-06-15T02:00:00.000Z),Sweden,Tunisia,2026-06-15T02:00:00.000Z,FIFA World Cup Round 1,Monterrey Stadium,Yael Falcón Pérez,Full time,5,1,Sweden,Tunisia,home,Lagerbielke,2,True,starting_xi,DEF,1,3,1,3-4-1-2,7.3,6.7,0,
4667784,tunisia-vs-sweden,https://www.fotmob.com/matches/tunisia-vs-sweden/1x5290#4667784,Sweden vs Tunisia (2026-06-15T02:00:00.000Z),Sweden,Tunisia,2026-06-15T02:00:00.000Z,FIFA World Cup Round 1,Monterrey Stadium,Yael Falcón Pérez,Full time,5,1,Sweden,Tunisia,home,Hien,4,True,starting_xi,DEF,1,3,2,3-4-1-2,7.3,7.1,0,
4667784,tunisia-vs-sweden,https://www.fotmob.com/matches/tunisia-vs-sweden/1x5290#4667784,Sweden vs Tunisia (2026-06-15T02:00:00.000Z),Sweden,Tunisia,2026-06-15T02:00:00.000Z,FIFA World Cup Round 1,Monterrey Stadium,Yael Falcón Pérez,Full time,5,1,Sweden,Tunisia,home,Lindelöf,3,True,starting_xi,DEF,1,3,3,3-4-1-2,7.3,7.0,0,
4667784,tunisia-vs-sweden,https://www.fotmob.com/matches/tunisia-vs-sweden/1x5290#4667784,Sweden vs Tunisia (2026-06-15T02:00:00.000Z),Sweden,Tunisia,2026-06-15T02:00:00.000Z,FIFA World Cup Round 1,Monterrey Stadium,Yael Falcón Pérez,Full time,5,1,Sweden,Tunisia,home,Bernhardsson,21,True,starting_xi,AM,2,4,1,3-4-1-2,7.3,6.9,0,90.0
4667784,tunisia-vs-sweden,https://www.fotmob.com/matches/tunisia-vs-sweden/1x5290#4667784,Sweden vs Tunisia (2026-06-15T02:00:00.000Z),Sweden,Tunisia,2026-06-15T02:00:00.000Z,FIFA World Cup Round 1,Monterrey Stadium,Yael Falcón Pérez,Full time,5,1,Sweden,Tunisia,home,Karlström,16,True,starting_xi,AM,2,4,2,3-4-1-2,7.3,6.9,0,84.0
4667784,tunisia-vs-sweden,https://www.fotmob.com/matches/tunisia-vs-sweden/1x5290#4667784,Sweden vs Tunisia (2026-06-15T02:00:00.000Z),Sweden,Tunisia,2026-06-15T02:00:00.000Z,FIFA World Cup Round 1,Monterrey Stadium,Yael Falcón Pérez,Full time,5,1,Sweden,Tunisia,home,Ayari,18,True,starting_xi,AM,2,4,3,3-4-1-2,7.3,8.9,0,
4667784,tunisia-vs-sweden,https://www.fotmob.com/matches/tunisia-vs-sweden/1x5290#4667784,Sweden vs Tunisia (2026-06-15T02:00:00.000Z),Sweden,Tunisia,2026-06-15T02:00:00.000Z,FIFA World Cup Round 1,Monterrey Stadium,Yael Falcón Pérez,Full time,5,1,Sweden,Tunisia,home,Gudmundsson,5,True,starting_xi,AM,2,4,4,3-4-1-2,7.3,7.2,0,64.0
4667784,tunisia-vs-sweden,https://www.fotmob.com/matches/tunisia-vs-sweden/1x5290#4667784,Sweden vs Tunisia (2026-06-15T02:00:00.000Z),Sweden,Tunisia,2026-06-15T02:00:00.000Z,FIFA World Cup Round 1,Monterrey Stadium,Yael Falcón Pérez,Full time,5,1,Sweden,Tunisia,home,Nygren,10,True,starting_xi,AM,3,1,1,3-4-1-2,7.3,6.7,0,64.0
4667784,tunisia-vs-sweden,https://www.fotmob.com/matches/tunisia-vs-sweden/1x5290#4667784,Sweden vs Tunisia (2026-06-15T02:00:00.000Z),Sweden,Tunisia,2026-06-15T02:00:00.000Z,FIFA World Cup Round 1,Monterrey Stadium,Yael Falcón Pérez,Full time,5,1,Sweden,Tunisia,home,Gyökeres,17,True,starting_xi,FWD,4,2,1,3-4-1-2,7.3,8.7,0,
4667784,tunisia-vs-sweden,https://www.fotmob.com/matches/tunisia-vs-sweden/1x5290#4667784,Sweden vs Tunisia (2026-06-15T02:00:00.000Z),Sweden,Tunisia,2026-06-15T02:00:00.000Z,FIFA World Cup Round 1,Monterrey Stadium,Yael Falcón Pérez,Full time,5,1,Sweden,Tunisia,home,Isak,9,True,starting_xi,FWD,4,2,2,3-4-1-2,7.3,8.8,0,90.0
4667784,tunisia-vs-sweden,https://www.fotmob.com/matches/tunisia-vs-sweden/1x5290#4667784,Sweden vs Tunisia (2026-06-15T02:00:00.000Z),Sweden,Tunisia,2026-06-15T02:00:00.000Z,FIFA World Cup Round 1,Monterrey Stadium,Yael Falcón Pérez,Full time,5,1,Tunisia,Sweden,away,Ben Slimane,25,True,starting_xi,FWD,3,2,1,3-5-2,5.7,6.4,0,84.0
4667784,tunisia-vs-sweden,https://www.fotmob.com/matches/tunisia-vs-sweden/1x5290#4667784,Sweden vs Tunisia (2026-06-15T02:00:00.000Z),Sweden,Tunisia,2026-06-15T02:00:00.000Z,FIFA World Cup Round 1,Monterrey Stadium,Yael Falcón Pérez,Full time,5,1,Tunisia,Sweden,away,Saad,8,True,starting_xi,FWD,3,2,2,3-5-2,5.7,6.3,0,72.0
4667784,tunisia-vs-sweden,https://www.fotmob.com/matches/tunisia-vs-sweden/1x5290#4667784,Sweden vs Tunisia (2026-06-15T02:00:00.000Z),Sweden,Tunisia,2026-06-15T02:00:00.000Z,FIFA World Cup Round 1,Monterrey Stadium,Yael Falcón Pérez,Full time,5,1,Tunisia,Sweden,away,Abdi,2,True,starting_xi,AM,2,5,1,3-5-2,5.7,4.6,0,
4667784,tunisia-vs-sweden,https://www.fotmob.com/matches/tunisia-vs-sweden/1x5290#4667784,Sweden vs Tunisia (2026-06-15T02:00:00.000Z),Sweden,Tunisia,2026-06-15T02:00:00.000Z,FIFA World Cup Round 1,Monterrey Stadium,Yael Falcón Pérez,Full time,5,1,Tunisia,Sweden,away,Hannibal,10,True,starting_xi,AM,2,5,2,3-5-2,5.7,8.0,0,
4667784,tunisia-vs-sweden,https://www.fotmob.com/matches/tunisia-vs-sweden/1x5290#4667784,Sweden vs Tunisia (2026-06-15T02:00:00.000Z),Sweden,Tunisia,2026-06-15T02:00:00.000Z,FIFA World Cup Round 1,Monterrey Stadium,Yael Falcón Pérez,Full time,5,1,Tunisia,Sweden,away,Skhiri,17,True,starting_xi,AM,2,5,3,3-5-2,5.7,5.8,0,72.0
4667784,tunisia-vs-sweden,https://www.fotmob.com/matches/tunisia-vs-sweden/1x5290#4667784,Sweden vs Tunisia (2026-06-15T02:00:00.000Z),Sweden,Tunisia,2026-06-15T02:00:00.000Z,FIFA World Cup Round 1,Monterrey Stadium,Yael Falcón Pérez,Full time,5,1,Tunisia,Sweden,away,Khedira,13,True,starting_xi,AM,2,5,4,3-5-2,5.7,5.7,0,84.0
4667784,tunisia-vs-sweden,https://www.fotmob.com/matches/tunisia-vs-sweden/1x5290#4667784,Sweden vs Tunisia (2026-06-15T02:00:00.000Z),Sweden,Tunisia,2026-06-15T02:00:00.000Z,FIFA World Cup Round 1,Monterrey Stadium,Yael Falcón Pérez,Full time,5,1,Tunisia,Sweden,away,Valery,20,True,starting_xi,AM,2,5,5,3-5-2,5.7,5.4,0,72.0
4667784,tunisia-vs-sweden,https://www.fotmob.com/matches/tunisia-vs-sweden/1x5290#4667784,Sweden vs Tunisia (2026-06-15T02:00:00.000Z),Sweden,Tunisia,2026-06-15T02:00:00.000Z,FIFA World Cup Round 1,Monterrey Stadium,Yael Falcón Pérez,Full time,5,1,Tunisia,Sweden,away,Ben Hamida,21,True,starting_xi,DEF,1,3,1,3-5-2,5.7,6.0,0,
4667784,tunisia-vs-sweden,https://www.fotmob.com/matches/tunisia-vs-sweden/1x5290#4667784,Sweden vs Tunisia (2026-06-15T02:00:00.000Z),Sweden,Tunisia,2026-06-15T02:00:00.000Z,FIFA World Cup Round 1,Monterrey Stadium,Yael Falcón Pérez,Full time,5,1,Tunisia,Sweden,away,Talbi,3,True,starting_xi,DEF,1,3,2,3-5-2,5.7,5.4,0,
4667784,tunisia-vs-sweden,https://www.fotmob.com/matches/tunisia-vs-sweden/1x5290#4667784,Sweden vs Tunisia (2026-06-15T02:00:00.000Z),Sweden,Tunisia,2026-06-15T02:00:00.000Z,FIFA World Cup Round 1,Monterrey Stadium,Yael Falcón Pérez,Full time,5,1,Tunisia,Sweden,away,Rekik,4,True,starting_xi,DEF,1,3,3,3-5-2,5.7,6.1,0,
4667784,tunisia-vs-sweden,https://www.fotmob.com/matches/tunisia-vs-sweden/1x5290#4667784,Sweden vs Tunisia (2026-06-15T02:00:00.000Z),Sweden,Tunisia,2026-06-15T02:00:00.000Z,FIFA World Cup Round 1,Monterrey Stadium,Yael Falcón Pérez,Full time,5,1,Tunisia,Sweden,away,Chamakh,1,True,starting_xi,GK,0,1,1,3-5-2,5.7,1.9,0,
4667783,netherlands-vs-japan,https://www.fotmob.com/matches/netherlands-vs-japan/1hn72b#4667783,Netherlands vs Japan (2026-06-14T20:00:00.000Z),Netherlands,Japan,2026-06-14T20:00:00.000Z,FIFA World Cup Round 1,Dallas Stadium,Ismail Elfath,Full time,2,2,Netherlands,Japan,home,Verbruggen,1,True,starting_xi,GK,0,1,1,4-3-3,7.0,5.8,0,
4667783,netherlands-vs-japan,https://www.fotmob.com/matches/netherlands-vs-japan/1hn72b#4667783,Netherlands vs Japan (2026-06-14T20:00:00.000Z),Netherlands,Japan,2026-06-14T20:00:00.000Z,FIFA World Cup Round 1,Dallas Stadium,Ismail Elfath,Full time,2,2,Netherlands,Japan,home,Dumfries,22,True,starting_xi,DEF,1,4,1,4-3-3,7.0,6.7,0,
4667783,netherlands-vs-japan,https://www.fotmob.com/matches/netherlands-vs-japan/1hn72b#4667783,Netherlands vs Japan (2026-06-14T20:00:00.000Z),Netherlands,Japan,2026-06-14T20:00:00.000Z,FIFA World Cup Round 1,Dallas Stadium,Ismail Elfath,Full time,2,2,Netherlands,Japan,home,van Hecke,6,True,starting_xi,DEF,1,4,2,4-3-3,7.0,7.3,0,
4667783,netherlands-vs-japan,https://www.fotmob.com/matches/netherlands-vs-japan/1hn72b#4667783,Netherlands vs Japan (2026-06-14T20:00:00.000Z),Netherlands,Japan,2026-06-14T20:00:00.000Z,FIFA World Cup Round 1,Dallas Stadium,Ismail Elfath,Full time,2,2,Netherlands,Japan,home,van Dijk,4,True,starting_xi,DEF,1,4,3,4-3-3,7.0,7.9,0,
4667783,netherlands-vs-japan,https://www.fotmob.com/matches/netherlands-vs-japan/1hn72b#4667783,Netherlands vs Japan (2026-06-14T20:00:00.000Z),Netherlands,Japan,2026-06-14T20:00:00.000Z,FIFA World Cup Round 1,Dallas Stadium,Ismail Elfath,Full time,2,2,Netherlands,Japan,home,Van de Ven,15,True,starting_xi,DEF,1,4,4,4-3-3,7.0,6.6,0,
4667783,netherlands-vs-japan,https://www.fotmob.com/matches/netherlands-vs-japan/1hn72b#4667783,Netherlands vs Japan (2026-06-14T20:00:00.000Z),Netherlands,Japan,2026-06-14T20:00:00.000Z,FIFA World Cup Round 1,Dallas Stadium,Ismail Elfath,Full time,2,2,Netherlands,Japan,home,Gravenberch,8,True,starting_xi,AM,2,3,1,4-3-3,7.0,8.4,0,81.0
4667783,netherlands-vs-japan,https://www.fotmob.com/matches/netherlands-vs-japan/1hn72b#4667783,Netherlands vs Japan (2026-06-14T20:00:00.000Z),Netherlands,Japan,2026-06-14T20:00:00.000Z,FIFA World Cup Round 1,Dallas Stadium,Ismail Elfath,Full time,2,2,Netherlands,Japan,home,de Jong,21,True,starting_xi,AM,2,3,2,4-3-3,7.0,7.9,0,
4667783,netherlands-vs-japan,https://www.fotmob.com/matches/netherlands-vs-japan/1hn72b#4667783,Netherlands vs Japan (2026-06-14T20:00:00.000Z),Netherlands,Japan,2026-06-14T20:00:00.000Z,FIFA World Cup Round 1,Dallas Stadium,Ismail Elfath,Full time,2,2,Netherlands,Japan,home,Reijnders,14,True,starting_xi,AM,2,3,3,4-3-3,7.0,6.8,0,70.0
4667783,netherlands-vs-japan,https://www.fotmob.com/matches/netherlands-vs-japan/1hn72b#4667783,Netherlands vs Japan (2026-06-14T20:00:00.000Z),Netherlands,Japan,2026-06-14T20:00:00.000Z,FIFA World Cup Round 1,Dallas Stadium,Ismail Elfath,Full time,2,2,Netherlands,Japan,home,Summerville,24,True,starting_xi,FWD,3,3,1,4-3-3,7.0,7.8,0,70.0
4667783,netherlands-vs-japan,https://www.fotmob.com/matches/netherlands-vs-japan/1hn72b#4667783,Netherlands vs Japan (2026-06-14T20:00:00.000Z),Netherlands,Japan,2026-06-14T20:00:00.000Z,FIFA World Cup Round 1,Dallas Stadium,Ismail Elfath,Full time,2,2,Netherlands,Japan,home,Malen,18,True,starting_xi,FWD,3,3,2,4-3-3,7.0,6.8,0,70.0
4667783,netherlands-vs-japan,https://www.fotmob.com/matches/netherlands-vs-japan/1hn72b#4667783,Netherlands vs Japan (2026-06-14T20:00:00.000Z),Netherlands,Japan,2026-06-14T20:00:00.000Z,FIFA World Cup Round 1,Dallas Stadium,Ismail Elfath,Full time,2,2,Netherlands,Japan,home,Gakpo,11,True,starting_xi,FWD,3,3,3,4-3-3,7.0,7.2,0,84.0
4667783,netherlands-vs-japan,https://www.fotmob.com/matches/netherlands-vs-japan/1hn72b#4667783,Netherlands vs Japan (2026-06-14T20:00:00.000Z),Netherlands,Japan,2026-06-14T20:00:00.000Z,FIFA World Cup Round 1,Dallas Stadium,Ismail Elfath,Full time,2,2,Japan,Netherlands,away,Ueda,18,True,starting_xi,FWD,4,1,1,3-4-2-1,6.7,6.5,0,84.0
4667783,netherlands-vs-japan,https://www.fotmob.com/matches/netherlands-vs-japan/1hn72b#4667783,Netherlands vs Japan (2026-06-14T20:00:00.000Z),Netherlands,Japan,2026-06-14T20:00:00.000Z,FIFA World Cup Round 1,Dallas Stadium,Ismail Elfath,Full time,2,2,Japan,Netherlands,away,Maeda,11,True,starting_xi,AM,3,2,1,3-4-2-1,6.7,6.0,0,66.0
4667783,netherlands-vs-japan,https://www.fotmob.com/matches/netherlands-vs-japan/1hn72b#4667783,Netherlands vs Japan (2026-06-14T20:00:00.000Z),Netherlands,Japan,2026-06-14T20:00:00.000Z,FIFA World Cup Round 1,Dallas Stadium,Ismail Elfath,Full time,2,2,Japan,Netherlands,away,Kubo,8,True,starting_xi,AM,3,2,2,3-4-2-1,6.7,7.2,0,75.0
4667783,netherlands-vs-japan,https://www.fotmob.com/matches/netherlands-vs-japan/1hn72b#4667783,Netherlands vs Japan (2026-06-14T20:00:00.000Z),Netherlands,Japan,2026-06-14T20:00:00.000Z,FIFA World Cup Round 1,Dallas Stadium,Ismail Elfath,Full time,2,2,Japan,Netherlands,away,Nakamura,13,True,starting_xi,AM,2,4,1,3-4-2-1,6.7,8.1,0,
4667783,netherlands-vs-japan,https://www.fotmob.com/matches/netherlands-vs-japan/1hn72b#4667783,Netherlands vs Japan (2026-06-14T20:00:00.000Z),Netherlands,Japan,2026-06-14T20:00:00.000Z,FIFA World Cup Round 1,Dallas Stadium,Ismail Elfath,Full time,2,2,Japan,Netherlands,away,Kamada,15,True,starting_xi,AM,2,4,2,3-4-2-1,6.7,8.1,0,
4667783,netherlands-vs-japan,https://www.fotmob.com/matches/netherlands-vs-japan/1hn72b#4667783,Netherlands vs Japan (2026-06-14T20:00:00.000Z),Netherlands,Japan,2026-06-14T20:00:00.000Z,FIFA World Cup Round 1,Dallas Stadium,Ismail Elfath,Full time,2,2,Japan,Netherlands,away,Sano,24,True,starting_xi,AM,2,4,3,3-4-2-1,6.7,6.2,0,
4667783,netherlands-vs-japan,https://www.fotmob.com/matches/netherlands-vs-japan/1hn72b#4667783,Netherlands vs Japan (2026-06-14T20:00:00.000Z),Netherlands,Japan,2026-06-14T20:00:00.000Z,FIFA World Cup Round 1,Dallas Stadium,Ismail Elfath,Full time,2,2,Japan,Netherlands,away,Doan,10,True,starting_xi,AM,2,4,4,3-4-2-1,6.7,6.4,0,75.0
4667783,netherlands-vs-japan,https://www.fotmob.com/matches/netherlands-vs-japan/1hn72b#4667783,Netherlands vs Japan (2026-06-14T20:00:00.000Z),Netherlands,Japan,2026-06-14T20:00:00.000Z,FIFA World Cup Round 1,Dallas Stadium,Ismail Elfath,Full time,2,2,Japan,Netherlands,away,Ito,21,True,starting_xi,DEF,1,3,1,3-4-2-1,6.7,5.8,0,
4667783,netherlands-vs-japan,https://www.fotmob.com/matches/netherlands-vs-japan/1hn72b#4667783,Netherlands vs Japan (2026-06-14T20:00:00.000Z),Netherlands,Japan,2026-06-14T20:00:00.000Z,FIFA World Cup Round 1,Dallas Stadium,Ismail Elfath,Full time,2,2,Japan,Netherlands,away,Taniguchi,3,True,starting_xi,DEF,1,3,2,3-4-2-1,6.7,6.7,0,
4667783,netherlands-vs-japan,https://www.fotmob.com/matches/netherlands-vs-japan/1hn72b#4667783,Netherlands vs Japan (2026-06-14T20:00:00.000Z),Netherlands,Japan,2026-06-14T20:00:00.000Z,FIFA World Cup Round 1,Dallas Stadium,Ismail Elfath,Full time,2,2,Japan,Netherlands,away,Watanabe,16,True,starting_xi,DEF,1,3,3,3-4-2-1,6.7,6.6,0,75.0
4667783,netherlands-vs-japan,https://www.fotmob.com/matches/netherlands-vs-japan/1hn72b#4667783,Netherlands vs Japan (2026-06-14T20:00:00.000Z),Netherlands,Japan,2026-06-14T20:00:00.000Z,FIFA World Cup Round 1,Dallas Stadium,Ismail Elfath,Full time,2,2,Japan,Netherlands,away,Suzuki,1,True,starting_xi,GK,0,1,1,3-4-2-1,6.7,6.7,0,
4667791,new-zealand-vs-iran,https://www.fotmob.com/matches/new-zealand-vs-iran/1ar30l#4667791,Iran vs New Zealand (2026-06-16T01:00:00.000Z),Iran,New Zealand,2026-06-16T01:00:00.000Z,FIFA World Cup Round 1,Los Angeles Stadium,Cesar Ramos,Full time,2,2,Iran,New Zealand,home,Beiranvand,1,True,starting_xi,GK,0,1,1,4-4-2,6.8,6.1,0,
4667791,new-zealand-vs-iran,https://www.fotmob.com/matches/new-zealand-vs-iran/1ar30l#4667791,Iran vs New Zealand (2026-06-16T01:00:00.000Z),Iran,New Zealand,2026-06-16T01:00:00.000Z,FIFA World Cup Round 1,Los Angeles Stadium,Cesar Ramos,Full time,2,2,Iran,New Zealand,home,Rezaeian,23,True,starting_xi,DEF,1,4,1,4-4-2,6.8,8.6,0,
4667791,new-zealand-vs-iran,https://www.fotmob.com/matches/new-zealand-vs-iran/1ar30l#4667791,Iran vs New Zealand (2026-06-16T01:00:00.000Z),Iran,New Zealand,2026-06-16T01:00:00.000Z,FIFA World Cup Round 1,Los Angeles Stadium,Cesar Ramos,Full time,2,2,Iran,New Zealand,home,Khalilzadeh,4,True,starting_xi,DEF,1,4,2,4-4-2,6.8,6.4,0,
4667791,new-zealand-vs-iran,https://www.fotmob.com/matches/new-zealand-vs-iran/1ar30l#4667791,Iran vs New Zealand (2026-06-16T01:00:00.000Z),Iran,New Zealand,2026-06-16T01:00:00.000Z,FIFA World Cup Round 1,Los Angeles Stadium,Cesar Ramos,Full time,2,2,Iran,New Zealand,home,Nemati,19,True,starting_xi,DEF,1,4,3,4-4-2,6.8,6.4,0,
4667791,new-zealand-vs-iran,https://www.fotmob.com/matches/new-zealand-vs-iran/1ar30l#4667791,Iran vs New Zealand (2026-06-16T01:00:00.000Z),Iran,New Zealand,2026-06-16T01:00:00.000Z,FIFA World Cup Round 1,Los Angeles Stadium,Cesar Ramos,Full time,2,2,Iran,New Zealand,home,Mohammadi,5,True,starting_xi,DEF,1,4,4,4-4-2,6.8,6.0,0,
4667791,new-zealand-vs-iran,https://www.fotmob.com/matches/new-zealand-vs-iran/1ar30l#4667791,Iran vs New Zealand (2026-06-16T01:00:00.000Z),Iran,New Zealand,2026-06-16T01:00:00.000Z,FIFA World Cup Round 1,Los Angeles Stadium,Cesar Ramos,Full time,2,2,Iran,New Zealand,home,Mohebi,8,True,starting_xi,AM,2,4,1,4-4-2,6.8,8.0,0,
4667791,new-zealand-vs-iran,https://www.fotmob.com/matches/new-zealand-vs-iran/1ar30l#4667791,Iran vs New Zealand (2026-06-16T01:00:00.000Z),Iran,New Zealand,2026-06-16T01:00:00.000Z,FIFA World Cup Round 1,Los Angeles Stadium,Cesar Ramos,Full time,2,2,Iran,New Zealand,home,Ghoddos,14,True,starting_xi,AM,2,4,2,4-4-2,6.8,7.3,0,65.0
4667791,new-zealand-vs-iran,https://www.fotmob.com/matches/new-zealand-vs-iran/1ar30l#4667791,Iran vs New Zealand (2026-06-16T01:00:00.000Z),Iran,New Zealand,2026-06-16T01:00:00.000Z,FIFA World Cup Round 1,Los Angeles Stadium,Cesar Ramos,Full time,2,2,Iran,New Zealand,home,Ezatolahi,6,True,starting_xi,AM,2,4,3,4-4-2,6.8,7.1,0,
4667791,new-zealand-vs-iran,https://www.fotmob.com/matches/new-zealand-vs-iran/1ar30l#4667791,Iran vs New Zealand (2026-06-16T01:00:00.000Z),Iran,New Zealand,2026-06-16T01:00:00.000Z,FIFA World Cup Round 1,Los Angeles Stadium,Cesar Ramos,Full time,2,2,Iran,New Zealand,home,Yousefi,17,True,starting_xi,AM,2,4,4,4-4-2,6.8,6.5,0,46.0
4667791,new-zealand-vs-iran,https://www.fotmob.com/matches/new-zealand-vs-iran/1ar30l#4667791,Iran vs New Zealand (2026-06-16T01:00:00.000Z),Iran,New Zealand,2026-06-16T01:00:00.000Z,FIFA World Cup Round 1,Los Angeles Stadium,Cesar Ramos,Full time,2,2,Iran,New Zealand,home,Moghanlou,20,True,starting_xi,FWD,3,2,1,4-4-2,6.8,7.2,0,53.0
4667791,new-zealand-vs-iran,https://www.fotmob.com/matches/new-zealand-vs-iran/1ar30l#4667791,Iran vs New Zealand (2026-06-16T01:00:00.000Z),Iran,New Zealand,2026-06-16T01:00:00.000Z,FIFA World Cup Round 1,Los Angeles Stadium,Cesar Ramos,Full time,2,2,Iran,New Zealand,home,Taremi,9,True,starting_xi,FWD,3,2,2,4-4-2,6.8,7.5,0,80.0
4667791,new-zealand-vs-iran,https://www.fotmob.com/matches/new-zealand-vs-iran/1ar30l#4667791,Iran vs New Zealand (2026-06-16T01:00:00.000Z),Iran,New Zealand,2026-06-16T01:00:00.000Z,FIFA World Cup Round 1,Los Angeles Stadium,Cesar Ramos,Full time,2,2,New Zealand,Iran,away,Wood,9,True,starting_xi,FWD,4,1,1,4-2-3-1,6.8,8.2,0,
4667791,new-zealand-vs-iran,https://www.fotmob.com/matches/new-zealand-vs-iran/1ar30l#4667791,Iran vs New Zealand (2026-06-16T01:00:00.000Z),Iran,New Zealand,2026-06-16T01:00:00.000Z,FIFA World Cup Round 1,Los Angeles Stadium,Cesar Ramos,Full time,2,2,New Zealand,Iran,away,Just,11,True,starting_xi,AM,3,3,1,4-2-3-1,6.8,8.9,0,
4667791,new-zealand-vs-iran,https://www.fotmob.com/matches/new-zealand-vs-iran/1ar30l#4667791,Iran vs New Zealand (2026-06-16T01:00:00.000Z),Iran,New Zealand,2026-06-16T01:00:00.000Z,FIFA World Cup Round 1,Los Angeles Stadium,Cesar Ramos,Full time,2,2,New Zealand,Iran,away,Singh,10,True,starting_xi,AM,3,3,2,4-2-3-1,6.8,6.9,0,90.0
4667791,new-zealand-vs-iran,https://www.fotmob.com/matches/new-zealand-vs-iran/1ar30l#4667791,Iran vs New Zealand (2026-06-16T01:00:00.000Z),Iran,New Zealand,2026-06-16T01:00:00.000Z,FIFA World Cup Round 1,Los Angeles Stadium,Cesar Ramos,Full time,2,2,New Zealand,Iran,away,McCowatt,20,True,starting_xi,AM,3,3,3,4-2-3-1,6.8,7.2,0,68.0
4667791,new-zealand-vs-iran,https://www.fotmob.com/matches/new-zealand-vs-iran/1ar30l#4667791,Iran vs New Zealand (2026-06-16T01:00:00.000Z),Iran,New Zealand,2026-06-16T01:00:00.000Z,FIFA World Cup Round 1,Los Angeles Stadium,Cesar Ramos,Full time,2,2,New Zealand,Iran,away,Stamenic,8,True,starting_xi,AM,2,2,1,4-2-3-1,6.8,6.4,0,90.0
4667791,new-zealand-vs-iran,https://www.fotmob.com/matches/new-zealand-vs-iran/1ar30l#4667791,Iran vs New Zealand (2026-06-16T01:00:00.000Z),Iran,New Zealand,2026-06-16T01:00:00.000Z,FIFA World Cup Round 1,Los Angeles Stadium,Cesar Ramos,Full time,2,2,New Zealand,Iran,away,Bell,6,True,starting_xi,AM,2,2,2,4-2-3-1,6.8,6.8,0,
4667791,new-zealand-vs-iran,https://www.fotmob.com/matches/new-zealand-vs-iran/1ar30l#4667791,Iran vs New Zealand (2026-06-16T01:00:00.000Z),Iran,New Zealand,2026-06-16T01:00:00.000Z,FIFA World Cup Round 1,Los Angeles Stadium,Cesar Ramos,Full time,2,2,New Zealand,Iran,away,Cacace,13,True,starting_xi,DEF,1,4,1,4-2-3-1,6.8,6.3,0,68.0
4667791,new-zealand-vs-iran,https://www.fotmob.com/matches/new-zealand-vs-iran/1ar30l#4667791,Iran vs New Zealand (2026-06-16T01:00:00.000Z),Iran,New Zealand,2026-06-16T01:00:00.000Z,FIFA World Cup Round 1,Los Angeles Stadium,Cesar Ramos,Full time,2,2,New Zealand,Iran,away,Boxall,5,True,starting_xi,DEF,1,4,2,4-2-3-1,6.8,6.3,0,
4667791,new-zealand-vs-iran,https://www.fotmob.com/matches/new-zealand-vs-iran/1ar30l#4667791,Iran vs New Zealand (2026-06-16T01:00:00.000Z),Iran,New Zealand,2026-06-16T01:00:00.000Z,FIFA World Cup Round 1,Los Angeles Stadium,Cesar Ramos,Full time,2,2,New Zealand,Iran,away,Surman,16,True,starting_xi,DEF,1,4,3,4-2-3-1,6.8,7.1,0,
4667791,new-zealand-vs-iran,https://www.fotmob.com/matches/new-zealand-vs-iran/1ar30l#4667791,Iran vs New Zealand (2026-06-16T01:00:00.000Z),Iran,New Zealand,2026-06-16T01:00:00.000Z,FIFA World Cup Round 1,Los Angeles Stadium,Cesar Ramos,Full time,2,2,New Zealand,Iran,away,Payne,2,True,starting_xi,DEF,1,4,4,4-2-3-1,6.8,6.3,0,77.0
4667791,new-zealand-vs-iran,https://www.fotmob.com/matches/new-zealand-vs-iran/1ar30l#4667791,Iran vs New Zealand (2026-06-16T01:00:00.000Z),Iran,New Zealand,2026-06-16T01:00:00.000Z,FIFA World Cup Round 1,Los Angeles Stadium,Cesar Ramos,Full time,2,2,New Zealand,Iran,away,Crocombe,1,True,starting_xi,GK,0,1,1,4-2-3-1,6.8,6.1,0,
4667790,belgium-vs-egypt,https://www.fotmob.com/matches/belgium-vs-egypt/2u3bhg#4667790,Belgium vs Egypt (2026-06-15T19:00:00.000Z),Belgium,Egypt,2026-06-15T19:00:00.000Z,FIFA World Cup Round 1,Seattle Stadium,Ramon Abatti,Full time,1,1,Belgium,Egypt,home,Courtois,1,True,starting_xi,GK,0,1,1,4-2-3-1,6.9,7.0,0,
4667790,belgium-vs-egypt,https://www.fotmob.com/matches/belgium-vs-egypt/2u3bhg#4667790,Belgium vs Egypt (2026-06-15T19:00:00.000Z),Belgium,Egypt,2026-06-15T19:00:00.000Z,FIFA World Cup Round 1,Seattle Stadium,Ramon Abatti,Full time,1,1,Belgium,Egypt,home,Meunier,15,True,starting_xi,DEF,1,4,1,4-2-3-1,6.9,6.3,0,
4667790,belgium-vs-egypt,https://www.fotmob.com/matches/belgium-vs-egypt/2u3bhg#4667790,Belgium vs Egypt (2026-06-15T19:00:00.000Z),Belgium,Egypt,2026-06-15T19:00:00.000Z,FIFA World Cup Round 1,Seattle Stadium,Ramon Abatti,Full time,1,1,Belgium,Egypt,home,Ngoy,25,True,starting_xi,DEF,1,4,2,4-2-3-1,6.9,7.4,0,
4667790,belgium-vs-egypt,https://www.fotmob.com/matches/belgium-vs-egypt/2u3bhg#4667790,Belgium vs Egypt (2026-06-15T19:00:00.000Z),Belgium,Egypt,2026-06-15T19:00:00.000Z,FIFA World Cup Round 1,Seattle Stadium,Ramon Abatti,Full time,1,1,Belgium,Egypt,home,Mechele,4,True,starting_xi,DEF,1,4,3,4-2-3-1,6.9,7.6,0,
4667790,belgium-vs-egypt,https://www.fotmob.com/matches/belgium-vs-egypt/2u3bhg#4667790,Belgium vs Egypt (2026-06-15T19:00:00.000Z),Belgium,Egypt,2026-06-15T19:00:00.000Z,FIFA World Cup Round 1,Seattle Stadium,Ramon Abatti,Full time,1,1,Belgium,Egypt,home,Castagne,21,True,starting_xi,DEF,1,4,4,4-2-3-1,6.9,7.5,0,56.0
4667790,belgium-vs-egypt,https://www.fotmob.com/matches/belgium-vs-egypt/2u3bhg#4667790,Belgium vs Egypt (2026-06-15T19:00:00.000Z),Belgium,Egypt,2026-06-15T19:00:00.000Z,FIFA World Cup Round 1,Seattle Stadium,Ramon Abatti,Full time,1,1,Belgium,Egypt,home,Onana,24,True,starting_xi,AM,2,2,1,4-2-3-1,6.9,6.9,0,56.0
4667790,belgium-vs-egypt,https://www.fotmob.com/matches/belgium-vs-egypt/2u3bhg#4667790,Belgium vs Egypt (2026-06-15T19:00:00.000Z),Belgium,Egypt,2026-06-15T19:00:00.000Z,FIFA World Cup Round 1,Seattle Stadium,Ramon Abatti,Full time,1,1,Belgium,Egypt,home,Tielemans,8,True,starting_xi,AM,2,2,2,4-2-3-1,6.9,7.5,0,
4667790,belgium-vs-egypt,https://www.fotmob.com/matches/belgium-vs-egypt/2u3bhg#4667790,Belgium vs Egypt (2026-06-15T19:00:00.000Z),Belgium,Egypt,2026-06-15T19:00:00.000Z,FIFA World Cup Round 1,Seattle Stadium,Ramon Abatti,Full time,1,1,Belgium,Egypt,home,Trossard,10,True,starting_xi,AM,3,3,1,4-2-3-1,6.9,6.7,0,
4667790,belgium-vs-egypt,https://www.fotmob.com/matches/belgium-vs-egypt/2u3bhg#4667790,Belgium vs Egypt (2026-06-15T19:00:00.000Z),Belgium,Egypt,2026-06-15T19:00:00.000Z,FIFA World Cup Round 1,Seattle Stadium,Ramon Abatti,Full time,1,1,Belgium,Egypt,home,De Bruyne,7,True,starting_xi,AM,3,3,2,4-2-3-1,6.9,7.0,0,85.0
4667790,belgium-vs-egypt,https://www.fotmob.com/matches/belgium-vs-egypt/2u3bhg#4667790,Belgium vs Egypt (2026-06-15T19:00:00.000Z),Belgium,Egypt,2026-06-15T19:00:00.000Z,FIFA World Cup Round 1,Seattle Stadium,Ramon Abatti,Full time,1,1,Belgium,Egypt,home,Doku,11,True,starting_xi,AM,3,3,3,4-2-3-1,6.9,6.4,0,85.0
4667790,belgium-vs-egypt,https://www.fotmob.com/matches/belgium-vs-egypt/2u3bhg#4667790,Belgium vs Egypt (2026-06-15T19:00:00.000Z),Belgium,Egypt,2026-06-15T19:00:00.000Z,FIFA World Cup Round 1,Seattle Stadium,Ramon Abatti,Full time,1,1,Belgium,Egypt,home,De Ketelaere,17,True,starting_xi,FWD,4,1,1,4-2-3-1,6.9,7.5,0,66.0
4667790,belgium-vs-egypt,https://www.fotmob.com/matches/belgium-vs-egypt/2u3bhg#4667790,Belgium vs Egypt (2026-06-15T19:00:00.000Z),Belgium,Egypt,2026-06-15T19:00:00.000Z,FIFA World Cup Round 1,Seattle Stadium,Ramon Abatti,Full time,1,1,Egypt,Belgium,away,Marmoush,22,True,starting_xi,FWD,4,1,1,4-2-3-1,6.9,7.2,0,
4667790,belgium-vs-egypt,https://www.fotmob.com/matches/belgium-vs-egypt/2u3bhg#4667790,Belgium vs Egypt (2026-06-15T19:00:00.000Z),Belgium,Egypt,2026-06-15T19:00:00.000Z,FIFA World Cup Round 1,Seattle Stadium,Ramon Abatti,Full time,1,1,Egypt,Belgium,away,Ashour,8,True,starting_xi,AM,3,3,1,4-2-3-1,6.9,7.9,0,71.0
4667790,belgium-vs-egypt,https://www.fotmob.com/matches/belgium-vs-egypt/2u3bhg#4667790,Belgium vs Egypt (2026-06-15T19:00:00.000Z),Belgium,Egypt,2026-06-15T19:00:00.000Z,FIFA World Cup Round 1,Seattle Stadium,Ramon Abatti,Full time,1,1,Egypt,Belgium,away,Salah,10,True,starting_xi,AM,3,3,2,4-2-3-1,6.9,7.2,0,76.0
4667790,belgium-vs-egypt,https://www.fotmob.com/matches/belgium-vs-egypt/2u3bhg#4667790,Belgium vs Egypt (2026-06-15T19:00:00.000Z),Belgium,Egypt,2026-06-15T19:00:00.000Z,FIFA World Cup Round 1,Seattle Stadium,Ramon Abatti,Full time,1,1,Egypt,Belgium,away,Ziko,11,True,starting_xi,AM,3,3,3,4-2-3-1,6.9,6.1,0,76.0
4667790,belgium-vs-egypt,https://www.fotmob.com/matches/belgium-vs-egypt/2u3bhg#4667790,Belgium vs Egypt (2026-06-15T19:00:00.000Z),Belgium,Egypt,2026-06-15T19:00:00.000Z,FIFA World Cup Round 1,Seattle Stadium,Ramon Abatti,Full time,1,1,Egypt,Belgium,away,Ateya,19,True,starting_xi,AM,2,2,1,4-2-3-1,6.9,6.9,0,
4667790,belgium-vs-egypt,https://www.fotmob.com/matches/belgium-vs-egypt/2u3bhg#4667790,Belgium vs Egypt (2026-06-15T19:00:00.000Z),Belgium,Egypt,2026-06-15T19:00:00.000Z,FIFA World Cup Round 1,Seattle Stadium,Ramon Abatti,Full time,1,1,Egypt,Belgium,away,Lasheen,17,True,starting_xi,AM,2,2,2,4-2-3-1,6.9,7.5,0,
4667790,belgium-vs-egypt,https://www.fotmob.com/matches/belgium-vs-egypt/2u3bhg#4667790,Belgium vs Egypt (2026-06-15T19:00:00.000Z),Belgium,Egypt,2026-06-15T19:00:00.000Z,FIFA World Cup Round 1,Seattle Stadium,Ramon Abatti,Full time,1,1,Egypt,Belgium,away,El Fotouh,13,True,starting_xi,DEF,1,4,1,4-2-3-1,6.9,6.8,0,88.0
4667790,belgium-vs-egypt,https://www.fotmob.com/matches/belgium-vs-egypt/2u3bhg#4667790,Belgium vs Egypt (2026-06-15T19:00:00.000Z),Belgium,Egypt,2026-06-15T19:00:00.000Z,FIFA World Cup Round 1,Seattle Stadium,Ramon Abatti,Full time,1,1,Egypt,Belgium,away,Fathi,14,True,starting_xi,DEF,1,4,2,4-2-3-1,6.9,7.1,0,88.0
4667790,belgium-vs-egypt,https://www.fotmob.com/matches/belgium-vs-egypt/2u3bhg#4667790,Belgium vs Egypt (2026-06-15T19:00:00.000Z),Belgium,Egypt,2026-06-15T19:00:00.000Z,FIFA World Cup Round 1,Seattle Stadium,Ramon Abatti,Full time,1,1,Egypt,Belgium,away,Ibrahim,2,True,starting_xi,DEF,1,4,3,4-2-3-1,6.9,6.7,0,
4667790,belgium-vs-egypt,https://www.fotmob.com/matches/belgium-vs-egypt/2u3bhg#4667790,Belgium vs Egypt (2026-06-15T19:00:00.000Z),Belgium,Egypt,2026-06-15T19:00:00.000Z,FIFA World Cup Round 1,Seattle Stadium,Ramon Abatti,Full time,1,1,Egypt,Belgium,away,Hany,3,True,starting_xi,DEF,1,4,4,4-2-3-1,6.9,6.5,0,
4667790,belgium-vs-egypt,https://www.fotmob.com/matches/belgium-vs-egypt/2u3bhg#4667790,Belgium vs Egypt (2026-06-15T19:00:00.000Z),Belgium,Egypt,2026-06-15T19:00:00.000Z,FIFA World Cup Round 1,Seattle Stadium,Ramon Abatti,Full time,1,1,Egypt,Belgium,away,Shobeir,23,True,starting_xi,GK,0,1,1,4-2-3-1,6.9,7.7,0,
4667799,uruguay-vs-saudi-arabia,https://www.fotmob.com/matches/uruguay-vs-saudi-arabia/1izuvb#4667799,Saudi Arabia vs Uruguay (2026-06-15T22:00:00.000Z),Saudi Arabia,Uruguay,2026-06-15T22:00:00.000Z,FIFA World Cup Round 1,Miami Stadium,Maurizio Mariani,Full time,1,1,Saudi Arabia,Uruguay,home,Al Owais,21,True,starting_xi,GK,0,1,1,4-4-2,6.8,7.4,0,
4667799,uruguay-vs-saudi-arabia,https://www.fotmob.com/matches/uruguay-vs-saudi-arabia/1izuvb#4667799,Saudi Arabia vs Uruguay (2026-06-15T22:00:00.000Z),Saudi Arabia,Uruguay,2026-06-15T22:00:00.000Z,FIFA World Cup Round 1,Miami Stadium,Maurizio Mariani,Full time,1,1,Saudi Arabia,Uruguay,home,Abdulhamid,12,True,starting_xi,DEF,1,4,1,4-4-2,6.8,6.9,0,90.0
4667799,uruguay-vs-saudi-arabia,https://www.fotmob.com/matches/uruguay-vs-saudi-arabia/1izuvb#4667799,Saudi Arabia vs Uruguay (2026-06-15T22:00:00.000Z),Saudi Arabia,Uruguay,2026-06-15T22:00:00.000Z,FIFA World Cup Round 1,Miami Stadium,Maurizio Mariani,Full time,1,1,Saudi Arabia,Uruguay,home,Al Amri,4,True,starting_xi,DEF,1,4,2,4-4-2,6.8,8.0,0,
4667799,uruguay-vs-saudi-arabia,https://www.fotmob.com/matches/uruguay-vs-saudi-arabia/1izuvb#4667799,Saudi Arabia vs Uruguay (2026-06-15T22:00:00.000Z),Saudi Arabia,Uruguay,2026-06-15T22:00:00.000Z,FIFA World Cup Round 1,Miami Stadium,Maurizio Mariani,Full time,1,1,Saudi Arabia,Uruguay,home,Al Tambakti,5,True,starting_xi,DEF,1,4,3,4-4-2,6.8,6.3,0,
4667799,uruguay-vs-saudi-arabia,https://www.fotmob.com/matches/uruguay-vs-saudi-arabia/1izuvb#4667799,Saudi Arabia vs Uruguay (2026-06-15T22:00:00.000Z),Saudi Arabia,Uruguay,2026-06-15T22:00:00.000Z,FIFA World Cup Round 1,Miami Stadium,Maurizio Mariani,Full time,1,1,Saudi Arabia,Uruguay,home,Al-Harbi,24,True,starting_xi,DEF,1,4,4,4-4-2,6.8,7.0,0,90.0
4667799,uruguay-vs-saudi-arabia,https://www.fotmob.com/matches/uruguay-vs-saudi-arabia/1izuvb#4667799,Saudi Arabia vs Uruguay (2026-06-15T22:00:00.000Z),Saudi Arabia,Uruguay,2026-06-15T22:00:00.000Z,FIFA World Cup Round 1,Miami Stadium,Maurizio Mariani,Full time,1,1,Saudi Arabia,Uruguay,home,Al Shamat,26,True,starting_xi,AM,2,4,1,4-4-2,6.8,6.3,0,81.0
4667799,uruguay-vs-saudi-arabia,https://www.fotmob.com/matches/uruguay-vs-saudi-arabia/1izuvb#4667799,Saudi Arabia vs Uruguay (2026-06-15T22:00:00.000Z),Saudi Arabia,Uruguay,2026-06-15T22:00:00.000Z,FIFA World Cup Round 1,Miami Stadium,Maurizio Mariani,Full time,1,1,Saudi Arabia,Uruguay,home,Kanno,23,True,starting_xi,AM,2,4,2,4-4-2,6.8,7.3,0,
4667799,uruguay-vs-saudi-arabia,https://www.fotmob.com/matches/uruguay-vs-saudi-arabia/1izuvb#4667799,Saudi Arabia vs Uruguay (2026-06-15T22:00:00.000Z),Saudi Arabia,Uruguay,2026-06-15T22:00:00.000Z,FIFA World Cup Round 1,Miami Stadium,Maurizio Mariani,Full time,1,1,Saudi Arabia,Uruguay,home,Alkhaibari,15,True,starting_xi,AM,2,4,3,4-4-2,6.8,6.5,0,
4667799,uruguay-vs-saudi-arabia,https://www.fotmob.com/matches/uruguay-vs-saudi-arabia/1izuvb#4667799,Saudi Arabia vs Uruguay (2026-06-15T22:00:00.000Z),Saudi Arabia,Uruguay,2026-06-15T22:00:00.000Z,FIFA World Cup Round 1,Miami Stadium,Maurizio Mariani,Full time,1,1,Saudi Arabia,Uruguay,home,Al-Dawsari,10,True,starting_xi,AM,2,4,4,4-4-2,6.8,6.4,0,
4667799,uruguay-vs-saudi-arabia,https://www.fotmob.com/matches/uruguay-vs-saudi-arabia/1izuvb#4667799,Saudi Arabia vs Uruguay (2026-06-15T22:00:00.000Z),Saudi Arabia,Uruguay,2026-06-15T22:00:00.000Z,FIFA World Cup Round 1,Miami Stadium,Maurizio Mariani,Full time,1,1,Saudi Arabia,Uruguay,home,Al-Buraikan,9,True,starting_xi,FWD,3,2,1,4-4-2,6.8,6.4,0,90.0
4667799,uruguay-vs-saudi-arabia,https://www.fotmob.com/matches/uruguay-vs-saudi-arabia/1izuvb#4667799,Saudi Arabia vs Uruguay (2026-06-15T22:00:00.000Z),Saudi Arabia,Uruguay,2026-06-15T22:00:00.000Z,FIFA World Cup Round 1,Miami Stadium,Maurizio Mariani,Full time,1,1,Saudi Arabia,Uruguay,home,Al-Juwayr,7,True,starting_xi,FWD,3,2,2,4-4-2,6.8,6.8,0,63.0
4667799,uruguay-vs-saudi-arabia,https://www.fotmob.com/matches/uruguay-vs-saudi-arabia/1izuvb#4667799,Saudi Arabia vs Uruguay (2026-06-15T22:00:00.000Z),Saudi Arabia,Uruguay,2026-06-15T22:00:00.000Z,FIFA World Cup Round 1,Miami Stadium,Maurizio Mariani,Full time,1,1,Uruguay,Saudi Arabia,away,Núñez,9,True,starting_xi,FWD,3,2,1,4-4-2,7.0,6.3,0,46.0
4667799,uruguay-vs-saudi-arabia,https://www.fotmob.com/matches/uruguay-vs-saudi-arabia/1izuvb#4667799,Saudi Arabia vs Uruguay (2026-06-15T22:00:00.000Z),Saudi Arabia,Uruguay,2026-06-15T22:00:00.000Z,FIFA World Cup Round 1,Miami Stadium,Maurizio Mariani,Full time,1,1,Uruguay,Saudi Arabia,away,Viñas,21,True,starting_xi,FWD,3,2,2,4-4-2,7.0,6.9,0,90.0
4667799,uruguay-vs-saudi-arabia,https://www.fotmob.com/matches/uruguay-vs-saudi-arabia/1izuvb#4667799,Saudi Arabia vs Uruguay (2026-06-15T22:00:00.000Z),Saudi Arabia,Uruguay,2026-06-15T22:00:00.000Z,FIFA World Cup Round 1,Miami Stadium,Maurizio Mariani,Full time,1,1,Uruguay,Saudi Arabia,away,Araújo,20,True,starting_xi,AM,2,4,1,4-4-2,7.0,8.1,0,81.0
4667799,uruguay-vs-saudi-arabia,https://www.fotmob.com/matches/uruguay-vs-saudi-arabia/1izuvb#4667799,Saudi Arabia vs Uruguay (2026-06-15T22:00:00.000Z),Saudi Arabia,Uruguay,2026-06-15T22:00:00.000Z,FIFA World Cup Round 1,Miami Stadium,Maurizio Mariani,Full time,1,1,Uruguay,Saudi Arabia,away,Bentancur,6,True,starting_xi,AM,2,4,2,4-4-2,7.0,8.0,0,
4667799,uruguay-vs-saudi-arabia,https://www.fotmob.com/matches/uruguay-vs-saudi-arabia/1izuvb#4667799,Saudi Arabia vs Uruguay (2026-06-15T22:00:00.000Z),Saudi Arabia,Uruguay,2026-06-15T22:00:00.000Z,FIFA World Cup Round 1,Miami Stadium,Maurizio Mariani,Full time,1,1,Uruguay,Saudi Arabia,away,Ugarte,5,True,starting_xi,AM,2,4,3,4-4-2,7.0,7.1,0,72.0
4667799,uruguay-vs-saudi-arabia,https://www.fotmob.com/matches/uruguay-vs-saudi-arabia/1izuvb#4667799,Saudi Arabia vs Uruguay (2026-06-15T22:00:00.000Z),Saudi Arabia,Uruguay,2026-06-15T22:00:00.000Z,FIFA World Cup Round 1,Miami Stadium,Maurizio Mariani,Full time,1,1,Uruguay,Saudi Arabia,away,Valverde,8,True,starting_xi,AM,2,4,4,4-4-2,7.0,6.8,0,
4667799,uruguay-vs-saudi-arabia,https://www.fotmob.com/matches/uruguay-vs-saudi-arabia/1izuvb#4667799,Saudi Arabia vs Uruguay (2026-06-15T22:00:00.000Z),Saudi Arabia,Uruguay,2026-06-15T22:00:00.000Z,FIFA World Cup Round 1,Miami Stadium,Maurizio Mariani,Full time,1,1,Uruguay,Saudi Arabia,away,Viña,17,True,starting_xi,DEF,1,4,1,4-4-2,7.0,6.4,0,46.0
4667799,uruguay-vs-saudi-arabia,https://www.fotmob.com/matches/uruguay-vs-saudi-arabia/1izuvb#4667799,Saudi Arabia vs Uruguay (2026-06-15T22:00:00.000Z),Saudi Arabia,Uruguay,2026-06-15T22:00:00.000Z,FIFA World Cup Round 1,Miami Stadium,Maurizio Mariani,Full time,1,1,Uruguay,Saudi Arabia,away,Olivera,16,True,starting_xi,DEF,1,4,2,4-4-2,7.0,7.9,0,
4667799,uruguay-vs-saudi-arabia,https://www.fotmob.com/matches/uruguay-vs-saudi-arabia/1izuvb#4667799,Saudi Arabia vs Uruguay (2026-06-15T22:00:00.000Z),Saudi Arabia,Uruguay,2026-06-15T22:00:00.000Z,FIFA World Cup Round 1,Miami Stadium,Maurizio Mariani,Full time,1,1,Uruguay,Saudi Arabia,away,Cáceres,3,True,starting_xi,DEF,1,4,3,4-4-2,7.0,6.9,0,
4667799,uruguay-vs-saudi-arabia,https://www.fotmob.com/matches/uruguay-vs-saudi-arabia/1izuvb#4667799,Saudi Arabia vs Uruguay (2026-06-15T22:00:00.000Z),Saudi Arabia,Uruguay,2026-06-15T22:00:00.000Z,FIFA World Cup Round 1,Miami Stadium,Maurizio Mariani,Full time,1,1,Uruguay,Saudi Arabia,away,Varela,13,True,starting_xi,DEF,1,4,4,4-4-2,7.0,7.5,0,
4667799,uruguay-vs-saudi-arabia,https://www.fotmob.com/matches/uruguay-vs-saudi-arabia/1izuvb#4667799,Saudi Arabia vs Uruguay (2026-06-15T22:00:00.000Z),Saudi Arabia,Uruguay,2026-06-15T22:00:00.000Z,FIFA World Cup Round 1,Miami Stadium,Maurizio Mariani,Full time,1,1,Uruguay,Saudi Arabia,away,Muslera,23,True,starting_xi,GK,0,1,1,4-4-2,7.0,5.6,0,
4667798,cape-verde-vs-spain,https://www.fotmob.com/matches/cape-verde-vs-spain/1bbtuo#4667798,Spain vs Cape Verde (2026-06-15T16:00:00.000Z),Spain,Cape Verde,2026-06-15T16:00:00.000Z,FIFA World Cup Round 1,Atlanta Stadium,Adham Makhadmeh,Full time,0,0,Spain,Cape Verde,home,Simón,23,True,starting_xi,GK,0,1,1,4-3-3,7.3,7.4,0,
4667798,cape-verde-vs-spain,https://www.fotmob.com/matches/cape-verde-vs-spain/1bbtuo#4667798,Spain vs Cape Verde (2026-06-15T16:00:00.000Z),Spain,Cape Verde,2026-06-15T16:00:00.000Z,FIFA World Cup Round 1,Atlanta Stadium,Adham Makhadmeh,Full time,0,0,Spain,Cape Verde,home,Llorente,5,True,starting_xi,DEF,1,4,1,4-3-3,7.3,7.9,0,
4667798,cape-verde-vs-spain,https://www.fotmob.com/matches/cape-verde-vs-spain/1bbtuo#4667798,Spain vs Cape Verde (2026-06-15T16:00:00.000Z),Spain,Cape Verde,2026-06-15T16:00:00.000Z,FIFA World Cup Round 1,Atlanta Stadium,Adham Makhadmeh,Full time,0,0,Spain,Cape Verde,home,Cubarsí,22,True,starting_xi,DEF,1,4,2,4-3-3,7.3,7.9,0,
4667798,cape-verde-vs-spain,https://www.fotmob.com/matches/cape-verde-vs-spain/1bbtuo#4667798,Spain vs Cape Verde (2026-06-15T16:00:00.000Z),Spain,Cape Verde,2026-06-15T16:00:00.000Z,FIFA World Cup Round 1,Atlanta Stadium,Adham Makhadmeh,Full time,0,0,Spain,Cape Verde,home,Laporte,14,True,starting_xi,DEF,1,4,3,4-3-3,7.3,7.5,0,
4667798,cape-verde-vs-spain,https://www.fotmob.com/matches/cape-verde-vs-spain/1bbtuo#4667798,Spain vs Cape Verde (2026-06-15T16:00:00.000Z),Spain,Cape Verde,2026-06-15T16:00:00.000Z,FIFA World Cup Round 1,Atlanta Stadium,Adham Makhadmeh,Full time,0,0,Spain,Cape Verde,home,Cucurella,24,True,starting_xi,DEF,1,4,4,4-3-3,7.3,7.4,0,
4667798,cape-verde-vs-spain,https://www.fotmob.com/matches/cape-verde-vs-spain/1bbtuo#4667798,Spain vs Cape Verde (2026-06-15T16:00:00.000Z),Spain,Cape Verde,2026-06-15T16:00:00.000Z,FIFA World Cup Round 1,Atlanta Stadium,Adham Makhadmeh,Full time,0,0,Spain,Cape Verde,home,Ruiz,8,True,starting_xi,AM,2,3,1,4-3-3,7.3,7.5,0,71.0
4667798,cape-verde-vs-spain,https://www.fotmob.com/matches/cape-verde-vs-spain/1bbtuo#4667798,Spain vs Cape Verde (2026-06-15T16:00:00.000Z),Spain,Cape Verde,2026-06-15T16:00:00.000Z,FIFA World Cup Round 1,Atlanta Stadium,Adham Makhadmeh,Full time,0,0,Spain,Cape Verde,home,Rodri,16,True,starting_xi,AM,2,3,2,4-3-3,7.3,7.8,0,87.0
4667798,cape-verde-vs-spain,https://www.fotmob.com/matches/cape-verde-vs-spain/1bbtuo#4667798,Spain vs Cape Verde (2026-06-15T16:00:00.000Z),Spain,Cape Verde,2026-06-15T16:00:00.000Z,FIFA World Cup Round 1,Atlanta Stadium,Adham Makhadmeh,Full time,0,0,Spain,Cape Verde,home,Pedri,20,True,starting_xi,AM,2,3,3,4-3-3,7.3,8.6,0,
4667798,cape-verde-vs-spain,https://www.fotmob.com/matches/cape-verde-vs-spain/1bbtuo#4667798,Spain vs Cape Verde (2026-06-15T16:00:00.000Z),Spain,Cape Verde,2026-06-15T16:00:00.000Z,FIFA World Cup Round 1,Atlanta Stadium,Adham Makhadmeh,Full time,0,0,Spain,Cape Verde,home,Ferran,7,True,starting_xi,FWD,3,3,1,4-3-3,7.3,6.6,0,81.0
4667798,cape-verde-vs-spain,https://www.fotmob.com/matches/cape-verde-vs-spain/1bbtuo#4667798,Spain vs Cape Verde (2026-06-15T16:00:00.000Z),Spain,Cape Verde,2026-06-15T16:00:00.000Z,FIFA World Cup Round 1,Atlanta Stadium,Adham Makhadmeh,Full time,0,0,Spain,Cape Verde,home,Oyarzabal,21,True,starting_xi,FWD,3,3,2,4-3-3,7.3,6.2,0,
4667798,cape-verde-vs-spain,https://www.fotmob.com/matches/cape-verde-vs-spain/1bbtuo#4667798,Spain vs Cape Verde (2026-06-15T16:00:00.000Z),Spain,Cape Verde,2026-06-15T16:00:00.000Z,FIFA World Cup Round 1,Atlanta Stadium,Adham Makhadmeh,Full time,0,0,Spain,Cape Verde,home,Gavi,9,True,starting_xi,FWD,3,3,3,4-3-3,7.3,6.8,0,71.0
4667798,cape-verde-vs-spain,https://www.fotmob.com/matches/cape-verde-vs-spain/1bbtuo#4667798,Spain vs Cape Verde (2026-06-15T16:00:00.000Z),Spain,Cape Verde,2026-06-15T16:00:00.000Z,FIFA World Cup Round 1,Atlanta Stadium,Adham Makhadmeh,Full time,0,0,Cape Verde,Spain,away,Livramento,19,True,starting_xi,FWD,4,1,1,4-1-4-1,6.8,6.0,0,61.0
4667798,cape-verde-vs-spain,https://www.fotmob.com/matches/cape-verde-vs-spain/1bbtuo#4667798,Spain vs Cape Verde (2026-06-15T16:00:00.000Z),Spain,Cape Verde,2026-06-15T16:00:00.000Z,FIFA World Cup Round 1,Atlanta Stadium,Adham Makhadmeh,Full time,0,0,Cape Verde,Spain,away,Cabral,7,True,starting_xi,AM,3,4,1,4-1-4-1,6.8,7.0,0,61.0
4667798,cape-verde-vs-spain,https://www.fotmob.com/matches/cape-verde-vs-spain/1bbtuo#4667798,Spain vs Cape Verde (2026-06-15T16:00:00.000Z),Spain,Cape Verde,2026-06-15T16:00:00.000Z,FIFA World Cup Round 1,Atlanta Stadium,Adham Makhadmeh,Full time,0,0,Cape Verde,Spain,away,Monteiro,10,True,starting_xi,AM,3,4,2,4-1-4-1,6.8,7.2,0,79.0
4667798,cape-verde-vs-spain,https://www.fotmob.com/matches/cape-verde-vs-spain/1bbtuo#4667798,Spain vs Cape Verde (2026-06-15T16:00:00.000Z),Spain,Cape Verde,2026-06-15T16:00:00.000Z,FIFA World Cup Round 1,Atlanta Stadium,Adham Makhadmeh,Full time,0,0,Cape Verde,Spain,away,Duarte,15,True,starting_xi,AM,3,4,3,4-1-4-1,6.8,6.0,0,61.0
4667798,cape-verde-vs-spain,https://www.fotmob.com/matches/cape-verde-vs-spain/1bbtuo#4667798,Spain vs Cape Verde (2026-06-15T16:00:00.000Z),Spain,Cape Verde,2026-06-15T16:00:00.000Z,FIFA World Cup Round 1,Atlanta Stadium,Adham Makhadmeh,Full time,0,0,Cape Verde,Spain,away,Mendes,20,True,starting_xi,AM,3,4,4,4-1-4-1,6.8,6.5,0,
4667798,cape-verde-vs-spain,https://www.fotmob.com/matches/cape-verde-vs-spain/1bbtuo#4667798,Spain vs Cape Verde (2026-06-15T16:00:00.000Z),Spain,Cape Verde,2026-06-15T16:00:00.000Z,FIFA World Cup Round 1,Atlanta Stadium,Adham Makhadmeh,Full time,0,0,Cape Verde,Spain,away,Pina,6,True,starting_xi,AM,2,1,1,4-1-4-1,6.8,6.7,0,
4667798,cape-verde-vs-spain,https://www.fotmob.com/matches/cape-verde-vs-spain/1bbtuo#4667798,Spain vs Cape Verde (2026-06-15T16:00:00.000Z),Spain,Cape Verde,2026-06-15T16:00:00.000Z,FIFA World Cup Round 1,Atlanta Stadium,Adham Makhadmeh,Full time,0,0,Cape Verde,Spain,away,Cabral,13,True,starting_xi,DEF,1,4,1,4-1-4-1,6.8,7.2,0,76.0
4667798,cape-verde-vs-spain,https://www.fotmob.com/matches/cape-verde-vs-spain/1bbtuo#4667798,Spain vs Cape Verde (2026-06-15T16:00:00.000Z),Spain,Cape Verde,2026-06-15T16:00:00.000Z,FIFA World Cup Round 1,Atlanta Stadium,Adham Makhadmeh,Full time,0,0,Cape Verde,Spain,away,Borges,3,True,starting_xi,DEF,1,4,2,4-1-4-1,6.8,7.8,0,
4667798,cape-verde-vs-spain,https://www.fotmob.com/matches/cape-verde-vs-spain/1bbtuo#4667798,Spain vs Cape Verde (2026-06-15T16:00:00.000Z),Spain,Cape Verde,2026-06-15T16:00:00.000Z,FIFA World Cup Round 1,Atlanta Stadium,Adham Makhadmeh,Full time,0,0,Cape Verde,Spain,away,Lopes,4,True,starting_xi,DEF,1,4,3,4-1-4-1,6.8,7.1,0,
4667798,cape-verde-vs-spain,https://www.fotmob.com/matches/cape-verde-vs-spain/1bbtuo#4667798,Spain vs Cape Verde (2026-06-15T16:00:00.000Z),Spain,Cape Verde,2026-06-15T16:00:00.000Z,FIFA World Cup Round 1,Atlanta Stadium,Adham Makhadmeh,Full time,0,0,Cape Verde,Spain,away,Moreira,22,True,starting_xi,DEF,1,4,4,4-1-4-1,6.8,6.5,0,
4667798,cape-verde-vs-spain,https://www.fotmob.com/matches/cape-verde-vs-spain/1bbtuo#4667798,Spain vs Cape Verde (2026-06-15T16:00:00.000Z),Spain,Cape Verde,2026-06-15T16:00:00.000Z,FIFA World Cup Round 1,Atlanta Stadium,Adham Makhadmeh,Full time,0,0,Cape Verde,Spain,away,Vozinha,1,True,starting_xi,GK,0,1,1,4-1-4-1,6.8,9.0,0,
4667805,iraq-vs-norway,https://www.fotmob.com/matches/iraq-vs-norway/1oz68o#4667805,Iraq vs Norway (2026-06-16T22:00:00.000Z),Iraq,Norway,2026-06-16T22:00:00.000Z,FIFA World Cup Round 1,Boston Stadium,Pierre Ghislain Atcho,Full time,1,4,Iraq,Norway,home,Hassan,12,True,starting_xi,GK,0,1,1,4-4-2,6.1,5.2,0,
4667805,iraq-vs-norway,https://www.fotmob.com/matches/iraq-vs-norway/1oz68o#4667805,Iraq vs Norway (2026-06-16T22:00:00.000Z),Iraq,Norway,2026-06-16T22:00:00.000Z,FIFA World Cup Round 1,Boston Stadium,Pierre Ghislain Atcho,Full time,1,4,Iraq,Norway,home,Ali,3,True,starting_xi,DEF,1,4,1,4-4-2,6.1,5.7,0,73.0
4667805,iraq-vs-norway,https://www.fotmob.com/matches/iraq-vs-norway/1oz68o#4667805,Iraq vs Norway (2026-06-16T22:00:00.000Z),Iraq,Norway,2026-06-16T22:00:00.000Z,FIFA World Cup Round 1,Boston Stadium,Pierre Ghislain Atcho,Full time,1,4,Iraq,Norway,home,Tahseen,4,True,starting_xi,DEF,1,4,2,4-4-2,6.1,3.6,0,
4667805,iraq-vs-norway,https://www.fotmob.com/matches/iraq-vs-norway/1oz68o#4667805,Iraq vs Norway (2026-06-16T22:00:00.000Z),Iraq,Norway,2026-06-16T22:00:00.000Z,FIFA World Cup Round 1,Boston Stadium,Pierre Ghislain Atcho,Full time,1,4,Iraq,Norway,home,Hashem,5,True,starting_xi,DEF,1,4,3,4-4-2,6.1,5.5,0,
4667805,iraq-vs-norway,https://www.fotmob.com/matches/iraq-vs-norway/1oz68o#4667805,Iraq vs Norway (2026-06-16T22:00:00.000Z),Iraq,Norway,2026-06-16T22:00:00.000Z,FIFA World Cup Round 1,Boston Stadium,Pierre Ghislain Atcho,Full time,1,4,Iraq,Norway,home,Doski,23,True,starting_xi,DEF,1,4,4,4-4-2,6.1,6.4,0,
4667805,iraq-vs-norway,https://www.fotmob.com/matches/iraq-vs-norway/1oz68o#4667805,Iraq vs Norway (2026-06-16T22:00:00.000Z),Iraq,Norway,2026-06-16T22:00:00.000Z,FIFA World Cup Round 1,Boston Stadium,Pierre Ghislain Atcho,Full time,1,4,Iraq,Norway,home,Bayesh,8,True,starting_xi,AM,2,4,1,4-4-2,6.1,6.7,0,78.0
4667805,iraq-vs-norway,https://www.fotmob.com/matches/iraq-vs-norway/1oz68o#4667805,Iraq vs Norway (2026-06-16T22:00:00.000Z),Iraq,Norway,2026-06-16T22:00:00.000Z,FIFA World Cup Round 1,Boston Stadium,Pierre Ghislain Atcho,Full time,1,4,Iraq,Norway,home,Ismael,24,True,starting_xi,AM,2,4,2,4-4-2,6.1,6.6,0,59.0
4667805,iraq-vs-norway,https://www.fotmob.com/matches/iraq-vs-norway/1oz68o#4667805,Iraq vs Norway (2026-06-16T22:00:00.000Z),Iraq,Norway,2026-06-16T22:00:00.000Z,FIFA World Cup Round 1,Boston Stadium,Pierre Ghislain Atcho,Full time,1,4,Iraq,Norway,home,Al-Ammari,16,True,starting_xi,AM,2,4,3,4-4-2,6.1,6.9,0,
4667805,iraq-vs-norway,https://www.fotmob.com/matches/iraq-vs-norway/1oz68o#4667805,Iraq vs Norway (2026-06-16T22:00:00.000Z),Iraq,Norway,2026-06-16T22:00:00.000Z,FIFA World Cup Round 1,Boston Stadium,Pierre Ghislain Atcho,Full time,1,4,Iraq,Norway,home,Jasim,17,True,starting_xi,AM,2,4,4,4-4-2,6.1,6.6,0,73.0
4667805,iraq-vs-norway,https://www.fotmob.com/matches/iraq-vs-norway/1oz68o#4667805,Iraq vs Norway (2026-06-16T22:00:00.000Z),Iraq,Norway,2026-06-16T22:00:00.000Z,FIFA World Cup Round 1,Boston Stadium,Pierre Ghislain Atcho,Full time,1,4,Iraq,Norway,home,Hussein,18,True,starting_xi,FWD,3,2,1,4-4-2,6.1,6.2,0,
4667805,iraq-vs-norway,https://www.fotmob.com/matches/iraq-vs-norway/1oz68o#4667805,Iraq vs Norway (2026-06-16T22:00:00.000Z),Iraq,Norway,2026-06-16T22:00:00.000Z,FIFA World Cup Round 1,Boston Stadium,Pierre Ghislain Atcho,Full time,1,4,Iraq,Norway,home,Al Hamadi,9,True,starting_xi,FWD,3,2,2,4-4-2,6.1,6.9,0,59.0
4667805,iraq-vs-norway,https://www.fotmob.com/matches/iraq-vs-norway/1oz68o#4667805,Iraq vs Norway (2026-06-16T22:00:00.000Z),Iraq,Norway,2026-06-16T22:00:00.000Z,FIFA World Cup Round 1,Boston Stadium,Pierre Ghislain Atcho,Full time,1,4,Norway,Iraq,away,Nusa,20,True,starting_xi,FWD,3,3,1,4-3-3,7.0,6.7,0,73.0
4667805,iraq-vs-norway,https://www.fotmob.com/matches/iraq-vs-norway/1oz68o#4667805,Iraq vs Norway (2026-06-16T22:00:00.000Z),Iraq,Norway,2026-06-16T22:00:00.000Z,FIFA World Cup Round 1,Boston Stadium,Pierre Ghislain Atcho,Full time,1,4,Norway,Iraq,away,Haaland,9,True,starting_xi,FWD,3,3,2,4-3-3,7.0,9.2,0,
4667805,iraq-vs-norway,https://www.fotmob.com/matches/iraq-vs-norway/1oz68o#4667805,Iraq vs Norway (2026-06-16T22:00:00.000Z),Iraq,Norway,2026-06-16T22:00:00.000Z,FIFA World Cup Round 1,Boston Stadium,Pierre Ghislain Atcho,Full time,1,4,Norway,Iraq,away,Sørloth,7,True,starting_xi,FWD,3,3,3,4-3-3,7.0,6.4,0,73.0
4667805,iraq-vs-norway,https://www.fotmob.com/matches/iraq-vs-norway/1oz68o#4667805,Iraq vs Norway (2026-06-16T22:00:00.000Z),Iraq,Norway,2026-06-16T22:00:00.000Z,FIFA World Cup Round 1,Boston Stadium,Pierre Ghislain Atcho,Full time,1,4,Norway,Iraq,away,Aursnes,14,True,starting_xi,AM,2,3,1,4-3-3,7.0,6.8,0,73.0
4667805,iraq-vs-norway,https://www.fotmob.com/matches/iraq-vs-norway/1oz68o#4667805,Iraq vs Norway (2026-06-16T22:00:00.000Z),Iraq,Norway,2026-06-16T22:00:00.000Z,FIFA World Cup Round 1,Boston Stadium,Pierre Ghislain Atcho,Full time,1,4,Norway,Iraq,away,Berge,8,True,starting_xi,AM,2,3,2,4-3-3,7.0,7.7,0,
4667805,iraq-vs-norway,https://www.fotmob.com/matches/iraq-vs-norway/1oz68o#4667805,Iraq vs Norway (2026-06-16T22:00:00.000Z),Iraq,Norway,2026-06-16T22:00:00.000Z,FIFA World Cup Round 1,Boston Stadium,Pierre Ghislain Atcho,Full time,1,4,Norway,Iraq,away,Ødegaard,10,True,starting_xi,AM,2,3,3,4-3-3,7.0,7.5,0,81.0
4667805,iraq-vs-norway,https://www.fotmob.com/matches/iraq-vs-norway/1oz68o#4667805,Iraq vs Norway (2026-06-16T22:00:00.000Z),Iraq,Norway,2026-06-16T22:00:00.000Z,FIFA World Cup Round 1,Boston Stadium,Pierre Ghislain Atcho,Full time,1,4,Norway,Iraq,away,Møller Wolfe,5,True,starting_xi,DEF,1,4,1,4-3-3,7.0,7.3,0,73.0
4667805,iraq-vs-norway,https://www.fotmob.com/matches/iraq-vs-norway/1oz68o#4667805,Iraq vs Norway (2026-06-16T22:00:00.000Z),Iraq,Norway,2026-06-16T22:00:00.000Z,FIFA World Cup Round 1,Boston Stadium,Pierre Ghislain Atcho,Full time,1,4,Norway,Iraq,away,Heggem,17,True,starting_xi,DEF,1,4,2,4-3-3,7.0,7.2,0,
4667805,iraq-vs-norway,https://www.fotmob.com/matches/iraq-vs-norway/1oz68o#4667805,Iraq vs Norway (2026-06-16T22:00:00.000Z),Iraq,Norway,2026-06-16T22:00:00.000Z,FIFA World Cup Round 1,Boston Stadium,Pierre Ghislain Atcho,Full time,1,4,Norway,Iraq,away,Ajer,3,True,starting_xi,DEF,1,4,3,4-3-3,7.0,7.2,0,
4667805,iraq-vs-norway,https://www.fotmob.com/matches/iraq-vs-norway/1oz68o#4667805,Iraq vs Norway (2026-06-16T22:00:00.000Z),Iraq,Norway,2026-06-16T22:00:00.000Z,FIFA World Cup Round 1,Boston Stadium,Pierre Ghislain Atcho,Full time,1,4,Norway,Iraq,away,Ryerson,26,True,starting_xi,DEF,1,4,4,4-3-3,7.0,7.5,0,
4667805,iraq-vs-norway,https://www.fotmob.com/matches/iraq-vs-norway/1oz68o#4667805,Iraq vs Norway (2026-06-16T22:00:00.000Z),Iraq,Norway,2026-06-16T22:00:00.000Z,FIFA World Cup Round 1,Boston Stadium,Pierre Ghislain Atcho,Full time,1,4,Norway,Iraq,away,Nyland,1,True,starting_xi,GK,0,1,1,4-3-3,7.0,6.5,0,
4667804,senegal-vs-france,https://www.fotmob.com/matches/senegal-vs-france/1f8fvo#4667804,France vs Senegal (2026-06-16T19:00:00.000Z),France,Senegal,2026-06-16T19:00:00.000Z,FIFA World Cup Round 1,New York New Jersey Stadium,Alireza Faghani,Full time,3,1,France,Senegal,home,Maignan,16,True,starting_xi,GK,0,1,1,4-2-3-1,7.5,6.2,0,
4667804,senegal-vs-france,https://www.fotmob.com/matches/senegal-vs-france/1f8fvo#4667804,France vs Senegal (2026-06-16T19:00:00.000Z),France,Senegal,2026-06-16T19:00:00.000Z,FIFA World Cup Round 1,New York New Jersey Stadium,Alireza Faghani,Full time,3,1,France,Senegal,home,Koundé,5,True,starting_xi,DEF,1,4,1,4-2-3-1,7.5,7.4,0,
4667804,senegal-vs-france,https://www.fotmob.com/matches/senegal-vs-france/1f8fvo#4667804,France vs Senegal (2026-06-16T19:00:00.000Z),France,Senegal,2026-06-16T19:00:00.000Z,FIFA World Cup Round 1,New York New Jersey Stadium,Alireza Faghani,Full time,3,1,France,Senegal,home,Upamecano,4,True,starting_xi,DEF,1,4,2,4-2-3-1,7.5,8.2,0,
4667804,senegal-vs-france,https://www.fotmob.com/matches/senegal-vs-france/1f8fvo#4667804,France vs Senegal (2026-06-16T19:00:00.000Z),France,Senegal,2026-06-16T19:00:00.000Z,FIFA World Cup Round 1,New York New Jersey Stadium,Alireza Faghani,Full time,3,1,France,Senegal,home,Saliba,17,True,starting_xi,DEF,1,4,3,4-2-3-1,7.5,7.0,0,
4667804,senegal-vs-france,https://www.fotmob.com/matches/senegal-vs-france/1f8fvo#4667804,France vs Senegal (2026-06-16T19:00:00.000Z),France,Senegal,2026-06-16T19:00:00.000Z,FIFA World Cup Round 1,New York New Jersey Stadium,Alireza Faghani,Full time,3,1,France,Senegal,home,Hernández,19,True,starting_xi,DEF,1,4,4,4-2-3-1,7.5,6.9,0,
4667804,senegal-vs-france,https://www.fotmob.com/matches/senegal-vs-france/1f8fvo#4667804,France vs Senegal (2026-06-16T19:00:00.000Z),France,Senegal,2026-06-16T19:00:00.000Z,FIFA World Cup Round 1,New York New Jersey Stadium,Alireza Faghani,Full time,3,1,France,Senegal,home,Tchouaméni,8,True,starting_xi,AM,2,2,1,4-2-3-1,7.5,7.5,0,
4667804,senegal-vs-france,https://www.fotmob.com/matches/senegal-vs-france/1f8fvo#4667804,France vs Senegal (2026-06-16T19:00:00.000Z),France,Senegal,2026-06-16T19:00:00.000Z,FIFA World Cup Round 1,New York New Jersey Stadium,Alireza Faghani,Full time,3,1,France,Senegal,home,Rabiot,14,True,starting_xi,AM,2,2,2,4-2-3-1,7.5,7.7,0,
4667804,senegal-vs-france,https://www.fotmob.com/matches/senegal-vs-france/1f8fvo#4667804,France vs Senegal (2026-06-16T19:00:00.000Z),France,Senegal,2026-06-16T19:00:00.000Z,FIFA World Cup Round 1,New York New Jersey Stadium,Alireza Faghani,Full time,3,1,France,Senegal,home,Olise,11,True,starting_xi,AM,3,3,1,4-2-3-1,7.5,8.3,0,
4667804,senegal-vs-france,https://www.fotmob.com/matches/senegal-vs-france/1f8fvo#4667804,France vs Senegal (2026-06-16T19:00:00.000Z),France,Senegal,2026-06-16T19:00:00.000Z,FIFA World Cup Round 1,New York New Jersey Stadium,Alireza Faghani,Full time,3,1,France,Senegal,home,Dembélé,7,True,starting_xi,AM,3,3,2,4-2-3-1,7.5,7.1,0,80.0
4667804,senegal-vs-france,https://www.fotmob.com/matches/senegal-vs-france/1f8fvo#4667804,France vs Senegal (2026-06-16T19:00:00.000Z),France,Senegal,2026-06-16T19:00:00.000Z,FIFA World Cup Round 1,New York New Jersey Stadium,Alireza Faghani,Full time,3,1,France,Senegal,home,Doué,20,True,starting_xi,AM,3,3,3,4-2-3-1,7.5,7.4,0,87.0
4667804,senegal-vs-france,https://www.fotmob.com/matches/senegal-vs-france/1f8fvo#4667804,France vs Senegal (2026-06-16T19:00:00.000Z),France,Senegal,2026-06-16T19:00:00.000Z,FIFA World Cup Round 1,New York New Jersey Stadium,Alireza Faghani,Full time,3,1,France,Senegal,home,Mbappé,10,True,starting_xi,FWD,4,1,1,4-2-3-1,7.5,9.0,0,
4667804,senegal-vs-france,https://www.fotmob.com/matches/senegal-vs-france/1f8fvo#4667804,France vs Senegal (2026-06-16T19:00:00.000Z),France,Senegal,2026-06-16T19:00:00.000Z,FIFA World Cup Round 1,New York New Jersey Stadium,Alireza Faghani,Full time,3,1,Senegal,France,away,Mané,10,True,starting_xi,FWD,3,3,1,4-3-3,6.2,6.4,0,
4667804,senegal-vs-france,https://www.fotmob.com/matches/senegal-vs-france/1f8fvo#4667804,France vs Senegal (2026-06-16T19:00:00.000Z),France,Senegal,2026-06-16T19:00:00.000Z,FIFA World Cup Round 1,New York New Jersey Stadium,Alireza Faghani,Full time,3,1,Senegal,France,away,Jackson,11,True,starting_xi,FWD,3,3,2,4-3-3,6.2,6.2,0,83.0
4667804,senegal-vs-france,https://www.fotmob.com/matches/senegal-vs-france/1f8fvo#4667804,France vs Senegal (2026-06-16T19:00:00.000Z),France,Senegal,2026-06-16T19:00:00.000Z,FIFA World Cup Round 1,New York New Jersey Stadium,Alireza Faghani,Full time,3,1,Senegal,France,away,Sarr,18,True,starting_xi,FWD,3,3,3,4-3-3,6.2,6.2,0,75.0
4667804,senegal-vs-france,https://www.fotmob.com/matches/senegal-vs-france/1f8fvo#4667804,France vs Senegal (2026-06-16T19:00:00.000Z),France,Senegal,2026-06-16T19:00:00.000Z,FIFA World Cup Round 1,New York New Jersey Stadium,Alireza Faghani,Full time,3,1,Senegal,France,away,Gueye,26,True,starting_xi,AM,2,3,1,4-3-3,6.2,6.2,0,83.0
4667804,senegal-vs-france,https://www.fotmob.com/matches/senegal-vs-france/1f8fvo#4667804,France vs Senegal (2026-06-16T19:00:00.000Z),France,Senegal,2026-06-16T19:00:00.000Z,FIFA World Cup Round 1,New York New Jersey Stadium,Alireza Faghani,Full time,3,1,Senegal,France,away,Gueye,5,True,starting_xi,AM,2,3,2,4-3-3,6.2,6.3,0,88.0
4667804,senegal-vs-france,https://www.fotmob.com/matches/senegal-vs-france/1f8fvo#4667804,France vs Senegal (2026-06-16T19:00:00.000Z),France,Senegal,2026-06-16T19:00:00.000Z,FIFA World Cup Round 1,New York New Jersey Stadium,Alireza Faghani,Full time,3,1,Senegal,France,away,Camara,8,True,starting_xi,AM,2,3,3,4-3-3,6.2,6.0,0,75.0
4667804,senegal-vs-france,https://www.fotmob.com/matches/senegal-vs-france/1f8fvo#4667804,France vs Senegal (2026-06-16T19:00:00.000Z),France,Senegal,2026-06-16T19:00:00.000Z,FIFA World Cup Round 1,New York New Jersey Stadium,Alireza Faghani,Full time,3,1,Senegal,France,away,Diouf,25,True,starting_xi,DEF,1,4,1,4-3-3,6.2,6.0,0,
4667804,senegal-vs-france,https://www.fotmob.com/matches/senegal-vs-france/1f8fvo#4667804,France vs Senegal (2026-06-16T19:00:00.000Z),France,Senegal,2026-06-16T19:00:00.000Z,FIFA World Cup Round 1,New York New Jersey Stadium,Alireza Faghani,Full time,3,1,Senegal,France,away,Niakhaté,19,True,starting_xi,DEF,1,4,2,4-3-3,6.2,5.6,0,
4667804,senegal-vs-france,https://www.fotmob.com/matches/senegal-vs-france/1f8fvo#4667804,France vs Senegal (2026-06-16T19:00:00.000Z),France,Senegal,2026-06-16T19:00:00.000Z,FIFA World Cup Round 1,New York New Jersey Stadium,Alireza Faghani,Full time,3,1,Senegal,France,away,Koulibaly,3,True,starting_xi,DEF,1,4,3,4-3-3,6.2,6.0,0,
4667804,senegal-vs-france,https://www.fotmob.com/matches/senegal-vs-france/1f8fvo#4667804,France vs Senegal (2026-06-16T19:00:00.000Z),France,Senegal,2026-06-16T19:00:00.000Z,FIFA World Cup Round 1,New York New Jersey Stadium,Alireza Faghani,Full time,3,1,Senegal,France,away,Diatta,15,True,starting_xi,DEF,1,4,4,4-3-3,6.2,6.9,0,
4667804,senegal-vs-france,https://www.fotmob.com/matches/senegal-vs-france/1f8fvo#4667804,France vs Senegal (2026-06-16T19:00:00.000Z),France,Senegal,2026-06-16T19:00:00.000Z,FIFA World Cup Round 1,New York New Jersey Stadium,Alireza Faghani,Full time,3,1,Senegal,France,away,Mendy,16,True,starting_xi,GK,0,1,1,4-3-3,6.2,5.5,0,
4667812,algeria-vs-argentina,https://www.fotmob.com/matches/algeria-vs-argentina/1ehtqa#4667812,Argentina vs Algeria (2026-06-17T01:00:00.000Z),Argentina,Algeria,2026-06-17T01:00:00.000Z,FIFA World Cup Round 1,Kansas City Stadium,Szymon Marciniak,Full time,3,0,Argentina,Algeria,home,Martínez,23,True,starting_xi,GK,0,1,1,4-4-2,7.2,7.0,0,
4667812,algeria-vs-argentina,https://www.fotmob.com/matches/algeria-vs-argentina/1ehtqa#4667812,Argentina vs Algeria (2026-06-17T01:00:00.000Z),Argentina,Algeria,2026-06-17T01:00:00.000Z,FIFA World Cup Round 1,Kansas City Stadium,Szymon Marciniak,Full time,3,0,Argentina,Algeria,home,Montiel,4,True,starting_xi,DEF,1,4,1,4-4-2,7.2,6.8,0,46.0
4667812,algeria-vs-argentina,https://www.fotmob.com/matches/algeria-vs-argentina/1ehtqa#4667812,Argentina vs Algeria (2026-06-17T01:00:00.000Z),Argentina,Algeria,2026-06-17T01:00:00.000Z,FIFA World Cup Round 1,Kansas City Stadium,Szymon Marciniak,Full time,3,0,Argentina,Algeria,home,Romero,13,True,starting_xi,DEF,1,4,2,4-4-2,7.2,7.2,0,80.0
4667812,algeria-vs-argentina,https://www.fotmob.com/matches/algeria-vs-argentina/1ehtqa#4667812,Argentina vs Algeria (2026-06-17T01:00:00.000Z),Argentina,Algeria,2026-06-17T01:00:00.000Z,FIFA World Cup Round 1,Kansas City Stadium,Szymon Marciniak,Full time,3,0,Argentina,Algeria,home,Martínez,6,True,starting_xi,DEF,1,4,3,4-4-2,7.2,7.7,0,
4667812,algeria-vs-argentina,https://www.fotmob.com/matches/algeria-vs-argentina/1ehtqa#4667812,Argentina vs Algeria (2026-06-17T01:00:00.000Z),Argentina,Algeria,2026-06-17T01:00:00.000Z,FIFA World Cup Round 1,Kansas City Stadium,Szymon Marciniak,Full time,3,0,Argentina,Algeria,home,Medina,25,True,starting_xi,DEF,1,4,4,4-4-2,7.2,7.2,0,
4667812,algeria-vs-argentina,https://www.fotmob.com/matches/algeria-vs-argentina/1ehtqa#4667812,Argentina vs Algeria (2026-06-17T01:00:00.000Z),Argentina,Algeria,2026-06-17T01:00:00.000Z,FIFA World Cup Round 1,Kansas City Stadium,Szymon Marciniak,Full time,3,0,Argentina,Algeria,home,De Paul,7,True,starting_xi,AM,2,4,1,4-4-2,7.2,8.1,0,
4667812,algeria-vs-argentina,https://www.fotmob.com/matches/algeria-vs-argentina/1ehtqa#4667812,Argentina vs Algeria (2026-06-17T01:00:00.000Z),Argentina,Algeria,2026-06-17T01:00:00.000Z,FIFA World Cup Round 1,Kansas City Stadium,Szymon Marciniak,Full time,3,0,Argentina,Algeria,home,Mac Allister,20,True,starting_xi,AM,2,4,2,4-4-2,7.2,7.2,0,
4667812,algeria-vs-argentina,https://www.fotmob.com/matches/algeria-vs-argentina/1ehtqa#4667812,Argentina vs Algeria (2026-06-17T01:00:00.000Z),Argentina,Algeria,2026-06-17T01:00:00.000Z,FIFA World Cup Round 1,Kansas City Stadium,Szymon Marciniak,Full time,3,0,Argentina,Algeria,home,Fernández,24,True,starting_xi,AM,2,4,3,4-4-2,7.2,7.6,0,
4667812,algeria-vs-argentina,https://www.fotmob.com/matches/algeria-vs-argentina/1ehtqa#4667812,Argentina vs Algeria (2026-06-17T01:00:00.000Z),Argentina,Algeria,2026-06-17T01:00:00.000Z,FIFA World Cup Round 1,Kansas City Stadium,Szymon Marciniak,Full time,3,0,Argentina,Algeria,home,Almada,16,True,starting_xi,AM,2,4,4,4-4-2,7.2,7.0,0,55.0
4667812,algeria-vs-argentina,https://www.fotmob.com/matches/algeria-vs-argentina/1ehtqa#4667812,Argentina vs Algeria (2026-06-17T01:00:00.000Z),Argentina,Algeria,2026-06-17T01:00:00.000Z,FIFA World Cup Round 1,Kansas City Stadium,Szymon Marciniak,Full time,3,0,Argentina,Algeria,home,Messi,10,True,starting_xi,FWD,3,2,1,4-4-2,7.2,9.7,0,80.0
4667812,algeria-vs-argentina,https://www.fotmob.com/matches/algeria-vs-argentina/1ehtqa#4667812,Argentina vs Algeria (2026-06-17T01:00:00.000Z),Argentina,Algeria,2026-06-17T01:00:00.000Z,FIFA World Cup Round 1,Kansas City Stadium,Szymon Marciniak,Full time,3,0,Argentina,Algeria,home,Martínez,22,True,starting_xi,FWD,3,2,2,4-4-2,7.2,6.5,0,55.0
4667812,algeria-vs-argentina,https://www.fotmob.com/matches/algeria-vs-argentina/1ehtqa#4667812,Argentina vs Algeria (2026-06-17T01:00:00.000Z),Argentina,Algeria,2026-06-17T01:00:00.000Z,FIFA World Cup Round 1,Kansas City Stadium,Szymon Marciniak,Full time,3,0,Algeria,Argentina,away,Gouiri,9,True,starting_xi,FWD,4,1,1,4-2-3-1,6.2,5.8,0,64.0
4667812,algeria-vs-argentina,https://www.fotmob.com/matches/algeria-vs-argentina/1ehtqa#4667812,Argentina vs Algeria (2026-06-17T01:00:00.000Z),Argentina,Algeria,2026-06-17T01:00:00.000Z,FIFA World Cup Round 1,Kansas City Stadium,Szymon Marciniak,Full time,3,0,Algeria,Argentina,away,Chaïbi,10,True,starting_xi,AM,3,3,1,4-2-3-1,6.2,6.6,0,
4667812,algeria-vs-argentina,https://www.fotmob.com/matches/algeria-vs-argentina/1ehtqa#4667812,Argentina vs Algeria (2026-06-17T01:00:00.000Z),Argentina,Algeria,2026-06-17T01:00:00.000Z,FIFA World Cup Round 1,Kansas City Stadium,Szymon Marciniak,Full time,3,0,Algeria,Argentina,away,Maza,22,True,starting_xi,AM,3,3,2,4-2-3-1,6.2,6.3,0,82.0
4667812,algeria-vs-argentina,https://www.fotmob.com/matches/algeria-vs-argentina/1ehtqa#4667812,Argentina vs Algeria (2026-06-17T01:00:00.000Z),Argentina,Algeria,2026-06-17T01:00:00.000Z,FIFA World Cup Round 1,Kansas City Stadium,Szymon Marciniak,Full time,3,0,Algeria,Argentina,away,Hadj Moussa,11,True,starting_xi,AM,3,3,3,4-2-3-1,6.2,6.2,0,64.0
4667812,algeria-vs-argentina,https://www.fotmob.com/matches/algeria-vs-argentina/1ehtqa#4667812,Argentina vs Algeria (2026-06-17T01:00:00.000Z),Argentina,Algeria,2026-06-17T01:00:00.000Z,FIFA World Cup Round 1,Kansas City Stadium,Szymon Marciniak,Full time,3,0,Algeria,Argentina,away,Bentaleb,19,True,starting_xi,AM,2,2,1,4-2-3-1,6.2,6.8,0,82.0
4667812,algeria-vs-argentina,https://www.fotmob.com/matches/algeria-vs-argentina/1ehtqa#4667812,Argentina vs Algeria (2026-06-17T01:00:00.000Z),Argentina,Algeria,2026-06-17T01:00:00.000Z,FIFA World Cup Round 1,Kansas City Stadium,Szymon Marciniak,Full time,3,0,Algeria,Argentina,away,Boudaoui,14,True,starting_xi,AM,2,2,2,4-2-3-1,6.2,6.3,0,64.0
4667812,algeria-vs-argentina,https://www.fotmob.com/matches/algeria-vs-argentina/1ehtqa#4667812,Argentina vs Algeria (2026-06-17T01:00:00.000Z),Argentina,Algeria,2026-06-17T01:00:00.000Z,FIFA World Cup Round 1,Kansas City Stadium,Szymon Marciniak,Full time,3,0,Algeria,Argentina,away,Ait Nouri,15,True,starting_xi,DEF,1,4,1,4-2-3-1,6.2,6.3,0,
4667812,algeria-vs-argentina,https://www.fotmob.com/matches/algeria-vs-argentina/1ehtqa#4667812,Argentina vs Algeria (2026-06-17T01:00:00.000Z),Argentina,Algeria,2026-06-17T01:00:00.000Z,FIFA World Cup Round 1,Kansas City Stadium,Szymon Marciniak,Full time,3,0,Algeria,Argentina,away,Bensebaini,21,True,starting_xi,DEF,1,4,2,4-2-3-1,6.2,6.5,0,
4667812,algeria-vs-argentina,https://www.fotmob.com/matches/algeria-vs-argentina/1ehtqa#4667812,Argentina vs Algeria (2026-06-17T01:00:00.000Z),Argentina,Algeria,2026-06-17T01:00:00.000Z,FIFA World Cup Round 1,Kansas City Stadium,Szymon Marciniak,Full time,3,0,Algeria,Argentina,away,Mandi,2,True,starting_xi,DEF,1,4,3,4-2-3-1,6.2,6.5,0,
4667812,algeria-vs-argentina,https://www.fotmob.com/matches/algeria-vs-argentina/1ehtqa#4667812,Argentina vs Algeria (2026-06-17T01:00:00.000Z),Argentina,Algeria,2026-06-17T01:00:00.000Z,FIFA World Cup Round 1,Kansas City Stadium,Szymon Marciniak,Full time,3,0,Algeria,Argentina,away,Belghali,17,True,starting_xi,DEF,1,4,4,4-2-3-1,6.2,6.1,0,
4667812,algeria-vs-argentina,https://www.fotmob.com/matches/algeria-vs-argentina/1ehtqa#4667812,Argentina vs Algeria (2026-06-17T01:00:00.000Z),Argentina,Algeria,2026-06-17T01:00:00.000Z,FIFA World Cup Round 1,Kansas City Stadium,Szymon Marciniak,Full time,3,0,Algeria,Argentina,away,Zidane,23,True,starting_xi,GK,0,1,1,4-2-3-1,6.2,5.5,0,
4667813,jordan-vs-austria,https://www.fotmob.com/matches/jordan-vs-austria/1my603#4667813,Austria vs Jordan (2026-06-17T04:00:00.000Z),Austria,Jordan,2026-06-17T04:00:00.000Z,FIFA World Cup Round 1,San Francisco Bay Area Stadium,Dahane Beida,Full time,3,1,Austria,Jordan,home,Schlager,1,True,starting_xi,GK,0,1,1,4-2-3-1,7.1,7.4,0,
4667813,jordan-vs-austria,https://www.fotmob.com/matches/jordan-vs-austria/1my603#4667813,Austria vs Jordan (2026-06-17T04:00:00.000Z),Austria,Jordan,2026-06-17T04:00:00.000Z,FIFA World Cup Round 1,San Francisco Bay Area Stadium,Dahane Beida,Full time,3,1,Austria,Jordan,home,Posch,5,True,starting_xi,DEF,1,4,1,4-2-3-1,7.1,6.9,0,
4667813,jordan-vs-austria,https://www.fotmob.com/matches/jordan-vs-austria/1my603#4667813,Austria vs Jordan (2026-06-17T04:00:00.000Z),Austria,Jordan,2026-06-17T04:00:00.000Z,FIFA World Cup Round 1,San Francisco Bay Area Stadium,Dahane Beida,Full time,3,1,Austria,Jordan,home,Lienhart,15,True,starting_xi,DEF,1,4,2,4-2-3-1,7.1,7.7,0,
4667813,jordan-vs-austria,https://www.fotmob.com/matches/jordan-vs-austria/1my603#4667813,Austria vs Jordan (2026-06-17T04:00:00.000Z),Austria,Jordan,2026-06-17T04:00:00.000Z,FIFA World Cup Round 1,San Francisco Bay Area Stadium,Dahane Beida,Full time,3,1,Austria,Jordan,home,Alaba,8,True,starting_xi,DEF,1,4,3,4-2-3-1,7.1,7.2,0,59.0
4667813,jordan-vs-austria,https://www.fotmob.com/matches/jordan-vs-austria/1my603#4667813,Austria vs Jordan (2026-06-17T04:00:00.000Z),Austria,Jordan,2026-06-17T04:00:00.000Z,FIFA World Cup Round 1,San Francisco Bay Area Stadium,Dahane Beida,Full time,3,1,Austria,Jordan,home,Mwene,16,True,starting_xi,DEF,1,4,4,4-2-3-1,7.1,6.4,0,59.0
4667813,jordan-vs-austria,https://www.fotmob.com/matches/jordan-vs-austria/1my603#4667813,Austria vs Jordan (2026-06-17T04:00:00.000Z),Austria,Jordan,2026-06-17T04:00:00.000Z,FIFA World Cup Round 1,San Francisco Bay Area Stadium,Dahane Beida,Full time,3,1,Austria,Jordan,home,Seiwald,6,True,starting_xi,AM,2,2,1,4-2-3-1,7.1,7.5,0,
4667813,jordan-vs-austria,https://www.fotmob.com/matches/jordan-vs-austria/1my603#4667813,Austria vs Jordan (2026-06-17T04:00:00.000Z),Austria,Jordan,2026-06-17T04:00:00.000Z,FIFA World Cup Round 1,San Francisco Bay Area Stadium,Dahane Beida,Full time,3,1,Austria,Jordan,home,Schlager,4,True,starting_xi,AM,2,2,2,4-2-3-1,7.1,8.1,0,59.0
4667813,jordan-vs-austria,https://www.fotmob.com/matches/jordan-vs-austria/1my603#4667813,Austria vs Jordan (2026-06-17T04:00:00.000Z),Austria,Jordan,2026-06-17T04:00:00.000Z,FIFA World Cup Round 1,San Francisco Bay Area Stadium,Dahane Beida,Full time,3,1,Austria,Jordan,home,Schmid,18,True,starting_xi,AM,3,3,1,4-2-3-1,7.1,7.6,0,83.0
4667813,jordan-vs-austria,https://www.fotmob.com/matches/jordan-vs-austria/1my603#4667813,Austria vs Jordan (2026-06-17T04:00:00.000Z),Austria,Jordan,2026-06-17T04:00:00.000Z,FIFA World Cup Round 1,San Francisco Bay Area Stadium,Dahane Beida,Full time,3,1,Austria,Jordan,home,Laimer,20,True,starting_xi,AM,3,3,2,4-2-3-1,7.1,6.7,0,
4667813,jordan-vs-austria,https://www.fotmob.com/matches/jordan-vs-austria/1my603#4667813,Austria vs Jordan (2026-06-17T04:00:00.000Z),Austria,Jordan,2026-06-17T04:00:00.000Z,FIFA World Cup Round 1,San Francisco Bay Area Stadium,Dahane Beida,Full time,3,1,Austria,Jordan,home,Sabitzer,9,True,starting_xi,AM,3,3,3,4-2-3-1,7.1,7.6,0,
4667813,jordan-vs-austria,https://www.fotmob.com/matches/jordan-vs-austria/1my603#4667813,Austria vs Jordan (2026-06-17T04:00:00.000Z),Austria,Jordan,2026-06-17T04:00:00.000Z,FIFA World Cup Round 1,San Francisco Bay Area Stadium,Dahane Beida,Full time,3,1,Austria,Jordan,home,Kalajdzic,14,True,starting_xi,FWD,4,1,1,4-2-3-1,7.1,6.5,0,46.0
4667813,jordan-vs-austria,https://www.fotmob.com/matches/jordan-vs-austria/1my603#4667813,Austria vs Jordan (2026-06-17T04:00:00.000Z),Austria,Jordan,2026-06-17T04:00:00.000Z,FIFA World Cup Round 1,San Francisco Bay Area Stadium,Dahane Beida,Full time,3,1,Jordan,Austria,away,Tamari,10,True,starting_xi,FWD,3,1,1,5-4-1,6.7,6.3,0,88.0
4667813,jordan-vs-austria,https://www.fotmob.com/matches/jordan-vs-austria/1my603#4667813,Austria vs Jordan (2026-06-17T04:00:00.000Z),Austria,Jordan,2026-06-17T04:00:00.000Z,FIFA World Cup Round 1,San Francisco Bay Area Stadium,Dahane Beida,Full time,3,1,Jordan,Austria,away,Olwan,9,True,starting_xi,AM,2,4,1,5-4-1,6.7,7.7,0,
4667813,jordan-vs-austria,https://www.fotmob.com/matches/jordan-vs-austria/1my603#4667813,Austria vs Jordan (2026-06-17T04:00:00.000Z),Austria,Jordan,2026-06-17T04:00:00.000Z,FIFA World Cup Round 1,San Francisco Bay Area Stadium,Dahane Beida,Full time,3,1,Jordan,Austria,away,Al-Rawabdeh,8,True,starting_xi,AM,2,4,2,5-4-1,6.7,7.9,0,
4667813,jordan-vs-austria,https://www.fotmob.com/matches/jordan-vs-austria/1my603#4667813,Austria vs Jordan (2026-06-17T04:00:00.000Z),Austria,Jordan,2026-06-17T04:00:00.000Z,FIFA World Cup Round 1,San Francisco Bay Area Stadium,Dahane Beida,Full time,3,1,Jordan,Austria,away,Al Rashdan,21,True,starting_xi,AM,2,4,3,5-4-1,6.7,6.9,0,
4667813,jordan-vs-austria,https://www.fotmob.com/matches/jordan-vs-austria/1my603#4667813,Austria vs Jordan (2026-06-17T04:00:00.000Z),Austria,Jordan,2026-06-17T04:00:00.000Z,FIFA World Cup Round 1,San Francisco Bay Area Stadium,Dahane Beida,Full time,3,1,Jordan,Austria,away,Fakhouri,11,True,starting_xi,AM,2,4,4,5-4-1,6.7,6.8,0,88.0
4667813,jordan-vs-austria,https://www.fotmob.com/matches/jordan-vs-austria/1my603#4667813,Austria vs Jordan (2026-06-17T04:00:00.000Z),Austria,Jordan,2026-06-17T04:00:00.000Z,FIFA World Cup Round 1,San Francisco Bay Area Stadium,Dahane Beida,Full time,3,1,Jordan,Austria,away,Taha,20,True,starting_xi,DEF,1,5,1,5-4-1,6.7,7.2,0,
4667813,jordan-vs-austria,https://www.fotmob.com/matches/jordan-vs-austria/1my603#4667813,Austria vs Jordan (2026-06-17T04:00:00.000Z),Austria,Jordan,2026-06-17T04:00:00.000Z,FIFA World Cup Round 1,San Francisco Bay Area Stadium,Dahane Beida,Full time,3,1,Jordan,Austria,away,Haddad,23,True,starting_xi,DEF,1,5,2,5-4-1,6.7,6.5,0,81.0
4667813,jordan-vs-austria,https://www.fotmob.com/matches/jordan-vs-austria/1my603#4667813,Austria vs Jordan (2026-06-17T04:00:00.000Z),Austria,Jordan,2026-06-17T04:00:00.000Z,FIFA World Cup Round 1,San Francisco Bay Area Stadium,Dahane Beida,Full time,3,1,Jordan,Austria,away,Abualnadi,16,True,starting_xi,DEF,1,5,3,5-4-1,6.7,6.3,0,72.0
4667813,jordan-vs-austria,https://www.fotmob.com/matches/jordan-vs-austria/1my603#4667813,Austria vs Jordan (2026-06-17T04:00:00.000Z),Austria,Jordan,2026-06-17T04:00:00.000Z,FIFA World Cup Round 1,San Francisco Bay Area Stadium,Dahane Beida,Full time,3,1,Jordan,Austria,away,Al-Arab,5,True,starting_xi,DEF,1,5,4,5-4-1,6.7,6.8,0,
4667813,jordan-vs-austria,https://www.fotmob.com/matches/jordan-vs-austria/1my603#4667813,Austria vs Jordan (2026-06-17T04:00:00.000Z),Austria,Jordan,2026-06-17T04:00:00.000Z,FIFA World Cup Round 1,San Francisco Bay Area Stadium,Dahane Beida,Full time,3,1,Jordan,Austria,away,Nasib,3,True,starting_xi,DEF,1,5,5,5-4-1,6.7,6.4,0,81.0
4667813,jordan-vs-austria,https://www.fotmob.com/matches/jordan-vs-austria/1my603#4667813,Austria vs Jordan (2026-06-17T04:00:00.000Z),Austria,Jordan,2026-06-17T04:00:00.000Z,FIFA World Cup Round 1,San Francisco Bay Area Stadium,Dahane Beida,Full time,3,1,Jordan,Austria,away,Abulaila,1,True,starting_xi,GK,0,1,1,5-4-1,6.7,5.6,0,
4667820,colombia-vs-uzbekistan,https://www.fotmob.com/matches/colombia-vs-uzbekistan/2dm7x9#4667820,Uzbekistan vs Colombia (2026-06-18T02:00:00.000Z),Uzbekistan,Colombia,2026-06-18T02:00:00.000Z,FIFA World Cup Round 1,Mexico City Stadium,Anthony Taylor,Full time,1,3,Uzbekistan,Colombia,home,Yusupov,1,True,starting_xi,GK,0,1,1,3-4-2-1,6.2,5.0,0,
4667820,colombia-vs-uzbekistan,https://www.fotmob.com/matches/colombia-vs-uzbekistan/2dm7x9#4667820,Uzbekistan vs Colombia (2026-06-18T02:00:00.000Z),Uzbekistan,Colombia,2026-06-18T02:00:00.000Z,FIFA World Cup Round 1,Mexico City Stadium,Anthony Taylor,Full time,1,3,Uzbekistan,Colombia,home,Khusanov,2,True,starting_xi,DEF,1,3,1,3-4-2-1,6.2,5.8,0,
4667820,colombia-vs-uzbekistan,https://www.fotmob.com/matches/colombia-vs-uzbekistan/2dm7x9#4667820,Uzbekistan vs Colombia (2026-06-18T02:00:00.000Z),Uzbekistan,Colombia,2026-06-18T02:00:00.000Z,FIFA World Cup Round 1,Mexico City Stadium,Anthony Taylor,Full time,1,3,Uzbekistan,Colombia,home,Abdullaev,18,True,starting_xi,DEF,1,3,2,3-4-2-1,6.2,5.6,0,
4667820,colombia-vs-uzbekistan,https://www.fotmob.com/matches/colombia-vs-uzbekistan/2dm7x9#4667820,Uzbekistan vs Colombia (2026-06-18T02:00:00.000Z),Uzbekistan,Colombia,2026-06-18T02:00:00.000Z,FIFA World Cup Round 1,Mexico City Stadium,Anthony Taylor,Full time,1,3,Uzbekistan,Colombia,home,Ashurmatov,5,True,starting_xi,DEF,1,3,3,3-4-2-1,6.2,6.3,0,77.0
4667820,colombia-vs-uzbekistan,https://www.fotmob.com/matches/colombia-vs-uzbekistan/2dm7x9#4667820,Uzbekistan vs Colombia (2026-06-18T02:00:00.000Z),Uzbekistan,Colombia,2026-06-18T02:00:00.000Z,FIFA World Cup Round 1,Mexico City Stadium,Anthony Taylor,Full time,1,3,Uzbekistan,Colombia,home,Karimov,24,True,starting_xi,AM,2,4,1,3-4-2-1,6.2,7.5,0,
4667820,colombia-vs-uzbekistan,https://www.fotmob.com/matches/colombia-vs-uzbekistan/2dm7x9#4667820,Uzbekistan vs Colombia (2026-06-18T02:00:00.000Z),Uzbekistan,Colombia,2026-06-18T02:00:00.000Z,FIFA World Cup Round 1,Mexico City Stadium,Anthony Taylor,Full time,1,3,Uzbekistan,Colombia,home,Mozgovoy,6,True,starting_xi,AM,2,4,2,3-4-2-1,6.2,6.2,0,
4667820,colombia-vs-uzbekistan,https://www.fotmob.com/matches/colombia-vs-uzbekistan/2dm7x9#4667820,Uzbekistan vs Colombia (2026-06-18T02:00:00.000Z),Uzbekistan,Colombia,2026-06-18T02:00:00.000Z,FIFA World Cup Round 1,Mexico City Stadium,Anthony Taylor,Full time,1,3,Uzbekistan,Colombia,home,Shukurov,7,True,starting_xi,AM,2,4,3,3-4-2-1,6.2,6.8,0,
4667820,colombia-vs-uzbekistan,https://www.fotmob.com/matches/colombia-vs-uzbekistan/2dm7x9#4667820,Uzbekistan vs Colombia (2026-06-18T02:00:00.000Z),Uzbekistan,Colombia,2026-06-18T02:00:00.000Z,FIFA World Cup Round 1,Mexico City Stadium,Anthony Taylor,Full time,1,3,Uzbekistan,Colombia,home,Nasrulloev,13,True,starting_xi,AM,2,4,4,3-4-2-1,6.2,5.7,0,46.0
4667820,colombia-vs-uzbekistan,https://www.fotmob.com/matches/colombia-vs-uzbekistan/2dm7x9#4667820,Uzbekistan vs Colombia (2026-06-18T02:00:00.000Z),Uzbekistan,Colombia,2026-06-18T02:00:00.000Z,FIFA World Cup Round 1,Mexico City Stadium,Anthony Taylor,Full time,1,3,Uzbekistan,Colombia,home,Fayzullayev,22,True,starting_xi,AM,3,2,1,3-4-2-1,6.2,7.1,0,77.0
4667820,colombia-vs-uzbekistan,https://www.fotmob.com/matches/colombia-vs-uzbekistan/2dm7x9#4667820,Uzbekistan vs Colombia (2026-06-18T02:00:00.000Z),Uzbekistan,Colombia,2026-06-18T02:00:00.000Z,FIFA World Cup Round 1,Mexico City Stadium,Anthony Taylor,Full time,1,3,Uzbekistan,Colombia,home,Urunov,11,True,starting_xi,AM,3,2,2,3-4-2-1,6.2,6.3,0,46.0
4667820,colombia-vs-uzbekistan,https://www.fotmob.com/matches/colombia-vs-uzbekistan/2dm7x9#4667820,Uzbekistan vs Colombia (2026-06-18T02:00:00.000Z),Uzbekistan,Colombia,2026-06-18T02:00:00.000Z,FIFA World Cup Round 1,Mexico City Stadium,Anthony Taylor,Full time,1,3,Uzbekistan,Colombia,home,Shomurodov,14,True,starting_xi,FWD,4,1,1,3-4-2-1,6.2,5.5,0,90.0
4667820,colombia-vs-uzbekistan,https://www.fotmob.com/matches/colombia-vs-uzbekistan/2dm7x9#4667820,Uzbekistan vs Colombia (2026-06-18T02:00:00.000Z),Uzbekistan,Colombia,2026-06-18T02:00:00.000Z,FIFA World Cup Round 1,Mexico City Stadium,Anthony Taylor,Full time,1,3,Colombia,Uzbekistan,away,Luis Diaz,7,True,starting_xi,FWD,3,3,1,4-3-3,7.2,8.9,0,90.0
4667820,colombia-vs-uzbekistan,https://www.fotmob.com/matches/colombia-vs-uzbekistan/2dm7x9#4667820,Uzbekistan vs Colombia (2026-06-18T02:00:00.000Z),Uzbekistan,Colombia,2026-06-18T02:00:00.000Z,FIFA World Cup Round 1,Mexico City Stadium,Anthony Taylor,Full time,1,3,Colombia,Uzbekistan,away,Suárez,25,True,starting_xi,FWD,3,3,2,4-3-3,7.2,7.1,0,80.0
4667820,colombia-vs-uzbekistan,https://www.fotmob.com/matches/colombia-vs-uzbekistan/2dm7x9#4667820,Uzbekistan vs Colombia (2026-06-18T02:00:00.000Z),Uzbekistan,Colombia,2026-06-18T02:00:00.000Z,FIFA World Cup Round 1,Mexico City Stadium,Anthony Taylor,Full time,1,3,Colombia,Uzbekistan,away,Rodríguez,10,True,starting_xi,FWD,3,3,3,4-3-3,7.2,6.7,0,72.0
4667820,colombia-vs-uzbekistan,https://www.fotmob.com/matches/colombia-vs-uzbekistan/2dm7x9#4667820,Uzbekistan vs Colombia (2026-06-18T02:00:00.000Z),Uzbekistan,Colombia,2026-06-18T02:00:00.000Z,FIFA World Cup Round 1,Mexico City Stadium,Anthony Taylor,Full time,1,3,Colombia,Uzbekistan,away,Arias,11,True,starting_xi,AM,2,3,1,4-3-3,7.2,7.0,0,90.0
4667820,colombia-vs-uzbekistan,https://www.fotmob.com/matches/colombia-vs-uzbekistan/2dm7x9#4667820,Uzbekistan vs Colombia (2026-06-18T02:00:00.000Z),Uzbekistan,Colombia,2026-06-18T02:00:00.000Z,FIFA World Cup Round 1,Mexico City Stadium,Anthony Taylor,Full time,1,3,Colombia,Uzbekistan,away,Lerma,16,True,starting_xi,AM,2,3,2,4-3-3,7.2,7.5,0,
4667820,colombia-vs-uzbekistan,https://www.fotmob.com/matches/colombia-vs-uzbekistan/2dm7x9#4667820,Uzbekistan vs Colombia (2026-06-18T02:00:00.000Z),Uzbekistan,Colombia,2026-06-18T02:00:00.000Z,FIFA World Cup Round 1,Mexico City Stadium,Anthony Taylor,Full time,1,3,Colombia,Uzbekistan,away,Puerta,14,True,starting_xi,AM,2,3,3,4-3-3,7.2,7.8,0,80.0
4667820,colombia-vs-uzbekistan,https://www.fotmob.com/matches/colombia-vs-uzbekistan/2dm7x9#4667820,Uzbekistan vs Colombia (2026-06-18T02:00:00.000Z),Uzbekistan,Colombia,2026-06-18T02:00:00.000Z,FIFA World Cup Round 1,Mexico City Stadium,Anthony Taylor,Full time,1,3,Colombia,Uzbekistan,away,Mojica,17,True,starting_xi,DEF,1,4,1,4-3-3,7.2,6.8,0,
4667820,colombia-vs-uzbekistan,https://www.fotmob.com/matches/colombia-vs-uzbekistan/2dm7x9#4667820,Uzbekistan vs Colombia (2026-06-18T02:00:00.000Z),Uzbekistan,Colombia,2026-06-18T02:00:00.000Z,FIFA World Cup Round 1,Mexico City Stadium,Anthony Taylor,Full time,1,3,Colombia,Uzbekistan,away,Lucumí,3,True,starting_xi,DEF,1,4,2,4-3-3,7.2,6.9,0,
4667820,colombia-vs-uzbekistan,https://www.fotmob.com/matches/colombia-vs-uzbekistan/2dm7x9#4667820,Uzbekistan vs Colombia (2026-06-18T02:00:00.000Z),Uzbekistan,Colombia,2026-06-18T02:00:00.000Z,FIFA World Cup Round 1,Mexico City Stadium,Anthony Taylor,Full time,1,3,Colombia,Uzbekistan,away,Sánchez,23,True,starting_xi,DEF,1,4,3,4-3-3,7.2,7.5,0,
4667820,colombia-vs-uzbekistan,https://www.fotmob.com/matches/colombia-vs-uzbekistan/2dm7x9#4667820,Uzbekistan vs Colombia (2026-06-18T02:00:00.000Z),Uzbekistan,Colombia,2026-06-18T02:00:00.000Z,FIFA World Cup Round 1,Mexico City Stadium,Anthony Taylor,Full time,1,3,Colombia,Uzbekistan,away,Muñoz,2,True,starting_xi,DEF,1,4,4,4-3-3,7.2,8.1,0,
4667820,colombia-vs-uzbekistan,https://www.fotmob.com/matches/colombia-vs-uzbekistan/2dm7x9#4667820,Uzbekistan vs Colombia (2026-06-18T02:00:00.000Z),Uzbekistan,Colombia,2026-06-18T02:00:00.000Z,FIFA World Cup Round 1,Mexico City Stadium,Anthony Taylor,Full time,1,3,Colombia,Uzbekistan,away,Vargas,12,True,starting_xi,GK,0,1,1,4-3-3,7.2,5.8,0,
4667819,dr-congo-vs-portugal,https://www.fotmob.com/matches/dr-congo-vs-portugal/1s6g4o#4667819,Portugal vs DR Congo (2026-06-17T17:00:00.000Z),Portugal,DR Congo,2026-06-17T17:00:00.000Z,FIFA World Cup Round 1,Houston Stadium,Abdulrahman Ibrahim Al Jassim,Full time,1,1,Portugal,DR Congo,home,Costa,1,True,starting_xi,GK,0,1,1,4-2-3-1,6.8,6.8,0,
4667819,dr-congo-vs-portugal,https://www.fotmob.com/matches/dr-congo-vs-portugal/1s6g4o#4667819,Portugal vs DR Congo (2026-06-17T17:00:00.000Z),Portugal,DR Congo,2026-06-17T17:00:00.000Z,FIFA World Cup Round 1,Houston Stadium,Abdulrahman Ibrahim Al Jassim,Full time,1,1,Portugal,DR Congo,home,Cancelo,20,True,starting_xi,DEF,1,4,1,4-2-3-1,6.8,7.1,0,
4667819,dr-congo-vs-portugal,https://www.fotmob.com/matches/dr-congo-vs-portugal/1s6g4o#4667819,Portugal vs DR Congo (2026-06-17T17:00:00.000Z),Portugal,DR Congo,2026-06-17T17:00:00.000Z,FIFA World Cup Round 1,Houston Stadium,Abdulrahman Ibrahim Al Jassim,Full time,1,1,Portugal,DR Congo,home,Araújo,4,True,starting_xi,DEF,1,4,2,4-2-3-1,6.8,7.3,0,
4667819,dr-congo-vs-portugal,https://www.fotmob.com/matches/dr-congo-vs-portugal/1s6g4o#4667819,Portugal vs DR Congo (2026-06-17T17:00:00.000Z),Portugal,DR Congo,2026-06-17T17:00:00.000Z,FIFA World Cup Round 1,Houston Stadium,Abdulrahman Ibrahim Al Jassim,Full time,1,1,Portugal,DR Congo,home,Veiga,13,True,starting_xi,DEF,1,4,3,4-2-3-1,6.8,6.8,0,
4667819,dr-congo-vs-portugal,https://www.fotmob.com/matches/dr-congo-vs-portugal/1s6g4o#4667819,Portugal vs DR Congo (2026-06-17T17:00:00.000Z),Portugal,DR Congo,2026-06-17T17:00:00.000Z,FIFA World Cup Round 1,Houston Stadium,Abdulrahman Ibrahim Al Jassim,Full time,1,1,Portugal,DR Congo,home,Mendes,25,True,starting_xi,DEF,1,4,4,4-2-3-1,6.8,6.6,0,72.0
4667819,dr-congo-vs-portugal,https://www.fotmob.com/matches/dr-congo-vs-portugal/1s6g4o#4667819,Portugal vs DR Congo (2026-06-17T17:00:00.000Z),Portugal,DR Congo,2026-06-17T17:00:00.000Z,FIFA World Cup Round 1,Houston Stadium,Abdulrahman Ibrahim Al Jassim,Full time,1,1,Portugal,DR Congo,home,Neves,15,True,starting_xi,AM,2,2,1,4-2-3-1,6.8,8.2,0,
4667819,dr-congo-vs-portugal,https://www.fotmob.com/matches/dr-congo-vs-portugal/1s6g4o#4667819,Portugal vs DR Congo (2026-06-17T17:00:00.000Z),Portugal,DR Congo,2026-06-17T17:00:00.000Z,FIFA World Cup Round 1,Houston Stadium,Abdulrahman Ibrahim Al Jassim,Full time,1,1,Portugal,DR Congo,home,Vitinha,23,True,starting_xi,AM,2,2,2,4-2-3-1,6.8,6.8,0,83.0
4667819,dr-congo-vs-portugal,https://www.fotmob.com/matches/dr-congo-vs-portugal/1s6g4o#4667819,Portugal vs DR Congo (2026-06-17T17:00:00.000Z),Portugal,DR Congo,2026-06-17T17:00:00.000Z,FIFA World Cup Round 1,Houston Stadium,Abdulrahman Ibrahim Al Jassim,Full time,1,1,Portugal,DR Congo,home,Silva,10,True,starting_xi,AM,3,3,1,4-2-3-1,6.8,5.7,0,46.0
4667819,dr-congo-vs-portugal,https://www.fotmob.com/matches/dr-congo-vs-portugal/1s6g4o#4667819,Portugal vs DR Congo (2026-06-17T17:00:00.000Z),Portugal,DR Congo,2026-06-17T17:00:00.000Z,FIFA World Cup Round 1,Houston Stadium,Abdulrahman Ibrahim Al Jassim,Full time,1,1,Portugal,DR Congo,home,Fernandes,8,True,starting_xi,AM,3,3,2,4-2-3-1,6.8,7.0,0,
4667819,dr-congo-vs-portugal,https://www.fotmob.com/matches/dr-congo-vs-portugal/1s6g4o#4667819,Portugal vs DR Congo (2026-06-17T17:00:00.000Z),Portugal,DR Congo,2026-06-17T17:00:00.000Z,FIFA World Cup Round 1,Houston Stadium,Abdulrahman Ibrahim Al Jassim,Full time,1,1,Portugal,DR Congo,home,Neto,18,True,starting_xi,AM,3,3,3,4-2-3-1,6.8,7.2,0,72.0
4667819,dr-congo-vs-portugal,https://www.fotmob.com/matches/dr-congo-vs-portugal/1s6g4o#4667819,Portugal vs DR Congo (2026-06-17T17:00:00.000Z),Portugal,DR Congo,2026-06-17T17:00:00.000Z,FIFA World Cup Round 1,Houston Stadium,Abdulrahman Ibrahim Al Jassim,Full time,1,1,Portugal,DR Congo,home,Ronaldo,7,True,starting_xi,FWD,4,1,1,4-2-3-1,6.8,6.7,0,
4667819,dr-congo-vs-portugal,https://www.fotmob.com/matches/dr-congo-vs-portugal/1s6g4o#4667819,Portugal vs DR Congo (2026-06-17T17:00:00.000Z),Portugal,DR Congo,2026-06-17T17:00:00.000Z,FIFA World Cup Round 1,Houston Stadium,Abdulrahman Ibrahim Al Jassim,Full time,1,1,DR Congo,Portugal,away,Wissa,20,True,starting_xi,FWD,3,2,1,5-3-2,6.8,7.5,0,
4667819,dr-congo-vs-portugal,https://www.fotmob.com/matches/dr-congo-vs-portugal/1s6g4o#4667819,Portugal vs DR Congo (2026-06-17T17:00:00.000Z),Portugal,DR Congo,2026-06-17T17:00:00.000Z,FIFA World Cup Round 1,Houston Stadium,Abdulrahman Ibrahim Al Jassim,Full time,1,1,DR Congo,Portugal,away,Bakambu,17,True,starting_xi,FWD,3,2,2,5-3-2,6.8,7.1,0,85.0
4667819,dr-congo-vs-portugal,https://www.fotmob.com/matches/dr-congo-vs-portugal/1s6g4o#4667819,Portugal vs DR Congo (2026-06-17T17:00:00.000Z),Portugal,DR Congo,2026-06-17T17:00:00.000Z,FIFA World Cup Round 1,Houston Stadium,Abdulrahman Ibrahim Al Jassim,Full time,1,1,DR Congo,Portugal,away,Kayembe,25,True,starting_xi,AM,2,3,1,5-3-2,6.8,7.1,0,74.0
4667819,dr-congo-vs-portugal,https://www.fotmob.com/matches/dr-congo-vs-portugal/1s6g4o#4667819,Portugal vs DR Congo (2026-06-17T17:00:00.000Z),Portugal,DR Congo,2026-06-17T17:00:00.000Z,FIFA World Cup Round 1,Houston Stadium,Abdulrahman Ibrahim Al Jassim,Full time,1,1,DR Congo,Portugal,away,Moutoussamy,8,True,starting_xi,AM,2,3,2,5-3-2,6.8,6.4,0,
4667819,dr-congo-vs-portugal,https://www.fotmob.com/matches/dr-congo-vs-portugal/1s6g4o#4667819,Portugal vs DR Congo (2026-06-17T17:00:00.000Z),Portugal,DR Congo,2026-06-17T17:00:00.000Z,FIFA World Cup Round 1,Houston Stadium,Abdulrahman Ibrahim Al Jassim,Full time,1,1,DR Congo,Portugal,away,Mukau,6,True,starting_xi,AM,2,3,3,5-3-2,6.8,6.3,0,57.0
4667819,dr-congo-vs-portugal,https://www.fotmob.com/matches/dr-congo-vs-portugal/1s6g4o#4667819,Portugal vs DR Congo (2026-06-17T17:00:00.000Z),Portugal,DR Congo,2026-06-17T17:00:00.000Z,FIFA World Cup Round 1,Houston Stadium,Abdulrahman Ibrahim Al Jassim,Full time,1,1,DR Congo,Portugal,away,Masuaku,26,True,starting_xi,DEF,1,5,1,5-3-2,6.8,7.6,0,74.0
4667819,dr-congo-vs-portugal,https://www.fotmob.com/matches/dr-congo-vs-portugal/1s6g4o#4667819,Portugal vs DR Congo (2026-06-17T17:00:00.000Z),Portugal,DR Congo,2026-06-17T17:00:00.000Z,FIFA World Cup Round 1,Houston Stadium,Abdulrahman Ibrahim Al Jassim,Full time,1,1,DR Congo,Portugal,away,Wan-Bissaka,2,True,starting_xi,DEF,1,5,2,5-3-2,6.8,7.6,0,85.0
4667819,dr-congo-vs-portugal,https://www.fotmob.com/matches/dr-congo-vs-portugal/1s6g4o#4667819,Portugal vs DR Congo (2026-06-17T17:00:00.000Z),Portugal,DR Congo,2026-06-17T17:00:00.000Z,FIFA World Cup Round 1,Houston Stadium,Abdulrahman Ibrahim Al Jassim,Full time,1,1,DR Congo,Portugal,away,Kapuadi,3,True,starting_xi,DEF,1,5,3,5-3-2,6.8,6.8,0,
4667819,dr-congo-vs-portugal,https://www.fotmob.com/matches/dr-congo-vs-portugal/1s6g4o#4667819,Portugal vs DR Congo (2026-06-17T17:00:00.000Z),Portugal,DR Congo,2026-06-17T17:00:00.000Z,FIFA World Cup Round 1,Houston Stadium,Abdulrahman Ibrahim Al Jassim,Full time,1,1,DR Congo,Portugal,away,Tuanzebe,4,True,starting_xi,DEF,1,5,4,5-3-2,6.8,6.5,0,
4667819,dr-congo-vs-portugal,https://www.fotmob.com/matches/dr-congo-vs-portugal/1s6g4o#4667819,Portugal vs DR Congo (2026-06-17T17:00:00.000Z),Portugal,DR Congo,2026-06-17T17:00:00.000Z,FIFA World Cup Round 1,Houston Stadium,Abdulrahman Ibrahim Al Jassim,Full time,1,1,DR Congo,Portugal,away,Mbemba,22,True,starting_xi,DEF,1,5,5,5-3-2,6.8,7.0,0,
4667819,dr-congo-vs-portugal,https://www.fotmob.com/matches/dr-congo-vs-portugal/1s6g4o#4667819,Portugal vs DR Congo (2026-06-17T17:00:00.000Z),Portugal,DR Congo,2026-06-17T17:00:00.000Z,FIFA World Cup Round 1,Houston Stadium,Abdulrahman Ibrahim Al Jassim,Full time,1,1,DR Congo,Portugal,away,Mpasi-Nzau,1,True,starting_xi,GK,0,1,1,5-3-2,6.8,6.7,0,
4667825,england-vs-croatia,https://www.fotmob.com/matches/england-vs-croatia/2viayw#4667825,England vs Croatia (2026-06-17T20:00:00.000Z),England,Croatia,2026-06-17T20:00:00.000Z,FIFA World Cup Round 1,Dallas Stadium,Clément Turpin,Full time,4,2,England,Croatia,home,Pickford,1,True,starting_xi,GK,0,1,1,4-2-3-1,7.1,6.4,0,
4667825,england-vs-croatia,https://www.fotmob.com/matches/england-vs-croatia/2viayw#4667825,England vs Croatia (2026-06-17T20:00:00.000Z),England,Croatia,2026-06-17T20:00:00.000Z,FIFA World Cup Round 1,Dallas Stadium,Clément Turpin,Full time,4,2,England,Croatia,home,James,24,True,starting_xi,DEF,1,4,1,4-2-3-1,7.1,6.2,0,
4667825,england-vs-croatia,https://www.fotmob.com/matches/england-vs-croatia/2viayw#4667825,England vs Croatia (2026-06-17T20:00:00.000Z),England,Croatia,2026-06-17T20:00:00.000Z,FIFA World Cup Round 1,Dallas Stadium,Clément Turpin,Full time,4,2,England,Croatia,home,Konsa,2,True,starting_xi,DEF,1,4,2,4-2-3-1,7.1,6.1,0,
4667825,england-vs-croatia,https://www.fotmob.com/matches/england-vs-croatia/2viayw#4667825,England vs Croatia (2026-06-17T20:00:00.000Z),England,Croatia,2026-06-17T20:00:00.000Z,FIFA World Cup Round 1,Dallas Stadium,Clément Turpin,Full time,4,2,England,Croatia,home,Stones,5,True,starting_xi,DEF,1,4,3,4-2-3-1,7.1,6.5,0,87.0
4667825,england-vs-croatia,https://www.fotmob.com/matches/england-vs-croatia/2viayw#4667825,England vs Croatia (2026-06-17T20:00:00.000Z),England,Croatia,2026-06-17T20:00:00.000Z,FIFA World Cup Round 1,Dallas Stadium,Clément Turpin,Full time,4,2,England,Croatia,home,O'Reilly,3,True,starting_xi,DEF,1,4,4,4-2-3-1,7.1,6.8,0,
4667825,england-vs-croatia,https://www.fotmob.com/matches/england-vs-croatia/2viayw#4667825,England vs Croatia (2026-06-17T20:00:00.000Z),England,Croatia,2026-06-17T20:00:00.000Z,FIFA World Cup Round 1,Dallas Stadium,Clément Turpin,Full time,4,2,England,Croatia,home,Anderson,8,True,starting_xi,AM,2,2,1,4-2-3-1,7.1,8.0,0,
4667825,england-vs-croatia,https://www.fotmob.com/matches/england-vs-croatia/2viayw#4667825,England vs Croatia (2026-06-17T20:00:00.000Z),England,Croatia,2026-06-17T20:00:00.000Z,FIFA World Cup Round 1,Dallas Stadium,Clément Turpin,Full time,4,2,England,Croatia,home,Rice,4,True,starting_xi,AM,2,2,2,4-2-3-1,7.1,7.6,0,72.0
4667825,england-vs-croatia,https://www.fotmob.com/matches/england-vs-croatia/2viayw#4667825,England vs Croatia (2026-06-17T20:00:00.000Z),England,Croatia,2026-06-17T20:00:00.000Z,FIFA World Cup Round 1,Dallas Stadium,Clément Turpin,Full time,4,2,England,Croatia,home,Madueke,20,True,starting_xi,AM,3,3,1,4-2-3-1,7.1,7.5,0,72.0
4667825,england-vs-croatia,https://www.fotmob.com/matches/england-vs-croatia/2viayw#4667825,England vs Croatia (2026-06-17T20:00:00.000Z),England,Croatia,2026-06-17T20:00:00.000Z,FIFA World Cup Round 1,Dallas Stadium,Clément Turpin,Full time,4,2,England,Croatia,home,Bellingham,10,True,starting_xi,AM,3,3,2,4-2-3-1,7.1,8.3,0,79.0
4667825,england-vs-croatia,https://www.fotmob.com/matches/england-vs-croatia/2viayw#4667825,England vs Croatia (2026-06-17T20:00:00.000Z),England,Croatia,2026-06-17T20:00:00.000Z,FIFA World Cup Round 1,Dallas Stadium,Clément Turpin,Full time,4,2,England,Croatia,home,Gordon,18,True,starting_xi,AM,3,3,3,4-2-3-1,7.1,6.2,0,72.0
4667825,england-vs-croatia,https://www.fotmob.com/matches/england-vs-croatia/2viayw#4667825,England vs Croatia (2026-06-17T20:00:00.000Z),England,Croatia,2026-06-17T20:00:00.000Z,FIFA World Cup Round 1,Dallas Stadium,Clément Turpin,Full time,4,2,England,Croatia,home,Kane,9,True,starting_xi,FWD,4,1,1,4-2-3-1,7.1,9.0,0,
4667825,england-vs-croatia,https://www.fotmob.com/matches/england-vs-croatia/2viayw#4667825,England vs Croatia (2026-06-17T20:00:00.000Z),England,Croatia,2026-06-17T20:00:00.000Z,FIFA World Cup Round 1,Dallas Stadium,Clément Turpin,Full time,4,2,Croatia,England,away,Musa,26,True,starting_xi,FWD,4,1,1,3-4-2-1,6.6,7.0,0,66.0
4667825,england-vs-croatia,https://www.fotmob.com/matches/england-vs-croatia/2viayw#4667825,England vs Croatia (2026-06-17T20:00:00.000Z),England,Croatia,2026-06-17T20:00:00.000Z,FIFA World Cup Round 1,Dallas Stadium,Clément Turpin,Full time,4,2,Croatia,England,away,Baturina,16,True,starting_xi,AM,3,2,1,3-4-2-1,6.6,7.9,0,78.0
4667825,england-vs-croatia,https://www.fotmob.com/matches/england-vs-croatia/2viayw#4667825,England vs Croatia (2026-06-17T20:00:00.000Z),England,Croatia,2026-06-17T20:00:00.000Z,FIFA World Cup Round 1,Dallas Stadium,Clément Turpin,Full time,4,2,Croatia,England,away,Sucic,17,True,starting_xi,AM,3,2,2,3-4-2-1,6.6,7.5,0,
4667825,england-vs-croatia,https://www.fotmob.com/matches/england-vs-croatia/2viayw#4667825,England vs Croatia (2026-06-17T20:00:00.000Z),England,Croatia,2026-06-17T20:00:00.000Z,FIFA World Cup Round 1,Dallas Stadium,Clément Turpin,Full time,4,2,Croatia,England,away,Perisic,14,True,starting_xi,AM,2,4,1,3-4-2-1,6.6,7.9,0,
4667825,england-vs-croatia,https://www.fotmob.com/matches/england-vs-croatia/2viayw#4667825,England vs Croatia (2026-06-17T20:00:00.000Z),England,Croatia,2026-06-17T20:00:00.000Z,FIFA World Cup Round 1,Dallas Stadium,Clément Turpin,Full time,4,2,Croatia,England,away,Pasalic,15,True,starting_xi,AM,2,4,2,3-4-2-1,6.6,6.8,0,78.0
4667825,england-vs-croatia,https://www.fotmob.com/matches/england-vs-croatia/2viayw#4667825,England vs Croatia (2026-06-17T20:00:00.000Z),England,Croatia,2026-06-17T20:00:00.000Z,FIFA World Cup Round 1,Dallas Stadium,Clément Turpin,Full time,4,2,Croatia,England,away,Modric,10,True,starting_xi,AM,2,4,3,3-4-2-1,6.6,5.9,0,58.0
4667825,england-vs-croatia,https://www.fotmob.com/matches/england-vs-croatia/2viayw#4667825,England vs Croatia (2026-06-17T20:00:00.000Z),England,Croatia,2026-06-17T20:00:00.000Z,FIFA World Cup Round 1,Dallas Stadium,Clément Turpin,Full time,4,2,Croatia,England,away,Stanisic,2,True,starting_xi,AM,2,4,4,3-4-2-1,6.6,7.2,0,
4667825,england-vs-croatia,https://www.fotmob.com/matches/england-vs-croatia/2viayw#4667825,England vs Croatia (2026-06-17T20:00:00.000Z),England,Croatia,2026-06-17T20:00:00.000Z,FIFA World Cup Round 1,Dallas Stadium,Clément Turpin,Full time,4,2,Croatia,England,away,Gvardiol,4,True,starting_xi,DEF,1,3,1,3-4-2-1,6.6,5.7,0,
4667825,england-vs-croatia,https://www.fotmob.com/matches/england-vs-croatia/2viayw#4667825,England vs Croatia (2026-06-17T20:00:00.000Z),England,Croatia,2026-06-17T20:00:00.000Z,FIFA World Cup Round 1,Dallas Stadium,Clément Turpin,Full time,4,2,Croatia,England,away,Vuskovic,22,True,starting_xi,DEF,1,3,2,3-4-2-1,6.6,6.4,0,66.0
4667825,england-vs-croatia,https://www.fotmob.com/matches/england-vs-croatia/2viayw#4667825,England vs Croatia (2026-06-17T20:00:00.000Z),England,Croatia,2026-06-17T20:00:00.000Z,FIFA World Cup Round 1,Dallas Stadium,Clément Turpin,Full time,4,2,Croatia,England,away,Sutalo,6,True,starting_xi,DEF,1,3,3,3-4-2-1,6.6,6.1,0,
4667825,england-vs-croatia,https://www.fotmob.com/matches/england-vs-croatia/2viayw#4667825,England vs Croatia (2026-06-17T20:00:00.000Z),England,Croatia,2026-06-17T20:00:00.000Z,FIFA World Cup Round 1,Dallas Stadium,Clément Turpin,Full time,4,2,Croatia,England,away,Livakovic,1,True,starting_xi,GK,0,1,1,3-4-2-1,6.6,6.5,0,
4667826,panama-vs-ghana,https://www.fotmob.com/matches/panama-vs-ghana/1bjek0#4667826,Ghana vs Panama (2026-06-17T23:00:00.000Z),Ghana,Panama,2026-06-17T23:00:00.000Z,FIFA World Cup Round 1,Toronto Stadium,Glenn Nyberg,Full time,1,0,Ghana,Panama,home,Ati-Zigi,1,True,starting_xi,GK,0,1,1,4-4-1-1,7.0,7.3,0,46.0
4667826,panama-vs-ghana,https://www.fotmob.com/matches/panama-vs-ghana/1bjek0#4667826,Ghana vs Panama (2026-06-17T23:00:00.000Z),Ghana,Panama,2026-06-17T23:00:00.000Z,FIFA World Cup Round 1,Toronto Stadium,Glenn Nyberg,Full time,1,0,Ghana,Panama,home,Senaya,26,True,starting_xi,DEF,1,4,1,4-4-1-1,7.0,7.4,0,
4667826,panama-vs-ghana,https://www.fotmob.com/matches/panama-vs-ghana/1bjek0#4667826,Ghana vs Panama (2026-06-17T23:00:00.000Z),Ghana,Panama,2026-06-17T23:00:00.000Z,FIFA World Cup Round 1,Toronto Stadium,Glenn Nyberg,Full time,1,0,Ghana,Panama,home,Adjetey,4,True,starting_xi,DEF,1,4,2,4-4-1-1,7.0,7.9,0,
4667826,panama-vs-ghana,https://www.fotmob.com/matches/panama-vs-ghana/1bjek0#4667826,Ghana vs Panama (2026-06-17T23:00:00.000Z),Ghana,Panama,2026-06-17T23:00:00.000Z,FIFA World Cup Round 1,Toronto Stadium,Glenn Nyberg,Full time,1,0,Ghana,Panama,home,Opoku,18,True,starting_xi,DEF,1,4,3,4-4-1-1,7.0,7.4,0,
4667826,panama-vs-ghana,https://www.fotmob.com/matches/panama-vs-ghana/1bjek0#4667826,Ghana vs Panama (2026-06-17T23:00:00.000Z),Ghana,Panama,2026-06-17T23:00:00.000Z,FIFA World Cup Round 1,Toronto Stadium,Glenn Nyberg,Full time,1,0,Ghana,Panama,home,Mensah,14,True,starting_xi,DEF,1,4,4,4-4-1-1,7.0,7.1,0,
4667826,panama-vs-ghana,https://www.fotmob.com/matches/panama-vs-ghana/1bjek0#4667826,Ghana vs Panama (2026-06-17T23:00:00.000Z),Ghana,Panama,2026-06-17T23:00:00.000Z,FIFA World Cup Round 1,Toronto Stadium,Glenn Nyberg,Full time,1,0,Ghana,Panama,home,Nuamah,24,True,starting_xi,AM,2,4,1,4-4-1-1,7.0,6.2,0,58.0
4667826,panama-vs-ghana,https://www.fotmob.com/matches/panama-vs-ghana/1bjek0#4667826,Ghana vs Panama (2026-06-17T23:00:00.000Z),Ghana,Panama,2026-06-17T23:00:00.000Z,FIFA World Cup Round 1,Toronto Stadium,Glenn Nyberg,Full time,1,0,Ghana,Panama,home,Yirenkyi,3,True,starting_xi,AM,2,4,2,4-4-1-1,7.0,8.2,0,
4667826,panama-vs-ghana,https://www.fotmob.com/matches/panama-vs-ghana/1bjek0#4667826,Ghana vs Panama (2026-06-17T23:00:00.000Z),Ghana,Panama,2026-06-17T23:00:00.000Z,FIFA World Cup Round 1,Toronto Stadium,Glenn Nyberg,Full time,1,0,Ghana,Panama,home,Owusu,15,True,starting_xi,AM,2,4,3,4-4-1-1,7.0,6.7,0,78.0
4667826,panama-vs-ghana,https://www.fotmob.com/matches/panama-vs-ghana/1bjek0#4667826,Ghana vs Panama (2026-06-17T23:00:00.000Z),Ghana,Panama,2026-06-17T23:00:00.000Z,FIFA World Cup Round 1,Toronto Stadium,Glenn Nyberg,Full time,1,0,Ghana,Panama,home,Semenyo,11,True,starting_xi,AM,2,4,4,4-4-1-1,7.0,6.8,0,
4667826,panama-vs-ghana,https://www.fotmob.com/matches/panama-vs-ghana/1bjek0#4667826,Ghana vs Panama (2026-06-17T23:00:00.000Z),Ghana,Panama,2026-06-17T23:00:00.000Z,FIFA World Cup Round 1,Toronto Stadium,Glenn Nyberg,Full time,1,0,Ghana,Panama,home,Sulemana,22,True,starting_xi,AM,3,1,1,4-4-1-1,7.0,6.5,0,58.0
4667826,panama-vs-ghana,https://www.fotmob.com/matches/panama-vs-ghana/1bjek0#4667826,Ghana vs Panama (2026-06-17T23:00:00.000Z),Ghana,Panama,2026-06-17T23:00:00.000Z,FIFA World Cup Round 1,Toronto Stadium,Glenn Nyberg,Full time,1,0,Ghana,Panama,home,Ayew,9,True,starting_xi,FWD,4,1,1,4-4-1-1,7.0,6.9,0,87.0
4667826,panama-vs-ghana,https://www.fotmob.com/matches/panama-vs-ghana/1bjek0#4667826,Ghana vs Panama (2026-06-17T23:00:00.000Z),Ghana,Panama,2026-06-17T23:00:00.000Z,FIFA World Cup Round 1,Toronto Stadium,Glenn Nyberg,Full time,1,0,Panama,Ghana,away,Rodriguez,7,True,starting_xi,FWD,3,3,1,3-4-3,6.5,5.8,0,74.0
4667826,panama-vs-ghana,https://www.fotmob.com/matches/panama-vs-ghana/1bjek0#4667826,Ghana vs Panama (2026-06-17T23:00:00.000Z),Ghana,Panama,2026-06-17T23:00:00.000Z,FIFA World Cup Round 1,Toronto Stadium,Glenn Nyberg,Full time,1,0,Panama,Ghana,away,Waterman,18,True,starting_xi,FWD,3,3,2,3-4-3,6.5,5.7,0,63.0
4667826,panama-vs-ghana,https://www.fotmob.com/matches/panama-vs-ghana/1bjek0#4667826,Ghana vs Panama (2026-06-17T23:00:00.000Z),Ghana,Panama,2026-06-17T23:00:00.000Z,FIFA World Cup Round 1,Toronto Stadium,Glenn Nyberg,Full time,1,0,Panama,Ghana,away,Martínez,6,True,starting_xi,FWD,3,3,3,3-4-3,6.5,6.4,0,63.0
4667826,panama-vs-ghana,https://www.fotmob.com/matches/panama-vs-ghana/1bjek0#4667826,Ghana vs Panama (2026-06-17T23:00:00.000Z),Ghana,Panama,2026-06-17T23:00:00.000Z,FIFA World Cup Round 1,Toronto Stadium,Glenn Nyberg,Full time,1,0,Panama,Ghana,away,Blackman,2,True,starting_xi,AM,2,4,1,3-4-3,6.5,6.7,0,90.0
4667826,panama-vs-ghana,https://www.fotmob.com/matches/panama-vs-ghana/1bjek0#4667826,Ghana vs Panama (2026-06-17T23:00:00.000Z),Ghana,Panama,2026-06-17T23:00:00.000Z,FIFA World Cup Round 1,Toronto Stadium,Glenn Nyberg,Full time,1,0,Panama,Ghana,away,Bárcenas,11,True,starting_xi,AM,2,4,2,3-4-3,6.5,6.7,0,
4667826,panama-vs-ghana,https://www.fotmob.com/matches/panama-vs-ghana/1bjek0#4667826,Ghana vs Panama (2026-06-17T23:00:00.000Z),Ghana,Panama,2026-06-17T23:00:00.000Z,FIFA World Cup Round 1,Toronto Stadium,Glenn Nyberg,Full time,1,0,Panama,Ghana,away,Harvey,14,True,starting_xi,AM,2,4,3,3-4-3,6.5,6.2,0,
4667826,panama-vs-ghana,https://www.fotmob.com/matches/panama-vs-ghana/1bjek0#4667826,Ghana vs Panama (2026-06-17T23:00:00.000Z),Ghana,Panama,2026-06-17T23:00:00.000Z,FIFA World Cup Round 1,Toronto Stadium,Glenn Nyberg,Full time,1,0,Panama,Ghana,away,Murillo,23,True,starting_xi,AM,2,4,4,3-4-3,6.5,7.6,0,
4667826,panama-vs-ghana,https://www.fotmob.com/matches/panama-vs-ghana/1bjek0#4667826,Ghana vs Panama (2026-06-17T23:00:00.000Z),Ghana,Panama,2026-06-17T23:00:00.000Z,FIFA World Cup Round 1,Toronto Stadium,Glenn Nyberg,Full time,1,0,Panama,Ghana,away,Andrade,16,True,starting_xi,DEF,1,3,1,3-4-3,6.5,7.0,0,
4667826,panama-vs-ghana,https://www.fotmob.com/matches/panama-vs-ghana/1bjek0#4667826,Ghana vs Panama (2026-06-17T23:00:00.000Z),Ghana,Panama,2026-06-17T23:00:00.000Z,FIFA World Cup Round 1,Toronto Stadium,Glenn Nyberg,Full time,1,0,Panama,Ghana,away,Córdoba,3,True,starting_xi,DEF,1,3,2,3-4-3,6.5,6.3,0,
4667826,panama-vs-ghana,https://www.fotmob.com/matches/panama-vs-ghana/1bjek0#4667826,Ghana vs Panama (2026-06-17T23:00:00.000Z),Ghana,Panama,2026-06-17T23:00:00.000Z,FIFA World Cup Round 1,Toronto Stadium,Glenn Nyberg,Full time,1,0,Panama,Ghana,away,Ramos,13,True,starting_xi,DEF,1,3,3,3-4-3,6.5,7.5,0,
4667826,panama-vs-ghana,https://www.fotmob.com/matches/panama-vs-ghana/1bjek0#4667826,Ghana vs Panama (2026-06-17T23:00:00.000Z),Ghana,Panama,2026-06-17T23:00:00.000Z,FIFA World Cup Round 1,Toronto Stadium,Glenn Nyberg,Full time,1,0,Panama,Ghana,away,Mosquera,22,True,starting_xi,GK,0,1,1,3-4-3,6.5,6.5,0,
4667754,mexico-vs-south-korea,https://www.fotmob.com/matches/mexico-vs-south-korea/1qpvav#4667754,Mexico vs South Korea (2026-06-19T01:00:00.000Z),Mexico,South Korea,2026-06-19T01:00:00.000Z,,Guadalajara Stadium,Gustavo Adrian Tejera Capo,Full time,1,0,Mexico,South Korea,home,Rangel,1,True,starting_xi,GK,0,1,1,4-1-4-1,6.9,8.4,0,
4667754,mexico-vs-south-korea,https://www.fotmob.com/matches/mexico-vs-south-korea/1qpvav#4667754,Mexico vs South Korea (2026-06-19T01:00:00.000Z),Mexico,South Korea,2026-06-19T01:00:00.000Z,,Guadalajara Stadium,Gustavo Adrian Tejera Capo,Full time,1,0,Mexico,South Korea,home,Sánchez,2,True,starting_xi,DEF,1,4,1,4-1-4-1,6.9,6.8,0,
4667754,mexico-vs-south-korea,https://www.fotmob.com/matches/mexico-vs-south-korea/1qpvav#4667754,Mexico vs South Korea (2026-06-19T01:00:00.000Z),Mexico,South Korea,2026-06-19T01:00:00.000Z,,Guadalajara Stadium,Gustavo Adrian Tejera Capo,Full time,1,0,Mexico,South Korea,home,Álvarez,4,True,starting_xi,DEF,1,4,2,4-1-4-1,6.9,7.8,0,
4667754,mexico-vs-south-korea,https://www.fotmob.com/matches/mexico-vs-south-korea/1qpvav#4667754,Mexico vs South Korea (2026-06-19T01:00:00.000Z),Mexico,South Korea,2026-06-19T01:00:00.000Z,,Guadalajara Stadium,Gustavo Adrian Tejera Capo,Full time,1,0,Mexico,South Korea,home,Vásquez,5,True,starting_xi,DEF,1,4,3,4-1-4-1,6.9,6.9,0,
4667754,mexico-vs-south-korea,https://www.fotmob.com/matches/mexico-vs-south-korea/1qpvav#4667754,Mexico vs South Korea (2026-06-19T01:00:00.000Z),Mexico,South Korea,2026-06-19T01:00:00.000Z,,Guadalajara Stadium,Gustavo Adrian Tejera Capo,Full time,1,0,Mexico,South Korea,home,Gallardo,23,True,starting_xi,DEF,1,4,4,4-1-4-1,6.9,7.4,0,
4667754,mexico-vs-south-korea,https://www.fotmob.com/matches/mexico-vs-south-korea/1qpvav#4667754,Mexico vs South Korea (2026-06-19T01:00:00.000Z),Mexico,South Korea,2026-06-19T01:00:00.000Z,,Guadalajara Stadium,Gustavo Adrian Tejera Capo,Full time,1,0,Mexico,South Korea,home,Lira,6,True,starting_xi,AM,2,1,1,4-1-4-1,6.9,6.7,0,
4667754,mexico-vs-south-korea,https://www.fotmob.com/matches/mexico-vs-south-korea/1qpvav#4667754,Mexico vs South Korea (2026-06-19T01:00:00.000Z),Mexico,South Korea,2026-06-19T01:00:00.000Z,,Guadalajara Stadium,Gustavo Adrian Tejera Capo,Full time,1,0,Mexico,South Korea,home,Alvarado,25,True,starting_xi,AM,3,4,1,4-1-4-1,6.9,7.0,0,80.0
4667754,mexico-vs-south-korea,https://www.fotmob.com/matches/mexico-vs-south-korea/1qpvav#4667754,Mexico vs South Korea (2026-06-19T01:00:00.000Z),Mexico,South Korea,2026-06-19T01:00:00.000Z,,Guadalajara Stadium,Gustavo Adrian Tejera Capo,Full time,1,0,Mexico,South Korea,home,Gutiérrez,26,True,starting_xi,AM,3,4,2,4-1-4-1,6.9,7.0,0,71.0
4667754,mexico-vs-south-korea,https://www.fotmob.com/matches/mexico-vs-south-korea/1qpvav#4667754,Mexico vs South Korea (2026-06-19T01:00:00.000Z),Mexico,South Korea,2026-06-19T01:00:00.000Z,,Guadalajara Stadium,Gustavo Adrian Tejera Capo,Full time,1,0,Mexico,South Korea,home,Romo,7,True,starting_xi,AM,3,4,3,4-1-4-1,6.9,8.0,0,71.0
4667754,mexico-vs-south-korea,https://www.fotmob.com/matches/mexico-vs-south-korea/1qpvav#4667754,Mexico vs South Korea (2026-06-19T01:00:00.000Z),Mexico,South Korea,2026-06-19T01:00:00.000Z,,Guadalajara Stadium,Gustavo Adrian Tejera Capo,Full time,1,0,Mexico,South Korea,home,Quiñones,16,True,starting_xi,AM,3,4,4,4-1-4-1,6.9,6.7,0,84.0
4667754,mexico-vs-south-korea,https://www.fotmob.com/matches/mexico-vs-south-korea/1qpvav#4667754,Mexico vs South Korea (2026-06-19T01:00:00.000Z),Mexico,South Korea,2026-06-19T01:00:00.000Z,,Guadalajara Stadium,Gustavo Adrian Tejera Capo,Full time,1,0,Mexico,South Korea,home,Jiménez,9,True,starting_xi,FWD,4,1,1,4-1-4-1,6.9,6.2,0,80.0
4667754,mexico-vs-south-korea,https://www.fotmob.com/matches/mexico-vs-south-korea/1qpvav#4667754,Mexico vs South Korea (2026-06-19T01:00:00.000Z),Mexico,South Korea,2026-06-19T01:00:00.000Z,,Guadalajara Stadium,Gustavo Adrian Tejera Capo,Full time,1,0,South Korea,Mexico,away,Son,7,True,starting_xi,FWD,4,1,1,3-4-2-1,6.4,6.8,0,57.0
4667754,mexico-vs-south-korea,https://www.fotmob.com/matches/mexico-vs-south-korea/1qpvav#4667754,Mexico vs South Korea (2026-06-19T01:00:00.000Z),Mexico,South Korea,2026-06-19T01:00:00.000Z,,Guadalajara Stadium,Gustavo Adrian Tejera Capo,Full time,1,0,South Korea,Mexico,away,Lee,10,True,starting_xi,AM,3,2,1,3-4-2-1,6.4,6.4,0,57.0
4667754,mexico-vs-south-korea,https://www.fotmob.com/matches/mexico-vs-south-korea/1qpvav#4667754,Mexico vs South Korea (2026-06-19T01:00:00.000Z),Mexico,South Korea,2026-06-19T01:00:00.000Z,,Guadalajara Stadium,Gustavo Adrian Tejera Capo,Full time,1,0,South Korea,Mexico,away,Lee,19,True,starting_xi,AM,3,2,2,3-4-2-1,6.4,7.2,0,
4667754,mexico-vs-south-korea,https://www.fotmob.com/matches/mexico-vs-south-korea/1qpvav#4667754,Mexico vs South Korea (2026-06-19T01:00:00.000Z),Mexico,South Korea,2026-06-19T01:00:00.000Z,,Guadalajara Stadium,Gustavo Adrian Tejera Capo,Full time,1,0,South Korea,Mexico,away,Seol,22,True,starting_xi,AM,2,4,1,3-4-2-1,6.4,6.2,0,71.0
4667754,mexico-vs-south-korea,https://www.fotmob.com/matches/mexico-vs-south-korea/1qpvav#4667754,Mexico vs South Korea (2026-06-19T01:00:00.000Z),Mexico,South Korea,2026-06-19T01:00:00.000Z,,Guadalajara Stadium,Gustavo Adrian Tejera Capo,Full time,1,0,South Korea,Mexico,away,Paik,8,True,starting_xi,AM,2,4,2,3-4-2-1,6.4,6.3,0,77.0
4667754,mexico-vs-south-korea,https://www.fotmob.com/matches/mexico-vs-south-korea/1qpvav#4667754,Mexico vs South Korea (2026-06-19T01:00:00.000Z),Mexico,South Korea,2026-06-19T01:00:00.000Z,,Guadalajara Stadium,Gustavo Adrian Tejera Capo,Full time,1,0,South Korea,Mexico,away,Hwang,6,True,starting_xi,AM,2,4,3,3-4-2-1,6.4,6.0,0,
4667754,mexico-vs-south-korea,https://www.fotmob.com/matches/mexico-vs-south-korea/1qpvav#4667754,Mexico vs South Korea (2026-06-19T01:00:00.000Z),Mexico,South Korea,2026-06-19T01:00:00.000Z,,Guadalajara Stadium,Gustavo Adrian Tejera Capo,Full time,1,0,South Korea,Mexico,away,Kim,15,True,starting_xi,AM,2,4,4,3-4-2-1,6.4,6.3,0,71.0
4667754,mexico-vs-south-korea,https://www.fotmob.com/matches/mexico-vs-south-korea/1qpvav#4667754,Mexico vs South Korea (2026-06-19T01:00:00.000Z),Mexico,South Korea,2026-06-19T01:00:00.000Z,,Guadalajara Stadium,Gustavo Adrian Tejera Capo,Full time,1,0,South Korea,Mexico,away,Lee,3,True,starting_xi,DEF,1,3,1,3-4-2-1,6.4,6.5,0,
4667754,mexico-vs-south-korea,https://www.fotmob.com/matches/mexico-vs-south-korea/1qpvav#4667754,Mexico vs South Korea (2026-06-19T01:00:00.000Z),Mexico,South Korea,2026-06-19T01:00:00.000Z,,Guadalajara Stadium,Gustavo Adrian Tejera Capo,Full time,1,0,South Korea,Mexico,away,Kim,4,True,starting_xi,DEF,1,3,2,3-4-2-1,6.4,6.9,0,
4667754,mexico-vs-south-korea,https://www.fotmob.com/matches/mexico-vs-south-korea/1qpvav#4667754,Mexico vs South Korea (2026-06-19T01:00:00.000Z),Mexico,South Korea,2026-06-19T01:00:00.000Z,,Guadalajara Stadium,Gustavo Adrian Tejera Capo,Full time,1,0,South Korea,Mexico,away,Lee,2,True,starting_xi,DEF,1,3,3,3-4-2-1,6.4,6.6,0,
4667754,mexico-vs-south-korea,https://www.fotmob.com/matches/mexico-vs-south-korea/1qpvav#4667754,Mexico vs South Korea (2026-06-19T01:00:00.000Z),Mexico,South Korea,2026-06-19T01:00:00.000Z,,Guadalajara Stadium,Gustavo Adrian Tejera Capo,Full time,1,0,South Korea,Mexico,away,Kim,1,True,starting_xi,GK,0,1,1,3-4-2-1,6.4,5.8,0,
4667753,south-africa-vs-czechia,https://www.fotmob.com/matches/south-africa-vs-czechia/1tbjja#4667753,Czechia vs South Africa (2026-06-18T16:00:00.000Z),Czechia,South Africa,2026-06-18T16:00:00.000Z,,Atlanta Stadium,Mary Victoria Penso,Full time,1,1,Czechia,South Africa,home,Kovár,1,True,starting_xi,GK,0,1,1,3-5-2,6.7,6.7,0,
4667753,south-africa-vs-czechia,https://www.fotmob.com/matches/south-africa-vs-czechia/1tbjja#4667753,Czechia vs South Africa (2026-06-18T16:00:00.000Z),Czechia,South Africa,2026-06-18T16:00:00.000Z,,Atlanta Stadium,Mary Victoria Penso,Full time,1,1,Czechia,South Africa,home,Hranác,4,True,starting_xi,DEF,1,3,1,3-5-2,6.7,6.4,0,
4667753,south-africa-vs-czechia,https://www.fotmob.com/matches/south-africa-vs-czechia/1tbjja#4667753,Czechia vs South Africa (2026-06-18T16:00:00.000Z),Czechia,South Africa,2026-06-18T16:00:00.000Z,,Atlanta Stadium,Mary Victoria Penso,Full time,1,1,Czechia,South Africa,home,Holes,3,True,starting_xi,DEF,1,3,2,3-5-2,6.7,7.0,0,
4667753,south-africa-vs-czechia,https://www.fotmob.com/matches/south-africa-vs-czechia/1tbjja#4667753,Czechia vs South Africa (2026-06-18T16:00:00.000Z),Czechia,South Africa,2026-06-18T16:00:00.000Z,,Atlanta Stadium,Mary Victoria Penso,Full time,1,1,Czechia,South Africa,home,Krejcí,7,True,starting_xi,DEF,1,3,3,3-5-2,6.7,7.8,0,
4667753,south-africa-vs-czechia,https://www.fotmob.com/matches/south-africa-vs-czechia/1tbjja#4667753,Czechia vs South Africa (2026-06-18T16:00:00.000Z),Czechia,South Africa,2026-06-18T16:00:00.000Z,,Atlanta Stadium,Mary Victoria Penso,Full time,1,1,Czechia,South Africa,home,Coufal,5,True,starting_xi,AM,2,5,1,3-5-2,6.7,7.7,0,
4667753,south-africa-vs-czechia,https://www.fotmob.com/matches/south-africa-vs-czechia/1tbjja#4667753,Czechia vs South Africa (2026-06-18T16:00:00.000Z),Czechia,South Africa,2026-06-18T16:00:00.000Z,,Atlanta Stadium,Mary Victoria Penso,Full time,1,1,Czechia,South Africa,home,Sadílek,18,True,starting_xi,AM,2,5,2,3-5-2,6.7,7.5,0,67.0
4667753,south-africa-vs-czechia,https://www.fotmob.com/matches/south-africa-vs-czechia/1tbjja#4667753,Czechia vs South Africa (2026-06-18T16:00:00.000Z),Czechia,South Africa,2026-06-18T16:00:00.000Z,,Atlanta Stadium,Mary Victoria Penso,Full time,1,1,Czechia,South Africa,home,Darida,8,True,starting_xi,AM,2,5,3,3-5-2,6.7,7.0,0,55.0
4667753,south-africa-vs-czechia,https://www.fotmob.com/matches/south-africa-vs-czechia/1tbjja#4667753,Czechia vs South Africa (2026-06-18T16:00:00.000Z),Czechia,South Africa,2026-06-18T16:00:00.000Z,,Atlanta Stadium,Mary Victoria Penso,Full time,1,1,Czechia,South Africa,home,Cerv,12,True,starting_xi,AM,2,5,4,3-5-2,6.7,7.0,0,78.0
4667753,south-africa-vs-czechia,https://www.fotmob.com/matches/south-africa-vs-czechia/1tbjja#4667753,Czechia vs South Africa (2026-06-18T16:00:00.000Z),Czechia,South Africa,2026-06-18T16:00:00.000Z,,Atlanta Stadium,Mary Victoria Penso,Full time,1,1,Czechia,South Africa,home,Sojka,24,True,starting_xi,AM,2,5,5,3-5-2,6.7,7.6,0,55.0
4667753,south-africa-vs-czechia,https://www.fotmob.com/matches/south-africa-vs-czechia/1tbjja#4667753,Czechia vs South Africa (2026-06-18T16:00:00.000Z),Czechia,South Africa,2026-06-18T16:00:00.000Z,,Atlanta Stadium,Mary Victoria Penso,Full time,1,1,Czechia,South Africa,home,Hlozek,9,True,starting_xi,FWD,3,2,1,3-5-2,6.7,5.7,0,67.0
4667753,south-africa-vs-czechia,https://www.fotmob.com/matches/south-africa-vs-czechia/1tbjja#4667753,Czechia vs South Africa (2026-06-18T16:00:00.000Z),Czechia,South Africa,2026-06-18T16:00:00.000Z,,Atlanta Stadium,Mary Victoria Penso,Full time,1,1,Czechia,South Africa,home,Schick,10,True,starting_xi,FWD,3,2,2,3-5-2,6.7,6.2,0,
4667753,south-africa-vs-czechia,https://www.fotmob.com/matches/south-africa-vs-czechia/1tbjja#4667753,Czechia vs South Africa (2026-06-18T16:00:00.000Z),Czechia,South Africa,2026-06-18T16:00:00.000Z,,Atlanta Stadium,Mary Victoria Penso,Full time,1,1,South Africa,Czechia,away,Appollis,7,True,starting_xi,FWD,3,3,1,4-3-3,6.9,7.2,0,
4667753,south-africa-vs-czechia,https://www.fotmob.com/matches/south-africa-vs-czechia/1tbjja#4667753,Czechia vs South Africa (2026-06-18T16:00:00.000Z),Czechia,South Africa,2026-06-18T16:00:00.000Z,,Atlanta Stadium,Mary Victoria Penso,Full time,1,1,South Africa,Czechia,away,Rayners,15,True,starting_xi,FWD,3,3,2,4-3-3,6.9,5.7,0,66.0
4667753,south-africa-vs-czechia,https://www.fotmob.com/matches/south-africa-vs-czechia/1tbjja#4667753,Czechia vs South Africa (2026-06-18T16:00:00.000Z),Czechia,South Africa,2026-06-18T16:00:00.000Z,,Atlanta Stadium,Mary Victoria Penso,Full time,1,1,South Africa,Czechia,away,Maseko,12,True,starting_xi,FWD,3,3,3,4-3-3,6.9,6.8,0,84.0
4667753,south-africa-vs-czechia,https://www.fotmob.com/matches/south-africa-vs-czechia/1tbjja#4667753,Czechia vs South Africa (2026-06-18T16:00:00.000Z),Czechia,South Africa,2026-06-18T16:00:00.000Z,,Atlanta Stadium,Mary Victoria Penso,Full time,1,1,South Africa,Czechia,away,Adams,23,True,starting_xi,AM,2,3,1,4-3-3,6.9,6.4,0,46.0
4667753,south-africa-vs-czechia,https://www.fotmob.com/matches/south-africa-vs-czechia/1tbjja#4667753,Czechia vs South Africa (2026-06-18T16:00:00.000Z),Czechia,South Africa,2026-06-18T16:00:00.000Z,,Atlanta Stadium,Mary Victoria Penso,Full time,1,1,South Africa,Czechia,away,Mokoena,4,True,starting_xi,AM,2,3,2,4-3-3,6.9,8.6,0,
4667753,south-africa-vs-czechia,https://www.fotmob.com/matches/south-africa-vs-czechia/1tbjja#4667753,Czechia vs South Africa (2026-06-18T16:00:00.000Z),Czechia,South Africa,2026-06-18T16:00:00.000Z,,Atlanta Stadium,Mary Victoria Penso,Full time,1,1,South Africa,Czechia,away,Mbatha,5,True,starting_xi,AM,2,3,3,4-3-3,6.9,6.5,0,
4667753,south-africa-vs-czechia,https://www.fotmob.com/matches/south-africa-vs-czechia/1tbjja#4667753,Czechia vs South Africa (2026-06-18T16:00:00.000Z),Czechia,South Africa,2026-06-18T16:00:00.000Z,,Atlanta Stadium,Mary Victoria Penso,Full time,1,1,South Africa,Czechia,away,Modiba,6,True,starting_xi,DEF,1,4,1,4-3-3,6.9,7.9,0,
4667753,south-africa-vs-czechia,https://www.fotmob.com/matches/south-africa-vs-czechia/1tbjja#4667753,Czechia vs South Africa (2026-06-18T16:00:00.000Z),Czechia,South Africa,2026-06-18T16:00:00.000Z,,Atlanta Stadium,Mary Victoria Penso,Full time,1,1,South Africa,Czechia,away,Mbokazi,14,True,starting_xi,DEF,1,4,2,4-3-3,6.9,7.0,0,
4667753,south-africa-vs-czechia,https://www.fotmob.com/matches/south-africa-vs-czechia/1tbjja#4667753,Czechia vs South Africa (2026-06-18T16:00:00.000Z),Czechia,South Africa,2026-06-18T16:00:00.000Z,,Atlanta Stadium,Mary Victoria Penso,Full time,1,1,South Africa,Czechia,away,Okon,21,True,starting_xi,DEF,1,4,3,4-3-3,6.9,7.6,0,
4667753,south-africa-vs-czechia,https://www.fotmob.com/matches/south-africa-vs-czechia/1tbjja#4667753,Czechia vs South Africa (2026-06-18T16:00:00.000Z),Czechia,South Africa,2026-06-18T16:00:00.000Z,,Atlanta Stadium,Mary Victoria Penso,Full time,1,1,South Africa,Czechia,away,Mudau,20,True,starting_xi,DEF,1,4,4,4-3-3,6.9,7.5,0,
4667753,south-africa-vs-czechia,https://www.fotmob.com/matches/south-africa-vs-czechia/1tbjja#4667753,Czechia vs South Africa (2026-06-18T16:00:00.000Z),Czechia,South Africa,2026-06-18T16:00:00.000Z,,Atlanta Stadium,Mary Victoria Penso,Full time,1,1,South Africa,Czechia,away,Williams,1,True,starting_xi,GK,0,1,1,4-3-3,6.9,6.1,0,
4667760,canada-vs-qatar,https://www.fotmob.com/matches/canada-vs-qatar/14u9ym#4667760,Canada vs Qatar (2026-06-18T22:00:00.000Z),Canada,Qatar,2026-06-18T22:00:00.000Z,,,,Full time,6,0,Canada,Qatar,home,Crépeau,16,True,starting_xi,GK,0,1,1,4-4-2,7.4,6.9,0,
4667760,canada-vs-qatar,https://www.fotmob.com/matches/canada-vs-qatar/14u9ym#4667760,Canada vs Qatar (2026-06-18T22:00:00.000Z),Canada,Qatar,2026-06-18T22:00:00.000Z,,,,Full time,6,0,Canada,Qatar,home,Johnston,2,True,starting_xi,DEF,1,4,1,4-4-2,7.4,8.3,0,
4667760,canada-vs-qatar,https://www.fotmob.com/matches/canada-vs-qatar/14u9ym#4667760,Canada vs Qatar (2026-06-18T22:00:00.000Z),Canada,Qatar,2026-06-18T22:00:00.000Z,,,,Full time,6,0,Canada,Qatar,home,De Fougerolles,4,True,starting_xi,DEF,1,4,2,4-4-2,7.4,7.3,0,71.0
4667760,canada-vs-qatar,https://www.fotmob.com/matches/canada-vs-qatar/14u9ym#4667760,Canada vs Qatar (2026-06-18T22:00:00.000Z),Canada,Qatar,2026-06-18T22:00:00.000Z,,,,Full time,6,0,Canada,Qatar,home,Cornelius,13,True,starting_xi,DEF,1,4,3,4-4-2,7.4,6.5,0,46.0
4667760,canada-vs-qatar,https://www.fotmob.com/matches/canada-vs-qatar/14u9ym#4667760,Canada vs Qatar (2026-06-18T22:00:00.000Z),Canada,Qatar,2026-06-18T22:00:00.000Z,,,,Full time,6,0,Canada,Qatar,home,Laryea,22,True,starting_xi,DEF,1,4,4,4-4-2,7.4,8.0,0,
4667760,canada-vs-qatar,https://www.fotmob.com/matches/canada-vs-qatar/14u9ym#4667760,Canada vs Qatar (2026-06-18T22:00:00.000Z),Canada,Qatar,2026-06-18T22:00:00.000Z,,,,Full time,6,0,Canada,Qatar,home,Buchanan,17,True,starting_xi,AM,2,4,1,4-4-2,7.4,7.8,0,83.0
4667760,canada-vs-qatar,https://www.fotmob.com/matches/canada-vs-qatar/14u9ym#4667760,Canada vs Qatar (2026-06-18T22:00:00.000Z),Canada,Qatar,2026-06-18T22:00:00.000Z,,,,Full time,6,0,Canada,Qatar,home,Koné,8,True,starting_xi,AM,2,4,2,4-4-2,7.4,7.4,0,56.0
4667760,canada-vs-qatar,https://www.fotmob.com/matches/canada-vs-qatar/14u9ym#4667760,Canada vs Qatar (2026-06-18T22:00:00.000Z),Canada,Qatar,2026-06-18T22:00:00.000Z,,,,Full time,6,0,Canada,Qatar,home,Eustaquio,7,True,starting_xi,AM,2,4,3,4-4-2,7.4,7.8,0,
4667760,canada-vs-qatar,https://www.fotmob.com/matches/canada-vs-qatar/14u9ym#4667760,Canada vs Qatar (2026-06-18T22:00:00.000Z),Canada,Qatar,2026-06-18T22:00:00.000Z,,,,Full time,6,0,Canada,Qatar,home,Ahmed,20,True,starting_xi,AM,2,4,4,4-4-2,7.4,7.1,0,71.0
4667760,canada-vs-qatar,https://www.fotmob.com/matches/canada-vs-qatar/14u9ym#4667760,Canada vs Qatar (2026-06-18T22:00:00.000Z),Canada,Qatar,2026-06-18T22:00:00.000Z,,,,Full time,6,0,Canada,Qatar,home,David,10,True,starting_xi,FWD,3,2,1,4-4-2,7.4,9.6,0,
4667760,canada-vs-qatar,https://www.fotmob.com/matches/canada-vs-qatar/14u9ym#4667760,Canada vs Qatar (2026-06-18T22:00:00.000Z),Canada,Qatar,2026-06-18T22:00:00.000Z,,,,Full time,6,0,Canada,Qatar,home,Larin,9,True,starting_xi,FWD,3,2,2,4-4-2,7.4,7.6,0,
4667760,canada-vs-qatar,https://www.fotmob.com/matches/canada-vs-qatar/14u9ym#4667760,Canada vs Qatar (2026-06-18T22:00:00.000Z),Canada,Qatar,2026-06-18T22:00:00.000Z,,,,Full time,6,0,Qatar,Canada,away,Afif,11,True,starting_xi,FWD,3,3,1,4-3-3,5.6,6.1,0,59.0
4667760,canada-vs-qatar,https://www.fotmob.com/matches/canada-vs-qatar/14u9ym#4667760,Canada vs Qatar (2026-06-18T22:00:00.000Z),Canada,Qatar,2026-06-18T22:00:00.000Z,,,,Full time,6,0,Qatar,Canada,away,Abdurisag,15,True,starting_xi,FWD,3,3,2,4-3-3,5.6,6.0,0,40.0
4667760,canada-vs-qatar,https://www.fotmob.com/matches/canada-vs-qatar/14u9ym#4667760,Canada vs Qatar (2026-06-18T22:00:00.000Z),Canada,Qatar,2026-06-18T22:00:00.000Z,,,,Full time,6,0,Qatar,Canada,away,Junior,8,True,starting_xi,FWD,3,3,3,4-3-3,5.6,5.9,0,46.0
4667760,canada-vs-qatar,https://www.fotmob.com/matches/canada-vs-qatar/14u9ym#4667760,Canada vs Qatar (2026-06-18T22:00:00.000Z),Canada,Qatar,2026-06-18T22:00:00.000Z,,,,Full time,6,0,Qatar,Canada,away,Laye,4,True,starting_xi,AM,2,3,1,4-3-3,5.6,6.3,0,
4667760,canada-vs-qatar,https://www.fotmob.com/matches/canada-vs-qatar/14u9ym#4667760,Canada vs Qatar (2026-06-18T22:00:00.000Z),Canada,Qatar,2026-06-18T22:00:00.000Z,,,,Full time,6,0,Qatar,Canada,away,Madibo,23,True,starting_xi,AM,2,3,2,4-3-3,5.6,5.0,0,
4667760,canada-vs-qatar,https://www.fotmob.com/matches/canada-vs-qatar/14u9ym#4667760,Canada vs Qatar (2026-06-18T22:00:00.000Z),Canada,Qatar,2026-06-18T22:00:00.000Z,,,,Full time,6,0,Qatar,Canada,away,Gaber,5,True,starting_xi,AM,2,3,3,4-3-3,5.6,6.3,0,46.0
4667760,canada-vs-qatar,https://www.fotmob.com/matches/canada-vs-qatar/14u9ym#4667760,Canada vs Qatar (2026-06-18T22:00:00.000Z),Canada,Qatar,2026-06-18T22:00:00.000Z,,,,Full time,6,0,Qatar,Canada,away,Elamin,14,True,starting_xi,DEF,1,4,1,4-3-3,5.6,4.5,0,
4667760,canada-vs-qatar,https://www.fotmob.com/matches/canada-vs-qatar/14u9ym#4667760,Canada vs Qatar (2026-06-18T22:00:00.000Z),Canada,Qatar,2026-06-18T22:00:00.000Z,,,,Full time,6,0,Qatar,Canada,away,Khoukhi,16,True,starting_xi,DEF,1,4,2,4-3-3,5.6,5.3,0,
4667760,canada-vs-qatar,https://www.fotmob.com/matches/canada-vs-qatar/14u9ym#4667760,Canada vs Qatar (2026-06-18T22:00:00.000Z),Canada,Qatar,2026-06-18T22:00:00.000Z,,,,Full time,6,0,Qatar,Canada,away,Miguel,2,True,starting_xi,DEF,1,4,3,4-3-3,5.6,4.8,0,
4667760,canada-vs-qatar,https://www.fotmob.com/matches/canada-vs-qatar/14u9ym#4667760,Canada vs Qatar (2026-06-18T22:00:00.000Z),Canada,Qatar,2026-06-18T22:00:00.000Z,,,,Full time,6,0,Qatar,Canada,away,Al Oui,13,True,starting_xi,DEF,1,4,4,4-3-3,5.6,5.0,0,
4667760,canada-vs-qatar,https://www.fotmob.com/matches/canada-vs-qatar/14u9ym#4667760,Canada vs Qatar (2026-06-18T22:00:00.000Z),Canada,Qatar,2026-06-18T22:00:00.000Z,,,,Full time,6,0,Qatar,Canada,away,Abunada,1,True,starting_xi,GK,0,1,1,4-3-3,5.6,5.1,0,
4667759,switzerland-vs-bosnia-herzegovina,https://www.fotmob.com/matches/switzerland-vs-bosnia-herzegovina/2c9awx#4667759,Switzerland vs Bosnia and Herzegovina (2026-06-18T19:00:00.000Z),Switzerland,Bosnia and Herzegovina,2026-06-18T19:00:00.000Z,,Los Angeles Stadium,João Pedro Silva Pinheiro,Full time,4,1,Switzerland,Bosnia and Herzegovina,home,Kobel,1,True,starting_xi,GK,0,1,1,4-3-1-2,7.5,6.5,0,
4667759,switzerland-vs-bosnia-herzegovina,https://www.fotmob.com/matches/switzerland-vs-bosnia-herzegovina/2c9awx#4667759,Switzerland vs Bosnia and Herzegovina (2026-06-18T19:00:00.000Z),Switzerland,Bosnia and Herzegovina,2026-06-18T19:00:00.000Z,,Los Angeles Stadium,João Pedro Silva Pinheiro,Full time,4,1,Switzerland,Bosnia and Herzegovina,home,Widmer,3,True,starting_xi,DEF,1,4,1,4-3-1-2,7.5,6.7,0,86.0
4667759,switzerland-vs-bosnia-herzegovina,https://www.fotmob.com/matches/switzerland-vs-bosnia-herzegovina/2c9awx#4667759,Switzerland vs Bosnia and Herzegovina (2026-06-18T19:00:00.000Z),Switzerland,Bosnia and Herzegovina,2026-06-18T19:00:00.000Z,,Los Angeles Stadium,João Pedro Silva Pinheiro,Full time,4,1,Switzerland,Bosnia and Herzegovina,home,Elvedi,4,True,starting_xi,DEF,1,4,2,4-3-1-2,7.5,7.4,0,
4667759,switzerland-vs-bosnia-herzegovina,https://www.fotmob.com/matches/switzerland-vs-bosnia-herzegovina/2c9awx#4667759,Switzerland vs Bosnia and Herzegovina (2026-06-18T19:00:00.000Z),Switzerland,Bosnia and Herzegovina,2026-06-18T19:00:00.000Z,,Los Angeles Stadium,João Pedro Silva Pinheiro,Full time,4,1,Switzerland,Bosnia and Herzegovina,home,Akanji,5,True,starting_xi,DEF,1,4,3,4-3-1-2,7.5,7.9,0,
4667759,switzerland-vs-bosnia-herzegovina,https://www.fotmob.com/matches/switzerland-vs-bosnia-herzegovina/2c9awx#4667759,Switzerland vs Bosnia and Herzegovina (2026-06-18T19:00:00.000Z),Switzerland,Bosnia and Herzegovina,2026-06-18T19:00:00.000Z,,Los Angeles Stadium,João Pedro Silva Pinheiro,Full time,4,1,Switzerland,Bosnia and Herzegovina,home,Rodríguez,13,True,starting_xi,DEF,1,4,4,4-3-1-2,7.5,7.3,0,
4667759,switzerland-vs-bosnia-herzegovina,https://www.fotmob.com/matches/switzerland-vs-bosnia-herzegovina/2c9awx#4667759,Switzerland vs Bosnia and Herzegovina (2026-06-18T19:00:00.000Z),Switzerland,Bosnia and Herzegovina,2026-06-18T19:00:00.000Z,,Los Angeles Stadium,João Pedro Silva Pinheiro,Full time,4,1,Switzerland,Bosnia and Herzegovina,home,Aebischer,20,True,starting_xi,AM,2,3,1,4-3-1-2,7.5,7.2,0,72.0
4667759,switzerland-vs-bosnia-herzegovina,https://www.fotmob.com/matches/switzerland-vs-bosnia-herzegovina/2c9awx#4667759,Switzerland vs Bosnia and Herzegovina (2026-06-18T19:00:00.000Z),Switzerland,Bosnia and Herzegovina,2026-06-18T19:00:00.000Z,,Los Angeles Stadium,João Pedro Silva Pinheiro,Full time,4,1,Switzerland,Bosnia and Herzegovina,home,Xhaka,10,True,starting_xi,AM,2,3,2,4-3-1-2,7.5,8.6,0,
4667759,switzerland-vs-bosnia-herzegovina,https://www.fotmob.com/matches/switzerland-vs-bosnia-herzegovina/2c9awx#4667759,Switzerland vs Bosnia and Herzegovina (2026-06-18T19:00:00.000Z),Switzerland,Bosnia and Herzegovina,2026-06-18T19:00:00.000Z,,Los Angeles Stadium,João Pedro Silva Pinheiro,Full time,4,1,Switzerland,Bosnia and Herzegovina,home,Freuler,8,True,starting_xi,AM,2,3,3,4-3-1-2,7.5,7.3,0,
4667759,switzerland-vs-bosnia-herzegovina,https://www.fotmob.com/matches/switzerland-vs-bosnia-herzegovina/2c9awx#4667759,Switzerland vs Bosnia and Herzegovina (2026-06-18T19:00:00.000Z),Switzerland,Bosnia and Herzegovina,2026-06-18T19:00:00.000Z,,Los Angeles Stadium,João Pedro Silva Pinheiro,Full time,4,1,Switzerland,Bosnia and Herzegovina,home,Rieder,22,True,starting_xi,AM,3,1,1,4-3-1-2,7.5,7.2,0,72.0
4667759,switzerland-vs-bosnia-herzegovina,https://www.fotmob.com/matches/switzerland-vs-bosnia-herzegovina/2c9awx#4667759,Switzerland vs Bosnia and Herzegovina (2026-06-18T19:00:00.000Z),Switzerland,Bosnia and Herzegovina,2026-06-18T19:00:00.000Z,,Los Angeles Stadium,João Pedro Silva Pinheiro,Full time,4,1,Switzerland,Bosnia and Herzegovina,home,Embolo,7,True,starting_xi,FWD,4,2,1,4-3-1-2,7.5,7.5,0,89.0
4667759,switzerland-vs-bosnia-herzegovina,https://www.fotmob.com/matches/switzerland-vs-bosnia-herzegovina/2c9awx#4667759,Switzerland vs Bosnia and Herzegovina (2026-06-18T19:00:00.000Z),Switzerland,Bosnia and Herzegovina,2026-06-18T19:00:00.000Z,,Los Angeles Stadium,João Pedro Silva Pinheiro,Full time,4,1,Switzerland,Bosnia and Herzegovina,home,Ndoye,11,True,starting_xi,FWD,4,2,2,4-3-1-2,7.5,7.4,0,72.0
4667759,switzerland-vs-bosnia-herzegovina,https://www.fotmob.com/matches/switzerland-vs-bosnia-herzegovina/2c9awx#4667759,Switzerland vs Bosnia and Herzegovina (2026-06-18T19:00:00.000Z),Switzerland,Bosnia and Herzegovina,2026-06-18T19:00:00.000Z,,Los Angeles Stadium,João Pedro Silva Pinheiro,Full time,4,1,Bosnia and Herzegovina,Switzerland,away,Dzeko,11,True,starting_xi,FWD,3,2,1,4-4-2,6.0,6.5,0,63.0
4667759,switzerland-vs-bosnia-herzegovina,https://www.fotmob.com/matches/switzerland-vs-bosnia-herzegovina/2c9awx#4667759,Switzerland vs Bosnia and Herzegovina (2026-06-18T19:00:00.000Z),Switzerland,Bosnia and Herzegovina,2026-06-18T19:00:00.000Z,,Los Angeles Stadium,João Pedro Silva Pinheiro,Full time,4,1,Bosnia and Herzegovina,Switzerland,away,Demirovic,10,True,starting_xi,FWD,3,2,2,4-4-2,6.0,6.1,0,85.0
4667759,switzerland-vs-bosnia-herzegovina,https://www.fotmob.com/matches/switzerland-vs-bosnia-herzegovina/2c9awx#4667759,Switzerland vs Bosnia and Herzegovina (2026-06-18T19:00:00.000Z),Switzerland,Bosnia and Herzegovina,2026-06-18T19:00:00.000Z,,Los Angeles Stadium,João Pedro Silva Pinheiro,Full time,4,1,Bosnia and Herzegovina,Switzerland,away,Alajbegovic,19,True,starting_xi,AM,2,4,1,4-4-2,6.0,6.3,0,90.0
4667759,switzerland-vs-bosnia-herzegovina,https://www.fotmob.com/matches/switzerland-vs-bosnia-herzegovina/2c9awx#4667759,Switzerland vs Bosnia and Herzegovina (2026-06-18T19:00:00.000Z),Switzerland,Bosnia and Herzegovina,2026-06-18T19:00:00.000Z,,Los Angeles Stadium,João Pedro Silva Pinheiro,Full time,4,1,Bosnia and Herzegovina,Switzerland,away,Sunjic,14,True,starting_xi,AM,2,4,2,4-4-2,6.0,5.9,0,85.0
4667759,switzerland-vs-bosnia-herzegovina,https://www.fotmob.com/matches/switzerland-vs-bosnia-herzegovina/2c9awx#4667759,Switzerland vs Bosnia and Herzegovina (2026-06-18T19:00:00.000Z),Switzerland,Bosnia and Herzegovina,2026-06-18T19:00:00.000Z,,Los Angeles Stadium,João Pedro Silva Pinheiro,Full time,4,1,Bosnia and Herzegovina,Switzerland,away,Tahirovic,6,True,starting_xi,AM,2,4,3,4-4-2,6.0,6.0,0,63.0
4667759,switzerland-vs-bosnia-herzegovina,https://www.fotmob.com/matches/switzerland-vs-bosnia-herzegovina/2c9awx#4667759,Switzerland vs Bosnia and Herzegovina (2026-06-18T19:00:00.000Z),Switzerland,Bosnia and Herzegovina,2026-06-18T19:00:00.000Z,,Los Angeles Stadium,João Pedro Silva Pinheiro,Full time,4,1,Bosnia and Herzegovina,Switzerland,away,Memic,15,True,starting_xi,AM,2,4,4,4-4-2,6.0,6.3,0,
4667759,switzerland-vs-bosnia-herzegovina,https://www.fotmob.com/matches/switzerland-vs-bosnia-herzegovina/2c9awx#4667759,Switzerland vs Bosnia and Herzegovina (2026-06-18T19:00:00.000Z),Switzerland,Bosnia and Herzegovina,2026-06-18T19:00:00.000Z,,Los Angeles Stadium,João Pedro Silva Pinheiro,Full time,4,1,Bosnia and Herzegovina,Switzerland,away,Kolasinac,5,True,starting_xi,DEF,1,4,1,4-4-2,6.0,5.8,0,
4667759,switzerland-vs-bosnia-herzegovina,https://www.fotmob.com/matches/switzerland-vs-bosnia-herzegovina/2c9awx#4667759,Switzerland vs Bosnia and Herzegovina (2026-06-18T19:00:00.000Z),Switzerland,Bosnia and Herzegovina,2026-06-18T19:00:00.000Z,,Los Angeles Stadium,João Pedro Silva Pinheiro,Full time,4,1,Bosnia and Herzegovina,Switzerland,away,Muharemovic,4,True,starting_xi,DEF,1,4,2,4-4-2,6.0,6.0,0,
4667759,switzerland-vs-bosnia-herzegovina,https://www.fotmob.com/matches/switzerland-vs-bosnia-herzegovina/2c9awx#4667759,Switzerland vs Bosnia and Herzegovina (2026-06-18T19:00:00.000Z),Switzerland,Bosnia and Herzegovina,2026-06-18T19:00:00.000Z,,Los Angeles Stadium,João Pedro Silva Pinheiro,Full time,4,1,Bosnia and Herzegovina,Switzerland,away,Katic,18,True,starting_xi,DEF,1,4,3,4-4-2,6.0,5.9,0,
4667759,switzerland-vs-bosnia-herzegovina,https://www.fotmob.com/matches/switzerland-vs-bosnia-herzegovina/2c9awx#4667759,Switzerland vs Bosnia and Herzegovina (2026-06-18T19:00:00.000Z),Switzerland,Bosnia and Herzegovina,2026-06-18T19:00:00.000Z,,Los Angeles Stadium,João Pedro Silva Pinheiro,Full time,4,1,Bosnia and Herzegovina,Switzerland,away,Dedic,7,True,starting_xi,DEF,1,4,4,4-4-2,6.0,6.0,0,
4667759,switzerland-vs-bosnia-herzegovina,https://www.fotmob.com/matches/switzerland-vs-bosnia-herzegovina/2c9awx#4667759,Switzerland vs Bosnia and Herzegovina (2026-06-18T19:00:00.000Z),Switzerland,Bosnia and Herzegovina,2026-06-18T19:00:00.000Z,,Los Angeles Stadium,João Pedro Silva Pinheiro,Full time,4,1,Bosnia and Herzegovina,Switzerland,away,Vasilj,1,True,starting_xi,GK,0,1,1,4-4-2,6.0,5.0,0,
4667767,haiti-vs-brazil,https://www.fotmob.com/matches/haiti-vs-brazil/1ny7ix#4667767,Brazil vs Haiti (2026-06-20T00:30:00.000Z),Brazil,Haiti,2026-06-20T00:30:00.000Z,,Philadelphia Stadium,Alejandro José Hernández Hernández,Full time,3,0,Brazil,Haiti,home,Alisson,1,True,starting_xi,GK,0,1,1,4-1-2-3,7.3,8.1,0,
4667767,haiti-vs-brazil,https://www.fotmob.com/matches/haiti-vs-brazil/1ny7ix#4667767,Brazil vs Haiti (2026-06-20T00:30:00.000Z),Brazil,Haiti,2026-06-20T00:30:00.000Z,,Philadelphia Stadium,Alejandro José Hernández Hernández,Full time,3,0,Brazil,Haiti,home,Danilo,13,True,starting_xi,DEF,1,4,1,4-1-2-3,7.3,7.1,0,
4667767,haiti-vs-brazil,https://www.fotmob.com/matches/haiti-vs-brazil/1ny7ix#4667767,Brazil vs Haiti (2026-06-20T00:30:00.000Z),Brazil,Haiti,2026-06-20T00:30:00.000Z,,Philadelphia Stadium,Alejandro José Hernández Hernández,Full time,3,0,Brazil,Haiti,home,Marquinhos,4,True,starting_xi,DEF,1,4,2,4-1-2-3,7.3,7.3,0,
4667767,haiti-vs-brazil,https://www.fotmob.com/matches/haiti-vs-brazil/1ny7ix#4667767,Brazil vs Haiti (2026-06-20T00:30:00.000Z),Brazil,Haiti,2026-06-20T00:30:00.000Z,,Philadelphia Stadium,Alejandro José Hernández Hernández,Full time,3,0,Brazil,Haiti,home,Gabriel,3,True,starting_xi,DEF,1,4,3,4-1-2-3,7.3,7.3,0,
4667767,haiti-vs-brazil,https://www.fotmob.com/matches/haiti-vs-brazil/1ny7ix#4667767,Brazil vs Haiti (2026-06-20T00:30:00.000Z),Brazil,Haiti,2026-06-20T00:30:00.000Z,,Philadelphia Stadium,Alejandro José Hernández Hernández,Full time,3,0,Brazil,Haiti,home,Santos,16,True,starting_xi,DEF,1,4,4,4-1-2-3,7.3,7.1,0,
4667767,haiti-vs-brazil,https://www.fotmob.com/matches/haiti-vs-brazil/1ny7ix#4667767,Brazil vs Haiti (2026-06-20T00:30:00.000Z),Brazil,Haiti,2026-06-20T00:30:00.000Z,,Philadelphia Stadium,Alejandro José Hernández Hernández,Full time,3,0,Brazil,Haiti,home,Casemiro,5,True,starting_xi,AM,2,1,1,4-1-2-3,7.3,7.6,0,
4667767,haiti-vs-brazil,https://www.fotmob.com/matches/haiti-vs-brazil/1ny7ix#4667767,Brazil vs Haiti (2026-06-20T00:30:00.000Z),Brazil,Haiti,2026-06-20T00:30:00.000Z,,Philadelphia Stadium,Alejandro José Hernández Hernández,Full time,3,0,Brazil,Haiti,home,Guimarães,8,True,starting_xi,AM,3,2,1,4-1-2-3,7.3,7.5,0,81.0
4667767,haiti-vs-brazil,https://www.fotmob.com/matches/haiti-vs-brazil/1ny7ix#4667767,Brazil vs Haiti (2026-06-20T00:30:00.000Z),Brazil,Haiti,2026-06-20T00:30:00.000Z,,Philadelphia Stadium,Alejandro José Hernández Hernández,Full time,3,0,Brazil,Haiti,home,Paquetá,20,True,starting_xi,AM,3,2,2,4-1-2-3,7.3,8.1,0,64.0
4667767,haiti-vs-brazil,https://www.fotmob.com/matches/haiti-vs-brazil/1ny7ix#4667767,Brazil vs Haiti (2026-06-20T00:30:00.000Z),Brazil,Haiti,2026-06-20T00:30:00.000Z,,Philadelphia Stadium,Alejandro José Hernández Hernández,Full time,3,0,Brazil,Haiti,home,Raphinha,11,True,starting_xi,FWD,4,3,1,4-1-2-3,7.3,6.0,0,40.0
4667767,haiti-vs-brazil,https://www.fotmob.com/matches/haiti-vs-brazil/1ny7ix#4667767,Brazil vs Haiti (2026-06-20T00:30:00.000Z),Brazil,Haiti,2026-06-20T00:30:00.000Z,,Philadelphia Stadium,Alejandro José Hernández Hernández,Full time,3,0,Brazil,Haiti,home,Cunha,9,True,starting_xi,FWD,4,3,2,4-1-2-3,7.3,8.9,0,64.0
4667767,haiti-vs-brazil,https://www.fotmob.com/matches/haiti-vs-brazil/1ny7ix#4667767,Brazil vs Haiti (2026-06-20T00:30:00.000Z),Brazil,Haiti,2026-06-20T00:30:00.000Z,,Philadelphia Stadium,Alejandro José Hernández Hernández,Full time,3,0,Brazil,Haiti,home,Vinicius,7,True,starting_xi,FWD,4,3,3,4-1-2-3,7.3,8.5,0,81.0
4667767,haiti-vs-brazil,https://www.fotmob.com/matches/haiti-vs-brazil/1ny7ix#4667767,Brazil vs Haiti (2026-06-20T00:30:00.000Z),Brazil,Haiti,2026-06-20T00:30:00.000Z,,Philadelphia Stadium,Alejandro José Hernández Hernández,Full time,3,0,Haiti,Brazil,away,Pierrot,20,True,starting_xi,FWD,3,1,1,5-4-1,5.9,5.8,0,46.0
4667767,haiti-vs-brazil,https://www.fotmob.com/matches/haiti-vs-brazil/1ny7ix#4667767,Brazil vs Haiti (2026-06-20T00:30:00.000Z),Brazil,Haiti,2026-06-20T00:30:00.000Z,,Philadelphia Stadium,Alejandro José Hernández Hernández,Full time,3,0,Haiti,Brazil,away,Providence,15,True,starting_xi,AM,2,4,1,5-4-1,5.9,6.1,0,71.0
4667767,haiti-vs-brazil,https://www.fotmob.com/matches/haiti-vs-brazil/1ny7ix#4667767,Brazil vs Haiti (2026-06-20T00:30:00.000Z),Brazil,Haiti,2026-06-20T00:30:00.000Z,,Philadelphia Stadium,Alejandro José Hernández Hernández,Full time,3,0,Haiti,Brazil,away,Bellegarde,10,True,starting_xi,AM,2,4,2,5-4-1,5.9,6.4,0,81.0
4667767,haiti-vs-brazil,https://www.fotmob.com/matches/haiti-vs-brazil/1ny7ix#4667767,Brazil vs Haiti (2026-06-20T00:30:00.000Z),Brazil,Haiti,2026-06-20T00:30:00.000Z,,Philadelphia Stadium,Alejandro José Hernández Hernández,Full time,3,0,Haiti,Brazil,away,Jacques,17,True,starting_xi,AM,2,4,3,5-4-1,5.9,6.5,0,
4667767,haiti-vs-brazil,https://www.fotmob.com/matches/haiti-vs-brazil/1ny7ix#4667767,Brazil vs Haiti (2026-06-20T00:30:00.000Z),Brazil,Haiti,2026-06-20T00:30:00.000Z,,Philadelphia Stadium,Alejandro José Hernández Hernández,Full time,3,0,Haiti,Brazil,away,Casimir,21,True,starting_xi,AM,2,4,4,5-4-1,5.9,4.9,0,62.0
4667767,haiti-vs-brazil,https://www.fotmob.com/matches/haiti-vs-brazil/1ny7ix#4667767,Brazil vs Haiti (2026-06-20T00:30:00.000Z),Brazil,Haiti,2026-06-20T00:30:00.000Z,,Philadelphia Stadium,Alejandro José Hernández Hernández,Full time,3,0,Haiti,Brazil,away,Expérience,8,True,starting_xi,DEF,1,5,1,5-4-1,5.9,6.4,0,
4667767,haiti-vs-brazil,https://www.fotmob.com/matches/haiti-vs-brazil/1ny7ix#4667767,Brazil vs Haiti (2026-06-20T00:30:00.000Z),Brazil,Haiti,2026-06-20T00:30:00.000Z,,Philadelphia Stadium,Alejandro José Hernández Hernández,Full time,3,0,Haiti,Brazil,away,Arcus,2,True,starting_xi,DEF,1,5,2,5-4-1,5.9,5.5,0,46.0
4667767,haiti-vs-brazil,https://www.fotmob.com/matches/haiti-vs-brazil/1ny7ix#4667767,Brazil vs Haiti (2026-06-20T00:30:00.000Z),Brazil,Haiti,2026-06-20T00:30:00.000Z,,Philadelphia Stadium,Alejandro José Hernández Hernández,Full time,3,0,Haiti,Brazil,away,Delcroix,5,True,starting_xi,DEF,1,5,3,5-4-1,5.9,5.1,0,
4667767,haiti-vs-brazil,https://www.fotmob.com/matches/haiti-vs-brazil/1ny7ix#4667767,Brazil vs Haiti (2026-06-20T00:30:00.000Z),Brazil,Haiti,2026-06-20T00:30:00.000Z,,Philadelphia Stadium,Alejandro José Hernández Hernández,Full time,3,0,Haiti,Brazil,away,Adé,4,True,starting_xi,DEF,1,5,4,5-4-1,5.9,6.6,0,
4667767,haiti-vs-brazil,https://www.fotmob.com/matches/haiti-vs-brazil/1ny7ix#4667767,Brazil vs Haiti (2026-06-20T00:30:00.000Z),Brazil,Haiti,2026-06-20T00:30:00.000Z,,Philadelphia Stadium,Alejandro José Hernández Hernández,Full time,3,0,Haiti,Brazil,away,Duverne,22,True,starting_xi,DEF,1,5,5,5-4-1,5.9,5.7,0,
4667767,haiti-vs-brazil,https://www.fotmob.com/matches/haiti-vs-brazil/1ny7ix#4667767,Brazil vs Haiti (2026-06-20T00:30:00.000Z),Brazil,Haiti,2026-06-20T00:30:00.000Z,,Philadelphia Stadium,Alejandro José Hernández Hernández,Full time,3,0,Haiti,Brazil,away,Placide,1,True,starting_xi,GK,0,1,1,5-4-1,5.9,5.4,0,
4667766,morocco-vs-scotland,https://www.fotmob.com/matches/morocco-vs-scotland/1sv292#4667766,Scotland vs Morocco (2026-06-19T22:00:00.000Z),Scotland,Morocco,2026-06-19T22:00:00.000Z,,Boston Stadium,Ilgiz Tantashev,Full time,0,1,Scotland,Morocco,home,Gunn,1,True,starting_xi,GK,0,1,1,4-1-4-1,6.5,7.0,0,
4667766,morocco-vs-scotland,https://www.fotmob.com/matches/morocco-vs-scotland/1sv292#4667766,Scotland vs Morocco (2026-06-19T22:00:00.000Z),Scotland,Morocco,2026-06-19T22:00:00.000Z,,Boston Stadium,Ilgiz Tantashev,Full time,0,1,Scotland,Morocco,home,Patterson,22,True,starting_xi,DEF,1,4,1,4-1-4-1,6.5,6.5,0,88.0
4667766,morocco-vs-scotland,https://www.fotmob.com/matches/morocco-vs-scotland/1sv292#4667766,Scotland vs Morocco (2026-06-19T22:00:00.000Z),Scotland,Morocco,2026-06-19T22:00:00.000Z,,Boston Stadium,Ilgiz Tantashev,Full time,0,1,Scotland,Morocco,home,Hanley,5,True,starting_xi,DEF,1,4,2,4-1-4-1,6.5,6.6,0,
4667766,morocco-vs-scotland,https://www.fotmob.com/matches/morocco-vs-scotland/1sv292#4667766,Scotland vs Morocco (2026-06-19T22:00:00.000Z),Scotland,Morocco,2026-06-19T22:00:00.000Z,,Boston Stadium,Ilgiz Tantashev,Full time,0,1,Scotland,Morocco,home,Hendry,13,True,starting_xi,DEF,1,4,3,4-1-4-1,6.5,6.7,0,
4667766,morocco-vs-scotland,https://www.fotmob.com/matches/morocco-vs-scotland/1sv292#4667766,Scotland vs Morocco (2026-06-19T22:00:00.000Z),Scotland,Morocco,2026-06-19T22:00:00.000Z,,Boston Stadium,Ilgiz Tantashev,Full time,0,1,Scotland,Morocco,home,Robertson,3,True,starting_xi,DEF,1,4,4,4-1-4-1,6.5,6.7,0,
4667766,morocco-vs-scotland,https://www.fotmob.com/matches/morocco-vs-scotland/1sv292#4667766,Scotland vs Morocco (2026-06-19T22:00:00.000Z),Scotland,Morocco,2026-06-19T22:00:00.000Z,,Boston Stadium,Ilgiz Tantashev,Full time,0,1,Scotland,Morocco,home,Ferguson,19,True,starting_xi,AM,2,1,1,4-1-4-1,6.5,7.1,0,
4667766,morocco-vs-scotland,https://www.fotmob.com/matches/morocco-vs-scotland/1sv292#4667766,Scotland vs Morocco (2026-06-19T22:00:00.000Z),Scotland,Morocco,2026-06-19T22:00:00.000Z,,Boston Stadium,Ilgiz Tantashev,Full time,0,1,Scotland,Morocco,home,McGinn,7,True,starting_xi,AM,3,4,1,4-1-4-1,6.5,6.2,0,88.0
4667766,morocco-vs-scotland,https://www.fotmob.com/matches/morocco-vs-scotland/1sv292#4667766,Scotland vs Morocco (2026-06-19T22:00:00.000Z),Scotland,Morocco,2026-06-19T22:00:00.000Z,,Boston Stadium,Ilgiz Tantashev,Full time,0,1,Scotland,Morocco,home,Christie,11,True,starting_xi,AM,3,4,2,4-1-4-1,6.5,5.9,0,71.0
4667766,morocco-vs-scotland,https://www.fotmob.com/matches/morocco-vs-scotland/1sv292#4667766,Scotland vs Morocco (2026-06-19T22:00:00.000Z),Scotland,Morocco,2026-06-19T22:00:00.000Z,,Boston Stadium,Ilgiz Tantashev,Full time,0,1,Scotland,Morocco,home,McTominay,4,True,starting_xi,AM,3,4,3,4-1-4-1,6.5,6.5,0,
4667766,morocco-vs-scotland,https://www.fotmob.com/matches/morocco-vs-scotland/1sv292#4667766,Scotland vs Morocco (2026-06-19T22:00:00.000Z),Scotland,Morocco,2026-06-19T22:00:00.000Z,,Boston Stadium,Ilgiz Tantashev,Full time,0,1,Scotland,Morocco,home,Tierney,6,True,starting_xi,AM,3,4,4,4-1-4-1,6.5,6.7,0,60.0
4667766,morocco-vs-scotland,https://www.fotmob.com/matches/morocco-vs-scotland/1sv292#4667766,Scotland vs Morocco (2026-06-19T22:00:00.000Z),Scotland,Morocco,2026-06-19T22:00:00.000Z,,Boston Stadium,Ilgiz Tantashev,Full time,0,1,Scotland,Morocco,home,Adams,10,True,starting_xi,FWD,4,1,1,4-1-4-1,6.5,6.1,0,71.0
4667766,morocco-vs-scotland,https://www.fotmob.com/matches/morocco-vs-scotland/1sv292#4667766,Scotland vs Morocco (2026-06-19T22:00:00.000Z),Scotland,Morocco,2026-06-19T22:00:00.000Z,,Boston Stadium,Ilgiz Tantashev,Full time,0,1,Morocco,Scotland,away,Saibari,11,True,starting_xi,FWD,4,1,1,4-2-3-1,7.2,8.0,0,83.0
4667766,morocco-vs-scotland,https://www.fotmob.com/matches/morocco-vs-scotland/1sv292#4667766,Scotland vs Morocco (2026-06-19T22:00:00.000Z),Scotland,Morocco,2026-06-19T22:00:00.000Z,,Boston Stadium,Ilgiz Tantashev,Full time,0,1,Morocco,Scotland,away,El Khannouss,23,True,starting_xi,AM,3,3,1,4-2-3-1,7.2,7.1,0,83.0
4667766,morocco-vs-scotland,https://www.fotmob.com/matches/morocco-vs-scotland/1sv292#4667766,Scotland vs Morocco (2026-06-19T22:00:00.000Z),Scotland,Morocco,2026-06-19T22:00:00.000Z,,Boston Stadium,Ilgiz Tantashev,Full time,0,1,Morocco,Scotland,away,Ounahi,8,True,starting_xi,AM,3,3,2,4-2-3-1,7.2,7.0,0,90.0
4667766,morocco-vs-scotland,https://www.fotmob.com/matches/morocco-vs-scotland/1sv292#4667766,Scotland vs Morocco (2026-06-19T22:00:00.000Z),Scotland,Morocco,2026-06-19T22:00:00.000Z,,Boston Stadium,Ilgiz Tantashev,Full time,0,1,Morocco,Scotland,away,Brahim Díaz,10,True,starting_xi,AM,3,3,3,4-2-3-1,7.2,7.7,0,83.0
4667766,morocco-vs-scotland,https://www.fotmob.com/matches/morocco-vs-scotland/1sv292#4667766,Scotland vs Morocco (2026-06-19T22:00:00.000Z),Scotland,Morocco,2026-06-19T22:00:00.000Z,,Boston Stadium,Ilgiz Tantashev,Full time,0,1,Morocco,Scotland,away,El Aynaoui,24,True,starting_xi,AM,2,2,1,4-2-3-1,7.2,7.7,0,
4667766,morocco-vs-scotland,https://www.fotmob.com/matches/morocco-vs-scotland/1sv292#4667766,Scotland vs Morocco (2026-06-19T22:00:00.000Z),Scotland,Morocco,2026-06-19T22:00:00.000Z,,Boston Stadium,Ilgiz Tantashev,Full time,0,1,Morocco,Scotland,away,Bouaddi,6,True,starting_xi,AM,2,2,2,4-2-3-1,7.2,7.0,0,
4667766,morocco-vs-scotland,https://www.fotmob.com/matches/morocco-vs-scotland/1sv292#4667766,Scotland vs Morocco (2026-06-19T22:00:00.000Z),Scotland,Morocco,2026-06-19T22:00:00.000Z,,Boston Stadium,Ilgiz Tantashev,Full time,0,1,Morocco,Scotland,away,Mazraoui,3,True,starting_xi,DEF,1,4,1,4-2-3-1,7.2,7.1,0,
4667766,morocco-vs-scotland,https://www.fotmob.com/matches/morocco-vs-scotland/1sv292#4667766,Scotland vs Morocco (2026-06-19T22:00:00.000Z),Scotland,Morocco,2026-06-19T22:00:00.000Z,,Boston Stadium,Ilgiz Tantashev,Full time,0,1,Morocco,Scotland,away,Riad,18,True,starting_xi,DEF,1,4,2,4-2-3-1,7.2,6.9,0,
4667766,morocco-vs-scotland,https://www.fotmob.com/matches/morocco-vs-scotland/1sv292#4667766,Scotland vs Morocco (2026-06-19T22:00:00.000Z),Scotland,Morocco,2026-06-19T22:00:00.000Z,,Boston Stadium,Ilgiz Tantashev,Full time,0,1,Morocco,Scotland,away,Diop,14,True,starting_xi,DEF,1,4,3,4-2-3-1,7.2,6.8,0,
4667766,morocco-vs-scotland,https://www.fotmob.com/matches/morocco-vs-scotland/1sv292#4667766,Scotland vs Morocco (2026-06-19T22:00:00.000Z),Scotland,Morocco,2026-06-19T22:00:00.000Z,,Boston Stadium,Ilgiz Tantashev,Full time,0,1,Morocco,Scotland,away,Hakimi,2,True,starting_xi,DEF,1,4,4,4-2-3-1,7.2,7.5,0,
4667766,morocco-vs-scotland,https://www.fotmob.com/matches/morocco-vs-scotland/1sv292#4667766,Scotland vs Morocco (2026-06-19T22:00:00.000Z),Scotland,Morocco,2026-06-19T22:00:00.000Z,,Boston Stadium,Ilgiz Tantashev,Full time,0,1,Morocco,Scotland,away,Bono,1,True,starting_xi,GK,0,1,1,4-2-3-1,7.2,7.0,0,
4667774,usa-vs-australia,https://www.fotmob.com/matches/usa-vs-australia/1hox83#4667774,USA vs Australia (2026-06-19T19:00:00.000Z),USA,Australia,2026-06-19T19:00:00.000Z,,Seattle Stadium,Felix Zwayer,Full time,2,0,USA,Australia,home,Freese,24,True,starting_xi,GK,0,1,1,3-5-2,7.2,7.9,0,
4667774,usa-vs-australia,https://www.fotmob.com/matches/usa-vs-australia/1hox83#4667774,USA vs Australia (2026-06-19T19:00:00.000Z),USA,Australia,2026-06-19T19:00:00.000Z,,Seattle Stadium,Felix Zwayer,Full time,2,0,USA,Australia,home,Freeman,16,True,starting_xi,DEF,1,3,1,3-5-2,7.2,8.5,0,
4667774,usa-vs-australia,https://www.fotmob.com/matches/usa-vs-australia/1hox83#4667774,USA vs Australia (2026-06-19T19:00:00.000Z),USA,Australia,2026-06-19T19:00:00.000Z,,Seattle Stadium,Felix Zwayer,Full time,2,0,USA,Australia,home,Richards,3,True,starting_xi,DEF,1,3,2,3-5-2,7.2,7.6,0,
4667774,usa-vs-australia,https://www.fotmob.com/matches/usa-vs-australia/1hox83#4667774,USA vs Australia (2026-06-19T19:00:00.000Z),USA,Australia,2026-06-19T19:00:00.000Z,,Seattle Stadium,Felix Zwayer,Full time,2,0,USA,Australia,home,Ream,13,True,starting_xi,DEF,1,3,3,3-5-2,7.2,7.3,0,
4667774,usa-vs-australia,https://www.fotmob.com/matches/usa-vs-australia/1hox83#4667774,USA vs Australia (2026-06-19T19:00:00.000Z),USA,Australia,2026-06-19T19:00:00.000Z,,Seattle Stadium,Felix Zwayer,Full time,2,0,USA,Australia,home,Dest,2,True,starting_xi,AM,2,5,1,3-5-2,7.2,7.1,0,80.0
4667774,usa-vs-australia,https://www.fotmob.com/matches/usa-vs-australia/1hox83#4667774,USA vs Australia (2026-06-19T19:00:00.000Z),USA,Australia,2026-06-19T19:00:00.000Z,,Seattle Stadium,Felix Zwayer,Full time,2,0,USA,Australia,home,McKennie,8,True,starting_xi,AM,2,5,2,3-5-2,7.2,7.8,0,90.0
4667774,usa-vs-australia,https://www.fotmob.com/matches/usa-vs-australia/1hox83#4667774,USA vs Australia (2026-06-19T19:00:00.000Z),USA,Australia,2026-06-19T19:00:00.000Z,,Seattle Stadium,Felix Zwayer,Full time,2,0,USA,Australia,home,Adams,4,True,starting_xi,AM,2,5,3,3-5-2,7.2,7.6,0,
4667774,usa-vs-australia,https://www.fotmob.com/matches/usa-vs-australia/1hox83#4667774,USA vs Australia (2026-06-19T19:00:00.000Z),USA,Australia,2026-06-19T19:00:00.000Z,,Seattle Stadium,Felix Zwayer,Full time,2,0,USA,Australia,home,Tillman,17,True,starting_xi,AM,2,5,4,3-5-2,7.2,7.6,0,
4667774,usa-vs-australia,https://www.fotmob.com/matches/usa-vs-australia/1hox83#4667774,USA vs Australia (2026-06-19T19:00:00.000Z),USA,Australia,2026-06-19T19:00:00.000Z,,Seattle Stadium,Felix Zwayer,Full time,2,0,USA,Australia,home,Robinson,5,True,starting_xi,AM,2,5,5,3-5-2,7.2,7.7,0,80.0
4667774,usa-vs-australia,https://www.fotmob.com/matches/usa-vs-australia/1hox83#4667774,USA vs Australia (2026-06-19T19:00:00.000Z),USA,Australia,2026-06-19T19:00:00.000Z,,Seattle Stadium,Felix Zwayer,Full time,2,0,USA,Australia,home,Pepi,9,True,starting_xi,FWD,3,2,1,3-5-2,7.2,6.4,0,74.0
4667774,usa-vs-australia,https://www.fotmob.com/matches/usa-vs-australia/1hox83#4667774,USA vs Australia (2026-06-19T19:00:00.000Z),USA,Australia,2026-06-19T19:00:00.000Z,,Seattle Stadium,Felix Zwayer,Full time,2,0,USA,Australia,home,Balogun,20,True,starting_xi,FWD,3,2,2,3-5-2,7.2,6.6,0,90.0
4667774,usa-vs-australia,https://www.fotmob.com/matches/usa-vs-australia/1hox83#4667774,USA vs Australia (2026-06-19T19:00:00.000Z),USA,Australia,2026-06-19T19:00:00.000Z,,Seattle Stadium,Felix Zwayer,Full time,2,0,Australia,USA,away,Touré,9,True,starting_xi,FWD,3,1,1,5-4-1,6.2,5.9,0,46.0
4667774,usa-vs-australia,https://www.fotmob.com/matches/usa-vs-australia/1hox83#4667774,USA vs Australia (2026-06-19T19:00:00.000Z),USA,Australia,2026-06-19T19:00:00.000Z,,Seattle Stadium,Felix Zwayer,Full time,2,0,Australia,USA,away,Velupillay,23,True,starting_xi,AM,2,4,1,5-4-1,6.2,6.1,0,46.0
4667774,usa-vs-australia,https://www.fotmob.com/matches/usa-vs-australia/1hox83#4667774,USA vs Australia (2026-06-19T19:00:00.000Z),USA,Australia,2026-06-19T19:00:00.000Z,,Seattle Stadium,Felix Zwayer,Full time,2,0,Australia,USA,away,Okon-Engstler,24,True,starting_xi,AM,2,4,2,5-4-1,6.2,6.6,0,78.0
4667774,usa-vs-australia,https://www.fotmob.com/matches/usa-vs-australia/1hox83#4667774,USA vs Australia (2026-06-19T19:00:00.000Z),USA,Australia,2026-06-19T19:00:00.000Z,,Seattle Stadium,Felix Zwayer,Full time,2,0,Australia,USA,away,O'Neill,13,True,starting_xi,AM,2,4,3,5-4-1,6.2,7.0,0,
4667774,usa-vs-australia,https://www.fotmob.com/matches/usa-vs-australia/1hox83#4667774,USA vs Australia (2026-06-19T19:00:00.000Z),USA,Australia,2026-06-19T19:00:00.000Z,,Seattle Stadium,Felix Zwayer,Full time,2,0,Australia,USA,away,Leckie,7,True,starting_xi,AM,2,4,4,5-4-1,6.2,6.1,0,61.0
4667774,usa-vs-australia,https://www.fotmob.com/matches/usa-vs-australia/1hox83#4667774,USA vs Australia (2026-06-19T19:00:00.000Z),USA,Australia,2026-06-19T19:00:00.000Z,,Seattle Stadium,Felix Zwayer,Full time,2,0,Australia,USA,away,Bos,5,True,starting_xi,DEF,1,5,1,5-4-1,6.2,6.3,0,
4667774,usa-vs-australia,https://www.fotmob.com/matches/usa-vs-australia/1hox83#4667774,USA vs Australia (2026-06-19T19:00:00.000Z),USA,Australia,2026-06-19T19:00:00.000Z,,Seattle Stadium,Felix Zwayer,Full time,2,0,Australia,USA,away,Italiano,4,True,starting_xi,DEF,1,5,2,5-4-1,6.2,6.2,0,
4667774,usa-vs-australia,https://www.fotmob.com/matches/usa-vs-australia/1hox83#4667774,USA vs Australia (2026-06-19T19:00:00.000Z),USA,Australia,2026-06-19T19:00:00.000Z,,Seattle Stadium,Felix Zwayer,Full time,2,0,Australia,USA,away,Burgess,21,True,starting_xi,DEF,1,5,3,5-4-1,6.2,4.8,0,46.0
4667774,usa-vs-australia,https://www.fotmob.com/matches/usa-vs-australia/1hox83#4667774,USA vs Australia (2026-06-19T19:00:00.000Z),USA,Australia,2026-06-19T19:00:00.000Z,,Seattle Stadium,Felix Zwayer,Full time,2,0,Australia,USA,away,Souttar,19,True,starting_xi,DEF,1,5,4,5-4-1,6.2,5.9,0,
4667774,usa-vs-australia,https://www.fotmob.com/matches/usa-vs-australia/1hox83#4667774,USA vs Australia (2026-06-19T19:00:00.000Z),USA,Australia,2026-06-19T19:00:00.000Z,,Seattle Stadium,Felix Zwayer,Full time,2,0,Australia,USA,away,Circati,3,True,starting_xi,DEF,1,5,5,5-4-1,6.2,6.9,0,
4667774,usa-vs-australia,https://www.fotmob.com/matches/usa-vs-australia/1hox83#4667774,USA vs Australia (2026-06-19T19:00:00.000Z),USA,Australia,2026-06-19T19:00:00.000Z,,Seattle Stadium,Felix Zwayer,Full time,2,0,Australia,USA,away,Beach,18,True,starting_xi,GK,0,1,1,5-4-1,6.2,6.4,0,
4667773,turkiye-vs-paraguay,https://www.fotmob.com/matches/turkiye-vs-paraguay/1gte1s#4667773,Turkiye vs Paraguay (2026-06-20T03:00:00.000Z),Turkiye,Paraguay,2026-06-20T03:00:00.000Z,,San Francisco Bay Area Stadium,Iván Arcides Barton Cisneros,Full time,0,1,Turkiye,Paraguay,home,Çakir,23,True,starting_xi,GK,0,1,1,4-2-3-1,6.9,6.3,0,
4667773,turkiye-vs-paraguay,https://www.fotmob.com/matches/turkiye-vs-paraguay/1gte1s#4667773,Turkiye vs Paraguay (2026-06-20T03:00:00.000Z),Turkiye,Paraguay,2026-06-20T03:00:00.000Z,,San Francisco Bay Area Stadium,Iván Arcides Barton Cisneros,Full time,0,1,Turkiye,Paraguay,home,Müldür,18,True,starting_xi,DEF,1,4,1,4-2-3-1,6.9,7.7,0,
4667773,turkiye-vs-paraguay,https://www.fotmob.com/matches/turkiye-vs-paraguay/1gte1s#4667773,Turkiye vs Paraguay (2026-06-20T03:00:00.000Z),Turkiye,Paraguay,2026-06-20T03:00:00.000Z,,San Francisco Bay Area Stadium,Iván Arcides Barton Cisneros,Full time,0,1,Turkiye,Paraguay,home,Demiral,3,True,starting_xi,DEF,1,4,2,4-2-3-1,6.9,7.1,0,
4667773,turkiye-vs-paraguay,https://www.fotmob.com/matches/turkiye-vs-paraguay/1gte1s#4667773,Turkiye vs Paraguay (2026-06-20T03:00:00.000Z),Turkiye,Paraguay,2026-06-20T03:00:00.000Z,,San Francisco Bay Area Stadium,Iván Arcides Barton Cisneros,Full time,0,1,Turkiye,Paraguay,home,Bardakci,14,True,starting_xi,DEF,1,4,3,4-2-3-1,6.9,8.0,0,86.0
4667773,turkiye-vs-paraguay,https://www.fotmob.com/matches/turkiye-vs-paraguay/1gte1s#4667773,Turkiye vs Paraguay (2026-06-20T03:00:00.000Z),Turkiye,Paraguay,2026-06-20T03:00:00.000Z,,San Francisco Bay Area Stadium,Iván Arcides Barton Cisneros,Full time,0,1,Turkiye,Paraguay,home,Kadioglu,20,True,starting_xi,DEF,1,4,4,4-2-3-1,6.9,7.1,0,71.0
4667773,turkiye-vs-paraguay,https://www.fotmob.com/matches/turkiye-vs-paraguay/1gte1s#4667773,Turkiye vs Paraguay (2026-06-20T03:00:00.000Z),Turkiye,Paraguay,2026-06-20T03:00:00.000Z,,San Francisco Bay Area Stadium,Iván Arcides Barton Cisneros,Full time,0,1,Turkiye,Paraguay,home,Yüksek,16,True,starting_xi,AM,2,2,1,4-2-3-1,6.9,6.9,0,60.0
4667773,turkiye-vs-paraguay,https://www.fotmob.com/matches/turkiye-vs-paraguay/1gte1s#4667773,Turkiye vs Paraguay (2026-06-20T03:00:00.000Z),Turkiye,Paraguay,2026-06-20T03:00:00.000Z,,San Francisco Bay Area Stadium,Iván Arcides Barton Cisneros,Full time,0,1,Turkiye,Paraguay,home,Çalhanoglu,10,True,starting_xi,AM,2,2,2,4-2-3-1,6.9,7.7,0,
4667773,turkiye-vs-paraguay,https://www.fotmob.com/matches/turkiye-vs-paraguay/1gte1s#4667773,Turkiye vs Paraguay (2026-06-20T03:00:00.000Z),Turkiye,Paraguay,2026-06-20T03:00:00.000Z,,San Francisco Bay Area Stadium,Iván Arcides Barton Cisneros,Full time,0,1,Turkiye,Paraguay,home,Akgün,19,True,starting_xi,AM,3,3,1,4-2-3-1,6.9,6.0,0,60.0
4667773,turkiye-vs-paraguay,https://www.fotmob.com/matches/turkiye-vs-paraguay/1gte1s#4667773,Turkiye vs Paraguay (2026-06-20T03:00:00.000Z),Turkiye,Paraguay,2026-06-20T03:00:00.000Z,,San Francisco Bay Area Stadium,Iván Arcides Barton Cisneros,Full time,0,1,Turkiye,Paraguay,home,Güler,8,True,starting_xi,AM,3,3,2,4-2-3-1,6.9,7.1,0,
4667773,turkiye-vs-paraguay,https://www.fotmob.com/matches/turkiye-vs-paraguay/1gte1s#4667773,Turkiye vs Paraguay (2026-06-20T03:00:00.000Z),Turkiye,Paraguay,2026-06-20T03:00:00.000Z,,San Francisco Bay Area Stadium,Iván Arcides Barton Cisneros,Full time,0,1,Turkiye,Paraguay,home,Yildiz,11,True,starting_xi,AM,3,3,3,4-2-3-1,6.9,7.4,0,
4667773,turkiye-vs-paraguay,https://www.fotmob.com/matches/turkiye-vs-paraguay/1gte1s#4667773,Turkiye vs Paraguay (2026-06-20T03:00:00.000Z),Turkiye,Paraguay,2026-06-20T03:00:00.000Z,,San Francisco Bay Area Stadium,Iván Arcides Barton Cisneros,Full time,0,1,Turkiye,Paraguay,home,Aktürkoglu,7,True,starting_xi,FWD,4,1,1,4-2-3-1,6.9,6.0,0,46.0
4667773,turkiye-vs-paraguay,https://www.fotmob.com/matches/turkiye-vs-paraguay/1gte1s#4667773,Turkiye vs Paraguay (2026-06-20T03:00:00.000Z),Turkiye,Paraguay,2026-06-20T03:00:00.000Z,,San Francisco Bay Area Stadium,Iván Arcides Barton Cisneros,Full time,0,1,Paraguay,Turkiye,away,Pitta,25,True,starting_xi,FWD,3,2,1,4-4-2,7.2,5.7,0,46.0
4667773,turkiye-vs-paraguay,https://www.fotmob.com/matches/turkiye-vs-paraguay/1gte1s#4667773,Turkiye vs Paraguay (2026-06-20T03:00:00.000Z),Turkiye,Paraguay,2026-06-20T03:00:00.000Z,,San Francisco Bay Area Stadium,Iván Arcides Barton Cisneros,Full time,0,1,Paraguay,Turkiye,away,Enciso,19,True,starting_xi,FWD,3,2,2,4-4-2,7.2,8.6,0,90.0
4667773,turkiye-vs-paraguay,https://www.fotmob.com/matches/turkiye-vs-paraguay/1gte1s#4667773,Turkiye vs Paraguay (2026-06-20T03:00:00.000Z),Turkiye,Paraguay,2026-06-20T03:00:00.000Z,,San Francisco Bay Area Stadium,Iván Arcides Barton Cisneros,Full time,0,1,Paraguay,Turkiye,away,Galarza,23,True,starting_xi,AM,2,4,1,4-4-2,7.2,8.1,0,90.0
4667773,turkiye-vs-paraguay,https://www.fotmob.com/matches/turkiye-vs-paraguay/1gte1s#4667773,Turkiye vs Paraguay (2026-06-20T03:00:00.000Z),Turkiye,Paraguay,2026-06-20T03:00:00.000Z,,San Francisco Bay Area Stadium,Iván Arcides Barton Cisneros,Full time,0,1,Paraguay,Turkiye,away,Gómez,8,True,starting_xi,AM,2,4,2,4-4-2,7.2,6.8,0,67.0
4667773,turkiye-vs-paraguay,https://www.fotmob.com/matches/turkiye-vs-paraguay/1gte1s#4667773,Turkiye vs Paraguay (2026-06-20T03:00:00.000Z),Turkiye,Paraguay,2026-06-20T03:00:00.000Z,,San Francisco Bay Area Stadium,Iván Arcides Barton Cisneros,Full time,0,1,Paraguay,Turkiye,away,Cubas,14,True,starting_xi,AM,2,4,3,4-4-2,7.2,7.0,0,
4667773,turkiye-vs-paraguay,https://www.fotmob.com/matches/turkiye-vs-paraguay/1gte1s#4667773,Turkiye vs Paraguay (2026-06-20T03:00:00.000Z),Turkiye,Paraguay,2026-06-20T03:00:00.000Z,,San Francisco Bay Area Stadium,Iván Arcides Barton Cisneros,Full time,0,1,Paraguay,Turkiye,away,Almirón,10,True,starting_xi,AM,2,4,4,4-4-2,7.2,6.0,0,
4667773,turkiye-vs-paraguay,https://www.fotmob.com/matches/turkiye-vs-paraguay/1gte1s#4667773,Turkiye vs Paraguay (2026-06-20T03:00:00.000Z),Turkiye,Paraguay,2026-06-20T03:00:00.000Z,,San Francisco Bay Area Stadium,Iván Arcides Barton Cisneros,Full time,0,1,Paraguay,Turkiye,away,Alonso,6,True,starting_xi,DEF,1,4,1,4-4-2,7.2,7.1,0,
4667773,turkiye-vs-paraguay,https://www.fotmob.com/matches/turkiye-vs-paraguay/1gte1s#4667773,Turkiye vs Paraguay (2026-06-20T03:00:00.000Z),Turkiye,Paraguay,2026-06-20T03:00:00.000Z,,San Francisco Bay Area Stadium,Iván Arcides Barton Cisneros,Full time,0,1,Paraguay,Turkiye,away,Alderete,3,True,starting_xi,DEF,1,4,2,4-4-2,7.2,7.3,0,
4667773,turkiye-vs-paraguay,https://www.fotmob.com/matches/turkiye-vs-paraguay/1gte1s#4667773,Turkiye vs Paraguay (2026-06-20T03:00:00.000Z),Turkiye,Paraguay,2026-06-20T03:00:00.000Z,,San Francisco Bay Area Stadium,Iván Arcides Barton Cisneros,Full time,0,1,Paraguay,Turkiye,away,Gómez,15,True,starting_xi,DEF,1,4,3,4-4-2,7.2,7.3,0,
4667773,turkiye-vs-paraguay,https://www.fotmob.com/matches/turkiye-vs-paraguay/1gte1s#4667773,Turkiye vs Paraguay (2026-06-20T03:00:00.000Z),Turkiye,Paraguay,2026-06-20T03:00:00.000Z,,San Francisco Bay Area Stadium,Iván Arcides Barton Cisneros,Full time,0,1,Paraguay,Turkiye,away,Cáceres,4,True,starting_xi,DEF,1,4,4,4-4-2,7.2,8.4,0,81.0
4667773,turkiye-vs-paraguay,https://www.fotmob.com/matches/turkiye-vs-paraguay/1gte1s#4667773,Turkiye vs Paraguay (2026-06-20T03:00:00.000Z),Turkiye,Paraguay,2026-06-20T03:00:00.000Z,,San Francisco Bay Area Stadium,Iván Arcides Barton Cisneros,Full time,0,1,Paraguay,Turkiye,away,Gill,12,True,starting_xi,GK,0,1,1,4-4-2,7.2,8.3,0,
4667780,ivory-coast-vs-germany,https://www.fotmob.com/matches/ivory-coast-vs-germany/1xi59e#4667780,Germany vs Ivory Coast (2026-06-20T20:00:00.000Z),Germany,Ivory Coast,2026-06-20T20:00:00.000Z,,Toronto Stadium,Juan Gabriel Benítez Mareco,Full time,2,1,Germany,Ivory Coast,home,Neuer,1,True,starting_xi,GK,0,1,1,4-2-3-1,7.1,6.8,0,
4667780,ivory-coast-vs-germany,https://www.fotmob.com/matches/ivory-coast-vs-germany/1xi59e#4667780,Germany vs Ivory Coast (2026-06-20T20:00:00.000Z),Germany,Ivory Coast,2026-06-20T20:00:00.000Z,,Toronto Stadium,Juan Gabriel Benítez Mareco,Full time,2,1,Germany,Ivory Coast,home,Kimmich,6,True,starting_xi,DEF,1,4,1,4-2-3-1,7.1,7.6,0,
4667780,ivory-coast-vs-germany,https://www.fotmob.com/matches/ivory-coast-vs-germany/1xi59e#4667780,Germany vs Ivory Coast (2026-06-20T20:00:00.000Z),Germany,Ivory Coast,2026-06-20T20:00:00.000Z,,Toronto Stadium,Juan Gabriel Benítez Mareco,Full time,2,1,Germany,Ivory Coast,home,Tah,4,True,starting_xi,DEF,1,4,2,4-2-3-1,7.1,7.7,0,
4667780,ivory-coast-vs-germany,https://www.fotmob.com/matches/ivory-coast-vs-germany/1xi59e#4667780,Germany vs Ivory Coast (2026-06-20T20:00:00.000Z),Germany,Ivory Coast,2026-06-20T20:00:00.000Z,,Toronto Stadium,Juan Gabriel Benítez Mareco,Full time,2,1,Germany,Ivory Coast,home,Schlotterbeck,15,True,starting_xi,DEF,1,4,3,4-2-3-1,7.1,6.8,0,46.0
4667780,ivory-coast-vs-germany,https://www.fotmob.com/matches/ivory-coast-vs-germany/1xi59e#4667780,Germany vs Ivory Coast (2026-06-20T20:00:00.000Z),Germany,Ivory Coast,2026-06-20T20:00:00.000Z,,Toronto Stadium,Juan Gabriel Benítez Mareco,Full time,2,1,Germany,Ivory Coast,home,Brown,18,True,starting_xi,DEF,1,4,4,4-2-3-1,7.1,6.5,0,
4667780,ivory-coast-vs-germany,https://www.fotmob.com/matches/ivory-coast-vs-germany/1xi59e#4667780,Germany vs Ivory Coast (2026-06-20T20:00:00.000Z),Germany,Ivory Coast,2026-06-20T20:00:00.000Z,,Toronto Stadium,Juan Gabriel Benítez Mareco,Full time,2,1,Germany,Ivory Coast,home,Nmecha,23,True,starting_xi,AM,2,2,1,4-2-3-1,7.1,8.2,0,
4667780,ivory-coast-vs-germany,https://www.fotmob.com/matches/ivory-coast-vs-germany/1xi59e#4667780,Germany vs Ivory Coast (2026-06-20T20:00:00.000Z),Germany,Ivory Coast,2026-06-20T20:00:00.000Z,,Toronto Stadium,Juan Gabriel Benítez Mareco,Full time,2,1,Germany,Ivory Coast,home,Pavlovic,5,True,starting_xi,AM,2,2,2,4-2-3-1,7.1,6.8,0,60.0
4667780,ivory-coast-vs-germany,https://www.fotmob.com/matches/ivory-coast-vs-germany/1xi59e#4667780,Germany vs Ivory Coast (2026-06-20T20:00:00.000Z),Germany,Ivory Coast,2026-06-20T20:00:00.000Z,,Toronto Stadium,Juan Gabriel Benítez Mareco,Full time,2,1,Germany,Ivory Coast,home,Sané,19,True,starting_xi,AM,3,3,1,4-2-3-1,7.1,6.7,0,60.0
4667780,ivory-coast-vs-germany,https://www.fotmob.com/matches/ivory-coast-vs-germany/1xi59e#4667780,Germany vs Ivory Coast (2026-06-20T20:00:00.000Z),Germany,Ivory Coast,2026-06-20T20:00:00.000Z,,Toronto Stadium,Juan Gabriel Benítez Mareco,Full time,2,1,Germany,Ivory Coast,home,Musiala,10,True,starting_xi,AM,3,3,2,4-2-3-1,7.1,7.1,0,60.0
4667780,ivory-coast-vs-germany,https://www.fotmob.com/matches/ivory-coast-vs-germany/1xi59e#4667780,Germany vs Ivory Coast (2026-06-20T20:00:00.000Z),Germany,Ivory Coast,2026-06-20T20:00:00.000Z,,Toronto Stadium,Juan Gabriel Benítez Mareco,Full time,2,1,Germany,Ivory Coast,home,Wirtz,17,True,starting_xi,AM,3,3,3,4-2-3-1,7.1,7.8,0,
4667780,ivory-coast-vs-germany,https://www.fotmob.com/matches/ivory-coast-vs-germany/1xi59e#4667780,Germany vs Ivory Coast (2026-06-20T20:00:00.000Z),Germany,Ivory Coast,2026-06-20T20:00:00.000Z,,Toronto Stadium,Juan Gabriel Benítez Mareco,Full time,2,1,Germany,Ivory Coast,home,Havertz,7,True,starting_xi,FWD,4,1,1,4-2-3-1,7.1,6.5,0,85.0
4667780,ivory-coast-vs-germany,https://www.fotmob.com/matches/ivory-coast-vs-germany/1xi59e#4667780,Germany vs Ivory Coast (2026-06-20T20:00:00.000Z),Germany,Ivory Coast,2026-06-20T20:00:00.000Z,,Toronto Stadium,Juan Gabriel Benítez Mareco,Full time,2,1,Ivory Coast,Germany,away,Diomande,11,True,starting_xi,FWD,3,3,1,4-3-3,6.7,7.1,0,85.0
4667780,ivory-coast-vs-germany,https://www.fotmob.com/matches/ivory-coast-vs-germany/1xi59e#4667780,Germany vs Ivory Coast (2026-06-20T20:00:00.000Z),Germany,Ivory Coast,2026-06-20T20:00:00.000Z,,Toronto Stadium,Juan Gabriel Benítez Mareco,Full time,2,1,Ivory Coast,Germany,away,Bonny,9,True,starting_xi,FWD,3,3,2,4-3-3,6.7,6.1,0,75.0
4667780,ivory-coast-vs-germany,https://www.fotmob.com/matches/ivory-coast-vs-germany/1xi59e#4667780,Germany vs Ivory Coast (2026-06-20T20:00:00.000Z),Germany,Ivory Coast,2026-06-20T20:00:00.000Z,,Toronto Stadium,Juan Gabriel Benítez Mareco,Full time,2,1,Ivory Coast,Germany,away,Amad,15,True,starting_xi,FWD,3,3,3,4-3-3,6.7,6.4,0,75.0
4667780,ivory-coast-vs-germany,https://www.fotmob.com/matches/ivory-coast-vs-germany/1xi59e#4667780,Germany vs Ivory Coast (2026-06-20T20:00:00.000Z),Germany,Ivory Coast,2026-06-20T20:00:00.000Z,,Toronto Stadium,Juan Gabriel Benítez Mareco,Full time,2,1,Ivory Coast,Germany,away,Oulaï,26,True,starting_xi,AM,2,3,1,4-3-3,6.7,7.5,0,
4667780,ivory-coast-vs-germany,https://www.fotmob.com/matches/ivory-coast-vs-germany/1xi59e#4667780,Germany vs Ivory Coast (2026-06-20T20:00:00.000Z),Germany,Ivory Coast,2026-06-20T20:00:00.000Z,,Toronto Stadium,Juan Gabriel Benítez Mareco,Full time,2,1,Ivory Coast,Germany,away,Sangaré,18,True,starting_xi,AM,2,3,2,4-3-3,6.7,7.3,0,75.0
4667780,ivory-coast-vs-germany,https://www.fotmob.com/matches/ivory-coast-vs-germany/1xi59e#4667780,Germany vs Ivory Coast (2026-06-20T20:00:00.000Z),Germany,Ivory Coast,2026-06-20T20:00:00.000Z,,Toronto Stadium,Juan Gabriel Benítez Mareco,Full time,2,1,Ivory Coast,Germany,away,Kessié,8,True,starting_xi,AM,2,3,3,4-3-3,6.7,7.2,0,
4667780,ivory-coast-vs-germany,https://www.fotmob.com/matches/ivory-coast-vs-germany/1xi59e#4667780,Germany vs Ivory Coast (2026-06-20T20:00:00.000Z),Germany,Ivory Coast,2026-06-20T20:00:00.000Z,,Toronto Stadium,Juan Gabriel Benítez Mareco,Full time,2,1,Ivory Coast,Germany,away,Konan,3,True,starting_xi,DEF,1,4,1,4-3-3,6.7,6.6,0,
4667780,ivory-coast-vs-germany,https://www.fotmob.com/matches/ivory-coast-vs-germany/1xi59e#4667780,Germany vs Ivory Coast (2026-06-20T20:00:00.000Z),Germany,Ivory Coast,2026-06-20T20:00:00.000Z,,Toronto Stadium,Juan Gabriel Benítez Mareco,Full time,2,1,Ivory Coast,Germany,away,Agbadou,20,True,starting_xi,DEF,1,4,2,4-3-3,6.7,6.4,0,
4667780,ivory-coast-vs-germany,https://www.fotmob.com/matches/ivory-coast-vs-germany/1xi59e#4667780,Germany vs Ivory Coast (2026-06-20T20:00:00.000Z),Germany,Ivory Coast,2026-06-20T20:00:00.000Z,,Toronto Stadium,Juan Gabriel Benítez Mareco,Full time,2,1,Ivory Coast,Germany,away,Kossounou,7,True,starting_xi,DEF,1,4,3,4-3-3,6.7,6.6,0,
4667780,ivory-coast-vs-germany,https://www.fotmob.com/matches/ivory-coast-vs-germany/1xi59e#4667780,Germany vs Ivory Coast (2026-06-20T20:00:00.000Z),Germany,Ivory Coast,2026-06-20T20:00:00.000Z,,Toronto Stadium,Juan Gabriel Benítez Mareco,Full time,2,1,Ivory Coast,Germany,away,Singo,5,True,starting_xi,DEF,1,4,4,4-3-3,6.7,7.1,0,82.0
4667780,ivory-coast-vs-germany,https://www.fotmob.com/matches/ivory-coast-vs-germany/1xi59e#4667780,Germany vs Ivory Coast (2026-06-20T20:00:00.000Z),Germany,Ivory Coast,2026-06-20T20:00:00.000Z,,Toronto Stadium,Juan Gabriel Benítez Mareco,Full time,2,1,Ivory Coast,Germany,away,Fofana,1,True,starting_xi,GK,0,1,1,4-3-3,6.7,7.0,0,
4667779,ecuador-vs-curacao,https://www.fotmob.com/matches/ecuador-vs-curacao/jy3jhs3#4667779,Ecuador vs Curacao (2026-06-21T00:00:00.000Z),Ecuador,Curacao,2026-06-21T00:00:00.000Z,,Kansas City Stadium,Ning Ma,Full time,0,0,Ecuador,Curacao,home,Galindez,1,True,starting_xi,GK,0,1,1,3-1-4-2,7.3,8.0,0,
4667779,ecuador-vs-curacao,https://www.fotmob.com/matches/ecuador-vs-curacao/jy3jhs3#4667779,Ecuador vs Curacao (2026-06-21T00:00:00.000Z),Ecuador,Curacao,2026-06-21T00:00:00.000Z,,Kansas City Stadium,Ning Ma,Full time,0,0,Ecuador,Curacao,home,Franco,21,True,starting_xi,DEF,1,3,1,3-1-4-2,7.3,7.5,0,83.0
4667779,ecuador-vs-curacao,https://www.fotmob.com/matches/ecuador-vs-curacao/jy3jhs3#4667779,Ecuador vs Curacao (2026-06-21T00:00:00.000Z),Ecuador,Curacao,2026-06-21T00:00:00.000Z,,Kansas City Stadium,Ning Ma,Full time,0,0,Ecuador,Curacao,home,Pacho,6,True,starting_xi,DEF,1,3,2,3-1-4-2,7.3,7.3,0,
4667779,ecuador-vs-curacao,https://www.fotmob.com/matches/ecuador-vs-curacao/jy3jhs3#4667779,Ecuador vs Curacao (2026-06-21T00:00:00.000Z),Ecuador,Curacao,2026-06-21T00:00:00.000Z,,Kansas City Stadium,Ning Ma,Full time,0,0,Ecuador,Curacao,home,Hincapié,3,True,starting_xi,DEF,1,3,3,3-1-4-2,7.3,7.9,0,
4667779,ecuador-vs-curacao,https://www.fotmob.com/matches/ecuador-vs-curacao/jy3jhs3#4667779,Ecuador vs Curacao (2026-06-21T00:00:00.000Z),Ecuador,Curacao,2026-06-21T00:00:00.000Z,,Kansas City Stadium,Ning Ma,Full time,0,0,Ecuador,Curacao,home,Alcívar,5,True,starting_xi,AM,2,1,1,3-1-4-2,7.3,6.6,0,46.0
4667779,ecuador-vs-curacao,https://www.fotmob.com/matches/ecuador-vs-curacao/jy3jhs3#4667779,Ecuador vs Curacao (2026-06-21T00:00:00.000Z),Ecuador,Curacao,2026-06-21T00:00:00.000Z,,Kansas City Stadium,Ning Ma,Full time,0,0,Ecuador,Curacao,home,Yeboah,9,True,starting_xi,AM,3,4,1,3-1-4-2,7.3,7.4,0,89.0
4667779,ecuador-vs-curacao,https://www.fotmob.com/matches/ecuador-vs-curacao/jy3jhs3#4667779,Ecuador vs Curacao (2026-06-21T00:00:00.000Z),Ecuador,Curacao,2026-06-21T00:00:00.000Z,,Kansas City Stadium,Ning Ma,Full time,0,0,Ecuador,Curacao,home,Vite,15,True,starting_xi,AM,3,4,2,3-1-4-2,7.3,8.1,0,
4667779,ecuador-vs-curacao,https://www.fotmob.com/matches/ecuador-vs-curacao/jy3jhs3#4667779,Ecuador vs Curacao (2026-06-21T00:00:00.000Z),Ecuador,Curacao,2026-06-21T00:00:00.000Z,,Kansas City Stadium,Ning Ma,Full time,0,0,Ecuador,Curacao,home,Caicedo,23,True,starting_xi,AM,3,4,3,3-1-4-2,7.3,8.4,0,
4667779,ecuador-vs-curacao,https://www.fotmob.com/matches/ecuador-vs-curacao/jy3jhs3#4667779,Ecuador vs Curacao (2026-06-21T00:00:00.000Z),Ecuador,Curacao,2026-06-21T00:00:00.000Z,,Kansas City Stadium,Ning Ma,Full time,0,0,Ecuador,Curacao,home,Estupinán,7,True,starting_xi,AM,3,4,4,3-1-4-2,7.3,6.3,0,71.0
4667779,ecuador-vs-curacao,https://www.fotmob.com/matches/ecuador-vs-curacao/jy3jhs3#4667779,Ecuador vs Curacao (2026-06-21T00:00:00.000Z),Ecuador,Curacao,2026-06-21T00:00:00.000Z,,Kansas City Stadium,Ning Ma,Full time,0,0,Ecuador,Curacao,home,Plata,19,True,starting_xi,FWD,4,2,1,3-1-4-2,7.3,7.7,0,
4667779,ecuador-vs-curacao,https://www.fotmob.com/matches/ecuador-vs-curacao/jy3jhs3#4667779,Ecuador vs Curacao (2026-06-21T00:00:00.000Z),Ecuador,Curacao,2026-06-21T00:00:00.000Z,,Kansas City Stadium,Ning Ma,Full time,0,0,Ecuador,Curacao,home,Valencia,13,True,starting_xi,FWD,4,2,2,3-1-4-2,7.3,6.5,0,
4667779,ecuador-vs-curacao,https://www.fotmob.com/matches/ecuador-vs-curacao/jy3jhs3#4667779,Ecuador vs Curacao (2026-06-21T00:00:00.000Z),Ecuador,Curacao,2026-06-21T00:00:00.000Z,,Kansas City Stadium,Ning Ma,Full time,0,0,Curacao,Ecuador,away,Locadia,9,True,starting_xi,FWD,3,1,1,5-4-1,7.0,6.0,0,83.0
4667779,ecuador-vs-curacao,https://www.fotmob.com/matches/ecuador-vs-curacao/jy3jhs3#4667779,Ecuador vs Curacao (2026-06-21T00:00:00.000Z),Ecuador,Curacao,2026-06-21T00:00:00.000Z,,Kansas City Stadium,Ning Ma,Full time,0,0,Curacao,Ecuador,away,Bacuna,7,True,starting_xi,AM,2,4,1,5-4-1,7.0,7.0,0,75.0
4667779,ecuador-vs-curacao,https://www.fotmob.com/matches/ecuador-vs-curacao/jy3jhs3#4667779,Ecuador vs Curacao (2026-06-21T00:00:00.000Z),Ecuador,Curacao,2026-06-21T00:00:00.000Z,,Kansas City Stadium,Ning Ma,Full time,0,0,Curacao,Ecuador,away,Bacuna,10,True,starting_xi,AM,2,4,2,5-4-1,7.0,6.9,0,
4667779,ecuador-vs-curacao,https://www.fotmob.com/matches/ecuador-vs-curacao/jy3jhs3#4667779,Ecuador vs Curacao (2026-06-21T00:00:00.000Z),Ecuador,Curacao,2026-06-21T00:00:00.000Z,,Kansas City Stadium,Ning Ma,Full time,0,0,Curacao,Ecuador,away,Comenencia,8,True,starting_xi,AM,2,4,3,5-4-1,7.0,6.0,0,83.0
4667779,ecuador-vs-curacao,https://www.fotmob.com/matches/ecuador-vs-curacao/jy3jhs3#4667779,Ecuador vs Curacao (2026-06-21T00:00:00.000Z),Ecuador,Curacao,2026-06-21T00:00:00.000Z,,Kansas City Stadium,Ning Ma,Full time,0,0,Curacao,Ecuador,away,Chong,21,True,starting_xi,AM,2,4,4,5-4-1,7.0,7.3,0,75.0
4667779,ecuador-vs-curacao,https://www.fotmob.com/matches/ecuador-vs-curacao/jy3jhs3#4667779,Ecuador vs Curacao (2026-06-21T00:00:00.000Z),Ecuador,Curacao,2026-06-21T00:00:00.000Z,,Kansas City Stadium,Ning Ma,Full time,0,0,Curacao,Ecuador,away,Fonville,24,True,starting_xi,DEF,1,5,1,5-4-1,7.0,6.9,0,75.0
4667779,ecuador-vs-curacao,https://www.fotmob.com/matches/ecuador-vs-curacao/jy3jhs3#4667779,Ecuador vs Curacao (2026-06-21T00:00:00.000Z),Ecuador,Curacao,2026-06-21T00:00:00.000Z,,Kansas City Stadium,Ning Ma,Full time,0,0,Curacao,Ecuador,away,Brenet,20,True,starting_xi,DEF,1,5,2,5-4-1,7.0,7.8,0,
4667779,ecuador-vs-curacao,https://www.fotmob.com/matches/ecuador-vs-curacao/jy3jhs3#4667779,Ecuador vs Curacao (2026-06-21T00:00:00.000Z),Ecuador,Curacao,2026-06-21T00:00:00.000Z,,Kansas City Stadium,Ning Ma,Full time,0,0,Curacao,Ecuador,away,Floranus,5,True,starting_xi,DEF,1,5,3,5-4-1,7.0,7.3,0,
4667779,ecuador-vs-curacao,https://www.fotmob.com/matches/ecuador-vs-curacao/jy3jhs3#4667779,Ecuador vs Curacao (2026-06-21T00:00:00.000Z),Ecuador,Curacao,2026-06-21T00:00:00.000Z,,Kansas City Stadium,Ning Ma,Full time,0,0,Curacao,Ecuador,away,Obispo,18,True,starting_xi,DEF,1,5,4,5-4-1,7.0,7.3,0,
4667779,ecuador-vs-curacao,https://www.fotmob.com/matches/ecuador-vs-curacao/jy3jhs3#4667779,Ecuador vs Curacao (2026-06-21T00:00:00.000Z),Ecuador,Curacao,2026-06-21T00:00:00.000Z,,Kansas City Stadium,Ning Ma,Full time,0,0,Curacao,Ecuador,away,Gaari,3,True,starting_xi,DEF,1,5,5,5-4-1,7.0,7.3,0,
4667779,ecuador-vs-curacao,https://www.fotmob.com/matches/ecuador-vs-curacao/jy3jhs3#4667779,Ecuador vs Curacao (2026-06-21T00:00:00.000Z),Ecuador,Curacao,2026-06-21T00:00:00.000Z,,Kansas City Stadium,Ning Ma,Full time,0,0,Curacao,Ecuador,away,Room,1,True,starting_xi,GK,0,1,1,5-4-1,7.0,9.3,0,
4667786,netherlands-vs-sweden,https://www.fotmob.com/matches/netherlands-vs-sweden/1x1gy6#4667786,Netherlands vs Sweden (2026-06-20T17:00:00.000Z),Netherlands,Sweden,2026-06-20T17:00:00.000Z,,Houston Stadium,Michael Oliver,Full time,5,1,Netherlands,Sweden,home,Verbruggen,1,True,starting_xi,GK,0,1,1,4-3-3,7.4,7.9,0,
4667786,netherlands-vs-sweden,https://www.fotmob.com/matches/netherlands-vs-sweden/1x1gy6#4667786,Netherlands vs Sweden (2026-06-20T17:00:00.000Z),Netherlands,Sweden,2026-06-20T17:00:00.000Z,,Houston Stadium,Michael Oliver,Full time,5,1,Netherlands,Sweden,home,Dumfries,22,True,starting_xi,DEF,1,4,1,4-3-3,7.4,8.7,0,
4667786,netherlands-vs-sweden,https://www.fotmob.com/matches/netherlands-vs-sweden/1x1gy6#4667786,Netherlands vs Sweden (2026-06-20T17:00:00.000Z),Netherlands,Sweden,2026-06-20T17:00:00.000Z,,Houston Stadium,Michael Oliver,Full time,5,1,Netherlands,Sweden,home,van Hecke,6,True,starting_xi,DEF,1,4,2,4-3-3,7.4,7.2,0,
4667786,netherlands-vs-sweden,https://www.fotmob.com/matches/netherlands-vs-sweden/1x1gy6#4667786,Netherlands vs Sweden (2026-06-20T17:00:00.000Z),Netherlands,Sweden,2026-06-20T17:00:00.000Z,,Houston Stadium,Michael Oliver,Full time,5,1,Netherlands,Sweden,home,van Dijk,4,True,starting_xi,DEF,1,4,3,4-3-3,7.4,7.1,0,
4667786,netherlands-vs-sweden,https://www.fotmob.com/matches/netherlands-vs-sweden/1x1gy6#4667786,Netherlands vs Sweden (2026-06-20T17:00:00.000Z),Netherlands,Sweden,2026-06-20T17:00:00.000Z,,Houston Stadium,Michael Oliver,Full time,5,1,Netherlands,Sweden,home,Van de Ven,15,True,starting_xi,DEF,1,4,4,4-3-3,7.4,7.3,0,
4667786,netherlands-vs-sweden,https://www.fotmob.com/matches/netherlands-vs-sweden/1x1gy6#4667786,Netherlands vs Sweden (2026-06-20T17:00:00.000Z),Netherlands,Sweden,2026-06-20T17:00:00.000Z,,Houston Stadium,Michael Oliver,Full time,5,1,Netherlands,Sweden,home,Gravenberch,8,True,starting_xi,AM,2,3,1,4-3-3,7.4,7.0,0,
4667786,netherlands-vs-sweden,https://www.fotmob.com/matches/netherlands-vs-sweden/1x1gy6#4667786,Netherlands vs Sweden (2026-06-20T17:00:00.000Z),Netherlands,Sweden,2026-06-20T17:00:00.000Z,,Houston Stadium,Michael Oliver,Full time,5,1,Netherlands,Sweden,home,de Jong,21,True,starting_xi,AM,2,3,2,4-3-3,7.4,7.7,0,59.0
4667786,netherlands-vs-sweden,https://www.fotmob.com/matches/netherlands-vs-sweden/1x1gy6#4667786,Netherlands vs Sweden (2026-06-20T17:00:00.000Z),Netherlands,Sweden,2026-06-20T17:00:00.000Z,,Houston Stadium,Michael Oliver,Full time,5,1,Netherlands,Sweden,home,Reijnders,14,True,starting_xi,AM,2,3,3,4-3-3,7.4,6.1,0,59.0
4667786,netherlands-vs-sweden,https://www.fotmob.com/matches/netherlands-vs-sweden/1x1gy6#4667786,Netherlands vs Sweden (2026-06-20T17:00:00.000Z),Netherlands,Sweden,2026-06-20T17:00:00.000Z,,Houston Stadium,Michael Oliver,Full time,5,1,Netherlands,Sweden,home,Malen,18,True,starting_xi,FWD,3,3,1,4-3-3,7.4,6.4,0,46.0
4667786,netherlands-vs-sweden,https://www.fotmob.com/matches/netherlands-vs-sweden/1x1gy6#4667786,Netherlands vs Sweden (2026-06-20T17:00:00.000Z),Netherlands,Sweden,2026-06-20T17:00:00.000Z,,Houston Stadium,Michael Oliver,Full time,5,1,Netherlands,Sweden,home,Brobbey,19,True,starting_xi,FWD,3,3,2,4-3-3,7.4,8.8,0,72.0
4667786,netherlands-vs-sweden,https://www.fotmob.com/matches/netherlands-vs-sweden/1x1gy6#4667786,Netherlands vs Sweden (2026-06-20T17:00:00.000Z),Netherlands,Sweden,2026-06-20T17:00:00.000Z,,Houston Stadium,Michael Oliver,Full time,5,1,Netherlands,Sweden,home,Gakpo,11,True,starting_xi,FWD,3,3,3,4-3-3,7.4,9.3,0,90.0
4667786,netherlands-vs-sweden,https://www.fotmob.com/matches/netherlands-vs-sweden/1x1gy6#4667786,Netherlands vs Sweden (2026-06-20T17:00:00.000Z),Netherlands,Sweden,2026-06-20T17:00:00.000Z,,Houston Stadium,Michael Oliver,Full time,5,1,Sweden,Netherlands,away,Isak,9,True,starting_xi,FWD,3,2,1,3-5-2,6.1,7.9,0,
4667786,netherlands-vs-sweden,https://www.fotmob.com/matches/netherlands-vs-sweden/1x1gy6#4667786,Netherlands vs Sweden (2026-06-20T17:00:00.000Z),Netherlands,Sweden,2026-06-20T17:00:00.000Z,,Houston Stadium,Michael Oliver,Full time,5,1,Sweden,Netherlands,away,Gyökeres,17,True,starting_xi,FWD,3,2,2,3-5-2,6.1,7.0,0,
4667786,netherlands-vs-sweden,https://www.fotmob.com/matches/netherlands-vs-sweden/1x1gy6#4667786,Netherlands vs Sweden (2026-06-20T17:00:00.000Z),Netherlands,Sweden,2026-06-20T17:00:00.000Z,,Houston Stadium,Michael Oliver,Full time,5,1,Sweden,Netherlands,away,Gudmundsson,5,True,starting_xi,AM,2,5,1,3-5-2,6.1,6.1,0,90.0
4667786,netherlands-vs-sweden,https://www.fotmob.com/matches/netherlands-vs-sweden/1x1gy6#4667786,Netherlands vs Sweden (2026-06-20T17:00:00.000Z),Netherlands,Sweden,2026-06-20T17:00:00.000Z,,Houston Stadium,Michael Oliver,Full time,5,1,Sweden,Netherlands,away,Ayari,18,True,starting_xi,AM,2,5,2,3-5-2,6.1,6.2,0,79.0
4667786,netherlands-vs-sweden,https://www.fotmob.com/matches/netherlands-vs-sweden/1x1gy6#4667786,Netherlands vs Sweden (2026-06-20T17:00:00.000Z),Netherlands,Sweden,2026-06-20T17:00:00.000Z,,Houston Stadium,Michael Oliver,Full time,5,1,Sweden,Netherlands,away,Karlström,16,True,starting_xi,AM,2,5,3,3-5-2,6.1,5.8,0,55.0
4667786,netherlands-vs-sweden,https://www.fotmob.com/matches/netherlands-vs-sweden/1x1gy6#4667786,Netherlands vs Sweden (2026-06-20T17:00:00.000Z),Netherlands,Sweden,2026-06-20T17:00:00.000Z,,Houston Stadium,Michael Oliver,Full time,5,1,Sweden,Netherlands,away,Nygren,10,True,starting_xi,AM,2,5,4,3-5-2,6.1,5.6,0,55.0
4667786,netherlands-vs-sweden,https://www.fotmob.com/matches/netherlands-vs-sweden/1x1gy6#4667786,Netherlands vs Sweden (2026-06-20T17:00:00.000Z),Netherlands,Sweden,2026-06-20T17:00:00.000Z,,Houston Stadium,Michael Oliver,Full time,5,1,Sweden,Netherlands,away,Bernhardsson,21,True,starting_xi,AM,2,5,5,3-5-2,6.1,6.5,0,55.0
4667786,netherlands-vs-sweden,https://www.fotmob.com/matches/netherlands-vs-sweden/1x1gy6#4667786,Netherlands vs Sweden (2026-06-20T17:00:00.000Z),Netherlands,Sweden,2026-06-20T17:00:00.000Z,,Houston Stadium,Michael Oliver,Full time,5,1,Sweden,Netherlands,away,Lindelöf,3,True,starting_xi,DEF,1,3,1,3-5-2,6.1,4.7,0,
4667786,netherlands-vs-sweden,https://www.fotmob.com/matches/netherlands-vs-sweden/1x1gy6#4667786,Netherlands vs Sweden (2026-06-20T17:00:00.000Z),Netherlands,Sweden,2026-06-20T17:00:00.000Z,,Houston Stadium,Michael Oliver,Full time,5,1,Sweden,Netherlands,away,Hien,4,True,starting_xi,DEF,1,3,2,3-5-2,6.1,4.9,0,
4667786,netherlands-vs-sweden,https://www.fotmob.com/matches/netherlands-vs-sweden/1x1gy6#4667786,Netherlands vs Sweden (2026-06-20T17:00:00.000Z),Netherlands,Sweden,2026-06-20T17:00:00.000Z,,Houston Stadium,Michael Oliver,Full time,5,1,Sweden,Netherlands,away,Lagerbielke,2,True,starting_xi,DEF,1,3,3,3-5-2,6.1,5.3,0,
4667786,netherlands-vs-sweden,https://www.fotmob.com/matches/netherlands-vs-sweden/1x1gy6#4667786,Netherlands vs Sweden (2026-06-20T17:00:00.000Z),Netherlands,Sweden,2026-06-20T17:00:00.000Z,,Houston Stadium,Michael Oliver,Full time,5,1,Sweden,Netherlands,away,Nordfeldt,23,True,starting_xi,GK,0,1,1,3-5-2,6.1,4.6,0,
4667785,japan-vs-tunisia,https://www.fotmob.com/matches/japan-vs-tunisia/1hqd1q#4667785,Tunisia vs Japan (2026-06-21T04:00:00.000Z),Tunisia,Japan,2026-06-21T04:00:00.000Z,,Monterrey Stadium,István Kovács,Full time,0,4,Tunisia,Japan,home,Dahmen,16,True,starting_xi,GK,0,1,1,3-4-2-1,5.9,4.9,0,
4667785,japan-vs-tunisia,https://www.fotmob.com/matches/japan-vs-tunisia/1hqd1q#4667785,Tunisia vs Japan (2026-06-21T04:00:00.000Z),Tunisia,Japan,2026-06-21T04:00:00.000Z,,Monterrey Stadium,István Kovács,Full time,0,4,Tunisia,Japan,home,Bronn,6,True,starting_xi,DEF,1,3,1,3-4-2-1,5.9,5.9,0,46.0
4667785,japan-vs-tunisia,https://www.fotmob.com/matches/japan-vs-tunisia/1hqd1q#4667785,Tunisia vs Japan (2026-06-21T04:00:00.000Z),Tunisia,Japan,2026-06-21T04:00:00.000Z,,Monterrey Stadium,István Kovács,Full time,0,4,Tunisia,Japan,home,Talbi,3,True,starting_xi,DEF,1,3,2,3-4-2-1,5.9,5.1,0,
4667785,japan-vs-tunisia,https://www.fotmob.com/matches/japan-vs-tunisia/1hqd1q#4667785,Tunisia vs Japan (2026-06-21T04:00:00.000Z),Tunisia,Japan,2026-06-21T04:00:00.000Z,,Monterrey Stadium,István Kovács,Full time,0,4,Tunisia,Japan,home,Rekik,4,True,starting_xi,DEF,1,3,3,3-4-2-1,5.9,5.8,0,
4667785,japan-vs-tunisia,https://www.fotmob.com/matches/japan-vs-tunisia/1hqd1q#4667785,Tunisia vs Japan (2026-06-21T04:00:00.000Z),Tunisia,Japan,2026-06-21T04:00:00.000Z,,Monterrey Stadium,István Kovács,Full time,0,4,Tunisia,Japan,home,Valery,20,True,starting_xi,AM,2,4,1,3-4-2-1,5.9,6.5,0,
4667785,japan-vs-tunisia,https://www.fotmob.com/matches/japan-vs-tunisia/1hqd1q#4667785,Tunisia vs Japan (2026-06-21T04:00:00.000Z),Tunisia,Japan,2026-06-21T04:00:00.000Z,,Monterrey Stadium,István Kovács,Full time,0,4,Tunisia,Japan,home,Ben Slimane,25,True,starting_xi,AM,2,4,2,3-4-2-1,5.9,6.7,0,
4667785,japan-vs-tunisia,https://www.fotmob.com/matches/japan-vs-tunisia/1hqd1q#4667785,Tunisia vs Japan (2026-06-21T04:00:00.000Z),Tunisia,Japan,2026-06-21T04:00:00.000Z,,Monterrey Stadium,István Kovács,Full time,0,4,Tunisia,Japan,home,Skhiri,17,True,starting_xi,AM,2,4,3,3-4-2-1,5.9,5.4,0,90.0
4667785,japan-vs-tunisia,https://www.fotmob.com/matches/japan-vs-tunisia/1hqd1q#4667785,Tunisia vs Japan (2026-06-21T04:00:00.000Z),Tunisia,Japan,2026-06-21T04:00:00.000Z,,Monterrey Stadium,István Kovács,Full time,0,4,Tunisia,Japan,home,Abdi,2,True,starting_xi,AM,2,4,4,3-4-2-1,5.9,6.7,0,90.0
4667785,japan-vs-tunisia,https://www.fotmob.com/matches/japan-vs-tunisia/1hqd1q#4667785,Tunisia vs Japan (2026-06-21T04:00:00.000Z),Tunisia,Japan,2026-06-21T04:00:00.000Z,,Monterrey Stadium,István Kovács,Full time,0,4,Tunisia,Japan,home,Saad,8,True,starting_xi,AM,3,2,1,3-4-2-1,5.9,5.6,0,46.0
4667785,japan-vs-tunisia,https://www.fotmob.com/matches/japan-vs-tunisia/1hqd1q#4667785,Tunisia vs Japan (2026-06-21T04:00:00.000Z),Tunisia,Japan,2026-06-21T04:00:00.000Z,,Monterrey Stadium,István Kovács,Full time,0,4,Tunisia,Japan,home,Hannibal,10,True,starting_xi,AM,3,2,2,3-4-2-1,5.9,6.1,0,
4667785,japan-vs-tunisia,https://www.fotmob.com/matches/japan-vs-tunisia/1hqd1q#4667785,Tunisia vs Japan (2026-06-21T04:00:00.000Z),Tunisia,Japan,2026-06-21T04:00:00.000Z,,Monterrey Stadium,István Kovács,Full time,0,4,Tunisia,Japan,home,Tounekti,26,True,starting_xi,FWD,4,1,1,3-4-2-1,5.9,5.5,0,64.0
4667785,japan-vs-tunisia,https://www.fotmob.com/matches/japan-vs-tunisia/1hqd1q#4667785,Tunisia vs Japan (2026-06-21T04:00:00.000Z),Tunisia,Japan,2026-06-21T04:00:00.000Z,,Monterrey Stadium,István Kovács,Full time,0,4,Japan,Tunisia,away,Ueda,18,True,starting_xi,FWD,4,1,1,3-4-2-1,7.4,9.3,0,84.0
4667785,japan-vs-tunisia,https://www.fotmob.com/matches/japan-vs-tunisia/1hqd1q#4667785,Tunisia vs Japan (2026-06-21T04:00:00.000Z),Tunisia,Japan,2026-06-21T04:00:00.000Z,,Monterrey Stadium,István Kovács,Full time,0,4,Japan,Tunisia,away,Kamada,15,True,starting_xi,AM,3,2,1,3-4-2-1,7.4,7.7,0,74.0
4667785,japan-vs-tunisia,https://www.fotmob.com/matches/japan-vs-tunisia/1hqd1q#4667785,Tunisia vs Japan (2026-06-21T04:00:00.000Z),Tunisia,Japan,2026-06-21T04:00:00.000Z,,Monterrey Stadium,István Kovács,Full time,0,4,Japan,Tunisia,away,Ito,14,True,starting_xi,AM,3,2,2,3-4-2-1,7.4,7.7,0,
4667785,japan-vs-tunisia,https://www.fotmob.com/matches/japan-vs-tunisia/1hqd1q#4667785,Tunisia vs Japan (2026-06-21T04:00:00.000Z),Tunisia,Japan,2026-06-21T04:00:00.000Z,,Monterrey Stadium,István Kovács,Full time,0,4,Japan,Tunisia,away,Nakamura,13,True,starting_xi,AM,2,4,1,3-4-2-1,7.4,8.2,0,78.0
4667785,japan-vs-tunisia,https://www.fotmob.com/matches/japan-vs-tunisia/1hqd1q#4667785,Tunisia vs Japan (2026-06-21T04:00:00.000Z),Tunisia,Japan,2026-06-21T04:00:00.000Z,,Monterrey Stadium,István Kovács,Full time,0,4,Japan,Tunisia,away,Tanaka,7,True,starting_xi,AM,2,4,2,3-4-2-1,7.4,7.5,0,
4667785,japan-vs-tunisia,https://www.fotmob.com/matches/japan-vs-tunisia/1hqd1q#4667785,Tunisia vs Japan (2026-06-21T04:00:00.000Z),Tunisia,Japan,2026-06-21T04:00:00.000Z,,Monterrey Stadium,István Kovács,Full time,0,4,Japan,Tunisia,away,Sano,24,True,starting_xi,AM,2,4,3,3-4-2-1,7.4,8.1,0,
4667785,japan-vs-tunisia,https://www.fotmob.com/matches/japan-vs-tunisia/1hqd1q#4667785,Tunisia vs Japan (2026-06-21T04:00:00.000Z),Tunisia,Japan,2026-06-21T04:00:00.000Z,,Monterrey Stadium,István Kovács,Full time,0,4,Japan,Tunisia,away,Doan,10,True,starting_xi,AM,2,4,4,3-4-2-1,7.4,7.0,0,74.0
4667785,japan-vs-tunisia,https://www.fotmob.com/matches/japan-vs-tunisia/1hqd1q#4667785,Tunisia vs Japan (2026-06-21T04:00:00.000Z),Tunisia,Japan,2026-06-21T04:00:00.000Z,,Monterrey Stadium,István Kovács,Full time,0,4,Japan,Tunisia,away,Ito,21,True,starting_xi,DEF,1,3,1,3-4-2-1,7.4,7.7,0,
4667785,japan-vs-tunisia,https://www.fotmob.com/matches/japan-vs-tunisia/1hqd1q#4667785,Tunisia vs Japan (2026-06-21T04:00:00.000Z),Tunisia,Japan,2026-06-21T04:00:00.000Z,,Monterrey Stadium,István Kovács,Full time,0,4,Japan,Tunisia,away,Itakura,4,True,starting_xi,DEF,1,3,2,3-4-2-1,7.4,8.3,0,
4667785,japan-vs-tunisia,https://www.fotmob.com/matches/japan-vs-tunisia/1hqd1q#4667785,Tunisia vs Japan (2026-06-21T04:00:00.000Z),Tunisia,Japan,2026-06-21T04:00:00.000Z,,Monterrey Stadium,István Kovács,Full time,0,4,Japan,Tunisia,away,Tomiyasu,22,True,starting_xi,DEF,1,3,3,3-4-2-1,7.4,7.4,0,78.0
4667785,japan-vs-tunisia,https://www.fotmob.com/matches/japan-vs-tunisia/1hqd1q#4667785,Tunisia vs Japan (2026-06-21T04:00:00.000Z),Tunisia,Japan,2026-06-21T04:00:00.000Z,,Monterrey Stadium,István Kovács,Full time,0,4,Japan,Tunisia,away,Suzuki,1,True,starting_xi,GK,0,1,1,3-4-2-1,7.4,7.4,0,
4667792,new-zealand-vs-egypt,https://www.fotmob.com/matches/new-zealand-vs-egypt/24xk7y#4667792,New Zealand vs Egypt (2026-06-22T01:00:00.000Z),New Zealand,Egypt,2026-06-22T01:00:00.000Z,,,,Full time,1,3,New Zealand,Egypt,home,Crocombe,1,True,starting_xi,GK,0,1,1,4-2-3-1,6.2,5.6,0,
4667792,new-zealand-vs-egypt,https://www.fotmob.com/matches/new-zealand-vs-egypt/24xk7y#4667792,New Zealand vs Egypt (2026-06-22T01:00:00.000Z),New Zealand,Egypt,2026-06-22T01:00:00.000Z,,,,Full time,1,3,New Zealand,Egypt,home,Payne,2,True,starting_xi,DEF,1,4,1,4-2-3-1,6.2,6.3,0,85.0
4667792,new-zealand-vs-egypt,https://www.fotmob.com/matches/new-zealand-vs-egypt/24xk7y#4667792,New Zealand vs Egypt (2026-06-22T01:00:00.000Z),New Zealand,Egypt,2026-06-22T01:00:00.000Z,,,,Full time,1,3,New Zealand,Egypt,home,Surman,16,True,starting_xi,DEF,1,4,2,4-2-3-1,6.2,7.0,0,
4667792,new-zealand-vs-egypt,https://www.fotmob.com/matches/new-zealand-vs-egypt/24xk7y#4667792,New Zealand vs Egypt (2026-06-22T01:00:00.000Z),New Zealand,Egypt,2026-06-22T01:00:00.000Z,,,,Full time,1,3,New Zealand,Egypt,home,Boxall,5,True,starting_xi,DEF,1,4,3,4-2-3-1,6.2,5.7,0,
4667792,new-zealand-vs-egypt,https://www.fotmob.com/matches/new-zealand-vs-egypt/24xk7y#4667792,New Zealand vs Egypt (2026-06-22T01:00:00.000Z),New Zealand,Egypt,2026-06-22T01:00:00.000Z,,,,Full time,1,3,New Zealand,Egypt,home,Cacace,13,True,starting_xi,DEF,1,4,4,4-2-3-1,6.2,6.8,0,76.0
4667792,new-zealand-vs-egypt,https://www.fotmob.com/matches/new-zealand-vs-egypt/24xk7y#4667792,New Zealand vs Egypt (2026-06-22T01:00:00.000Z),New Zealand,Egypt,2026-06-22T01:00:00.000Z,,,,Full time,1,3,New Zealand,Egypt,home,Bell,6,True,starting_xi,AM,2,2,1,4-2-3-1,6.2,6.1,0,
4667792,new-zealand-vs-egypt,https://www.fotmob.com/matches/new-zealand-vs-egypt/24xk7y#4667792,New Zealand vs Egypt (2026-06-22T01:00:00.000Z),New Zealand,Egypt,2026-06-22T01:00:00.000Z,,,,Full time,1,3,New Zealand,Egypt,home,Stamenic,8,True,starting_xi,AM,2,2,2,4-2-3-1,6.2,6.2,0,
4667792,new-zealand-vs-egypt,https://www.fotmob.com/matches/new-zealand-vs-egypt/24xk7y#4667792,New Zealand vs Egypt (2026-06-22T01:00:00.000Z),New Zealand,Egypt,2026-06-22T01:00:00.000Z,,,,Full time,1,3,New Zealand,Egypt,home,McCowatt,20,True,starting_xi,AM,3,3,1,4-2-3-1,6.2,6.1,0,66.0
4667792,new-zealand-vs-egypt,https://www.fotmob.com/matches/new-zealand-vs-egypt/24xk7y#4667792,New Zealand vs Egypt (2026-06-22T01:00:00.000Z),New Zealand,Egypt,2026-06-22T01:00:00.000Z,,,,Full time,1,3,New Zealand,Egypt,home,Singh,10,True,starting_xi,AM,3,3,2,4-2-3-1,6.2,5.8,0,76.0
4667792,new-zealand-vs-egypt,https://www.fotmob.com/matches/new-zealand-vs-egypt/24xk7y#4667792,New Zealand vs Egypt (2026-06-22T01:00:00.000Z),New Zealand,Egypt,2026-06-22T01:00:00.000Z,,,,Full time,1,3,New Zealand,Egypt,home,Just,11,True,starting_xi,AM,3,3,3,4-2-3-1,6.2,6.7,0,85.0
4667792,new-zealand-vs-egypt,https://www.fotmob.com/matches/new-zealand-vs-egypt/24xk7y#4667792,New Zealand vs Egypt (2026-06-22T01:00:00.000Z),New Zealand,Egypt,2026-06-22T01:00:00.000Z,,,,Full time,1,3,New Zealand,Egypt,home,Wood,9,True,starting_xi,FWD,4,1,1,4-2-3-1,6.2,6.0,0,
4667792,new-zealand-vs-egypt,https://www.fotmob.com/matches/new-zealand-vs-egypt/24xk7y#4667792,New Zealand vs Egypt (2026-06-22T01:00:00.000Z),New Zealand,Egypt,2026-06-22T01:00:00.000Z,,,,Full time,1,3,Egypt,New Zealand,away,Marmoush,22,True,starting_xi,FWD,4,1,1,4-2-3-1,7.5,7.4,0,76.0
4667792,new-zealand-vs-egypt,https://www.fotmob.com/matches/new-zealand-vs-egypt/24xk7y#4667792,New Zealand vs Egypt (2026-06-22T01:00:00.000Z),New Zealand,Egypt,2026-06-22T01:00:00.000Z,,,,Full time,1,3,Egypt,New Zealand,away,Ashour,8,True,starting_xi,AM,3,3,1,4-2-3-1,7.5,7.3,0,84.0
4667792,new-zealand-vs-egypt,https://www.fotmob.com/matches/new-zealand-vs-egypt/24xk7y#4667792,New Zealand vs Egypt (2026-06-22T01:00:00.000Z),New Zealand,Egypt,2026-06-22T01:00:00.000Z,,,,Full time,1,3,Egypt,New Zealand,away,Salah,10,True,starting_xi,AM,3,3,2,4-2-3-1,7.5,8.9,0,84.0
4667792,new-zealand-vs-egypt,https://www.fotmob.com/matches/new-zealand-vs-egypt/24xk7y#4667792,New Zealand vs Egypt (2026-06-22T01:00:00.000Z),New Zealand,Egypt,2026-06-22T01:00:00.000Z,,,,Full time,1,3,Egypt,New Zealand,away,Ziko,11,True,starting_xi,AM,3,3,3,4-2-3-1,7.5,8.5,0,76.0
4667792,new-zealand-vs-egypt,https://www.fotmob.com/matches/new-zealand-vs-egypt/24xk7y#4667792,New Zealand vs Egypt (2026-06-22T01:00:00.000Z),New Zealand,Egypt,2026-06-22T01:00:00.000Z,,,,Full time,1,3,Egypt,New Zealand,away,Lasheen,17,True,starting_xi,AM,2,2,1,4-2-3-1,7.5,7.5,0,
4667792,new-zealand-vs-egypt,https://www.fotmob.com/matches/new-zealand-vs-egypt/24xk7y#4667792,New Zealand vs Egypt (2026-06-22T01:00:00.000Z),New Zealand,Egypt,2026-06-22T01:00:00.000Z,,,,Full time,1,3,Egypt,New Zealand,away,Ateya,19,True,starting_xi,AM,2,2,2,4-2-3-1,7.5,7.5,0,
4667792,new-zealand-vs-egypt,https://www.fotmob.com/matches/new-zealand-vs-egypt/24xk7y#4667792,New Zealand vs Egypt (2026-06-22T01:00:00.000Z),New Zealand,Egypt,2026-06-22T01:00:00.000Z,,,,Full time,1,3,Egypt,New Zealand,away,El Fotouh,13,True,starting_xi,DEF,1,4,1,4-2-3-1,7.5,7.8,0,
4667792,new-zealand-vs-egypt,https://www.fotmob.com/matches/new-zealand-vs-egypt/24xk7y#4667792,New Zealand vs Egypt (2026-06-22T01:00:00.000Z),New Zealand,Egypt,2026-06-22T01:00:00.000Z,,,,Full time,1,3,Egypt,New Zealand,away,Fathi,14,True,starting_xi,DEF,1,4,2,4-2-3-1,7.5,6.9,0,41.0
4667792,new-zealand-vs-egypt,https://www.fotmob.com/matches/new-zealand-vs-egypt/24xk7y#4667792,New Zealand vs Egypt (2026-06-22T01:00:00.000Z),New Zealand,Egypt,2026-06-22T01:00:00.000Z,,,,Full time,1,3,Egypt,New Zealand,away,Ibrahim,2,True,starting_xi,DEF,1,4,3,4-2-3-1,7.5,6.7,0,
4667792,new-zealand-vs-egypt,https://www.fotmob.com/matches/new-zealand-vs-egypt/24xk7y#4667792,New Zealand vs Egypt (2026-06-22T01:00:00.000Z),New Zealand,Egypt,2026-06-22T01:00:00.000Z,,,,Full time,1,3,Egypt,New Zealand,away,Hany,3,True,starting_xi,DEF,1,4,4,4-2-3-1,7.5,8.0,0,
4667792,new-zealand-vs-egypt,https://www.fotmob.com/matches/new-zealand-vs-egypt/24xk7y#4667792,New Zealand vs Egypt (2026-06-22T01:00:00.000Z),New Zealand,Egypt,2026-06-22T01:00:00.000Z,,,,Full time,1,3,Egypt,New Zealand,away,Shobeir,23,True,starting_xi,GK,0,1,1,4-2-3-1,7.5,8.3,0,
4667793,iran-vs-belgium,https://www.fotmob.com/matches/iran-vs-belgium/1ur91k#4667793,Belgium vs Iran (2026-06-21T19:00:00.000Z),Belgium,Iran,2026-06-21T19:00:00.000Z,,Los Angeles Stadium,Darío Herrera,Full time,0,0,Belgium,Iran,home,Courtois,1,True,starting_xi,GK,0,1,1,4-2-3-1,7.1,8.3,0,
4667793,iran-vs-belgium,https://www.fotmob.com/matches/iran-vs-belgium/1ur91k#4667793,Belgium vs Iran (2026-06-21T19:00:00.000Z),Belgium,Iran,2026-06-21T19:00:00.000Z,,Los Angeles Stadium,Darío Herrera,Full time,0,0,Belgium,Iran,home,Meunier,15,True,starting_xi,DEF,1,4,1,4-2-3-1,7.1,7.2,0,58.0
4667793,iran-vs-belgium,https://www.fotmob.com/matches/iran-vs-belgium/1ur91k#4667793,Belgium vs Iran (2026-06-21T19:00:00.000Z),Belgium,Iran,2026-06-21T19:00:00.000Z,,Los Angeles Stadium,Darío Herrera,Full time,0,0,Belgium,Iran,home,Ngoy,25,True,starting_xi,DEF,1,4,2,4-2-3-1,7.1,6.6,0,
4667793,iran-vs-belgium,https://www.fotmob.com/matches/iran-vs-belgium/1ur91k#4667793,Belgium vs Iran (2026-06-21T19:00:00.000Z),Belgium,Iran,2026-06-21T19:00:00.000Z,,Los Angeles Stadium,Darío Herrera,Full time,0,0,Belgium,Iran,home,Mechele,4,True,starting_xi,DEF,1,4,3,4-2-3-1,7.1,7.6,0,
4667793,iran-vs-belgium,https://www.fotmob.com/matches/iran-vs-belgium/1ur91k#4667793,Belgium vs Iran (2026-06-21T19:00:00.000Z),Belgium,Iran,2026-06-21T19:00:00.000Z,,Los Angeles Stadium,Darío Herrera,Full time,0,0,Belgium,Iran,home,De Cuyper,5,True,starting_xi,DEF,1,4,4,4-2-3-1,7.1,7.7,0,
4667793,iran-vs-belgium,https://www.fotmob.com/matches/iran-vs-belgium/1ur91k#4667793,Belgium vs Iran (2026-06-21T19:00:00.000Z),Belgium,Iran,2026-06-21T19:00:00.000Z,,Los Angeles Stadium,Darío Herrera,Full time,0,0,Belgium,Iran,home,Raskin,23,True,starting_xi,AM,2,2,1,4-2-3-1,7.1,7.3,0,58.0
4667793,iran-vs-belgium,https://www.fotmob.com/matches/iran-vs-belgium/1ur91k#4667793,Belgium vs Iran (2026-06-21T19:00:00.000Z),Belgium,Iran,2026-06-21T19:00:00.000Z,,Los Angeles Stadium,Darío Herrera,Full time,0,0,Belgium,Iran,home,Tielemans,8,True,starting_xi,AM,2,2,2,4-2-3-1,7.1,7.7,0,
4667793,iran-vs-belgium,https://www.fotmob.com/matches/iran-vs-belgium/1ur91k#4667793,Belgium vs Iran (2026-06-21T19:00:00.000Z),Belgium,Iran,2026-06-21T19:00:00.000Z,,Los Angeles Stadium,Darío Herrera,Full time,0,0,Belgium,Iran,home,Saelemaekers,22,True,starting_xi,AM,3,3,1,4-2-3-1,7.1,6.4,0,58.0
4667793,iran-vs-belgium,https://www.fotmob.com/matches/iran-vs-belgium/1ur91k#4667793,Belgium vs Iran (2026-06-21T19:00:00.000Z),Belgium,Iran,2026-06-21T19:00:00.000Z,,Los Angeles Stadium,Darío Herrera,Full time,0,0,Belgium,Iran,home,De Bruyne,7,True,starting_xi,AM,3,3,2,4-2-3-1,7.1,7.5,0,87.0
4667793,iran-vs-belgium,https://www.fotmob.com/matches/iran-vs-belgium/1ur91k#4667793,Belgium vs Iran (2026-06-21T19:00:00.000Z),Belgium,Iran,2026-06-21T19:00:00.000Z,,Los Angeles Stadium,Darío Herrera,Full time,0,0,Belgium,Iran,home,Trossard,10,True,starting_xi,AM,3,3,3,4-2-3-1,7.1,8.0,0,
4667793,iran-vs-belgium,https://www.fotmob.com/matches/iran-vs-belgium/1ur91k#4667793,Belgium vs Iran (2026-06-21T19:00:00.000Z),Belgium,Iran,2026-06-21T19:00:00.000Z,,Los Angeles Stadium,Darío Herrera,Full time,0,0,Belgium,Iran,home,Lukaku,9,True,starting_xi,FWD,4,1,1,4-2-3-1,7.1,6.1,0,73.0
4667793,iran-vs-belgium,https://www.fotmob.com/matches/iran-vs-belgium/1ur91k#4667793,Belgium vs Iran (2026-06-21T19:00:00.000Z),Belgium,Iran,2026-06-21T19:00:00.000Z,,Los Angeles Stadium,Darío Herrera,Full time,0,0,Iran,Belgium,away,Taremi,9,True,starting_xi,FWD,3,1,1,5-4-1,6.8,6.3,0,
4667793,iran-vs-belgium,https://www.fotmob.com/matches/iran-vs-belgium/1ur91k#4667793,Belgium vs Iran (2026-06-21T19:00:00.000Z),Belgium,Iran,2026-06-21T19:00:00.000Z,,Los Angeles Stadium,Darío Herrera,Full time,0,0,Iran,Belgium,away,Mohebi,8,True,starting_xi,AM,2,4,1,5-4-1,6.8,6.2,0,66.0
4667793,iran-vs-belgium,https://www.fotmob.com/matches/iran-vs-belgium/1ur91k#4667793,Belgium vs Iran (2026-06-21T19:00:00.000Z),Belgium,Iran,2026-06-21T19:00:00.000Z,,Los Angeles Stadium,Darío Herrera,Full time,0,0,Iran,Belgium,away,Ezatolahi,6,True,starting_xi,AM,2,4,2,5-4-1,6.8,6.9,0,85.0
4667793,iran-vs-belgium,https://www.fotmob.com/matches/iran-vs-belgium/1ur91k#4667793,Belgium vs Iran (2026-06-21T19:00:00.000Z),Belgium,Iran,2026-06-21T19:00:00.000Z,,Los Angeles Stadium,Darío Herrera,Full time,0,0,Iran,Belgium,away,Ghoddos,14,True,starting_xi,AM,2,4,3,5-4-1,6.8,6.7,0,79.0
4667793,iran-vs-belgium,https://www.fotmob.com/matches/iran-vs-belgium/1ur91k#4667793,Belgium vs Iran (2026-06-21T19:00:00.000Z),Belgium,Iran,2026-06-21T19:00:00.000Z,,Los Angeles Stadium,Darío Herrera,Full time,0,0,Iran,Belgium,away,Rezaeian,23,True,starting_xi,AM,2,4,4,5-4-1,6.8,6.8,0,
4667793,iran-vs-belgium,https://www.fotmob.com/matches/iran-vs-belgium/1ur91k#4667793,Belgium vs Iran (2026-06-21T19:00:00.000Z),Belgium,Iran,2026-06-21T19:00:00.000Z,,Los Angeles Stadium,Darío Herrera,Full time,0,0,Iran,Belgium,away,Safi,3,True,starting_xi,DEF,1,5,1,5-4-1,6.8,6.8,0,66.0
4667793,iran-vs-belgium,https://www.fotmob.com/matches/iran-vs-belgium/1ur91k#4667793,Belgium vs Iran (2026-06-21T19:00:00.000Z),Belgium,Iran,2026-06-21T19:00:00.000Z,,Los Angeles Stadium,Darío Herrera,Full time,0,0,Iran,Belgium,away,Hardani,2,True,starting_xi,DEF,1,5,2,5-4-1,6.8,6.4,0,46.0
4667793,iran-vs-belgium,https://www.fotmob.com/matches/iran-vs-belgium/1ur91k#4667793,Belgium vs Iran (2026-06-21T19:00:00.000Z),Belgium,Iran,2026-06-21T19:00:00.000Z,,Los Angeles Stadium,Darío Herrera,Full time,0,0,Iran,Belgium,away,Nemati,19,True,starting_xi,DEF,1,5,3,5-4-1,6.8,6.6,0,
4667793,iran-vs-belgium,https://www.fotmob.com/matches/iran-vs-belgium/1ur91k#4667793,Belgium vs Iran (2026-06-21T19:00:00.000Z),Belgium,Iran,2026-06-21T19:00:00.000Z,,Los Angeles Stadium,Darío Herrera,Full time,0,0,Iran,Belgium,away,Khalilzadeh,4,True,starting_xi,DEF,1,5,4,5-4-1,6.8,7.8,0,
4667793,iran-vs-belgium,https://www.fotmob.com/matches/iran-vs-belgium/1ur91k#4667793,Belgium vs Iran (2026-06-21T19:00:00.000Z),Belgium,Iran,2026-06-21T19:00:00.000Z,,Los Angeles Stadium,Darío Herrera,Full time,0,0,Iran,Belgium,away,Kanaani,13,True,starting_xi,DEF,1,5,5,5-4-1,6.8,7.2,0,
4667793,iran-vs-belgium,https://www.fotmob.com/matches/iran-vs-belgium/1ur91k#4667793,Belgium vs Iran (2026-06-21T19:00:00.000Z),Belgium,Iran,2026-06-21T19:00:00.000Z,,Los Angeles Stadium,Darío Herrera,Full time,0,0,Iran,Belgium,away,Beiranvand,1,True,starting_xi,GK,0,1,1,5-4-1,6.8,9.1,0,
4667801,spain-vs-saudi-arabia,https://www.fotmob.com/matches/spain-vs-saudi-arabia/1qq6ht#4667801,Spain vs Saudi Arabia (2026-06-21T16:00:00.000Z),Spain,Saudi Arabia,2026-06-21T16:00:00.000Z,,Atlanta Stadium,Raphael Claus,Full time,4,0,Spain,Saudi Arabia,home,Simón,23,True,starting_xi,GK,0,1,1,4-1-2-3,7.4,7.8,0,
4667801,spain-vs-saudi-arabia,https://www.fotmob.com/matches/spain-vs-saudi-arabia/1qq6ht#4667801,Spain vs Saudi Arabia (2026-06-21T16:00:00.000Z),Spain,Saudi Arabia,2026-06-21T16:00:00.000Z,,Atlanta Stadium,Raphael Claus,Full time,4,0,Spain,Saudi Arabia,home,Porro,12,True,starting_xi,DEF,1,4,1,4-1-2-3,7.4,8.3,0,
4667801,spain-vs-saudi-arabia,https://www.fotmob.com/matches/spain-vs-saudi-arabia/1qq6ht#4667801,Spain vs Saudi Arabia (2026-06-21T16:00:00.000Z),Spain,Saudi Arabia,2026-06-21T16:00:00.000Z,,Atlanta Stadium,Raphael Claus,Full time,4,0,Spain,Saudi Arabia,home,Cubarsí,22,True,starting_xi,DEF,1,4,2,4-1-2-3,7.4,7.8,0,
4667801,spain-vs-saudi-arabia,https://www.fotmob.com/matches/spain-vs-saudi-arabia/1qq6ht#4667801,Spain vs Saudi Arabia (2026-06-21T16:00:00.000Z),Spain,Saudi Arabia,2026-06-21T16:00:00.000Z,,Atlanta Stadium,Raphael Claus,Full time,4,0,Spain,Saudi Arabia,home,Laporte,14,True,starting_xi,DEF,1,4,3,4-1-2-3,7.4,8.1,0,
4667801,spain-vs-saudi-arabia,https://www.fotmob.com/matches/spain-vs-saudi-arabia/1qq6ht#4667801,Spain vs Saudi Arabia (2026-06-21T16:00:00.000Z),Spain,Saudi Arabia,2026-06-21T16:00:00.000Z,,Atlanta Stadium,Raphael Claus,Full time,4,0,Spain,Saudi Arabia,home,Cucurella,24,True,starting_xi,DEF,1,4,4,4-1-2-3,7.4,7.5,0,
4667801,spain-vs-saudi-arabia,https://www.fotmob.com/matches/spain-vs-saudi-arabia/1qq6ht#4667801,Spain vs Saudi Arabia (2026-06-21T16:00:00.000Z),Spain,Saudi Arabia,2026-06-21T16:00:00.000Z,,Atlanta Stadium,Raphael Claus,Full time,4,0,Spain,Saudi Arabia,home,Rodri,16,True,starting_xi,AM,2,1,1,4-1-2-3,7.4,8.3,0,
4667801,spain-vs-saudi-arabia,https://www.fotmob.com/matches/spain-vs-saudi-arabia/1qq6ht#4667801,Spain vs Saudi Arabia (2026-06-21T16:00:00.000Z),Spain,Saudi Arabia,2026-06-21T16:00:00.000Z,,Atlanta Stadium,Raphael Claus,Full time,4,0,Spain,Saudi Arabia,home,Olmo,10,True,starting_xi,AM,3,2,1,4-1-2-3,7.4,7.7,0,61.0
4667801,spain-vs-saudi-arabia,https://www.fotmob.com/matches/spain-vs-saudi-arabia/1qq6ht#4667801,Spain vs Saudi Arabia (2026-06-21T16:00:00.000Z),Spain,Saudi Arabia,2026-06-21T16:00:00.000Z,,Atlanta Stadium,Raphael Claus,Full time,4,0,Spain,Saudi Arabia,home,Pedri,20,True,starting_xi,AM,3,2,2,4-1-2-3,7.4,7.4,0,70.0
4667801,spain-vs-saudi-arabia,https://www.fotmob.com/matches/spain-vs-saudi-arabia/1qq6ht#4667801,Spain vs Saudi Arabia (2026-06-21T16:00:00.000Z),Spain,Saudi Arabia,2026-06-21T16:00:00.000Z,,Atlanta Stadium,Raphael Claus,Full time,4,0,Spain,Saudi Arabia,home,Lamine Yamal,19,True,starting_xi,FWD,4,3,1,4-1-2-3,7.4,8.4,0,46.0
4667801,spain-vs-saudi-arabia,https://www.fotmob.com/matches/spain-vs-saudi-arabia/1qq6ht#4667801,Spain vs Saudi Arabia (2026-06-21T16:00:00.000Z),Spain,Saudi Arabia,2026-06-21T16:00:00.000Z,,Atlanta Stadium,Raphael Claus,Full time,4,0,Spain,Saudi Arabia,home,Oyarzabal,21,True,starting_xi,FWD,4,3,2,4-1-2-3,7.4,9.3,0,46.0
4667801,spain-vs-saudi-arabia,https://www.fotmob.com/matches/spain-vs-saudi-arabia/1qq6ht#4667801,Spain vs Saudi Arabia (2026-06-21T16:00:00.000Z),Spain,Saudi Arabia,2026-06-21T16:00:00.000Z,,Atlanta Stadium,Raphael Claus,Full time,4,0,Spain,Saudi Arabia,home,Baena,15,True,starting_xi,FWD,4,3,3,4-1-2-3,7.4,7.0,0,61.0
4667801,spain-vs-saudi-arabia,https://www.fotmob.com/matches/spain-vs-saudi-arabia/1qq6ht#4667801,Spain vs Saudi Arabia (2026-06-21T16:00:00.000Z),Spain,Saudi Arabia,2026-06-21T16:00:00.000Z,,Atlanta Stadium,Raphael Claus,Full time,4,0,Saudi Arabia,Spain,away,Al-Buraikan,9,True,starting_xi,FWD,3,1,1,5-4-1,6.0,6.1,0,60.0
4667801,spain-vs-saudi-arabia,https://www.fotmob.com/matches/spain-vs-saudi-arabia/1qq6ht#4667801,Spain vs Saudi Arabia (2026-06-21T16:00:00.000Z),Spain,Saudi Arabia,2026-06-21T16:00:00.000Z,,Atlanta Stadium,Raphael Claus,Full time,4,0,Saudi Arabia,Spain,away,Al-Dawsari,10,True,starting_xi,AM,2,4,1,5-4-1,6.0,6.1,0,
4667801,spain-vs-saudi-arabia,https://www.fotmob.com/matches/spain-vs-saudi-arabia/1qq6ht#4667801,Spain vs Saudi Arabia (2026-06-21T16:00:00.000Z),Spain,Saudi Arabia,2026-06-21T16:00:00.000Z,,Atlanta Stadium,Raphael Claus,Full time,4,0,Saudi Arabia,Spain,away,Al-Dawsari,6,True,starting_xi,AM,2,4,2,5-4-1,6.0,7.1,0,90.0
4667801,spain-vs-saudi-arabia,https://www.fotmob.com/matches/spain-vs-saudi-arabia/1qq6ht#4667801,Spain vs Saudi Arabia (2026-06-21T16:00:00.000Z),Spain,Saudi Arabia,2026-06-21T16:00:00.000Z,,Atlanta Stadium,Raphael Claus,Full time,4,0,Saudi Arabia,Spain,away,Alkhaibari,15,True,starting_xi,AM,2,4,3,5-4-1,6.0,6.3,0,46.0
4667801,spain-vs-saudi-arabia,https://www.fotmob.com/matches/spain-vs-saudi-arabia/1qq6ht#4667801,Spain vs Saudi Arabia (2026-06-21T16:00:00.000Z),Spain,Saudi Arabia,2026-06-21T16:00:00.000Z,,Atlanta Stadium,Raphael Claus,Full time,4,0,Saudi Arabia,Spain,away,Al-Juwayr,7,True,starting_xi,AM,2,4,4,5-4-1,6.0,6.2,0,46.0
4667801,spain-vs-saudi-arabia,https://www.fotmob.com/matches/spain-vs-saudi-arabia/1qq6ht#4667801,Spain vs Saudi Arabia (2026-06-21T16:00:00.000Z),Spain,Saudi Arabia,2026-06-21T16:00:00.000Z,,Atlanta Stadium,Raphael Claus,Full time,4,0,Saudi Arabia,Spain,away,Al-Harbi,24,True,starting_xi,DEF,1,5,1,5-4-1,6.0,5.1,0,
4667801,spain-vs-saudi-arabia,https://www.fotmob.com/matches/spain-vs-saudi-arabia/1qq6ht#4667801,Spain vs Saudi Arabia (2026-06-21T16:00:00.000Z),Spain,Saudi Arabia,2026-06-21T16:00:00.000Z,,Atlanta Stadium,Raphael Claus,Full time,4,0,Saudi Arabia,Spain,away,Abdulhamid,12,True,starting_xi,DEF,1,5,2,5-4-1,6.0,5.6,0,
4667801,spain-vs-saudi-arabia,https://www.fotmob.com/matches/spain-vs-saudi-arabia/1qq6ht#4667801,Spain vs Saudi Arabia (2026-06-21T16:00:00.000Z),Spain,Saudi Arabia,2026-06-21T16:00:00.000Z,,Atlanta Stadium,Raphael Claus,Full time,4,0,Saudi Arabia,Spain,away,Al Tambakti,5,True,starting_xi,DEF,1,5,3,5-4-1,6.0,4.5,0,
4667801,spain-vs-saudi-arabia,https://www.fotmob.com/matches/spain-vs-saudi-arabia/1qq6ht#4667801,Spain vs Saudi Arabia (2026-06-21T16:00:00.000Z),Spain,Saudi Arabia,2026-06-21T16:00:00.000Z,,Atlanta Stadium,Raphael Claus,Full time,4,0,Saudi Arabia,Spain,away,Lajami,3,True,starting_xi,DEF,1,5,4,5-4-1,6.0,5.8,0,
4667801,spain-vs-saudi-arabia,https://www.fotmob.com/matches/spain-vs-saudi-arabia/1qq6ht#4667801,Spain vs Saudi Arabia (2026-06-21T16:00:00.000Z),Spain,Saudi Arabia,2026-06-21T16:00:00.000Z,,Atlanta Stadium,Raphael Claus,Full time,4,0,Saudi Arabia,Spain,away,Al Amri,4,True,starting_xi,DEF,1,5,5,5-4-1,6.0,5.3,0,60.0
4667801,spain-vs-saudi-arabia,https://www.fotmob.com/matches/spain-vs-saudi-arabia/1qq6ht#4667801,Spain vs Saudi Arabia (2026-06-21T16:00:00.000Z),Spain,Saudi Arabia,2026-06-21T16:00:00.000Z,,Atlanta Stadium,Raphael Claus,Full time,4,0,Saudi Arabia,Spain,away,Al Owais,21,True,starting_xi,GK,0,1,1,5-4-1,6.0,6.6,0,
4667800,uruguay-vs-cape-verde,https://www.fotmob.com/matches/uruguay-vs-cape-verde/14n97e#4667800,Uruguay vs Cape Verde (2026-06-21T22:00:00.000Z),Uruguay,Cape Verde,2026-06-21T22:00:00.000Z,,Miami Stadium,Espen Eskås,Full time,2,2,Uruguay,Cape Verde,home,Muslera,23,True,starting_xi,GK,0,1,1,4-2-3-1,6.7,4.6,0,
4667800,uruguay-vs-cape-verde,https://www.fotmob.com/matches/uruguay-vs-cape-verde/14n97e#4667800,Uruguay vs Cape Verde (2026-06-21T22:00:00.000Z),Uruguay,Cape Verde,2026-06-21T22:00:00.000Z,,Miami Stadium,Espen Eskås,Full time,2,2,Uruguay,Cape Verde,home,Varela,13,True,starting_xi,DEF,1,4,1,4-2-3-1,6.7,6.6,0,
4667800,uruguay-vs-cape-verde,https://www.fotmob.com/matches/uruguay-vs-cape-verde/14n97e#4667800,Uruguay vs Cape Verde (2026-06-21T22:00:00.000Z),Uruguay,Cape Verde,2026-06-21T22:00:00.000Z,,Miami Stadium,Espen Eskås,Full time,2,2,Uruguay,Cape Verde,home,Cáceres,3,True,starting_xi,DEF,1,4,2,4-2-3-1,6.7,6.5,0,
4667800,uruguay-vs-cape-verde,https://www.fotmob.com/matches/uruguay-vs-cape-verde/14n97e#4667800,Uruguay vs Cape Verde (2026-06-21T22:00:00.000Z),Uruguay,Cape Verde,2026-06-21T22:00:00.000Z,,Miami Stadium,Espen Eskås,Full time,2,2,Uruguay,Cape Verde,home,Olivera,16,True,starting_xi,DEF,1,4,3,4-2-3-1,6.7,5.8,0,
4667800,uruguay-vs-cape-verde,https://www.fotmob.com/matches/uruguay-vs-cape-verde/14n97e#4667800,Uruguay vs Cape Verde (2026-06-21T22:00:00.000Z),Uruguay,Cape Verde,2026-06-21T22:00:00.000Z,,Miami Stadium,Espen Eskås,Full time,2,2,Uruguay,Cape Verde,home,Sanabria,25,True,starting_xi,DEF,1,4,4,4-2-3-1,6.7,6.3,0,
4667800,uruguay-vs-cape-verde,https://www.fotmob.com/matches/uruguay-vs-cape-verde/14n97e#4667800,Uruguay vs Cape Verde (2026-06-21T22:00:00.000Z),Uruguay,Cape Verde,2026-06-21T22:00:00.000Z,,Miami Stadium,Espen Eskås,Full time,2,2,Uruguay,Cape Verde,home,Bentancur,6,True,starting_xi,AM,2,2,1,4-2-3-1,6.7,8.2,0,
4667800,uruguay-vs-cape-verde,https://www.fotmob.com/matches/uruguay-vs-cape-verde/14n97e#4667800,Uruguay vs Cape Verde (2026-06-21T22:00:00.000Z),Uruguay,Cape Verde,2026-06-21T22:00:00.000Z,,Miami Stadium,Espen Eskås,Full time,2,2,Uruguay,Cape Verde,home,Ugarte,5,True,starting_xi,AM,2,2,2,4-2-3-1,6.7,6.2,0,70.0
4667800,uruguay-vs-cape-verde,https://www.fotmob.com/matches/uruguay-vs-cape-verde/14n97e#4667800,Uruguay vs Cape Verde (2026-06-21T22:00:00.000Z),Uruguay,Cape Verde,2026-06-21T22:00:00.000Z,,Miami Stadium,Espen Eskås,Full time,2,2,Uruguay,Cape Verde,home,Canobbio,14,True,starting_xi,AM,3,3,1,4-2-3-1,6.7,7.9,0,
4667800,uruguay-vs-cape-verde,https://www.fotmob.com/matches/uruguay-vs-cape-verde/14n97e#4667800,Uruguay vs Cape Verde (2026-06-21T22:00:00.000Z),Uruguay,Cape Verde,2026-06-21T22:00:00.000Z,,Miami Stadium,Espen Eskås,Full time,2,2,Uruguay,Cape Verde,home,Valverde,8,True,starting_xi,AM,3,3,2,4-2-3-1,6.7,7.2,0,
4667800,uruguay-vs-cape-verde,https://www.fotmob.com/matches/uruguay-vs-cape-verde/14n97e#4667800,Uruguay vs Cape Verde (2026-06-21T22:00:00.000Z),Uruguay,Cape Verde,2026-06-21T22:00:00.000Z,,Miami Stadium,Espen Eskås,Full time,2,2,Uruguay,Cape Verde,home,Araújo,20,True,starting_xi,AM,3,3,3,4-2-3-1,6.7,8.3,0,81.0
4667800,uruguay-vs-cape-verde,https://www.fotmob.com/matches/uruguay-vs-cape-verde/14n97e#4667800,Uruguay vs Cape Verde (2026-06-21T22:00:00.000Z),Uruguay,Cape Verde,2026-06-21T22:00:00.000Z,,Miami Stadium,Espen Eskås,Full time,2,2,Uruguay,Cape Verde,home,Viñas,21,True,starting_xi,FWD,4,1,1,4-2-3-1,6.7,6.7,0,70.0
4667800,uruguay-vs-cape-verde,https://www.fotmob.com/matches/uruguay-vs-cape-verde/14n97e#4667800,Uruguay vs Cape Verde (2026-06-21T22:00:00.000Z),Uruguay,Cape Verde,2026-06-21T22:00:00.000Z,,Miami Stadium,Espen Eskås,Full time,2,2,Cape Verde,Uruguay,away,Benchimol,9,True,starting_xi,FWD,4,1,1,4-1-4-1,6.8,6.3,0,58.0
4667800,uruguay-vs-cape-verde,https://www.fotmob.com/matches/uruguay-vs-cape-verde/14n97e#4667800,Uruguay vs Cape Verde (2026-06-21T22:00:00.000Z),Uruguay,Cape Verde,2026-06-21T22:00:00.000Z,,Miami Stadium,Espen Eskås,Full time,2,2,Cape Verde,Uruguay,away,Rodrigues,11,True,starting_xi,AM,3,4,1,4-1-4-1,6.8,6.4,0,58.0
4667800,uruguay-vs-cape-verde,https://www.fotmob.com/matches/uruguay-vs-cape-verde/14n97e#4667800,Uruguay vs Cape Verde (2026-06-21T22:00:00.000Z),Uruguay,Cape Verde,2026-06-21T22:00:00.000Z,,Miami Stadium,Espen Eskås,Full time,2,2,Cape Verde,Uruguay,away,Monteiro,10,True,starting_xi,AM,3,4,2,4-1-4-1,6.8,6.5,0,80.0
4667800,uruguay-vs-cape-verde,https://www.fotmob.com/matches/uruguay-vs-cape-verde/14n97e#4667800,Uruguay vs Cape Verde (2026-06-21T22:00:00.000Z),Uruguay,Cape Verde,2026-06-21T22:00:00.000Z,,Miami Stadium,Espen Eskås,Full time,2,2,Cape Verde,Uruguay,away,Arcanjo,18,True,starting_xi,AM,3,4,3,4-1-4-1,6.8,6.3,0,46.0
4667800,uruguay-vs-cape-verde,https://www.fotmob.com/matches/uruguay-vs-cape-verde/14n97e#4667800,Uruguay vs Cape Verde (2026-06-21T22:00:00.000Z),Uruguay,Cape Verde,2026-06-21T22:00:00.000Z,,Miami Stadium,Espen Eskås,Full time,2,2,Cape Verde,Uruguay,away,Mendes,20,True,starting_xi,AM,3,4,4,4-1-4-1,6.8,7.0,0,
4667800,uruguay-vs-cape-verde,https://www.fotmob.com/matches/uruguay-vs-cape-verde/14n97e#4667800,Uruguay vs Cape Verde (2026-06-21T22:00:00.000Z),Uruguay,Cape Verde,2026-06-21T22:00:00.000Z,,Miami Stadium,Espen Eskås,Full time,2,2,Cape Verde,Uruguay,away,Pina,6,True,starting_xi,AM,2,1,1,4-1-4-1,6.8,7.7,0,70.0
4667800,uruguay-vs-cape-verde,https://www.fotmob.com/matches/uruguay-vs-cape-verde/14n97e#4667800,Uruguay vs Cape Verde (2026-06-21T22:00:00.000Z),Uruguay,Cape Verde,2026-06-21T22:00:00.000Z,,Miami Stadium,Espen Eskås,Full time,2,2,Cape Verde,Uruguay,away,Cabral,13,True,starting_xi,DEF,1,4,1,4-1-4-1,6.8,6.8,0,
4667800,uruguay-vs-cape-verde,https://www.fotmob.com/matches/uruguay-vs-cape-verde/14n97e#4667800,Uruguay vs Cape Verde (2026-06-21T22:00:00.000Z),Uruguay,Cape Verde,2026-06-21T22:00:00.000Z,,Miami Stadium,Espen Eskås,Full time,2,2,Cape Verde,Uruguay,away,Borges,3,True,starting_xi,DEF,1,4,2,4-1-4-1,6.8,7.5,0,
4667800,uruguay-vs-cape-verde,https://www.fotmob.com/matches/uruguay-vs-cape-verde/14n97e#4667800,Uruguay vs Cape Verde (2026-06-21T22:00:00.000Z),Uruguay,Cape Verde,2026-06-21T22:00:00.000Z,,Miami Stadium,Espen Eskås,Full time,2,2,Cape Verde,Uruguay,away,Lopes,4,True,starting_xi,DEF,1,4,3,4-1-4-1,6.8,7.2,0,
4667800,uruguay-vs-cape-verde,https://www.fotmob.com/matches/uruguay-vs-cape-verde/14n97e#4667800,Uruguay vs Cape Verde (2026-06-21T22:00:00.000Z),Uruguay,Cape Verde,2026-06-21T22:00:00.000Z,,Miami Stadium,Espen Eskås,Full time,2,2,Cape Verde,Uruguay,away,Moreira,22,True,starting_xi,DEF,1,4,4,4-1-4-1,6.8,6.7,0,
4667800,uruguay-vs-cape-verde,https://www.fotmob.com/matches/uruguay-vs-cape-verde/14n97e#4667800,Uruguay vs Cape Verde (2026-06-21T22:00:00.000Z),Uruguay,Cape Verde,2026-06-21T22:00:00.000Z,,Miami Stadium,Espen Eskås,Full time,2,2,Cape Verde,Uruguay,away,Vozinha,1,True,starting_xi,GK,0,1,1,4-1-4-1,6.8,6.2,0,
4667827,panama-vs-croatia,https://www.fotmob.com/matches/panama-vs-croatia/24y93x#4667827,Panama vs Croatia (2026-06-23T23:00:00.000Z),Panama,Croatia,2026-06-23T23:00:00.000Z,,Toronto Stadium,Pierre Ghislain Atcho,Full time,0,1,Panama,Croatia,home,Mosquera,22,True,starting_xi,GK,0,1,1,5-4-1,6.5,6.5,0,
4667827,panama-vs-croatia,https://www.fotmob.com/matches/panama-vs-croatia/24y93x#4667827,Panama vs Croatia (2026-06-23T23:00:00.000Z),Panama,Croatia,2026-06-23T23:00:00.000Z,,Toronto Stadium,Pierre Ghislain Atcho,Full time,0,1,Panama,Croatia,home,Ramos,13,True,starting_xi,DEF,1,5,1,5-4-1,6.5,6.4,0,77.0
4667827,panama-vs-croatia,https://www.fotmob.com/matches/panama-vs-croatia/24y93x#4667827,Panama vs Croatia (2026-06-23T23:00:00.000Z),Panama,Croatia,2026-06-23T23:00:00.000Z,,Toronto Stadium,Pierre Ghislain Atcho,Full time,0,1,Panama,Croatia,home,Córdoba,3,True,starting_xi,DEF,1,5,2,5-4-1,6.5,6.8,0,
4667827,panama-vs-croatia,https://www.fotmob.com/matches/panama-vs-croatia/24y93x#4667827,Panama vs Croatia (2026-06-23T23:00:00.000Z),Panama,Croatia,2026-06-23T23:00:00.000Z,,Toronto Stadium,Pierre Ghislain Atcho,Full time,0,1,Panama,Croatia,home,Andrade,16,True,starting_xi,DEF,1,5,3,5-4-1,6.5,6.9,0,
4667827,panama-vs-croatia,https://www.fotmob.com/matches/panama-vs-croatia/24y93x#4667827,Panama vs Croatia (2026-06-23T23:00:00.000Z),Panama,Croatia,2026-06-23T23:00:00.000Z,,Toronto Stadium,Pierre Ghislain Atcho,Full time,0,1,Panama,Croatia,home,Murillo,23,True,starting_xi,DEF,1,5,4,5-4-1,6.5,6.9,0,
4667827,panama-vs-croatia,https://www.fotmob.com/matches/panama-vs-croatia/24y93x#4667827,Panama vs Croatia (2026-06-23T23:00:00.000Z),Panama,Croatia,2026-06-23T23:00:00.000Z,,Toronto Stadium,Pierre Ghislain Atcho,Full time,0,1,Panama,Croatia,home,Blackman,2,True,starting_xi,DEF,1,5,5,5-4-1,6.5,6.7,0,90.0
4667827,panama-vs-croatia,https://www.fotmob.com/matches/panama-vs-croatia/24y93x#4667827,Panama vs Croatia (2026-06-23T23:00:00.000Z),Panama,Croatia,2026-06-23T23:00:00.000Z,,Toronto Stadium,Pierre Ghislain Atcho,Full time,0,1,Panama,Croatia,home,Martínez,6,True,starting_xi,AM,2,4,1,5-4-1,6.5,6.5,0,
4667827,panama-vs-croatia,https://www.fotmob.com/matches/panama-vs-croatia/24y93x#4667827,Panama vs Croatia (2026-06-23T23:00:00.000Z),Panama,Croatia,2026-06-23T23:00:00.000Z,,Toronto Stadium,Pierre Ghislain Atcho,Full time,0,1,Panama,Croatia,home,Harvey,14,True,starting_xi,AM,2,4,2,5-4-1,6.5,6.1,0,
4667827,panama-vs-croatia,https://www.fotmob.com/matches/panama-vs-croatia/24y93x#4667827,Panama vs Croatia (2026-06-23T23:00:00.000Z),Panama,Croatia,2026-06-23T23:00:00.000Z,,Toronto Stadium,Pierre Ghislain Atcho,Full time,0,1,Panama,Croatia,home,Bárcenas,11,True,starting_xi,AM,2,4,3,5-4-1,6.5,7.2,0,90.0
4667827,panama-vs-croatia,https://www.fotmob.com/matches/panama-vs-croatia/24y93x#4667827,Panama vs Croatia (2026-06-23T23:00:00.000Z),Panama,Croatia,2026-06-23T23:00:00.000Z,,Toronto Stadium,Pierre Ghislain Atcho,Full time,0,1,Panama,Croatia,home,Rodriguez,7,True,starting_xi,AM,2,4,4,5-4-1,6.5,6.0,0,
4667827,panama-vs-croatia,https://www.fotmob.com/matches/panama-vs-croatia/24y93x#4667827,Panama vs Croatia (2026-06-23T23:00:00.000Z),Panama,Croatia,2026-06-23T23:00:00.000Z,,Toronto Stadium,Pierre Ghislain Atcho,Full time,0,1,Panama,Croatia,home,Fajardo,17,True,starting_xi,FWD,3,1,1,5-4-1,6.5,6.4,0,83.0
4667827,panama-vs-croatia,https://www.fotmob.com/matches/panama-vs-croatia/24y93x#4667827,Panama vs Croatia (2026-06-23T23:00:00.000Z),Panama,Croatia,2026-06-23T23:00:00.000Z,,Toronto Stadium,Pierre Ghislain Atcho,Full time,0,1,Croatia,Panama,away,Musa,26,True,starting_xi,FWD,4,1,1,4-2-3-1,7.0,6.3,0,46.0
4667827,panama-vs-croatia,https://www.fotmob.com/matches/panama-vs-croatia/24y93x#4667827,Panama vs Croatia (2026-06-23T23:00:00.000Z),Panama,Croatia,2026-06-23T23:00:00.000Z,,Toronto Stadium,Pierre Ghislain Atcho,Full time,0,1,Croatia,Panama,away,Perisic,14,True,starting_xi,AM,3,3,1,4-2-3-1,7.0,7.0,0,
4667827,panama-vs-croatia,https://www.fotmob.com/matches/panama-vs-croatia/24y93x#4667827,Panama vs Croatia (2026-06-23T23:00:00.000Z),Panama,Croatia,2026-06-23T23:00:00.000Z,,Toronto Stadium,Pierre Ghislain Atcho,Full time,0,1,Croatia,Panama,away,Baturina,16,True,starting_xi,AM,3,3,2,4-2-3-1,7.0,7.4,0,
4667827,panama-vs-croatia,https://www.fotmob.com/matches/panama-vs-croatia/24y93x#4667827,Panama vs Croatia (2026-06-23T23:00:00.000Z),Panama,Croatia,2026-06-23T23:00:00.000Z,,Toronto Stadium,Pierre Ghislain Atcho,Full time,0,1,Croatia,Panama,away,Pasalic,24,True,starting_xi,AM,3,3,3,4-2-3-1,7.0,7.2,0,72.0
4667827,panama-vs-croatia,https://www.fotmob.com/matches/panama-vs-croatia/24y93x#4667827,Panama vs Croatia (2026-06-23T23:00:00.000Z),Panama,Croatia,2026-06-23T23:00:00.000Z,,Toronto Stadium,Pierre Ghislain Atcho,Full time,0,1,Croatia,Panama,away,Kovacic,8,True,starting_xi,AM,2,2,1,4-2-3-1,7.0,6.6,0,72.0
4667827,panama-vs-croatia,https://www.fotmob.com/matches/panama-vs-croatia/24y93x#4667827,Panama vs Croatia (2026-06-23T23:00:00.000Z),Panama,Croatia,2026-06-23T23:00:00.000Z,,Toronto Stadium,Pierre Ghislain Atcho,Full time,0,1,Croatia,Panama,away,Modric,10,True,starting_xi,AM,2,2,2,4-2-3-1,7.0,7.6,0,81.0
4667827,panama-vs-croatia,https://www.fotmob.com/matches/panama-vs-croatia/24y93x#4667827,Panama vs Croatia (2026-06-23T23:00:00.000Z),Panama,Croatia,2026-06-23T23:00:00.000Z,,Toronto Stadium,Pierre Ghislain Atcho,Full time,0,1,Croatia,Panama,away,Gvardiol,4,True,starting_xi,DEF,1,4,1,4-2-3-1,7.0,6.9,0,46.0
4667827,panama-vs-croatia,https://www.fotmob.com/matches/panama-vs-croatia/24y93x#4667827,Panama vs Croatia (2026-06-23T23:00:00.000Z),Panama,Croatia,2026-06-23T23:00:00.000Z,,Toronto Stadium,Pierre Ghislain Atcho,Full time,0,1,Croatia,Panama,away,Pongracic,3,True,starting_xi,DEF,1,4,2,4-2-3-1,7.0,7.1,0,
4667827,panama-vs-croatia,https://www.fotmob.com/matches/panama-vs-croatia/24y93x#4667827,Panama vs Croatia (2026-06-23T23:00:00.000Z),Panama,Croatia,2026-06-23T23:00:00.000Z,,Toronto Stadium,Pierre Ghislain Atcho,Full time,0,1,Croatia,Panama,away,Sutalo,6,True,starting_xi,DEF,1,4,3,4-2-3-1,7.0,7.4,0,
4667827,panama-vs-croatia,https://www.fotmob.com/matches/panama-vs-croatia/24y93x#4667827,Panama vs Croatia (2026-06-23T23:00:00.000Z),Panama,Croatia,2026-06-23T23:00:00.000Z,,Toronto Stadium,Pierre Ghislain Atcho,Full time,0,1,Croatia,Panama,away,Stanisic,2,True,starting_xi,DEF,1,4,4,4-2-3-1,7.0,8.1,0,
4667827,panama-vs-croatia,https://www.fotmob.com/matches/panama-vs-croatia/24y93x#4667827,Panama vs Croatia (2026-06-23T23:00:00.000Z),Panama,Croatia,2026-06-23T23:00:00.000Z,,Toronto Stadium,Pierre Ghislain Atcho,Full time,0,1,Croatia,Panama,away,Livakovic,1,True,starting_xi,GK,0,1,1,4-2-3-1,7.0,7.7,0,
4667821,dr-congo-vs-colombia,https://www.fotmob.com/matches/dr-congo-vs-colombia/1ra58w#4667821,Colombia vs DR Congo (2026-06-24T02:00:00.000Z),Colombia,DR Congo,2026-06-24T02:00:00.000Z,,Guadalajara Stadium,Maurizio Mariani,Full time,1,0,Colombia,DR Congo,home,Vargas,12,True,starting_xi,GK,0,1,1,4-3-3,7.3,7.8,0,
4667821,dr-congo-vs-colombia,https://www.fotmob.com/matches/dr-congo-vs-colombia/1ra58w#4667821,Colombia vs DR Congo (2026-06-24T02:00:00.000Z),Colombia,DR Congo,2026-06-24T02:00:00.000Z,,Guadalajara Stadium,Maurizio Mariani,Full time,1,0,Colombia,DR Congo,home,Muñoz,2,True,starting_xi,DEF,1,4,1,4-3-3,7.3,8.2,0,
4667821,dr-congo-vs-colombia,https://www.fotmob.com/matches/dr-congo-vs-colombia/1ra58w#4667821,Colombia vs DR Congo (2026-06-24T02:00:00.000Z),Colombia,DR Congo,2026-06-24T02:00:00.000Z,,Guadalajara Stadium,Maurizio Mariani,Full time,1,0,Colombia,DR Congo,home,Sánchez,23,True,starting_xi,DEF,1,4,2,4-3-3,7.3,7.9,0,
4667821,dr-congo-vs-colombia,https://www.fotmob.com/matches/dr-congo-vs-colombia/1ra58w#4667821,Colombia vs DR Congo (2026-06-24T02:00:00.000Z),Colombia,DR Congo,2026-06-24T02:00:00.000Z,,Guadalajara Stadium,Maurizio Mariani,Full time,1,0,Colombia,DR Congo,home,Lucumí,3,True,starting_xi,DEF,1,4,3,4-3-3,7.3,7.4,0,
4667821,dr-congo-vs-colombia,https://www.fotmob.com/matches/dr-congo-vs-colombia/1ra58w#4667821,Colombia vs DR Congo (2026-06-24T02:00:00.000Z),Colombia,DR Congo,2026-06-24T02:00:00.000Z,,Guadalajara Stadium,Maurizio Mariani,Full time,1,0,Colombia,DR Congo,home,Mojica,17,True,starting_xi,DEF,1,4,4,4-3-3,7.3,7.9,0,
4667821,dr-congo-vs-colombia,https://www.fotmob.com/matches/dr-congo-vs-colombia/1ra58w#4667821,Colombia vs DR Congo (2026-06-24T02:00:00.000Z),Colombia,DR Congo,2026-06-24T02:00:00.000Z,,Guadalajara Stadium,Maurizio Mariani,Full time,1,0,Colombia,DR Congo,home,Puerta,14,True,starting_xi,AM,2,3,1,4-3-3,7.3,7.6,0,
4667821,dr-congo-vs-colombia,https://www.fotmob.com/matches/dr-congo-vs-colombia/1ra58w#4667821,Colombia vs DR Congo (2026-06-24T02:00:00.000Z),Colombia,DR Congo,2026-06-24T02:00:00.000Z,,Guadalajara Stadium,Maurizio Mariani,Full time,1,0,Colombia,DR Congo,home,Lerma,16,True,starting_xi,AM,2,3,2,4-3-3,7.3,7.5,0,
4667821,dr-congo-vs-colombia,https://www.fotmob.com/matches/dr-congo-vs-colombia/1ra58w#4667821,Colombia vs DR Congo (2026-06-24T02:00:00.000Z),Colombia,DR Congo,2026-06-24T02:00:00.000Z,,Guadalajara Stadium,Maurizio Mariani,Full time,1,0,Colombia,DR Congo,home,Arias,11,True,starting_xi,AM,2,3,3,4-3-3,7.3,7.5,0,77.0
4667821,dr-congo-vs-colombia,https://www.fotmob.com/matches/dr-congo-vs-colombia/1ra58w#4667821,Colombia vs DR Congo (2026-06-24T02:00:00.000Z),Colombia,DR Congo,2026-06-24T02:00:00.000Z,,Guadalajara Stadium,Maurizio Mariani,Full time,1,0,Colombia,DR Congo,home,Rodríguez,10,True,starting_xi,FWD,3,3,1,4-3-3,7.3,7.6,0,58.0
4667821,dr-congo-vs-colombia,https://www.fotmob.com/matches/dr-congo-vs-colombia/1ra58w#4667821,Colombia vs DR Congo (2026-06-24T02:00:00.000Z),Colombia,DR Congo,2026-06-24T02:00:00.000Z,,Guadalajara Stadium,Maurizio Mariani,Full time,1,0,Colombia,DR Congo,home,Suárez,25,True,starting_xi,FWD,3,3,2,4-3-3,7.3,6.2,0,58.0
4667821,dr-congo-vs-colombia,https://www.fotmob.com/matches/dr-congo-vs-colombia/1ra58w#4667821,Colombia vs DR Congo (2026-06-24T02:00:00.000Z),Colombia,DR Congo,2026-06-24T02:00:00.000Z,,Guadalajara Stadium,Maurizio Mariani,Full time,1,0,Colombia,DR Congo,home,Luis Diaz,7,True,starting_xi,FWD,3,3,3,4-3-3,7.3,7.2,0,
4667821,dr-congo-vs-colombia,https://www.fotmob.com/matches/dr-congo-vs-colombia/1ra58w#4667821,Colombia vs DR Congo (2026-06-24T02:00:00.000Z),Colombia,DR Congo,2026-06-24T02:00:00.000Z,,Guadalajara Stadium,Maurizio Mariani,Full time,1,0,DR Congo,Colombia,away,Wissa,20,True,starting_xi,FWD,3,2,1,5-3-2,6.4,6.3,0,
4667821,dr-congo-vs-colombia,https://www.fotmob.com/matches/dr-congo-vs-colombia/1ra58w#4667821,Colombia vs DR Congo (2026-06-24T02:00:00.000Z),Colombia,DR Congo,2026-06-24T02:00:00.000Z,,Guadalajara Stadium,Maurizio Mariani,Full time,1,0,DR Congo,Colombia,away,Bakambu,17,True,starting_xi,FWD,3,2,2,5-3-2,6.4,5.8,0,57.0
4667821,dr-congo-vs-colombia,https://www.fotmob.com/matches/dr-congo-vs-colombia/1ra58w#4667821,Colombia vs DR Congo (2026-06-24T02:00:00.000Z),Colombia,DR Congo,2026-06-24T02:00:00.000Z,,Guadalajara Stadium,Maurizio Mariani,Full time,1,0,DR Congo,Colombia,away,Kayembe,25,True,starting_xi,AM,2,3,1,5-3-2,6.4,5.4,0,71.0
4667821,dr-congo-vs-colombia,https://www.fotmob.com/matches/dr-congo-vs-colombia/1ra58w#4667821,Colombia vs DR Congo (2026-06-24T02:00:00.000Z),Colombia,DR Congo,2026-06-24T02:00:00.000Z,,Guadalajara Stadium,Maurizio Mariani,Full time,1,0,DR Congo,Colombia,away,Moutoussamy,8,True,starting_xi,AM,2,3,2,5-3-2,6.4,6.2,0,82.0
4667821,dr-congo-vs-colombia,https://www.fotmob.com/matches/dr-congo-vs-colombia/1ra58w#4667821,Colombia vs DR Congo (2026-06-24T02:00:00.000Z),Colombia,DR Congo,2026-06-24T02:00:00.000Z,,Guadalajara Stadium,Maurizio Mariani,Full time,1,0,DR Congo,Colombia,away,Mukau,6,True,starting_xi,AM,2,3,3,5-3-2,6.4,6.6,0,46.0
4667821,dr-congo-vs-colombia,https://www.fotmob.com/matches/dr-congo-vs-colombia/1ra58w#4667821,Colombia vs DR Congo (2026-06-24T02:00:00.000Z),Colombia,DR Congo,2026-06-24T02:00:00.000Z,,Guadalajara Stadium,Maurizio Mariani,Full time,1,0,DR Congo,Colombia,away,Masuaku,26,True,starting_xi,DEF,1,5,1,5-3-2,6.4,7.0,0,71.0
4667821,dr-congo-vs-colombia,https://www.fotmob.com/matches/dr-congo-vs-colombia/1ra58w#4667821,Colombia vs DR Congo (2026-06-24T02:00:00.000Z),Colombia,DR Congo,2026-06-24T02:00:00.000Z,,Guadalajara Stadium,Maurizio Mariani,Full time,1,0,DR Congo,Colombia,away,Wan-Bissaka,2,True,starting_xi,DEF,1,5,2,5-3-2,6.4,6.7,0,
4667821,dr-congo-vs-colombia,https://www.fotmob.com/matches/dr-congo-vs-colombia/1ra58w#4667821,Colombia vs DR Congo (2026-06-24T02:00:00.000Z),Colombia,DR Congo,2026-06-24T02:00:00.000Z,,Guadalajara Stadium,Maurizio Mariani,Full time,1,0,DR Congo,Colombia,away,Kapuadi,3,True,starting_xi,DEF,1,5,3,5-3-2,6.4,6.5,0,
4667821,dr-congo-vs-colombia,https://www.fotmob.com/matches/dr-congo-vs-colombia/1ra58w#4667821,Colombia vs DR Congo (2026-06-24T02:00:00.000Z),Colombia,DR Congo,2026-06-24T02:00:00.000Z,,Guadalajara Stadium,Maurizio Mariani,Full time,1,0,DR Congo,Colombia,away,Tuanzebe,4,True,starting_xi,DEF,1,5,4,5-3-2,6.4,6.2,0,
4667821,dr-congo-vs-colombia,https://www.fotmob.com/matches/dr-congo-vs-colombia/1ra58w#4667821,Colombia vs DR Congo (2026-06-24T02:00:00.000Z),Colombia,DR Congo,2026-06-24T02:00:00.000Z,,Guadalajara Stadium,Maurizio Mariani,Full time,1,0,DR Congo,Colombia,away,Mbemba,22,True,starting_xi,DEF,1,5,5,5-3-2,6.4,6.1,0,
4667821,dr-congo-vs-colombia,https://www.fotmob.com/matches/dr-congo-vs-colombia/1ra58w#4667821,Colombia vs DR Congo (2026-06-24T02:00:00.000Z),Colombia,DR Congo,2026-06-24T02:00:00.000Z,,Guadalajara Stadium,Maurizio Mariani,Full time,1,0,DR Congo,Colombia,away,Mpasi-Nzau,1,True,starting_xi,GK,0,1,1,5-3-2,6.4,7.5,0,
4667756,south-africa-vs-south-korea,https://www.fotmob.com/matches/south-africa-vs-south-korea/1ncyls#4667756,South Africa vs South Korea (2026-06-25T01:00:00.000Z),South Africa,South Korea,2026-06-25T01:00:00.000Z,,Monterrey Stadium,Facundo Raúl Tello Figueroa,Full time,1,0,South Africa,South Korea,home,Williams,1,True,starting_xi,GK,0,1,1,4-2-3-1,7.3,8.6,0,
4667756,south-africa-vs-south-korea,https://www.fotmob.com/matches/south-africa-vs-south-korea/1ncyls#4667756,South Africa vs South Korea (2026-06-25T01:00:00.000Z),South Africa,South Korea,2026-06-25T01:00:00.000Z,,Monterrey Stadium,Facundo Raúl Tello Figueroa,Full time,1,0,South Africa,South Korea,home,Mudau,20,True,starting_xi,DEF,1,4,1,4-2-3-1,7.3,8.1,0,
4667756,south-africa-vs-south-korea,https://www.fotmob.com/matches/south-africa-vs-south-korea/1ncyls#4667756,South Africa vs South Korea (2026-06-25T01:00:00.000Z),South Africa,South Korea,2026-06-25T01:00:00.000Z,,Monterrey Stadium,Facundo Raúl Tello Figueroa,Full time,1,0,South Africa,South Korea,home,Okon,21,True,starting_xi,DEF,1,4,2,4-2-3-1,7.3,7.2,0,
4667756,south-africa-vs-south-korea,https://www.fotmob.com/matches/south-africa-vs-south-korea/1ncyls#4667756,South Africa vs South Korea (2026-06-25T01:00:00.000Z),South Africa,South Korea,2026-06-25T01:00:00.000Z,,Monterrey Stadium,Facundo Raúl Tello Figueroa,Full time,1,0,South Africa,South Korea,home,Mbokazi,14,True,starting_xi,DEF,1,4,3,4-2-3-1,7.3,7.9,0,
4667756,south-africa-vs-south-korea,https://www.fotmob.com/matches/south-africa-vs-south-korea/1ncyls#4667756,South Africa vs South Korea (2026-06-25T01:00:00.000Z),South Africa,South Korea,2026-06-25T01:00:00.000Z,,Monterrey Stadium,Facundo Raúl Tello Figueroa,Full time,1,0,South Africa,South Korea,home,Modiba,6,True,starting_xi,DEF,1,4,4,4-2-3-1,7.3,7.5,0,
4667756,south-africa-vs-south-korea,https://www.fotmob.com/matches/south-africa-vs-south-korea/1ncyls#4667756,South Africa vs South Korea (2026-06-25T01:00:00.000Z),South Africa,South Korea,2026-06-25T01:00:00.000Z,,Monterrey Stadium,Facundo Raúl Tello Figueroa,Full time,1,0,South Africa,South Korea,home,Mbatha,5,True,starting_xi,AM,2,2,1,4-2-3-1,7.3,7.4,0,
4667756,south-africa-vs-south-korea,https://www.fotmob.com/matches/south-africa-vs-south-korea/1ncyls#4667756,South Africa vs South Korea (2026-06-25T01:00:00.000Z),South Africa,South Korea,2026-06-25T01:00:00.000Z,,Monterrey Stadium,Facundo Raúl Tello Figueroa,Full time,1,0,South Africa,South Korea,home,Sithole,13,True,starting_xi,AM,2,2,2,4-2-3-1,7.3,7.5,0,
4667756,south-africa-vs-south-korea,https://www.fotmob.com/matches/south-africa-vs-south-korea/1ncyls#4667756,South Africa vs South Korea (2026-06-25T01:00:00.000Z),South Africa,South Korea,2026-06-25T01:00:00.000Z,,Monterrey Stadium,Facundo Raúl Tello Figueroa,Full time,1,0,South Africa,South Korea,home,Maseko,12,True,starting_xi,AM,3,3,1,4-2-3-1,7.3,7.6,0,75.0
4667756,south-africa-vs-south-korea,https://www.fotmob.com/matches/south-africa-vs-south-korea/1ncyls#4667756,South Africa vs South Korea (2026-06-25T01:00:00.000Z),South Africa,South Korea,2026-06-25T01:00:00.000Z,,Monterrey Stadium,Facundo Raúl Tello Figueroa,Full time,1,0,South Africa,South Korea,home,Mofokeng,10,True,starting_xi,AM,3,3,2,4-2-3-1,7.3,6.9,0,80.0
4667756,south-africa-vs-south-korea,https://www.fotmob.com/matches/south-africa-vs-south-korea/1ncyls#4667756,South Africa vs South Korea (2026-06-25T01:00:00.000Z),South Africa,South Korea,2026-06-25T01:00:00.000Z,,Monterrey Stadium,Facundo Raúl Tello Figueroa,Full time,1,0,South Africa,South Korea,home,Appollis,7,True,starting_xi,AM,3,3,3,4-2-3-1,7.3,6.7,0,62.0
4667756,south-africa-vs-south-korea,https://www.fotmob.com/matches/south-africa-vs-south-korea/1ncyls#4667756,South Africa vs South Korea (2026-06-25T01:00:00.000Z),South Africa,South Korea,2026-06-25T01:00:00.000Z,,Monterrey Stadium,Facundo Raúl Tello Figueroa,Full time,1,0,South Africa,South Korea,home,Makgopa,17,True,starting_xi,FWD,4,1,1,4-2-3-1,7.3,7.0,0,
4667756,south-africa-vs-south-korea,https://www.fotmob.com/matches/south-africa-vs-south-korea/1ncyls#4667756,South Africa vs South Korea (2026-06-25T01:00:00.000Z),South Africa,South Korea,2026-06-25T01:00:00.000Z,,Monterrey Stadium,Facundo Raúl Tello Figueroa,Full time,1,0,South Korea,South Africa,away,Oh,18,True,starting_xi,FWD,4,1,1,3-4-2-1,6.5,5.8,0,74.0
4667756,south-africa-vs-south-korea,https://www.fotmob.com/matches/south-africa-vs-south-korea/1ncyls#4667756,South Africa vs South Korea (2026-06-25T01:00:00.000Z),South Africa,South Korea,2026-06-25T01:00:00.000Z,,Monterrey Stadium,Facundo Raúl Tello Figueroa,Full time,1,0,South Korea,South Africa,away,Hwang,11,True,starting_xi,AM,3,2,1,3-4-2-1,6.5,6.2,0,46.0
4667756,south-africa-vs-south-korea,https://www.fotmob.com/matches/south-africa-vs-south-korea/1ncyls#4667756,South Africa vs South Korea (2026-06-25T01:00:00.000Z),South Africa,South Korea,2026-06-25T01:00:00.000Z,,Monterrey Stadium,Facundo Raúl Tello Figueroa,Full time,1,0,South Korea,South Africa,away,Lee,19,True,starting_xi,AM,3,2,2,3-4-2-1,6.5,6.4,0,
4667756,south-africa-vs-south-korea,https://www.fotmob.com/matches/south-africa-vs-south-korea/1ncyls#4667756,South Africa vs South Korea (2026-06-25T01:00:00.000Z),South Africa,South Korea,2026-06-25T01:00:00.000Z,,Monterrey Stadium,Facundo Raúl Tello Figueroa,Full time,1,0,South Korea,South Africa,away,Lee,13,True,starting_xi,AM,2,4,1,3-4-2-1,6.5,6.7,0,46.0
4667756,south-africa-vs-south-korea,https://www.fotmob.com/matches/south-africa-vs-south-korea/1ncyls#4667756,South Africa vs South Korea (2026-06-25T01:00:00.000Z),South Africa,South Korea,2026-06-25T01:00:00.000Z,,Monterrey Stadium,Facundo Raúl Tello Figueroa,Full time,1,0,South Korea,South Africa,away,Hwang,6,True,starting_xi,AM,2,4,2,3-4-2-1,6.5,6.6,0,
4667756,south-africa-vs-south-korea,https://www.fotmob.com/matches/south-africa-vs-south-korea/1ncyls#4667756,South Africa vs South Korea (2026-06-25T01:00:00.000Z),South Africa,South Korea,2026-06-25T01:00:00.000Z,,Monterrey Stadium,Facundo Raúl Tello Figueroa,Full time,1,0,South Korea,South Africa,away,Paik,8,True,starting_xi,AM,2,4,3,3-4-2-1,6.5,6.0,0,46.0
4667756,south-africa-vs-south-korea,https://www.fotmob.com/matches/south-africa-vs-south-korea/1ncyls#4667756,South Africa vs South Korea (2026-06-25T01:00:00.000Z),South Africa,South Korea,2026-06-25T01:00:00.000Z,,Monterrey Stadium,Facundo Raúl Tello Figueroa,Full time,1,0,South Korea,South Africa,away,Seol,22,True,starting_xi,AM,2,4,4,3-4-2-1,6.5,6.9,0,
4667756,south-africa-vs-south-korea,https://www.fotmob.com/matches/south-africa-vs-south-korea/1ncyls#4667756,South Africa vs South Korea (2026-06-25T01:00:00.000Z),South Africa,South Korea,2026-06-25T01:00:00.000Z,,Monterrey Stadium,Facundo Raúl Tello Figueroa,Full time,1,0,South Korea,South Africa,away,Lee,3,True,starting_xi,DEF,1,3,1,3-4-2-1,6.5,7.5,0,
4667756,south-africa-vs-south-korea,https://www.fotmob.com/matches/south-africa-vs-south-korea/1ncyls#4667756,South Africa vs South Korea (2026-06-25T01:00:00.000Z),South Africa,South Korea,2026-06-25T01:00:00.000Z,,Monterrey Stadium,Facundo Raúl Tello Figueroa,Full time,1,0,South Korea,South Africa,away,Kim,4,True,starting_xi,DEF,1,3,2,3-4-2-1,6.5,6.6,0,65.0
4667756,south-africa-vs-south-korea,https://www.fotmob.com/matches/south-africa-vs-south-korea/1ncyls#4667756,South Africa vs South Korea (2026-06-25T01:00:00.000Z),South Africa,South Korea,2026-06-25T01:00:00.000Z,,Monterrey Stadium,Facundo Raúl Tello Figueroa,Full time,1,0,South Korea,South Africa,away,Lee,2,True,starting_xi,DEF,1,3,3,3-4-2-1,6.5,6.8,0,
4667756,south-africa-vs-south-korea,https://www.fotmob.com/matches/south-africa-vs-south-korea/1ncyls#4667756,South Africa vs South Korea (2026-06-25T01:00:00.000Z),South Africa,South Korea,2026-06-25T01:00:00.000Z,,Monterrey Stadium,Facundo Raúl Tello Figueroa,Full time,1,0,South Korea,South Africa,away,Kim,1,True,starting_xi,GK,0,1,1,3-4-2-1,6.5,6.2,0,
4667761,canada-vs-switzerland,https://www.fotmob.com/matches/canada-vs-switzerland/1aq0cl#4667761,Switzerland vs Canada (2026-06-24T19:00:00.000Z),Switzerland,Canada,2026-06-24T19:00:00.000Z,,,,Full time,2,1,Switzerland,Canada,home,Kobel,1,True,starting_xi,GK,0,1,1,4-2-3-1,7.2,8.8,0,
4667761,canada-vs-switzerland,https://www.fotmob.com/matches/canada-vs-switzerland/1aq0cl#4667761,Switzerland vs Canada (2026-06-24T19:00:00.000Z),Switzerland,Canada,2026-06-24T19:00:00.000Z,,,,Full time,2,1,Switzerland,Canada,home,Jaquez,25,True,starting_xi,DEF,1,4,1,4-2-3-1,7.2,7.0,0,74.0
4667761,canada-vs-switzerland,https://www.fotmob.com/matches/canada-vs-switzerland/1aq0cl#4667761,Switzerland vs Canada (2026-06-24T19:00:00.000Z),Switzerland,Canada,2026-06-24T19:00:00.000Z,,,,Full time,2,1,Switzerland,Canada,home,Elvedi,4,True,starting_xi,DEF,1,4,2,4-2-3-1,7.2,7.2,0,
4667761,canada-vs-switzerland,https://www.fotmob.com/matches/canada-vs-switzerland/1aq0cl#4667761,Switzerland vs Canada (2026-06-24T19:00:00.000Z),Switzerland,Canada,2026-06-24T19:00:00.000Z,,,,Full time,2,1,Switzerland,Canada,home,Akanji,5,True,starting_xi,DEF,1,4,3,4-2-3-1,7.2,7.4,0,
4667761,canada-vs-switzerland,https://www.fotmob.com/matches/canada-vs-switzerland/1aq0cl#4667761,Switzerland vs Canada (2026-06-24T19:00:00.000Z),Switzerland,Canada,2026-06-24T19:00:00.000Z,,,,Full time,2,1,Switzerland,Canada,home,Rodríguez,13,True,starting_xi,DEF,1,4,4,4-2-3-1,7.2,7.5,0,
4667761,canada-vs-switzerland,https://www.fotmob.com/matches/canada-vs-switzerland/1aq0cl#4667761,Switzerland vs Canada (2026-06-24T19:00:00.000Z),Switzerland,Canada,2026-06-24T19:00:00.000Z,,,,Full time,2,1,Switzerland,Canada,home,Xhaka,10,True,starting_xi,AM,2,2,1,4-2-3-1,7.2,7.0,0,
4667761,canada-vs-switzerland,https://www.fotmob.com/matches/canada-vs-switzerland/1aq0cl#4667761,Switzerland vs Canada (2026-06-24T19:00:00.000Z),Switzerland,Canada,2026-06-24T19:00:00.000Z,,,,Full time,2,1,Switzerland,Canada,home,Freuler,8,True,starting_xi,AM,2,2,2,4-2-3-1,7.2,6.8,0,
4667761,canada-vs-switzerland,https://www.fotmob.com/matches/canada-vs-switzerland/1aq0cl#4667761,Switzerland vs Canada (2026-06-24T19:00:00.000Z),Switzerland,Canada,2026-06-24T19:00:00.000Z,,,,Full time,2,1,Switzerland,Canada,home,Sow,15,True,starting_xi,AM,3,3,1,4-2-3-1,7.2,6.9,0,74.0
4667761,canada-vs-switzerland,https://www.fotmob.com/matches/canada-vs-switzerland/1aq0cl#4667761,Switzerland vs Canada (2026-06-24T19:00:00.000Z),Switzerland,Canada,2026-06-24T19:00:00.000Z,,,,Full time,2,1,Switzerland,Canada,home,Manzambi,9,True,starting_xi,AM,3,3,2,4-2-3-1,7.2,8.4,0,85.0
4667761,canada-vs-switzerland,https://www.fotmob.com/matches/canada-vs-switzerland/1aq0cl#4667761,Switzerland vs Canada (2026-06-24T19:00:00.000Z),Switzerland,Canada,2026-06-24T19:00:00.000Z,,,,Full time,2,1,Switzerland,Canada,home,Vargas,17,True,starting_xi,AM,3,3,3,4-2-3-1,7.2,7.4,0,80.0
4667761,canada-vs-switzerland,https://www.fotmob.com/matches/canada-vs-switzerland/1aq0cl#4667761,Switzerland vs Canada (2026-06-24T19:00:00.000Z),Switzerland,Canada,2026-06-24T19:00:00.000Z,,,,Full time,2,1,Switzerland,Canada,home,Embolo,7,True,starting_xi,FWD,4,1,1,4-2-3-1,7.2,8.1,0,85.0
4667761,canada-vs-switzerland,https://www.fotmob.com/matches/canada-vs-switzerland/1aq0cl#4667761,Switzerland vs Canada (2026-06-24T19:00:00.000Z),Switzerland,Canada,2026-06-24T19:00:00.000Z,,,,Full time,2,1,Canada,Switzerland,away,David,10,True,starting_xi,FWD,3,2,1,4-4-2,6.3,6.0,0,
4667761,canada-vs-switzerland,https://www.fotmob.com/matches/canada-vs-switzerland/1aq0cl#4667761,Switzerland vs Canada (2026-06-24T19:00:00.000Z),Switzerland,Canada,2026-06-24T19:00:00.000Z,,,,Full time,2,1,Canada,Switzerland,away,Larin,9,True,starting_xi,FWD,3,2,2,4-4-2,6.3,6.2,0,58.0
4667761,canada-vs-switzerland,https://www.fotmob.com/matches/canada-vs-switzerland/1aq0cl#4667761,Switzerland vs Canada (2026-06-24T19:00:00.000Z),Switzerland,Canada,2026-06-24T19:00:00.000Z,,,,Full time,2,1,Canada,Switzerland,away,Ahmed,20,True,starting_xi,AM,2,4,1,4-4-2,6.3,6.3,0,58.0
4667761,canada-vs-switzerland,https://www.fotmob.com/matches/canada-vs-switzerland/1aq0cl#4667761,Switzerland vs Canada (2026-06-24T19:00:00.000Z),Switzerland,Canada,2026-06-24T19:00:00.000Z,,,,Full time,2,1,Canada,Switzerland,away,Choinière,6,True,starting_xi,AM,2,4,2,4-4-2,6.3,6.7,0,58.0
4667761,canada-vs-switzerland,https://www.fotmob.com/matches/canada-vs-switzerland/1aq0cl#4667761,Switzerland vs Canada (2026-06-24T19:00:00.000Z),Switzerland,Canada,2026-06-24T19:00:00.000Z,,,,Full time,2,1,Canada,Switzerland,away,Saliba,25,True,starting_xi,AM,2,4,3,4-4-2,6.3,8.0,0,
4667761,canada-vs-switzerland,https://www.fotmob.com/matches/canada-vs-switzerland/1aq0cl#4667761,Switzerland vs Canada (2026-06-24T19:00:00.000Z),Switzerland,Canada,2026-06-24T19:00:00.000Z,,,,Full time,2,1,Canada,Switzerland,away,Buchanan,17,True,starting_xi,AM,2,4,4,4-4-2,6.3,6.5,0,74.0
4667761,canada-vs-switzerland,https://www.fotmob.com/matches/canada-vs-switzerland/1aq0cl#4667761,Switzerland vs Canada (2026-06-24T19:00:00.000Z),Switzerland,Canada,2026-06-24T19:00:00.000Z,,,,Full time,2,1,Canada,Switzerland,away,Laryea,22,True,starting_xi,DEF,1,4,1,4-4-2,6.3,6.1,0,83.0
4667761,canada-vs-switzerland,https://www.fotmob.com/matches/canada-vs-switzerland/1aq0cl#4667761,Switzerland vs Canada (2026-06-24T19:00:00.000Z),Switzerland,Canada,2026-06-24T19:00:00.000Z,,,,Full time,2,1,Canada,Switzerland,away,Cornelius,13,True,starting_xi,DEF,1,4,2,4-4-2,6.3,5.2,0,
4667761,canada-vs-switzerland,https://www.fotmob.com/matches/canada-vs-switzerland/1aq0cl#4667761,Switzerland vs Canada (2026-06-24T19:00:00.000Z),Switzerland,Canada,2026-06-24T19:00:00.000Z,,,,Full time,2,1,Canada,Switzerland,away,De Fougerolles,4,True,starting_xi,DEF,1,4,3,4-4-2,6.3,6.2,0,
4667761,canada-vs-switzerland,https://www.fotmob.com/matches/canada-vs-switzerland/1aq0cl#4667761,Switzerland vs Canada (2026-06-24T19:00:00.000Z),Switzerland,Canada,2026-06-24T19:00:00.000Z,,,,Full time,2,1,Canada,Switzerland,away,Johnston,2,True,starting_xi,DEF,1,4,4,4-4-2,6.3,6.4,0,
4667761,canada-vs-switzerland,https://www.fotmob.com/matches/canada-vs-switzerland/1aq0cl#4667761,Switzerland vs Canada (2026-06-24T19:00:00.000Z),Switzerland,Canada,2026-06-24T19:00:00.000Z,,,,Full time,2,1,Canada,Switzerland,away,Crépeau,16,True,starting_xi,GK,0,1,1,4-4-2,6.3,5.1,0,
4667762,qatar-vs-bosnia-herzegovina,https://www.fotmob.com/matches/qatar-vs-bosnia-herzegovina/24aiya#4667762,Bosnia and Herzegovina vs Qatar (2026-06-24T19:00:00.000Z),Bosnia and Herzegovina,Qatar,2026-06-24T19:00:00.000Z,,Seattle Stadium,Jesús Noel Valenzuela Sáez,Full time,3,1,Bosnia and Herzegovina,Qatar,home,Vasilj,1,True,starting_xi,GK,0,1,1,4-4-2,7.1,6.9,0,
4667762,qatar-vs-bosnia-herzegovina,https://www.fotmob.com/matches/qatar-vs-bosnia-herzegovina/24aiya#4667762,Bosnia and Herzegovina vs Qatar (2026-06-24T19:00:00.000Z),Bosnia and Herzegovina,Qatar,2026-06-24T19:00:00.000Z,,Seattle Stadium,Jesús Noel Valenzuela Sáez,Full time,3,1,Bosnia and Herzegovina,Qatar,home,Malic,24,True,starting_xi,DEF,1,4,1,4-4-2,7.1,6.2,0,46.0
4667762,qatar-vs-bosnia-herzegovina,https://www.fotmob.com/matches/qatar-vs-bosnia-herzegovina/24aiya#4667762,Bosnia and Herzegovina vs Qatar (2026-06-24T19:00:00.000Z),Bosnia and Herzegovina,Qatar,2026-06-24T19:00:00.000Z,,Seattle Stadium,Jesús Noel Valenzuela Sáez,Full time,3,1,Bosnia and Herzegovina,Qatar,home,Katic,18,True,starting_xi,DEF,1,4,2,4-4-2,7.1,6.8,0,63.0
4667762,qatar-vs-bosnia-herzegovina,https://www.fotmob.com/matches/qatar-vs-bosnia-herzegovina/24aiya#4667762,Bosnia and Herzegovina vs Qatar (2026-06-24T19:00:00.000Z),Bosnia and Herzegovina,Qatar,2026-06-24T19:00:00.000Z,,Seattle Stadium,Jesús Noel Valenzuela Sáez,Full time,3,1,Bosnia and Herzegovina,Qatar,home,Radeljic,21,True,starting_xi,DEF,1,4,3,4-4-2,7.1,6.9,0,
4667762,qatar-vs-bosnia-herzegovina,https://www.fotmob.com/matches/qatar-vs-bosnia-herzegovina/24aiya#4667762,Bosnia and Herzegovina vs Qatar (2026-06-24T19:00:00.000Z),Bosnia and Herzegovina,Qatar,2026-06-24T19:00:00.000Z,,Seattle Stadium,Jesús Noel Valenzuela Sáez,Full time,3,1,Bosnia and Herzegovina,Qatar,home,Kolasinac,5,True,starting_xi,DEF,1,4,4,4-4-2,7.1,7.3,0,
4667762,qatar-vs-bosnia-herzegovina,https://www.fotmob.com/matches/qatar-vs-bosnia-herzegovina/24aiya#4667762,Bosnia and Herzegovina vs Qatar (2026-06-24T19:00:00.000Z),Bosnia and Herzegovina,Qatar,2026-06-24T19:00:00.000Z,,Seattle Stadium,Jesús Noel Valenzuela Sáez,Full time,3,1,Bosnia and Herzegovina,Qatar,home,Bajraktarevic,20,True,starting_xi,AM,2,4,1,4-4-2,7.1,7.2,0,
4667762,qatar-vs-bosnia-herzegovina,https://www.fotmob.com/matches/qatar-vs-bosnia-herzegovina/24aiya#4667762,Bosnia and Herzegovina vs Qatar (2026-06-24T19:00:00.000Z),Bosnia and Herzegovina,Qatar,2026-06-24T19:00:00.000Z,,Seattle Stadium,Jesús Noel Valenzuela Sáez,Full time,3,1,Bosnia and Herzegovina,Qatar,home,Sunjic,14,True,starting_xi,AM,2,4,2,4-4-2,7.1,7.1,0,46.0
4667762,qatar-vs-bosnia-herzegovina,https://www.fotmob.com/matches/qatar-vs-bosnia-herzegovina/24aiya#4667762,Bosnia and Herzegovina vs Qatar (2026-06-24T19:00:00.000Z),Bosnia and Herzegovina,Qatar,2026-06-24T19:00:00.000Z,,Seattle Stadium,Jesús Noel Valenzuela Sáez,Full time,3,1,Bosnia and Herzegovina,Qatar,home,Basic,13,True,starting_xi,AM,2,4,3,4-4-2,7.1,8.1,0,
4667762,qatar-vs-bosnia-herzegovina,https://www.fotmob.com/matches/qatar-vs-bosnia-herzegovina/24aiya#4667762,Bosnia and Herzegovina vs Qatar (2026-06-24T19:00:00.000Z),Bosnia and Herzegovina,Qatar,2026-06-24T19:00:00.000Z,,Seattle Stadium,Jesús Noel Valenzuela Sáez,Full time,3,1,Bosnia and Herzegovina,Qatar,home,Alajbegovic,19,True,starting_xi,AM,2,4,4,4-4-2,7.1,8.3,0,82.0
4667762,qatar-vs-bosnia-herzegovina,https://www.fotmob.com/matches/qatar-vs-bosnia-herzegovina/24aiya#4667762,Bosnia and Herzegovina vs Qatar (2026-06-24T19:00:00.000Z),Bosnia and Herzegovina,Qatar,2026-06-24T19:00:00.000Z,,Seattle Stadium,Jesús Noel Valenzuela Sáez,Full time,3,1,Bosnia and Herzegovina,Qatar,home,Demirovic,10,True,starting_xi,FWD,3,2,1,4-4-2,7.1,6.7,0,
4667762,qatar-vs-bosnia-herzegovina,https://www.fotmob.com/matches/qatar-vs-bosnia-herzegovina/24aiya#4667762,Bosnia and Herzegovina vs Qatar (2026-06-24T19:00:00.000Z),Bosnia and Herzegovina,Qatar,2026-06-24T19:00:00.000Z,,Seattle Stadium,Jesús Noel Valenzuela Sáez,Full time,3,1,Bosnia and Herzegovina,Qatar,home,Dzeko,11,True,starting_xi,FWD,3,2,2,4-4-2,7.1,7.0,0,63.0
4667762,qatar-vs-bosnia-herzegovina,https://www.fotmob.com/matches/qatar-vs-bosnia-herzegovina/24aiya#4667762,Bosnia and Herzegovina vs Qatar (2026-06-24T19:00:00.000Z),Bosnia and Herzegovina,Qatar,2026-06-24T19:00:00.000Z,,Seattle Stadium,Jesús Noel Valenzuela Sáez,Full time,3,1,Qatar,Bosnia and Herzegovina,away,Al Haidos,10,True,starting_xi,FWD,3,3,1,4-3-3,6.2,7.6,0,55.0
4667762,qatar-vs-bosnia-herzegovina,https://www.fotmob.com/matches/qatar-vs-bosnia-herzegovina/24aiya#4667762,Bosnia and Herzegovina vs Qatar (2026-06-24T19:00:00.000Z),Bosnia and Herzegovina,Qatar,2026-06-24T19:00:00.000Z,,Seattle Stadium,Jesús Noel Valenzuela Sáez,Full time,3,1,Qatar,Bosnia and Herzegovina,away,Afif,11,True,starting_xi,FWD,3,3,2,4-3-3,6.2,6.6,0,
4667762,qatar-vs-bosnia-herzegovina,https://www.fotmob.com/matches/qatar-vs-bosnia-herzegovina/24aiya#4667762,Bosnia and Herzegovina vs Qatar (2026-06-24T19:00:00.000Z),Bosnia and Herzegovina,Qatar,2026-06-24T19:00:00.000Z,,Seattle Stadium,Jesús Noel Valenzuela Sáez,Full time,3,1,Qatar,Bosnia and Herzegovina,away,Junior,8,True,starting_xi,FWD,3,3,3,4-3-3,6.2,7.2,0,79.0
4667762,qatar-vs-bosnia-herzegovina,https://www.fotmob.com/matches/qatar-vs-bosnia-herzegovina/24aiya#4667762,Bosnia and Herzegovina vs Qatar (2026-06-24T19:00:00.000Z),Bosnia and Herzegovina,Qatar,2026-06-24T19:00:00.000Z,,Seattle Stadium,Jesús Noel Valenzuela Sáez,Full time,3,1,Qatar,Bosnia and Herzegovina,away,Boudiaf,12,True,starting_xi,AM,2,3,1,4-3-3,6.2,6.5,0,72.0
4667762,qatar-vs-bosnia-herzegovina,https://www.fotmob.com/matches/qatar-vs-bosnia-herzegovina/24aiya#4667762,Bosnia and Herzegovina vs Qatar (2026-06-24T19:00:00.000Z),Bosnia and Herzegovina,Qatar,2026-06-24T19:00:00.000Z,,Seattle Stadium,Jesús Noel Valenzuela Sáez,Full time,3,1,Qatar,Bosnia and Herzegovina,away,Fathi,20,True,starting_xi,AM,2,3,2,4-3-3,6.2,6.2,0,79.0
4667762,qatar-vs-bosnia-herzegovina,https://www.fotmob.com/matches/qatar-vs-bosnia-herzegovina/24aiya#4667762,Bosnia and Herzegovina vs Qatar (2026-06-24T19:00:00.000Z),Bosnia and Herzegovina,Qatar,2026-06-24T19:00:00.000Z,,Seattle Stadium,Jesús Noel Valenzuela Sáez,Full time,3,1,Qatar,Bosnia and Herzegovina,away,Gaber,5,True,starting_xi,AM,2,3,3,4-3-3,6.2,5.5,0,46.0
4667762,qatar-vs-bosnia-herzegovina,https://www.fotmob.com/matches/qatar-vs-bosnia-herzegovina/24aiya#4667762,Bosnia and Herzegovina vs Qatar (2026-06-24T19:00:00.000Z),Bosnia and Herzegovina,Qatar,2026-06-24T19:00:00.000Z,,Seattle Stadium,Jesús Noel Valenzuela Sáez,Full time,3,1,Qatar,Bosnia and Herzegovina,away,Al Brake,18,True,starting_xi,DEF,1,4,1,4-3-3,6.2,5.7,0,
4667762,qatar-vs-bosnia-herzegovina,https://www.fotmob.com/matches/qatar-vs-bosnia-herzegovina/24aiya#4667762,Bosnia and Herzegovina vs Qatar (2026-06-24T19:00:00.000Z),Bosnia and Herzegovina,Qatar,2026-06-24T19:00:00.000Z,,Seattle Stadium,Jesús Noel Valenzuela Sáez,Full time,3,1,Qatar,Bosnia and Herzegovina,away,Laye,4,True,starting_xi,DEF,1,4,2,4-3-3,6.2,6.1,0,
4667762,qatar-vs-bosnia-herzegovina,https://www.fotmob.com/matches/qatar-vs-bosnia-herzegovina/24aiya#4667762,Bosnia and Herzegovina vs Qatar (2026-06-24T19:00:00.000Z),Bosnia and Herzegovina,Qatar,2026-06-24T19:00:00.000Z,,Seattle Stadium,Jesús Noel Valenzuela Sáez,Full time,3,1,Qatar,Bosnia and Herzegovina,away,Khoukhi,16,True,starting_xi,DEF,1,4,3,4-3-3,6.2,5.9,0,
4667762,qatar-vs-bosnia-herzegovina,https://www.fotmob.com/matches/qatar-vs-bosnia-herzegovina/24aiya#4667762,Bosnia and Herzegovina vs Qatar (2026-06-24T19:00:00.000Z),Bosnia and Herzegovina,Qatar,2026-06-24T19:00:00.000Z,,Seattle Stadium,Jesús Noel Valenzuela Sáez,Full time,3,1,Qatar,Bosnia and Herzegovina,away,Miguel,2,True,starting_xi,DEF,1,4,4,4-3-3,6.2,6.3,0,
4667762,qatar-vs-bosnia-herzegovina,https://www.fotmob.com/matches/qatar-vs-bosnia-herzegovina/24aiya#4667762,Bosnia and Herzegovina vs Qatar (2026-06-24T19:00:00.000Z),Bosnia and Herzegovina,Qatar,2026-06-24T19:00:00.000Z,,Seattle Stadium,Jesús Noel Valenzuela Sáez,Full time,3,1,Qatar,Bosnia and Herzegovina,away,Abunada,1,True,starting_xi,GK,0,1,1,4-3-3,6.2,4.4,0,
4667768,brazil-vs-scotland,https://www.fotmob.com/matches/brazil-vs-scotland/2bkifh#4667768,Scotland vs Brazil (2026-06-24T22:00:00.000Z),Scotland,Brazil,2026-06-24T22:00:00.000Z,,Miami Stadium,César Arturo Ramos Palazuelos,Full time,0,3,Scotland,Brazil,home,Gunn,1,True,starting_xi,GK,0,1,1,4-2-3-1,6.1,7.8,0,
4667768,brazil-vs-scotland,https://www.fotmob.com/matches/brazil-vs-scotland/2bkifh#4667768,Scotland vs Brazil (2026-06-24T22:00:00.000Z),Scotland,Brazil,2026-06-24T22:00:00.000Z,,Miami Stadium,César Arturo Ramos Palazuelos,Full time,0,3,Scotland,Brazil,home,Patterson,22,True,starting_xi,DEF,1,4,1,4-2-3-1,6.1,5.9,0,81.0
4667768,brazil-vs-scotland,https://www.fotmob.com/matches/brazil-vs-scotland/2bkifh#4667768,Scotland vs Brazil (2026-06-24T22:00:00.000Z),Scotland,Brazil,2026-06-24T22:00:00.000Z,,Miami Stadium,César Arturo Ramos Palazuelos,Full time,0,3,Scotland,Brazil,home,Hendry,13,True,starting_xi,DEF,1,4,2,4-2-3-1,6.1,5.8,0,
4667768,brazil-vs-scotland,https://www.fotmob.com/matches/brazil-vs-scotland/2bkifh#4667768,Scotland vs Brazil (2026-06-24T22:00:00.000Z),Scotland,Brazil,2026-06-24T22:00:00.000Z,,Miami Stadium,César Arturo Ramos Palazuelos,Full time,0,3,Scotland,Brazil,home,McKenna,26,True,starting_xi,DEF,1,4,3,4-2-3-1,6.1,4.5,0,
4667768,brazil-vs-scotland,https://www.fotmob.com/matches/brazil-vs-scotland/2bkifh#4667768,Scotland vs Brazil (2026-06-24T22:00:00.000Z),Scotland,Brazil,2026-06-24T22:00:00.000Z,,Miami Stadium,César Arturo Ramos Palazuelos,Full time,0,3,Scotland,Brazil,home,Robertson,3,True,starting_xi,DEF,1,4,4,4-2-3-1,6.1,6.1,0,46.0
4667768,brazil-vs-scotland,https://www.fotmob.com/matches/brazil-vs-scotland/2bkifh#4667768,Scotland vs Brazil (2026-06-24T22:00:00.000Z),Scotland,Brazil,2026-06-24T22:00:00.000Z,,Miami Stadium,César Arturo Ramos Palazuelos,Full time,0,3,Scotland,Brazil,home,McLean,23,True,starting_xi,AM,2,2,1,4-2-3-1,6.1,5.5,0,
4667768,brazil-vs-scotland,https://www.fotmob.com/matches/brazil-vs-scotland/2bkifh#4667768,Scotland vs Brazil (2026-06-24T22:00:00.000Z),Scotland,Brazil,2026-06-24T22:00:00.000Z,,Miami Stadium,César Arturo Ramos Palazuelos,Full time,0,3,Scotland,Brazil,home,Ferguson,19,True,starting_xi,AM,2,2,2,4-2-3-1,6.1,6.6,0,
4667768,brazil-vs-scotland,https://www.fotmob.com/matches/brazil-vs-scotland/2bkifh#4667768,Scotland vs Brazil (2026-06-24T22:00:00.000Z),Scotland,Brazil,2026-06-24T22:00:00.000Z,,Miami Stadium,César Arturo Ramos Palazuelos,Full time,0,3,Scotland,Brazil,home,Gannon-Doak,17,True,starting_xi,AM,3,3,1,4-2-3-1,6.1,5.7,0,81.0
4667768,brazil-vs-scotland,https://www.fotmob.com/matches/brazil-vs-scotland/2bkifh#4667768,Scotland vs Brazil (2026-06-24T22:00:00.000Z),Scotland,Brazil,2026-06-24T22:00:00.000Z,,Miami Stadium,César Arturo Ramos Palazuelos,Full time,0,3,Scotland,Brazil,home,McTominay,4,True,starting_xi,AM,3,3,2,4-2-3-1,6.1,6.5,0,
4667768,brazil-vs-scotland,https://www.fotmob.com/matches/brazil-vs-scotland/2bkifh#4667768,Scotland vs Brazil (2026-06-24T22:00:00.000Z),Scotland,Brazil,2026-06-24T22:00:00.000Z,,Miami Stadium,César Arturo Ramos Palazuelos,Full time,0,3,Scotland,Brazil,home,McGinn,7,True,starting_xi,AM,3,3,3,4-2-3-1,6.1,5.7,0,90.0
4667768,brazil-vs-scotland,https://www.fotmob.com/matches/brazil-vs-scotland/2bkifh#4667768,Scotland vs Brazil (2026-06-24T22:00:00.000Z),Scotland,Brazil,2026-06-24T22:00:00.000Z,,Miami Stadium,César Arturo Ramos Palazuelos,Full time,0,3,Scotland,Brazil,home,Shankland,20,True,starting_xi,FWD,4,1,1,4-2-3-1,6.1,6.4,0,90.0
4667768,brazil-vs-scotland,https://www.fotmob.com/matches/brazil-vs-scotland/2bkifh#4667768,Scotland vs Brazil (2026-06-24T22:00:00.000Z),Scotland,Brazil,2026-06-24T22:00:00.000Z,,Miami Stadium,César Arturo Ramos Palazuelos,Full time,0,3,Brazil,Scotland,away,Vinicius,7,True,starting_xi,FWD,4,3,1,4-1-2-3,7.7,9.3,0,
4667768,brazil-vs-scotland,https://www.fotmob.com/matches/brazil-vs-scotland/2bkifh#4667768,Scotland vs Brazil (2026-06-24T22:00:00.000Z),Scotland,Brazil,2026-06-24T22:00:00.000Z,,Miami Stadium,César Arturo Ramos Palazuelos,Full time,0,3,Brazil,Scotland,away,Cunha,9,True,starting_xi,FWD,4,3,2,4-1-2-3,7.7,8.5,0,76.0
4667768,brazil-vs-scotland,https://www.fotmob.com/matches/brazil-vs-scotland/2bkifh#4667768,Scotland vs Brazil (2026-06-24T22:00:00.000Z),Scotland,Brazil,2026-06-24T22:00:00.000Z,,Miami Stadium,César Arturo Ramos Palazuelos,Full time,0,3,Brazil,Scotland,away,Rayan,26,True,starting_xi,FWD,4,3,3,4-1-2-3,7.7,8.5,0,82.0
4667768,brazil-vs-scotland,https://www.fotmob.com/matches/brazil-vs-scotland/2bkifh#4667768,Scotland vs Brazil (2026-06-24T22:00:00.000Z),Scotland,Brazil,2026-06-24T22:00:00.000Z,,Miami Stadium,César Arturo Ramos Palazuelos,Full time,0,3,Brazil,Scotland,away,Paquetá,20,True,starting_xi,AM,3,2,1,4-1-2-3,7.7,7.9,0,66.0
4667768,brazil-vs-scotland,https://www.fotmob.com/matches/brazil-vs-scotland/2bkifh#4667768,Scotland vs Brazil (2026-06-24T22:00:00.000Z),Scotland,Brazil,2026-06-24T22:00:00.000Z,,Miami Stadium,César Arturo Ramos Palazuelos,Full time,0,3,Brazil,Scotland,away,Guimarães,8,True,starting_xi,AM,3,2,2,4-1-2-3,7.7,8.9,0,
4667768,brazil-vs-scotland,https://www.fotmob.com/matches/brazil-vs-scotland/2bkifh#4667768,Scotland vs Brazil (2026-06-24T22:00:00.000Z),Scotland,Brazil,2026-06-24T22:00:00.000Z,,Miami Stadium,César Arturo Ramos Palazuelos,Full time,0,3,Brazil,Scotland,away,Casemiro,5,True,starting_xi,AM,2,1,1,4-1-2-3,7.7,7.2,0,66.0
4667768,brazil-vs-scotland,https://www.fotmob.com/matches/brazil-vs-scotland/2bkifh#4667768,Scotland vs Brazil (2026-06-24T22:00:00.000Z),Scotland,Brazil,2026-06-24T22:00:00.000Z,,Miami Stadium,César Arturo Ramos Palazuelos,Full time,0,3,Brazil,Scotland,away,Santos,16,True,starting_xi,DEF,1,4,1,4-1-2-3,7.7,7.3,0,82.0
4667768,brazil-vs-scotland,https://www.fotmob.com/matches/brazil-vs-scotland/2bkifh#4667768,Scotland vs Brazil (2026-06-24T22:00:00.000Z),Scotland,Brazil,2026-06-24T22:00:00.000Z,,Miami Stadium,César Arturo Ramos Palazuelos,Full time,0,3,Brazil,Scotland,away,Gabriel,3,True,starting_xi,DEF,1,4,2,4-1-2-3,7.7,8.1,0,
4667768,brazil-vs-scotland,https://www.fotmob.com/matches/brazil-vs-scotland/2bkifh#4667768,Scotland vs Brazil (2026-06-24T22:00:00.000Z),Scotland,Brazil,2026-06-24T22:00:00.000Z,,Miami Stadium,César Arturo Ramos Palazuelos,Full time,0,3,Brazil,Scotland,away,Marquinhos,4,True,starting_xi,DEF,1,4,3,4-1-2-3,7.7,7.1,0,
4667768,brazil-vs-scotland,https://www.fotmob.com/matches/brazil-vs-scotland/2bkifh#4667768,Scotland vs Brazil (2026-06-24T22:00:00.000Z),Scotland,Brazil,2026-06-24T22:00:00.000Z,,Miami Stadium,César Arturo Ramos Palazuelos,Full time,0,3,Brazil,Scotland,away,Danilo,13,True,starting_xi,DEF,1,4,4,4-1-2-3,7.7,7.6,0,
4667768,brazil-vs-scotland,https://www.fotmob.com/matches/brazil-vs-scotland/2bkifh#4667768,Scotland vs Brazil (2026-06-24T22:00:00.000Z),Scotland,Brazil,2026-06-24T22:00:00.000Z,,Miami Stadium,César Arturo Ramos Palazuelos,Full time,0,3,Brazil,Scotland,away,Alisson,1,True,starting_xi,GK,0,1,1,4-1-2-3,7.7,8.6,0,
4667769,haiti-vs-morocco,https://www.fotmob.com/matches/haiti-vs-morocco/18aaq8#4667769,Morocco vs Haiti (2026-06-24T22:00:00.000Z),Morocco,Haiti,2026-06-24T22:00:00.000Z,,Atlanta Stadium,Danny Desmond Makkelie,Full time,4,2,Morocco,Haiti,home,Bono,1,True,starting_xi,GK,0,1,1,4-2-3-1,7.1,5.4,0,
4667769,haiti-vs-morocco,https://www.fotmob.com/matches/haiti-vs-morocco/18aaq8#4667769,Morocco vs Haiti (2026-06-24T22:00:00.000Z),Morocco,Haiti,2026-06-24T22:00:00.000Z,,Atlanta Stadium,Danny Desmond Makkelie,Full time,4,2,Morocco,Haiti,home,Hakimi,2,True,starting_xi,DEF,1,4,1,4-2-3-1,7.1,9.0,0,
4667769,haiti-vs-morocco,https://www.fotmob.com/matches/haiti-vs-morocco/18aaq8#4667769,Morocco vs Haiti (2026-06-24T22:00:00.000Z),Morocco,Haiti,2026-06-24T22:00:00.000Z,,Atlanta Stadium,Danny Desmond Makkelie,Full time,4,2,Morocco,Haiti,home,Halhal,25,True,starting_xi,DEF,1,4,2,4-2-3-1,7.1,6.9,0,
4667769,haiti-vs-morocco,https://www.fotmob.com/matches/haiti-vs-morocco/18aaq8#4667769,Morocco vs Haiti (2026-06-24T22:00:00.000Z),Morocco,Haiti,2026-06-24T22:00:00.000Z,,Atlanta Stadium,Danny Desmond Makkelie,Full time,4,2,Morocco,Haiti,home,Riad,18,True,starting_xi,DEF,1,4,3,4-2-3-1,7.1,7.6,0,
4667769,haiti-vs-morocco,https://www.fotmob.com/matches/haiti-vs-morocco/18aaq8#4667769,Morocco vs Haiti (2026-06-24T22:00:00.000Z),Morocco,Haiti,2026-06-24T22:00:00.000Z,,Atlanta Stadium,Danny Desmond Makkelie,Full time,4,2,Morocco,Haiti,home,Salah-Eddine,26,True,starting_xi,DEF,1,4,4,4-2-3-1,7.1,6.5,0,83.0
4667769,haiti-vs-morocco,https://www.fotmob.com/matches/haiti-vs-morocco/18aaq8#4667769,Morocco vs Haiti (2026-06-24T22:00:00.000Z),Morocco,Haiti,2026-06-24T22:00:00.000Z,,Atlanta Stadium,Danny Desmond Makkelie,Full time,4,2,Morocco,Haiti,home,Amrabat,4,True,starting_xi,AM,2,2,1,4-2-3-1,7.1,6.6,0,
4667769,haiti-vs-morocco,https://www.fotmob.com/matches/haiti-vs-morocco/18aaq8#4667769,Morocco vs Haiti (2026-06-24T22:00:00.000Z),Morocco,Haiti,2026-06-24T22:00:00.000Z,,Atlanta Stadium,Danny Desmond Makkelie,Full time,4,2,Morocco,Haiti,home,El Aynaoui,24,True,starting_xi,AM,2,2,2,4-2-3-1,7.1,6.6,0,83.0
4667769,haiti-vs-morocco,https://www.fotmob.com/matches/haiti-vs-morocco/18aaq8#4667769,Morocco vs Haiti (2026-06-24T22:00:00.000Z),Morocco,Haiti,2026-06-24T22:00:00.000Z,,Atlanta Stadium,Danny Desmond Makkelie,Full time,4,2,Morocco,Haiti,home,Brahim Díaz,10,True,starting_xi,AM,3,3,1,4-2-3-1,7.1,6.8,0,70.0
4667769,haiti-vs-morocco,https://www.fotmob.com/matches/haiti-vs-morocco/18aaq8#4667769,Morocco vs Haiti (2026-06-24T22:00:00.000Z),Morocco,Haiti,2026-06-24T22:00:00.000Z,,Atlanta Stadium,Danny Desmond Makkelie,Full time,4,2,Morocco,Haiti,home,Saibari,11,True,starting_xi,AM,3,3,2,4-2-3-1,7.1,8.0,0,70.0
4667769,haiti-vs-morocco,https://www.fotmob.com/matches/haiti-vs-morocco/18aaq8#4667769,Morocco vs Haiti (2026-06-24T22:00:00.000Z),Morocco,Haiti,2026-06-24T22:00:00.000Z,,Atlanta Stadium,Danny Desmond Makkelie,Full time,4,2,Morocco,Haiti,home,El Khannouss,23,True,starting_xi,AM,3,3,3,4-2-3-1,7.1,8.3,0,
4667769,haiti-vs-morocco,https://www.fotmob.com/matches/haiti-vs-morocco/18aaq8#4667769,Morocco vs Haiti (2026-06-24T22:00:00.000Z),Morocco,Haiti,2026-06-24T22:00:00.000Z,,Atlanta Stadium,Danny Desmond Makkelie,Full time,4,2,Morocco,Haiti,home,El Kaabi,20,True,starting_xi,FWD,4,1,1,4-2-3-1,7.1,6.7,0,70.0
4667769,haiti-vs-morocco,https://www.fotmob.com/matches/haiti-vs-morocco/18aaq8#4667769,Morocco vs Haiti (2026-06-24T22:00:00.000Z),Morocco,Haiti,2026-06-24T22:00:00.000Z,,Atlanta Stadium,Danny Desmond Makkelie,Full time,4,2,Haiti,Morocco,away,Joseph,16,True,starting_xi,FWD,4,1,1,4-4-1-1,6.2,5.7,0,83.0
4667769,haiti-vs-morocco,https://www.fotmob.com/matches/haiti-vs-morocco/18aaq8#4667769,Morocco vs Haiti (2026-06-24T22:00:00.000Z),Morocco,Haiti,2026-06-24T22:00:00.000Z,,Atlanta Stadium,Danny Desmond Makkelie,Full time,4,2,Haiti,Morocco,away,Isidor,18,True,starting_xi,AM,3,1,1,4-4-1-1,6.2,7.4,0,67.0
4667769,haiti-vs-morocco,https://www.fotmob.com/matches/haiti-vs-morocco/18aaq8#4667769,Morocco vs Haiti (2026-06-24T22:00:00.000Z),Morocco,Haiti,2026-06-24T22:00:00.000Z,,Atlanta Stadium,Danny Desmond Makkelie,Full time,4,2,Haiti,Morocco,away,Providence,15,True,starting_xi,AM,2,4,1,4-4-1-1,6.2,6.6,0,67.0
4667769,haiti-vs-morocco,https://www.fotmob.com/matches/haiti-vs-morocco/18aaq8#4667769,Morocco vs Haiti (2026-06-24T22:00:00.000Z),Morocco,Haiti,2026-06-24T22:00:00.000Z,,Atlanta Stadium,Danny Desmond Makkelie,Full time,4,2,Haiti,Morocco,away,Bellegarde,10,True,starting_xi,AM,2,4,2,4-4-1-1,6.2,6.1,0,
4667769,haiti-vs-morocco,https://www.fotmob.com/matches/haiti-vs-morocco/18aaq8#4667769,Morocco vs Haiti (2026-06-24T22:00:00.000Z),Morocco,Haiti,2026-06-24T22:00:00.000Z,,Atlanta Stadium,Danny Desmond Makkelie,Full time,4,2,Haiti,Morocco,away,Jacques,17,True,starting_xi,AM,2,4,3,4-4-1-1,6.2,6.8,0,80.0
4667769,haiti-vs-morocco,https://www.fotmob.com/matches/haiti-vs-morocco/18aaq8#4667769,Morocco vs Haiti (2026-06-24T22:00:00.000Z),Morocco,Haiti,2026-06-24T22:00:00.000Z,,Atlanta Stadium,Danny Desmond Makkelie,Full time,4,2,Haiti,Morocco,away,Casimir,21,True,starting_xi,AM,2,4,4,4-4-1-1,6.2,6.3,0,
4667769,haiti-vs-morocco,https://www.fotmob.com/matches/haiti-vs-morocco/18aaq8#4667769,Morocco vs Haiti (2026-06-24T22:00:00.000Z),Morocco,Haiti,2026-06-24T22:00:00.000Z,,Atlanta Stadium,Danny Desmond Makkelie,Full time,4,2,Haiti,Morocco,away,Expérience,8,True,starting_xi,DEF,1,4,1,4-4-1-1,6.2,5.0,0,
4667769,haiti-vs-morocco,https://www.fotmob.com/matches/haiti-vs-morocco/18aaq8#4667769,Morocco vs Haiti (2026-06-24T22:00:00.000Z),Morocco,Haiti,2026-06-24T22:00:00.000Z,,Atlanta Stadium,Danny Desmond Makkelie,Full time,4,2,Haiti,Morocco,away,Delcroix,5,True,starting_xi,DEF,1,4,2,4-4-1-1,6.2,5.7,0,
4667769,haiti-vs-morocco,https://www.fotmob.com/matches/haiti-vs-morocco/18aaq8#4667769,Morocco vs Haiti (2026-06-24T22:00:00.000Z),Morocco,Haiti,2026-06-24T22:00:00.000Z,,Atlanta Stadium,Danny Desmond Makkelie,Full time,4,2,Haiti,Morocco,away,Adé,4,True,starting_xi,DEF,1,4,3,4-4-1-1,6.2,5.7,0,
4667769,haiti-vs-morocco,https://www.fotmob.com/matches/haiti-vs-morocco/18aaq8#4667769,Morocco vs Haiti (2026-06-24T22:00:00.000Z),Morocco,Haiti,2026-06-24T22:00:00.000Z,,Atlanta Stadium,Danny Desmond Makkelie,Full time,4,2,Haiti,Morocco,away,Duverne,22,True,starting_xi,DEF,1,4,4,4-4-1-1,6.2,6.9,0,80.0
4667769,haiti-vs-morocco,https://www.fotmob.com/matches/haiti-vs-morocco/18aaq8#4667769,Morocco vs Haiti (2026-06-24T22:00:00.000Z),Morocco,Haiti,2026-06-24T22:00:00.000Z,,Atlanta Stadium,Danny Desmond Makkelie,Full time,4,2,Haiti,Morocco,away,Placide,1,True,starting_xi,GK,0,1,1,4-4-1-1,6.2,6.2,0,
4667775,turkiye-vs-usa,https://www.fotmob.com/matches/turkiye-vs-usa/1gq91b#4667775,Turkiye vs USA (2026-06-26T02:00:00.000Z),Turkiye,USA,2026-06-26T02:00:00.000Z,,Los Angeles Stadium,Mustapha Ghorbal,Full time,3,2,Turkiye,USA,home,Çakir,23,True,starting_xi,GK,0,1,1,3-4-2-1,7.5,7.4,0,
4667775,turkiye-vs-usa,https://www.fotmob.com/matches/turkiye-vs-usa/1gq91b#4667775,Turkiye vs USA (2026-06-26T02:00:00.000Z),Turkiye,USA,2026-06-26T02:00:00.000Z,,Los Angeles Stadium,Mustapha Ghorbal,Full time,3,2,Turkiye,USA,home,Çelik,2,True,starting_xi,DEF,1,3,1,3-4-2-1,7.5,7.6,0,84.0
4667775,turkiye-vs-usa,https://www.fotmob.com/matches/turkiye-vs-usa/1gq91b#4667775,Turkiye vs USA (2026-06-26T02:00:00.000Z),Turkiye,USA,2026-06-26T02:00:00.000Z,,Los Angeles Stadium,Mustapha Ghorbal,Full time,3,2,Turkiye,USA,home,Kabak,15,True,starting_xi,DEF,1,3,2,3-4-2-1,7.5,7.0,0,
4667775,turkiye-vs-usa,https://www.fotmob.com/matches/turkiye-vs-usa/1gq91b#4667775,Turkiye vs USA (2026-06-26T02:00:00.000Z),Turkiye,USA,2026-06-26T02:00:00.000Z,,Los Angeles Stadium,Mustapha Ghorbal,Full time,3,2,Turkiye,USA,home,Bardakci,14,True,starting_xi,DEF,1,3,3,3-4-2-1,7.5,7.1,0,
4667775,turkiye-vs-usa,https://www.fotmob.com/matches/turkiye-vs-usa/1gq91b#4667775,Turkiye vs USA (2026-06-26T02:00:00.000Z),Turkiye,USA,2026-06-26T02:00:00.000Z,,Los Angeles Stadium,Mustapha Ghorbal,Full time,3,2,Turkiye,USA,home,Aydin,24,True,starting_xi,AM,2,4,1,3-4-2-1,7.5,7.9,0,90.0
4667775,turkiye-vs-usa,https://www.fotmob.com/matches/turkiye-vs-usa/1gq91b#4667775,Turkiye vs USA (2026-06-26T02:00:00.000Z),Turkiye,USA,2026-06-26T02:00:00.000Z,,Los Angeles Stadium,Mustapha Ghorbal,Full time,3,2,Turkiye,USA,home,Özcan,5,True,starting_xi,AM,2,4,2,3-4-2-1,7.5,7.6,0,
4667775,turkiye-vs-usa,https://www.fotmob.com/matches/turkiye-vs-usa/1gq91b#4667775,Turkiye vs USA (2026-06-26T02:00:00.000Z),Turkiye,USA,2026-06-26T02:00:00.000Z,,Los Angeles Stadium,Mustapha Ghorbal,Full time,3,2,Turkiye,USA,home,Kökcü,6,True,starting_xi,AM,2,4,3,3-4-2-1,7.5,7.6,0,88.0
4667775,turkiye-vs-usa,https://www.fotmob.com/matches/turkiye-vs-usa/1gq91b#4667775,Turkiye vs USA (2026-06-26T02:00:00.000Z),Turkiye,USA,2026-06-26T02:00:00.000Z,,Los Angeles Stadium,Mustapha Ghorbal,Full time,3,2,Turkiye,USA,home,Elmali,13,True,starting_xi,AM,2,4,4,3-4-2-1,7.5,7.7,0,
4667775,turkiye-vs-usa,https://www.fotmob.com/matches/turkiye-vs-usa/1gq91b#4667775,Turkiye vs USA (2026-06-26T02:00:00.000Z),Turkiye,USA,2026-06-26T02:00:00.000Z,,Los Angeles Stadium,Mustapha Ghorbal,Full time,3,2,Turkiye,USA,home,Güler,8,True,starting_xi,AM,3,2,1,3-4-2-1,7.5,8.4,0,
4667775,turkiye-vs-usa,https://www.fotmob.com/matches/turkiye-vs-usa/1gq91b#4667775,Turkiye vs USA (2026-06-26T02:00:00.000Z),Turkiye,USA,2026-06-26T02:00:00.000Z,,Los Angeles Stadium,Mustapha Ghorbal,Full time,3,2,Turkiye,USA,home,Yildiz,11,True,starting_xi,AM,3,2,2,3-4-2-1,7.5,6.4,0,84.0
4667775,turkiye-vs-usa,https://www.fotmob.com/matches/turkiye-vs-usa/1gq91b#4667775,Turkiye vs USA (2026-06-26T02:00:00.000Z),Turkiye,USA,2026-06-26T02:00:00.000Z,,Los Angeles Stadium,Mustapha Ghorbal,Full time,3,2,Turkiye,USA,home,Yilmaz,21,True,starting_xi,FWD,4,1,1,3-4-2-1,7.5,8.3,0,90.0
4667775,turkiye-vs-usa,https://www.fotmob.com/matches/turkiye-vs-usa/1gq91b#4667775,Turkiye vs USA (2026-06-26T02:00:00.000Z),Turkiye,USA,2026-06-26T02:00:00.000Z,,Los Angeles Stadium,Mustapha Ghorbal,Full time,3,2,USA,Turkiye,away,Weah,21,True,starting_xi,FWD,3,3,1,4-3-3,6.4,5.5,0,58.0
4667775,turkiye-vs-usa,https://www.fotmob.com/matches/turkiye-vs-usa/1gq91b#4667775,Turkiye vs USA (2026-06-26T02:00:00.000Z),Turkiye,USA,2026-06-26T02:00:00.000Z,,Los Angeles Stadium,Mustapha Ghorbal,Full time,3,2,USA,Turkiye,away,Pepi,9,True,starting_xi,FWD,3,3,2,4-3-3,6.4,6.1,0,
4667775,turkiye-vs-usa,https://www.fotmob.com/matches/turkiye-vs-usa/1gq91b#4667775,Turkiye vs USA (2026-06-26T02:00:00.000Z),Turkiye,USA,2026-06-26T02:00:00.000Z,,Los Angeles Stadium,Mustapha Ghorbal,Full time,3,2,USA,Turkiye,away,Aaronson,11,True,starting_xi,FWD,3,3,3,4-3-3,6.4,6.1,0,76.0
4667775,turkiye-vs-usa,https://www.fotmob.com/matches/turkiye-vs-usa/1gq91b#4667775,Turkiye vs USA (2026-06-26T02:00:00.000Z),Turkiye,USA,2026-06-26T02:00:00.000Z,,Los Angeles Stadium,Mustapha Ghorbal,Full time,3,2,USA,Turkiye,away,Reyna,7,True,starting_xi,AM,2,3,1,4-3-3,6.4,6.0,0,76.0
4667775,turkiye-vs-usa,https://www.fotmob.com/matches/turkiye-vs-usa/1gq91b#4667775,Turkiye vs USA (2026-06-26T02:00:00.000Z),Turkiye,USA,2026-06-26T02:00:00.000Z,,Los Angeles Stadium,Mustapha Ghorbal,Full time,3,2,USA,Turkiye,away,Berhalter,14,True,starting_xi,AM,2,3,2,4-3-3,6.4,8.9,0,
4667775,turkiye-vs-usa,https://www.fotmob.com/matches/turkiye-vs-usa/1gq91b#4667775,Turkiye vs USA (2026-06-26T02:00:00.000Z),Turkiye,USA,2026-06-26T02:00:00.000Z,,Los Angeles Stadium,Mustapha Ghorbal,Full time,3,2,USA,Turkiye,away,McKennie,8,True,starting_xi,AM,2,3,3,4-3-3,6.4,7.2,0,86.0
4667775,turkiye-vs-usa,https://www.fotmob.com/matches/turkiye-vs-usa/1gq91b#4667775,Turkiye vs USA (2026-06-26T02:00:00.000Z),Turkiye,USA,2026-06-26T02:00:00.000Z,,Los Angeles Stadium,Mustapha Ghorbal,Full time,3,2,USA,Turkiye,away,Trusty,6,True,starting_xi,DEF,1,4,1,4-3-3,6.4,7.4,0,
4667775,turkiye-vs-usa,https://www.fotmob.com/matches/turkiye-vs-usa/1gq91b#4667775,Turkiye vs USA (2026-06-26T02:00:00.000Z),Turkiye,USA,2026-06-26T02:00:00.000Z,,Los Angeles Stadium,Mustapha Ghorbal,Full time,3,2,USA,Turkiye,away,McKenzie,22,True,starting_xi,DEF,1,4,2,4-3-3,6.4,5.7,0,
4667775,turkiye-vs-usa,https://www.fotmob.com/matches/turkiye-vs-usa/1gq91b#4667775,Turkiye vs USA (2026-06-26T02:00:00.000Z),Turkiye,USA,2026-06-26T02:00:00.000Z,,Los Angeles Stadium,Mustapha Ghorbal,Full time,3,2,USA,Turkiye,away,Robinson,12,True,starting_xi,DEF,1,4,3,4-3-3,6.4,6.2,0,
4667775,turkiye-vs-usa,https://www.fotmob.com/matches/turkiye-vs-usa/1gq91b#4667775,Turkiye vs USA (2026-06-26T02:00:00.000Z),Turkiye,USA,2026-06-26T02:00:00.000Z,,Los Angeles Stadium,Mustapha Ghorbal,Full time,3,2,USA,Turkiye,away,Scally,23,True,starting_xi,DEF,1,4,4,4-3-3,6.4,6.2,0,76.0
4667775,turkiye-vs-usa,https://www.fotmob.com/matches/turkiye-vs-usa/1gq91b#4667775,Turkiye vs USA (2026-06-26T02:00:00.000Z),Turkiye,USA,2026-06-26T02:00:00.000Z,,Los Angeles Stadium,Mustapha Ghorbal,Full time,3,2,USA,Turkiye,away,Turner,1,True,starting_xi,GK,0,1,1,4-3-3,6.4,5.8,0,
4667776,australia-vs-paraguay,https://www.fotmob.com/matches/australia-vs-paraguay/1hs39g#4667776,Paraguay vs Australia (2026-06-26T02:00:00.000Z),Paraguay,Australia,2026-06-26T02:00:00.000Z,,San Francisco Bay Area Stadium,Clément Turpin,Full time,0,0,Paraguay,Australia,home,Gill,12,True,starting_xi,GK,0,1,1,5-3-2,6.9,8.0,0,
4667776,australia-vs-paraguay,https://www.fotmob.com/matches/australia-vs-paraguay/1hs39g#4667776,Paraguay vs Australia (2026-06-26T02:00:00.000Z),Paraguay,Australia,2026-06-26T02:00:00.000Z,,San Francisco Bay Area Stadium,Clément Turpin,Full time,0,0,Paraguay,Australia,home,Velázquez,2,True,starting_xi,DEF,1,5,1,5-3-2,6.9,7.0,0,
4667776,australia-vs-paraguay,https://www.fotmob.com/matches/australia-vs-paraguay/1hs39g#4667776,Paraguay vs Australia (2026-06-26T02:00:00.000Z),Paraguay,Australia,2026-06-26T02:00:00.000Z,,San Francisco Bay Area Stadium,Clément Turpin,Full time,0,0,Paraguay,Australia,home,Gómez,15,True,starting_xi,DEF,1,5,2,5-3-2,6.9,7.1,0,
4667776,australia-vs-paraguay,https://www.fotmob.com/matches/australia-vs-paraguay/1hs39g#4667776,Paraguay vs Australia (2026-06-26T02:00:00.000Z),Paraguay,Australia,2026-06-26T02:00:00.000Z,,San Francisco Bay Area Stadium,Clément Turpin,Full time,0,0,Paraguay,Australia,home,Alderete,3,True,starting_xi,DEF,1,5,3,5-3-2,6.9,7.2,0,84.0
4667776,australia-vs-paraguay,https://www.fotmob.com/matches/australia-vs-paraguay/1hs39g#4667776,Paraguay vs Australia (2026-06-26T02:00:00.000Z),Paraguay,Australia,2026-06-26T02:00:00.000Z,,San Francisco Bay Area Stadium,Clément Turpin,Full time,0,0,Paraguay,Australia,home,Cáceres,4,True,starting_xi,DEF,1,5,4,5-3-2,6.9,6.7,0,
4667776,australia-vs-paraguay,https://www.fotmob.com/matches/australia-vs-paraguay/1hs39g#4667776,Paraguay vs Australia (2026-06-26T02:00:00.000Z),Paraguay,Australia,2026-06-26T02:00:00.000Z,,San Francisco Bay Area Stadium,Clément Turpin,Full time,0,0,Paraguay,Australia,home,Maidana,26,True,starting_xi,DEF,1,5,5,5-3-2,6.9,6.5,0,46.0
4667776,australia-vs-paraguay,https://www.fotmob.com/matches/australia-vs-paraguay/1hs39g#4667776,Paraguay vs Australia (2026-06-26T02:00:00.000Z),Paraguay,Australia,2026-06-26T02:00:00.000Z,,San Francisco Bay Area Stadium,Clément Turpin,Full time,0,0,Paraguay,Australia,home,Gómez,8,True,starting_xi,AM,2,3,1,5-3-2,6.9,6.9,0,90.0
4667776,australia-vs-paraguay,https://www.fotmob.com/matches/australia-vs-paraguay/1hs39g#4667776,Paraguay vs Australia (2026-06-26T02:00:00.000Z),Paraguay,Australia,2026-06-26T02:00:00.000Z,,San Francisco Bay Area Stadium,Clément Turpin,Full time,0,0,Paraguay,Australia,home,Cubas,14,True,starting_xi,AM,2,3,2,5-3-2,6.9,7.7,0,
4667776,australia-vs-paraguay,https://www.fotmob.com/matches/australia-vs-paraguay/1hs39g#4667776,Paraguay vs Australia (2026-06-26T02:00:00.000Z),Paraguay,Australia,2026-06-26T02:00:00.000Z,,San Francisco Bay Area Stadium,Clément Turpin,Full time,0,0,Paraguay,Australia,home,Galarza,23,True,starting_xi,AM,2,3,3,5-3-2,6.9,8.0,0,90.0
4667776,australia-vs-paraguay,https://www.fotmob.com/matches/australia-vs-paraguay/1hs39g#4667776,Paraguay vs Australia (2026-06-26T02:00:00.000Z),Paraguay,Australia,2026-06-26T02:00:00.000Z,,San Francisco Bay Area Stadium,Clément Turpin,Full time,0,0,Paraguay,Australia,home,Ávalos,21,True,starting_xi,FWD,3,2,1,5-3-2,6.9,6.2,0,67.0
4667776,australia-vs-paraguay,https://www.fotmob.com/matches/australia-vs-paraguay/1hs39g#4667776,Paraguay vs Australia (2026-06-26T02:00:00.000Z),Paraguay,Australia,2026-06-26T02:00:00.000Z,,San Francisco Bay Area Stadium,Clément Turpin,Full time,0,0,Paraguay,Australia,home,Enciso,19,True,starting_xi,FWD,3,2,2,5-3-2,6.9,5.4,0,
4667776,australia-vs-paraguay,https://www.fotmob.com/matches/australia-vs-paraguay/1hs39g#4667776,Paraguay vs Australia (2026-06-26T02:00:00.000Z),Paraguay,Australia,2026-06-26T02:00:00.000Z,,San Francisco Bay Area Stadium,Clément Turpin,Full time,0,0,Australia,Paraguay,away,Irankunda,17,True,starting_xi,FWD,4,1,1,3-4-2-1,7.0,6.3,0,84.0
4667776,australia-vs-paraguay,https://www.fotmob.com/matches/australia-vs-paraguay/1hs39g#4667776,Paraguay vs Australia (2026-06-26T02:00:00.000Z),Paraguay,Australia,2026-06-26T02:00:00.000Z,,San Francisco Bay Area Stadium,Clément Turpin,Full time,0,0,Australia,Paraguay,away,Metcalfe,8,True,starting_xi,AM,3,2,1,3-4-2-1,7.0,6.8,0,
4667776,australia-vs-paraguay,https://www.fotmob.com/matches/australia-vs-paraguay/1hs39g#4667776,Paraguay vs Australia (2026-06-26T02:00:00.000Z),Paraguay,Australia,2026-06-26T02:00:00.000Z,,San Francisco Bay Area Stadium,Clément Turpin,Full time,0,0,Australia,Paraguay,away,Volpato,20,True,starting_xi,AM,3,2,2,3-4-2-1,7.0,6.1,0,58.0
4667776,australia-vs-paraguay,https://www.fotmob.com/matches/australia-vs-paraguay/1hs39g#4667776,Paraguay vs Australia (2026-06-26T02:00:00.000Z),Paraguay,Australia,2026-06-26T02:00:00.000Z,,San Francisco Bay Area Stadium,Clément Turpin,Full time,0,0,Australia,Paraguay,away,Behich,16,True,starting_xi,AM,2,4,1,3-4-2-1,7.0,6.9,0,
4667776,australia-vs-paraguay,https://www.fotmob.com/matches/australia-vs-paraguay/1hs39g#4667776,Paraguay vs Australia (2026-06-26T02:00:00.000Z),Paraguay,Australia,2026-06-26T02:00:00.000Z,,San Francisco Bay Area Stadium,Clément Turpin,Full time,0,0,Australia,Paraguay,away,O'Neill,13,True,starting_xi,AM,2,4,2,3-4-2-1,7.0,7.4,0,
4667776,australia-vs-paraguay,https://www.fotmob.com/matches/australia-vs-paraguay/1hs39g#4667776,Paraguay vs Australia (2026-06-26T02:00:00.000Z),Paraguay,Australia,2026-06-26T02:00:00.000Z,,San Francisco Bay Area Stadium,Clément Turpin,Full time,0,0,Australia,Paraguay,away,Irvine,22,True,starting_xi,AM,2,4,3,3-4-2-1,7.0,6.7,0,84.0
4667776,australia-vs-paraguay,https://www.fotmob.com/matches/australia-vs-paraguay/1hs39g#4667776,Paraguay vs Australia (2026-06-26T02:00:00.000Z),Paraguay,Australia,2026-06-26T02:00:00.000Z,,San Francisco Bay Area Stadium,Clément Turpin,Full time,0,0,Australia,Paraguay,away,Bos,5,True,starting_xi,AM,2,4,4,3-4-2-1,7.0,7.7,0,
4667776,australia-vs-paraguay,https://www.fotmob.com/matches/australia-vs-paraguay/1hs39g#4667776,Paraguay vs Australia (2026-06-26T02:00:00.000Z),Paraguay,Australia,2026-06-26T02:00:00.000Z,,San Francisco Bay Area Stadium,Clément Turpin,Full time,0,0,Australia,Paraguay,away,Herrington,25,True,starting_xi,DEF,1,3,1,3-4-2-1,7.0,7.1,0,
4667776,australia-vs-paraguay,https://www.fotmob.com/matches/australia-vs-paraguay/1hs39g#4667776,Paraguay vs Australia (2026-06-26T02:00:00.000Z),Paraguay,Australia,2026-06-26T02:00:00.000Z,,San Francisco Bay Area Stadium,Clément Turpin,Full time,0,0,Australia,Paraguay,away,Souttar,19,True,starting_xi,DEF,1,3,2,3-4-2-1,7.0,7.1,0,
4667776,australia-vs-paraguay,https://www.fotmob.com/matches/australia-vs-paraguay/1hs39g#4667776,Paraguay vs Australia (2026-06-26T02:00:00.000Z),Paraguay,Australia,2026-06-26T02:00:00.000Z,,San Francisco Bay Area Stadium,Clément Turpin,Full time,0,0,Australia,Paraguay,away,Circati,3,True,starting_xi,DEF,1,3,3,3-4-2-1,7.0,7.5,0,
4667776,australia-vs-paraguay,https://www.fotmob.com/matches/australia-vs-paraguay/1hs39g#4667776,Paraguay vs Australia (2026-06-26T02:00:00.000Z),Paraguay,Australia,2026-06-26T02:00:00.000Z,,San Francisco Bay Area Stadium,Clément Turpin,Full time,0,0,Australia,Paraguay,away,Beach,18,True,starting_xi,GK,0,1,1,3-4-2-1,7.0,7.9,0,
4667781,ecuador-vs-germany,https://www.fotmob.com/matches/ecuador-vs-germany/1xhhol#4667781,Ecuador vs Germany (2026-06-25T20:00:00.000Z),Ecuador,Germany,2026-06-25T20:00:00.000Z,,New York New Jersey Stadium,Mary Victoria Penso,Full time,2,1,Ecuador,Germany,home,Galindez,1,True,starting_xi,GK,0,1,1,4-4-2,7.2,6.9,0,
4667781,ecuador-vs-germany,https://www.fotmob.com/matches/ecuador-vs-germany/1xhhol#4667781,Ecuador vs Germany (2026-06-25T20:00:00.000Z),Ecuador,Germany,2026-06-25T20:00:00.000Z,,New York New Jersey Stadium,Mary Victoria Penso,Full time,2,1,Ecuador,Germany,home,Franco,21,True,starting_xi,DEF,1,4,1,4-4-2,7.2,6.9,0,64.0
4667781,ecuador-vs-germany,https://www.fotmob.com/matches/ecuador-vs-germany/1xhhol#4667781,Ecuador vs Germany (2026-06-25T20:00:00.000Z),Ecuador,Germany,2026-06-25T20:00:00.000Z,,New York New Jersey Stadium,Mary Victoria Penso,Full time,2,1,Ecuador,Germany,home,Ordóñez,4,True,starting_xi,DEF,1,4,2,4-4-2,7.2,7.5,0,
4667781,ecuador-vs-germany,https://www.fotmob.com/matches/ecuador-vs-germany/1xhhol#4667781,Ecuador vs Germany (2026-06-25T20:00:00.000Z),Ecuador,Germany,2026-06-25T20:00:00.000Z,,New York New Jersey Stadium,Mary Victoria Penso,Full time,2,1,Ecuador,Germany,home,Pacho,6,True,starting_xi,DEF,1,4,3,4-4-2,7.2,7.2,0,
4667781,ecuador-vs-germany,https://www.fotmob.com/matches/ecuador-vs-germany/1xhhol#4667781,Ecuador vs Germany (2026-06-25T20:00:00.000Z),Ecuador,Germany,2026-06-25T20:00:00.000Z,,New York New Jersey Stadium,Mary Victoria Penso,Full time,2,1,Ecuador,Germany,home,Hincapié,3,True,starting_xi,DEF,1,4,4,4-4-2,7.2,6.4,0,71.0
4667781,ecuador-vs-germany,https://www.fotmob.com/matches/ecuador-vs-germany/1xhhol#4667781,Ecuador vs Germany (2026-06-25T20:00:00.000Z),Ecuador,Germany,2026-06-25T20:00:00.000Z,,New York New Jersey Stadium,Mary Victoria Penso,Full time,2,1,Ecuador,Germany,home,Yeboah,9,True,starting_xi,AM,2,4,1,4-4-2,7.2,7.5,0,85.0
4667781,ecuador-vs-germany,https://www.fotmob.com/matches/ecuador-vs-germany/1xhhol#4667781,Ecuador vs Germany (2026-06-25T20:00:00.000Z),Ecuador,Germany,2026-06-25T20:00:00.000Z,,New York New Jersey Stadium,Mary Victoria Penso,Full time,2,1,Ecuador,Germany,home,Caicedo,23,True,starting_xi,AM,2,4,2,4-4-2,7.2,7.5,0,
4667781,ecuador-vs-germany,https://www.fotmob.com/matches/ecuador-vs-germany/1xhhol#4667781,Ecuador vs Germany (2026-06-25T20:00:00.000Z),Ecuador,Germany,2026-06-25T20:00:00.000Z,,New York New Jersey Stadium,Mary Victoria Penso,Full time,2,1,Ecuador,Germany,home,Vite,15,True,starting_xi,AM,2,4,3,4-4-2,7.2,8.7,0,
4667781,ecuador-vs-germany,https://www.fotmob.com/matches/ecuador-vs-germany/1xhhol#4667781,Ecuador vs Germany (2026-06-25T20:00:00.000Z),Ecuador,Germany,2026-06-25T20:00:00.000Z,,New York New Jersey Stadium,Mary Victoria Penso,Full time,2,1,Ecuador,Germany,home,Angulo,20,True,starting_xi,AM,2,4,4,4-4-2,7.2,8.4,0,85.0
4667781,ecuador-vs-germany,https://www.fotmob.com/matches/ecuador-vs-germany/1xhhol#4667781,Ecuador vs Germany (2026-06-25T20:00:00.000Z),Ecuador,Germany,2026-06-25T20:00:00.000Z,,New York New Jersey Stadium,Mary Victoria Penso,Full time,2,1,Ecuador,Germany,home,Plata,19,True,starting_xi,FWD,3,2,1,4-4-2,7.2,7.6,0,
4667781,ecuador-vs-germany,https://www.fotmob.com/matches/ecuador-vs-germany/1xhhol#4667781,Ecuador vs Germany (2026-06-25T20:00:00.000Z),Ecuador,Germany,2026-06-25T20:00:00.000Z,,New York New Jersey Stadium,Mary Victoria Penso,Full time,2,1,Ecuador,Germany,home,Valencia,13,True,starting_xi,FWD,3,2,2,4-4-2,7.2,6.5,0,64.0
4667781,ecuador-vs-germany,https://www.fotmob.com/matches/ecuador-vs-germany/1xhhol#4667781,Ecuador vs Germany (2026-06-25T20:00:00.000Z),Ecuador,Germany,2026-06-25T20:00:00.000Z,,New York New Jersey Stadium,Mary Victoria Penso,Full time,2,1,Germany,Ecuador,away,Havertz,7,True,starting_xi,FWD,4,1,1,4-2-3-1,6.4,6.8,0,60.0
4667781,ecuador-vs-germany,https://www.fotmob.com/matches/ecuador-vs-germany/1xhhol#4667781,Ecuador vs Germany (2026-06-25T20:00:00.000Z),Ecuador,Germany,2026-06-25T20:00:00.000Z,,New York New Jersey Stadium,Mary Victoria Penso,Full time,2,1,Germany,Ecuador,away,Wirtz,17,True,starting_xi,AM,3,3,1,4-2-3-1,6.4,7.8,0,73.0
4667781,ecuador-vs-germany,https://www.fotmob.com/matches/ecuador-vs-germany/1xhhol#4667781,Ecuador vs Germany (2026-06-25T20:00:00.000Z),Ecuador,Germany,2026-06-25T20:00:00.000Z,,New York New Jersey Stadium,Mary Victoria Penso,Full time,2,1,Germany,Ecuador,away,Musiala,10,True,starting_xi,AM,3,3,2,4-2-3-1,6.4,6.4,0,
4667781,ecuador-vs-germany,https://www.fotmob.com/matches/ecuador-vs-germany/1xhhol#4667781,Ecuador vs Germany (2026-06-25T20:00:00.000Z),Ecuador,Germany,2026-06-25T20:00:00.000Z,,New York New Jersey Stadium,Mary Victoria Penso,Full time,2,1,Germany,Ecuador,away,Sané,19,True,starting_xi,AM,3,3,3,4-2-3-1,6.4,7.5,0,
4667781,ecuador-vs-germany,https://www.fotmob.com/matches/ecuador-vs-germany/1xhhol#4667781,Ecuador vs Germany (2026-06-25T20:00:00.000Z),Ecuador,Germany,2026-06-25T20:00:00.000Z,,New York New Jersey Stadium,Mary Victoria Penso,Full time,2,1,Germany,Ecuador,away,Pavlovic,5,True,starting_xi,AM,2,2,1,4-2-3-1,6.4,5.9,0,46.0
4667781,ecuador-vs-germany,https://www.fotmob.com/matches/ecuador-vs-germany/1xhhol#4667781,Ecuador vs Germany (2026-06-25T20:00:00.000Z),Ecuador,Germany,2026-06-25T20:00:00.000Z,,New York New Jersey Stadium,Mary Victoria Penso,Full time,2,1,Germany,Ecuador,away,Nmecha,23,True,starting_xi,AM,2,2,2,4-2-3-1,6.4,4.8,0,64.0
4667781,ecuador-vs-germany,https://www.fotmob.com/matches/ecuador-vs-germany/1xhhol#4667781,Ecuador vs Germany (2026-06-25T20:00:00.000Z),Ecuador,Germany,2026-06-25T20:00:00.000Z,,New York New Jersey Stadium,Mary Victoria Penso,Full time,2,1,Germany,Ecuador,away,Raum,22,True,starting_xi,DEF,1,4,1,4-2-3-1,6.4,6.7,0,
4667781,ecuador-vs-germany,https://www.fotmob.com/matches/ecuador-vs-germany/1xhhol#4667781,Ecuador vs Germany (2026-06-25T20:00:00.000Z),Ecuador,Germany,2026-06-25T20:00:00.000Z,,New York New Jersey Stadium,Mary Victoria Penso,Full time,2,1,Germany,Ecuador,away,Rüdiger,2,True,starting_xi,DEF,1,4,2,4-2-3-1,6.4,6.3,0,
4667781,ecuador-vs-germany,https://www.fotmob.com/matches/ecuador-vs-germany/1xhhol#4667781,Ecuador vs Germany (2026-06-25T20:00:00.000Z),Ecuador,Germany,2026-06-25T20:00:00.000Z,,New York New Jersey Stadium,Mary Victoria Penso,Full time,2,1,Germany,Ecuador,away,Tah,4,True,starting_xi,DEF,1,4,3,4-2-3-1,6.4,6.2,0,
4667781,ecuador-vs-germany,https://www.fotmob.com/matches/ecuador-vs-germany/1xhhol#4667781,Ecuador vs Germany (2026-06-25T20:00:00.000Z),Ecuador,Germany,2026-06-25T20:00:00.000Z,,New York New Jersey Stadium,Mary Victoria Penso,Full time,2,1,Germany,Ecuador,away,Kimmich,6,True,starting_xi,DEF,1,4,4,4-2-3-1,6.4,6.7,0,60.0
4667781,ecuador-vs-germany,https://www.fotmob.com/matches/ecuador-vs-germany/1xhhol#4667781,Ecuador vs Germany (2026-06-25T20:00:00.000Z),Ecuador,Germany,2026-06-25T20:00:00.000Z,,New York New Jersey Stadium,Mary Victoria Penso,Full time,2,1,Germany,Ecuador,away,Neuer,1,True,starting_xi,GK,0,1,1,4-2-3-1,6.4,5.8,0,
4667782,ivory-coast-vs-curacao,https://www.fotmob.com/matches/ivory-coast-vs-curacao/jy3w4js#4667782,Curacao vs Ivory Coast (2026-06-25T20:00:00.000Z),Curacao,Ivory Coast,2026-06-25T20:00:00.000Z,,Philadelphia Stadium,Glenn Nyberg,Full time,0,2,Curacao,Ivory Coast,home,Room,1,True,starting_xi,GK,0,1,1,5-4-1,6.3,5.9,0,
4667782,ivory-coast-vs-curacao,https://www.fotmob.com/matches/ivory-coast-vs-curacao/jy3w4js#4667782,Curacao vs Ivory Coast (2026-06-25T20:00:00.000Z),Curacao,Ivory Coast,2026-06-25T20:00:00.000Z,,Philadelphia Stadium,Glenn Nyberg,Full time,0,2,Curacao,Ivory Coast,home,Gaari,3,True,starting_xi,DEF,1,5,1,5-4-1,6.3,5.5,0,77.0
4667782,ivory-coast-vs-curacao,https://www.fotmob.com/matches/ivory-coast-vs-curacao/jy3w4js#4667782,Curacao vs Ivory Coast (2026-06-25T20:00:00.000Z),Curacao,Ivory Coast,2026-06-25T20:00:00.000Z,,Philadelphia Stadium,Glenn Nyberg,Full time,0,2,Curacao,Ivory Coast,home,Obispo,18,True,starting_xi,DEF,1,5,2,5-4-1,6.3,6.1,0,
4667782,ivory-coast-vs-curacao,https://www.fotmob.com/matches/ivory-coast-vs-curacao/jy3w4js#4667782,Curacao vs Ivory Coast (2026-06-25T20:00:00.000Z),Curacao,Ivory Coast,2026-06-25T20:00:00.000Z,,Philadelphia Stadium,Glenn Nyberg,Full time,0,2,Curacao,Ivory Coast,home,Fonville,24,True,starting_xi,DEF,1,5,3,5-4-1,6.3,6.8,0,77.0
4667782,ivory-coast-vs-curacao,https://www.fotmob.com/matches/ivory-coast-vs-curacao/jy3w4js#4667782,Curacao vs Ivory Coast (2026-06-25T20:00:00.000Z),Curacao,Ivory Coast,2026-06-25T20:00:00.000Z,,Philadelphia Stadium,Glenn Nyberg,Full time,0,2,Curacao,Ivory Coast,home,Brenet,20,True,starting_xi,DEF,1,5,4,5-4-1,6.3,5.6,0,90.0
4667782,ivory-coast-vs-curacao,https://www.fotmob.com/matches/ivory-coast-vs-curacao/jy3w4js#4667782,Curacao vs Ivory Coast (2026-06-25T20:00:00.000Z),Curacao,Ivory Coast,2026-06-25T20:00:00.000Z,,Philadelphia Stadium,Glenn Nyberg,Full time,0,2,Curacao,Ivory Coast,home,Floranus,5,True,starting_xi,DEF,1,5,5,5-4-1,6.3,7.0,0,
4667782,ivory-coast-vs-curacao,https://www.fotmob.com/matches/ivory-coast-vs-curacao/jy3w4js#4667782,Curacao vs Ivory Coast (2026-06-25T20:00:00.000Z),Curacao,Ivory Coast,2026-06-25T20:00:00.000Z,,Philadelphia Stadium,Glenn Nyberg,Full time,0,2,Curacao,Ivory Coast,home,Chong,21,True,starting_xi,AM,2,4,1,5-4-1,6.3,6.3,0,
4667782,ivory-coast-vs-curacao,https://www.fotmob.com/matches/ivory-coast-vs-curacao/jy3w4js#4667782,Curacao vs Ivory Coast (2026-06-25T20:00:00.000Z),Curacao,Ivory Coast,2026-06-25T20:00:00.000Z,,Philadelphia Stadium,Glenn Nyberg,Full time,0,2,Curacao,Ivory Coast,home,Comenencia,8,True,starting_xi,AM,2,4,2,5-4-1,6.3,6.9,0,61.0
4667782,ivory-coast-vs-curacao,https://www.fotmob.com/matches/ivory-coast-vs-curacao/jy3w4js#4667782,Curacao vs Ivory Coast (2026-06-25T20:00:00.000Z),Curacao,Ivory Coast,2026-06-25T20:00:00.000Z,,Philadelphia Stadium,Glenn Nyberg,Full time,0,2,Curacao,Ivory Coast,home,Bacuna,10,True,starting_xi,AM,2,4,3,5-4-1,6.3,7.4,0,
4667782,ivory-coast-vs-curacao,https://www.fotmob.com/matches/ivory-coast-vs-curacao/jy3w4js#4667782,Curacao vs Ivory Coast (2026-06-25T20:00:00.000Z),Curacao,Ivory Coast,2026-06-25T20:00:00.000Z,,Philadelphia Stadium,Glenn Nyberg,Full time,0,2,Curacao,Ivory Coast,home,Bacuna,7,True,starting_xi,AM,2,4,4,5-4-1,6.3,6.5,0,
4667782,ivory-coast-vs-curacao,https://www.fotmob.com/matches/ivory-coast-vs-curacao/jy3w4js#4667782,Curacao vs Ivory Coast (2026-06-25T20:00:00.000Z),Curacao,Ivory Coast,2026-06-25T20:00:00.000Z,,Philadelphia Stadium,Glenn Nyberg,Full time,0,2,Curacao,Ivory Coast,home,Locadia,9,True,starting_xi,FWD,3,1,1,5-4-1,6.3,5.9,0,90.0
4667782,ivory-coast-vs-curacao,https://www.fotmob.com/matches/ivory-coast-vs-curacao/jy3w4js#4667782,Curacao vs Ivory Coast (2026-06-25T20:00:00.000Z),Curacao,Ivory Coast,2026-06-25T20:00:00.000Z,,Philadelphia Stadium,Glenn Nyberg,Full time,0,2,Ivory Coast,Curacao,away,Bonny,9,True,starting_xi,FWD,4,1,1,4-2-3-1,7.1,6.5,0,67.0
4667782,ivory-coast-vs-curacao,https://www.fotmob.com/matches/ivory-coast-vs-curacao/jy3w4js#4667782,Curacao vs Ivory Coast (2026-06-25T20:00:00.000Z),Curacao,Ivory Coast,2026-06-25T20:00:00.000Z,,Philadelphia Stadium,Glenn Nyberg,Full time,0,2,Ivory Coast,Curacao,away,Diomande,11,True,starting_xi,AM,3,3,1,4-2-3-1,7.1,7.9,0,67.0
4667782,ivory-coast-vs-curacao,https://www.fotmob.com/matches/ivory-coast-vs-curacao/jy3w4js#4667782,Curacao vs Ivory Coast (2026-06-25T20:00:00.000Z),Curacao,Ivory Coast,2026-06-25T20:00:00.000Z,,Philadelphia Stadium,Glenn Nyberg,Full time,0,2,Ivory Coast,Curacao,away,Pépé,19,True,starting_xi,AM,3,3,2,4-2-3-1,7.1,8.9,0,67.0
4667782,ivory-coast-vs-curacao,https://www.fotmob.com/matches/ivory-coast-vs-curacao/jy3w4js#4667782,Curacao vs Ivory Coast (2026-06-25T20:00:00.000Z),Curacao,Ivory Coast,2026-06-25T20:00:00.000Z,,Philadelphia Stadium,Glenn Nyberg,Full time,0,2,Ivory Coast,Curacao,away,Amad,15,True,starting_xi,AM,3,3,3,4-2-3-1,7.1,7.0,0,46.0
4667782,ivory-coast-vs-curacao,https://www.fotmob.com/matches/ivory-coast-vs-curacao/jy3w4js#4667782,Curacao vs Ivory Coast (2026-06-25T20:00:00.000Z),Curacao,Ivory Coast,2026-06-25T20:00:00.000Z,,Philadelphia Stadium,Glenn Nyberg,Full time,0,2,Ivory Coast,Curacao,away,Kessié,8,True,starting_xi,AM,2,2,1,4-2-3-1,7.1,7.0,0,77.0
4667782,ivory-coast-vs-curacao,https://www.fotmob.com/matches/ivory-coast-vs-curacao/jy3w4js#4667782,Curacao vs Ivory Coast (2026-06-25T20:00:00.000Z),Curacao,Ivory Coast,2026-06-25T20:00:00.000Z,,Philadelphia Stadium,Glenn Nyberg,Full time,0,2,Ivory Coast,Curacao,away,Sangaré,18,True,starting_xi,AM,2,2,2,4-2-3-1,7.1,8.2,0,
4667782,ivory-coast-vs-curacao,https://www.fotmob.com/matches/ivory-coast-vs-curacao/jy3w4js#4667782,Curacao vs Ivory Coast (2026-06-25T20:00:00.000Z),Curacao,Ivory Coast,2026-06-25T20:00:00.000Z,,Philadelphia Stadium,Glenn Nyberg,Full time,0,2,Ivory Coast,Curacao,away,Opéri,13,True,starting_xi,DEF,1,4,1,4-2-3-1,7.1,7.5,0,
4667782,ivory-coast-vs-curacao,https://www.fotmob.com/matches/ivory-coast-vs-curacao/jy3w4js#4667782,Curacao vs Ivory Coast (2026-06-25T20:00:00.000Z),Curacao,Ivory Coast,2026-06-25T20:00:00.000Z,,Philadelphia Stadium,Glenn Nyberg,Full time,0,2,Ivory Coast,Curacao,away,Diomande,2,True,starting_xi,DEF,1,4,2,4-2-3-1,7.1,7.1,0,
4667782,ivory-coast-vs-curacao,https://www.fotmob.com/matches/ivory-coast-vs-curacao/jy3w4js#4667782,Curacao vs Ivory Coast (2026-06-25T20:00:00.000Z),Curacao,Ivory Coast,2026-06-25T20:00:00.000Z,,Philadelphia Stadium,Glenn Nyberg,Full time,0,2,Ivory Coast,Curacao,away,Kossounou,7,True,starting_xi,DEF,1,4,3,4-2-3-1,7.1,7.1,0,
4667782,ivory-coast-vs-curacao,https://www.fotmob.com/matches/ivory-coast-vs-curacao/jy3w4js#4667782,Curacao vs Ivory Coast (2026-06-25T20:00:00.000Z),Curacao,Ivory Coast,2026-06-25T20:00:00.000Z,,Philadelphia Stadium,Glenn Nyberg,Full time,0,2,Ivory Coast,Curacao,away,Doué,17,True,starting_xi,DEF,1,4,4,4-2-3-1,7.1,7.2,0,
4667782,ivory-coast-vs-curacao,https://www.fotmob.com/matches/ivory-coast-vs-curacao/jy3w4js#4667782,Curacao vs Ivory Coast (2026-06-25T20:00:00.000Z),Curacao,Ivory Coast,2026-06-25T20:00:00.000Z,,Philadelphia Stadium,Glenn Nyberg,Full time,0,2,Ivory Coast,Curacao,away,Fofana,1,True,starting_xi,GK,0,1,1,4-2-3-1,7.1,7.6,0,
4667787,netherlands-vs-tunisia,https://www.fotmob.com/matches/netherlands-vs-tunisia/1hoci5#4667787,Tunisia vs Netherlands (2026-06-25T23:00:00.000Z),Tunisia,Netherlands,2026-06-25T23:00:00.000Z,,Kansas City Stadium,Katia Itzel García Mendoza,Full time,1,3,Tunisia,Netherlands,home,Dahmen,16,True,starting_xi,GK,0,1,1,5-4-1,6.2,6.7,0,
4667787,netherlands-vs-tunisia,https://www.fotmob.com/matches/netherlands-vs-tunisia/1hoci5#4667787,Tunisia vs Netherlands (2026-06-25T23:00:00.000Z),Tunisia,Netherlands,2026-06-25T23:00:00.000Z,,Kansas City Stadium,Katia Itzel García Mendoza,Full time,1,3,Tunisia,Netherlands,home,Talbi,3,True,starting_xi,DEF,1,5,1,5-4-1,6.2,5.4,0,
4667787,netherlands-vs-tunisia,https://www.fotmob.com/matches/netherlands-vs-tunisia/1hoci5#4667787,Tunisia vs Netherlands (2026-06-25T23:00:00.000Z),Tunisia,Netherlands,2026-06-25T23:00:00.000Z,,Kansas City Stadium,Katia Itzel García Mendoza,Full time,1,3,Tunisia,Netherlands,home,Skhiri,17,True,starting_xi,DEF,1,5,2,5-4-1,6.2,5.0,0,
4667787,netherlands-vs-tunisia,https://www.fotmob.com/matches/netherlands-vs-tunisia/1hoci5#4667787,Tunisia vs Netherlands (2026-06-25T23:00:00.000Z),Tunisia,Netherlands,2026-06-25T23:00:00.000Z,,Kansas City Stadium,Katia Itzel García Mendoza,Full time,1,3,Tunisia,Netherlands,home,Ben Hamida,21,True,starting_xi,DEF,1,5,3,5-4-1,6.2,5.1,0,67.0
4667787,netherlands-vs-tunisia,https://www.fotmob.com/matches/netherlands-vs-tunisia/1hoci5#4667787,Tunisia vs Netherlands (2026-06-25T23:00:00.000Z),Tunisia,Netherlands,2026-06-25T23:00:00.000Z,,Kansas City Stadium,Katia Itzel García Mendoza,Full time,1,3,Tunisia,Netherlands,home,Valery,20,True,starting_xi,DEF,1,5,4,5-4-1,6.2,6.3,0,
4667787,netherlands-vs-tunisia,https://www.fotmob.com/matches/netherlands-vs-tunisia/1hoci5#4667787,Tunisia vs Netherlands (2026-06-25T23:00:00.000Z),Tunisia,Netherlands,2026-06-25T23:00:00.000Z,,Kansas City Stadium,Katia Itzel García Mendoza,Full time,1,3,Tunisia,Netherlands,home,Abdi,2,True,starting_xi,DEF,1,5,5,5-4-1,6.2,6.4,0,
4667787,netherlands-vs-tunisia,https://www.fotmob.com/matches/netherlands-vs-tunisia/1hoci5#4667787,Tunisia vs Netherlands (2026-06-25T23:00:00.000Z),Tunisia,Netherlands,2026-06-25T23:00:00.000Z,,Kansas City Stadium,Katia Itzel García Mendoza,Full time,1,3,Tunisia,Netherlands,home,Ben Slimane,25,True,starting_xi,AM,2,4,1,5-4-1,6.2,6.3,0,67.0
4667787,netherlands-vs-tunisia,https://www.fotmob.com/matches/netherlands-vs-tunisia/1hoci5#4667787,Tunisia vs Netherlands (2026-06-25T23:00:00.000Z),Tunisia,Netherlands,2026-06-25T23:00:00.000Z,,Kansas City Stadium,Katia Itzel García Mendoza,Full time,1,3,Tunisia,Netherlands,home,Gharbi,11,True,starting_xi,AM,2,4,2,5-4-1,6.2,6.6,0,75.0
4667787,netherlands-vs-tunisia,https://www.fotmob.com/matches/netherlands-vs-tunisia/1hoci5#4667787,Tunisia vs Netherlands (2026-06-25T23:00:00.000Z),Tunisia,Netherlands,2026-06-25T23:00:00.000Z,,Kansas City Stadium,Katia Itzel García Mendoza,Full time,1,3,Tunisia,Netherlands,home,Khedira,13,True,starting_xi,AM,2,4,3,5-4-1,6.2,5.8,0,67.0
4667787,netherlands-vs-tunisia,https://www.fotmob.com/matches/netherlands-vs-tunisia/1hoci5#4667787,Tunisia vs Netherlands (2026-06-25T23:00:00.000Z),Tunisia,Netherlands,2026-06-25T23:00:00.000Z,,Kansas City Stadium,Katia Itzel García Mendoza,Full time,1,3,Tunisia,Netherlands,home,Hannibal,10,True,starting_xi,AM,2,4,4,5-4-1,6.2,7.7,0,
4667787,netherlands-vs-tunisia,https://www.fotmob.com/matches/netherlands-vs-tunisia/1hoci5#4667787,Tunisia vs Netherlands (2026-06-25T23:00:00.000Z),Tunisia,Netherlands,2026-06-25T23:00:00.000Z,,Kansas City Stadium,Katia Itzel García Mendoza,Full time,1,3,Tunisia,Netherlands,home,Mastouri,9,True,starting_xi,FWD,3,1,1,5-4-1,6.2,8.0,0,90.0
4667787,netherlands-vs-tunisia,https://www.fotmob.com/matches/netherlands-vs-tunisia/1hoci5#4667787,Tunisia vs Netherlands (2026-06-25T23:00:00.000Z),Tunisia,Netherlands,2026-06-25T23:00:00.000Z,,Kansas City Stadium,Katia Itzel García Mendoza,Full time,1,3,Netherlands,Tunisia,away,Gakpo,11,True,starting_xi,FWD,3,3,1,4-3-3,7.2,6.7,0,84.0
4667787,netherlands-vs-tunisia,https://www.fotmob.com/matches/netherlands-vs-tunisia/1hoci5#4667787,Tunisia vs Netherlands (2026-06-25T23:00:00.000Z),Tunisia,Netherlands,2026-06-25T23:00:00.000Z,,Kansas City Stadium,Katia Itzel García Mendoza,Full time,1,3,Netherlands,Tunisia,away,Brobbey,19,True,starting_xi,FWD,3,3,2,4-3-3,7.2,8.0,0,77.0
4667787,netherlands-vs-tunisia,https://www.fotmob.com/matches/netherlands-vs-tunisia/1hoci5#4667787,Tunisia vs Netherlands (2026-06-25T23:00:00.000Z),Tunisia,Netherlands,2026-06-25T23:00:00.000Z,,Kansas City Stadium,Katia Itzel García Mendoza,Full time,1,3,Netherlands,Tunisia,away,Malen,18,True,starting_xi,FWD,3,3,3,4-3-3,7.2,7.3,0,72.0
4667787,netherlands-vs-tunisia,https://www.fotmob.com/matches/netherlands-vs-tunisia/1hoci5#4667787,Tunisia vs Netherlands (2026-06-25T23:00:00.000Z),Tunisia,Netherlands,2026-06-25T23:00:00.000Z,,Kansas City Stadium,Katia Itzel García Mendoza,Full time,1,3,Netherlands,Tunisia,away,Reijnders,14,True,starting_xi,AM,2,3,1,4-3-3,7.2,8.5,0,72.0
4667787,netherlands-vs-tunisia,https://www.fotmob.com/matches/netherlands-vs-tunisia/1hoci5#4667787,Tunisia vs Netherlands (2026-06-25T23:00:00.000Z),Tunisia,Netherlands,2026-06-25T23:00:00.000Z,,Kansas City Stadium,Katia Itzel García Mendoza,Full time,1,3,Netherlands,Tunisia,away,de Jong,21,True,starting_xi,AM,2,3,2,4-3-3,7.2,7.2,0,72.0
4667787,netherlands-vs-tunisia,https://www.fotmob.com/matches/netherlands-vs-tunisia/1hoci5#4667787,Tunisia vs Netherlands (2026-06-25T23:00:00.000Z),Tunisia,Netherlands,2026-06-25T23:00:00.000Z,,Kansas City Stadium,Katia Itzel García Mendoza,Full time,1,3,Netherlands,Tunisia,away,Gravenberch,8,True,starting_xi,AM,2,3,3,4-3-3,7.2,6.7,0,
4667787,netherlands-vs-tunisia,https://www.fotmob.com/matches/netherlands-vs-tunisia/1hoci5#4667787,Tunisia vs Netherlands (2026-06-25T23:00:00.000Z),Tunisia,Netherlands,2026-06-25T23:00:00.000Z,,Kansas City Stadium,Katia Itzel García Mendoza,Full time,1,3,Netherlands,Tunisia,away,Aké,5,True,starting_xi,DEF,1,4,1,4-3-3,7.2,7.6,0,
4667787,netherlands-vs-tunisia,https://www.fotmob.com/matches/netherlands-vs-tunisia/1hoci5#4667787,Tunisia vs Netherlands (2026-06-25T23:00:00.000Z),Tunisia,Netherlands,2026-06-25T23:00:00.000Z,,Kansas City Stadium,Katia Itzel García Mendoza,Full time,1,3,Netherlands,Tunisia,away,van Dijk,4,True,starting_xi,DEF,1,4,2,4-3-3,7.2,8.6,0,
4667787,netherlands-vs-tunisia,https://www.fotmob.com/matches/netherlands-vs-tunisia/1hoci5#4667787,Tunisia vs Netherlands (2026-06-25T23:00:00.000Z),Tunisia,Netherlands,2026-06-25T23:00:00.000Z,,Kansas City Stadium,Katia Itzel García Mendoza,Full time,1,3,Netherlands,Tunisia,away,van Hecke,6,True,starting_xi,DEF,1,4,3,4-3-3,7.2,8.6,0,
4667787,netherlands-vs-tunisia,https://www.fotmob.com/matches/netherlands-vs-tunisia/1hoci5#4667787,Tunisia vs Netherlands (2026-06-25T23:00:00.000Z),Tunisia,Netherlands,2026-06-25T23:00:00.000Z,,Kansas City Stadium,Katia Itzel García Mendoza,Full time,1,3,Netherlands,Tunisia,away,Dumfries,22,True,starting_xi,DEF,1,4,4,4-3-3,7.2,7.2,0,
4667787,netherlands-vs-tunisia,https://www.fotmob.com/matches/netherlands-vs-tunisia/1hoci5#4667787,Tunisia vs Netherlands (2026-06-25T23:00:00.000Z),Tunisia,Netherlands,2026-06-25T23:00:00.000Z,,Kansas City Stadium,Katia Itzel García Mendoza,Full time,1,3,Netherlands,Tunisia,away,Verbruggen,1,True,starting_xi,GK,0,1,1,4-3-3,7.2,6.8,0,
4667788,japan-vs-sweden,https://www.fotmob.com/matches/japan-vs-sweden/1x3r7y#4667788,Japan vs Sweden (2026-06-25T23:00:00.000Z),Japan,Sweden,2026-06-25T23:00:00.000Z,,Dallas Stadium,Iván Arcides Barton Cisneros,Full time,1,1,Japan,Sweden,home,Suzuki,1,True,starting_xi,GK,0,1,1,3-4-2-1,6.8,7.4,0,
4667788,japan-vs-sweden,https://www.fotmob.com/matches/japan-vs-sweden/1x3r7y#4667788,Japan vs Sweden (2026-06-25T23:00:00.000Z),Japan,Sweden,2026-06-25T23:00:00.000Z,,Dallas Stadium,Iván Arcides Barton Cisneros,Full time,1,1,Japan,Sweden,home,Seko,20,True,starting_xi,DEF,1,3,1,3-4-2-1,6.8,6.6,0,75.0
4667788,japan-vs-sweden,https://www.fotmob.com/matches/japan-vs-sweden/1x3r7y#4667788,Japan vs Sweden (2026-06-25T23:00:00.000Z),Japan,Sweden,2026-06-25T23:00:00.000Z,,Dallas Stadium,Iván Arcides Barton Cisneros,Full time,1,1,Japan,Sweden,home,Itakura,4,True,starting_xi,DEF,1,3,2,3-4-2-1,6.8,6.5,0,39.0
4667788,japan-vs-sweden,https://www.fotmob.com/matches/japan-vs-sweden/1x3r7y#4667788,Japan vs Sweden (2026-06-25T23:00:00.000Z),Japan,Sweden,2026-06-25T23:00:00.000Z,,Dallas Stadium,Iván Arcides Barton Cisneros,Full time,1,1,Japan,Sweden,home,Ito,21,True,starting_xi,DEF,1,3,3,3-4-2-1,6.8,7.0,0,
4667788,japan-vs-sweden,https://www.fotmob.com/matches/japan-vs-sweden/1x3r7y#4667788,Japan vs Sweden (2026-06-25T23:00:00.000Z),Japan,Sweden,2026-06-25T23:00:00.000Z,,Dallas Stadium,Iván Arcides Barton Cisneros,Full time,1,1,Japan,Sweden,home,Sugawara,2,True,starting_xi,AM,2,4,1,3-4-2-1,6.8,7.2,0,
4667788,japan-vs-sweden,https://www.fotmob.com/matches/japan-vs-sweden/1x3r7y#4667788,Japan vs Sweden (2026-06-25T23:00:00.000Z),Japan,Sweden,2026-06-25T23:00:00.000Z,,Dallas Stadium,Iván Arcides Barton Cisneros,Full time,1,1,Japan,Sweden,home,Tanaka,7,True,starting_xi,AM,2,4,2,3-4-2-1,6.8,7.6,0,
4667788,japan-vs-sweden,https://www.fotmob.com/matches/japan-vs-sweden/1x3r7y#4667788,Japan vs Sweden (2026-06-25T23:00:00.000Z),Japan,Sweden,2026-06-25T23:00:00.000Z,,Dallas Stadium,Iván Arcides Barton Cisneros,Full time,1,1,Japan,Sweden,home,Kamada,15,True,starting_xi,AM,2,4,3,3-4-2-1,6.8,7.4,0,
4667788,japan-vs-sweden,https://www.fotmob.com/matches/japan-vs-sweden/1x3r7y#4667788,Japan vs Sweden (2026-06-25T23:00:00.000Z),Japan,Sweden,2026-06-25T23:00:00.000Z,,Dallas Stadium,Iván Arcides Barton Cisneros,Full time,1,1,Japan,Sweden,home,Nakamura,13,True,starting_xi,AM,2,4,4,3-4-2-1,6.8,7.2,0,75.0
4667788,japan-vs-sweden,https://www.fotmob.com/matches/japan-vs-sweden/1x3r7y#4667788,Japan vs Sweden (2026-06-25T23:00:00.000Z),Japan,Sweden,2026-06-25T23:00:00.000Z,,Dallas Stadium,Iván Arcides Barton Cisneros,Full time,1,1,Japan,Sweden,home,Doan,10,True,starting_xi,AM,3,2,1,3-4-2-1,6.8,7.2,0,66.0
4667788,japan-vs-sweden,https://www.fotmob.com/matches/japan-vs-sweden/1x3r7y#4667788,Japan vs Sweden (2026-06-25T23:00:00.000Z),Japan,Sweden,2026-06-25T23:00:00.000Z,,Dallas Stadium,Iván Arcides Barton Cisneros,Full time,1,1,Japan,Sweden,home,Maeda,11,True,starting_xi,AM,3,2,2,3-4-2-1,6.8,8.0,0,
4667788,japan-vs-sweden,https://www.fotmob.com/matches/japan-vs-sweden/1x3r7y#4667788,Japan vs Sweden (2026-06-25T23:00:00.000Z),Japan,Sweden,2026-06-25T23:00:00.000Z,,Dallas Stadium,Iván Arcides Barton Cisneros,Full time,1,1,Japan,Sweden,home,Ueda,18,True,starting_xi,FWD,4,1,1,3-4-2-1,6.8,6.1,0,66.0
4667788,japan-vs-sweden,https://www.fotmob.com/matches/japan-vs-sweden/1x3r7y#4667788,Japan vs Sweden (2026-06-25T23:00:00.000Z),Japan,Sweden,2026-06-25T23:00:00.000Z,,Dallas Stadium,Iván Arcides Barton Cisneros,Full time,1,1,Sweden,Japan,away,Isak,9,True,starting_xi,FWD,3,3,1,3-4-3,6.7,6.4,0,
4667788,japan-vs-sweden,https://www.fotmob.com/matches/japan-vs-sweden/1x3r7y#4667788,Japan vs Sweden (2026-06-25T23:00:00.000Z),Japan,Sweden,2026-06-25T23:00:00.000Z,,Dallas Stadium,Iván Arcides Barton Cisneros,Full time,1,1,Sweden,Japan,away,Gyökeres,17,True,starting_xi,FWD,3,3,2,3-4-3,6.7,6.7,0,
4667788,japan-vs-sweden,https://www.fotmob.com/matches/japan-vs-sweden/1x3r7y#4667788,Japan vs Sweden (2026-06-25T23:00:00.000Z),Japan,Sweden,2026-06-25T23:00:00.000Z,,Dallas Stadium,Iván Arcides Barton Cisneros,Full time,1,1,Sweden,Japan,away,Elanga,11,True,starting_xi,FWD,3,3,3,3-4-3,6.7,7.9,0,
4667788,japan-vs-sweden,https://www.fotmob.com/matches/japan-vs-sweden/1x3r7y#4667788,Japan vs Sweden (2026-06-25T23:00:00.000Z),Japan,Sweden,2026-06-25T23:00:00.000Z,,Dallas Stadium,Iván Arcides Barton Cisneros,Full time,1,1,Sweden,Japan,away,Stroud,24,True,starting_xi,AM,2,4,1,3-4-3,6.7,6.5,0,75.0
4667788,japan-vs-sweden,https://www.fotmob.com/matches/japan-vs-sweden/1x3r7y#4667788,Japan vs Sweden (2026-06-25T23:00:00.000Z),Japan,Sweden,2026-06-25T23:00:00.000Z,,Dallas Stadium,Iván Arcides Barton Cisneros,Full time,1,1,Sweden,Japan,away,Ayari,18,True,starting_xi,AM,2,4,2,3-4-3,6.7,7.3,0,
4667788,japan-vs-sweden,https://www.fotmob.com/matches/japan-vs-sweden/1x3r7y#4667788,Japan vs Sweden (2026-06-25T23:00:00.000Z),Japan,Sweden,2026-06-25T23:00:00.000Z,,Dallas Stadium,Iván Arcides Barton Cisneros,Full time,1,1,Sweden,Japan,away,Lindelöf,3,True,starting_xi,AM,2,4,3,3-4-3,6.7,6.4,0,87.0
4667788,japan-vs-sweden,https://www.fotmob.com/matches/japan-vs-sweden/1x3r7y#4667788,Japan vs Sweden (2026-06-25T23:00:00.000Z),Japan,Sweden,2026-06-25T23:00:00.000Z,,Dallas Stadium,Iván Arcides Barton Cisneros,Full time,1,1,Sweden,Japan,away,Bernhardsson,21,True,starting_xi,AM,2,4,4,3-4-3,6.7,6.5,0,75.0
4667788,japan-vs-sweden,https://www.fotmob.com/matches/japan-vs-sweden/1x3r7y#4667788,Japan vs Sweden (2026-06-25T23:00:00.000Z),Japan,Sweden,2026-06-25T23:00:00.000Z,,Dallas Stadium,Iván Arcides Barton Cisneros,Full time,1,1,Sweden,Japan,away,Gudmundsson,5,True,starting_xi,DEF,1,3,1,3-4-3,6.7,7.0,0,87.0
4667788,japan-vs-sweden,https://www.fotmob.com/matches/japan-vs-sweden/1x3r7y#4667788,Japan vs Sweden (2026-06-25T23:00:00.000Z),Japan,Sweden,2026-06-25T23:00:00.000Z,,Dallas Stadium,Iván Arcides Barton Cisneros,Full time,1,1,Sweden,Japan,away,Hien,4,True,starting_xi,DEF,1,3,2,3-4-3,6.7,6.5,0,37.0
4667788,japan-vs-sweden,https://www.fotmob.com/matches/japan-vs-sweden/1x3r7y#4667788,Japan vs Sweden (2026-06-25T23:00:00.000Z),Japan,Sweden,2026-06-25T23:00:00.000Z,,Dallas Stadium,Iván Arcides Barton Cisneros,Full time,1,1,Sweden,Japan,away,Lagerbielke,2,True,starting_xi,DEF,1,3,3,3-4-3,6.7,7.1,0,
4667788,japan-vs-sweden,https://www.fotmob.com/matches/japan-vs-sweden/1x3r7y#4667788,Japan vs Sweden (2026-06-25T23:00:00.000Z),Japan,Sweden,2026-06-25T23:00:00.000Z,,Dallas Stadium,Iván Arcides Barton Cisneros,Full time,1,1,Sweden,Japan,away,Zetterström,1,True,starting_xi,GK,0,1,1,3-4-3,6.7,7.1,0,
4667795,iran-vs-egypt,https://www.fotmob.com/matches/iran-vs-egypt/2dp33g#4667795,Egypt vs Iran (2026-06-27T03:00:00.000Z),Egypt,Iran,2026-06-27T03:00:00.000Z,,Seattle Stadium,Szymon Marciniak,Full time,1,1,Egypt,Iran,home,Shobeir,23,True,starting_xi,GK,0,1,1,4-2-3-1,6.8,7.7,0,
4667795,iran-vs-egypt,https://www.fotmob.com/matches/iran-vs-egypt/2dp33g#4667795,Egypt vs Iran (2026-06-27T03:00:00.000Z),Egypt,Iran,2026-06-27T03:00:00.000Z,,Seattle Stadium,Szymon Marciniak,Full time,1,1,Egypt,Iran,home,Hany,3,True,starting_xi,DEF,1,4,1,4-2-3-1,6.8,8.0,0,
4667795,iran-vs-egypt,https://www.fotmob.com/matches/iran-vs-egypt/2dp33g#4667795,Egypt vs Iran (2026-06-27T03:00:00.000Z),Egypt,Iran,2026-06-27T03:00:00.000Z,,Seattle Stadium,Szymon Marciniak,Full time,1,1,Egypt,Iran,home,Rabia,5,True,starting_xi,DEF,1,4,2,4-2-3-1,6.8,7.1,0,
4667795,iran-vs-egypt,https://www.fotmob.com/matches/iran-vs-egypt/2dp33g#4667795,Egypt vs Iran (2026-06-27T03:00:00.000Z),Egypt,Iran,2026-06-27T03:00:00.000Z,,Seattle Stadium,Szymon Marciniak,Full time,1,1,Egypt,Iran,home,Abdelmonem,6,True,starting_xi,DEF,1,4,3,4-2-3-1,6.8,5.8,0,14.0
4667795,iran-vs-egypt,https://www.fotmob.com/matches/iran-vs-egypt/2dp33g#4667795,Egypt vs Iran (2026-06-27T03:00:00.000Z),Egypt,Iran,2026-06-27T03:00:00.000Z,,Seattle Stadium,Szymon Marciniak,Full time,1,1,Egypt,Iran,home,El Fotouh,13,True,starting_xi,DEF,1,4,4,4-2-3-1,6.8,7.3,0,
4667795,iran-vs-egypt,https://www.fotmob.com/matches/iran-vs-egypt/2dp33g#4667795,Egypt vs Iran (2026-06-27T03:00:00.000Z),Egypt,Iran,2026-06-27T03:00:00.000Z,,Seattle Stadium,Szymon Marciniak,Full time,1,1,Egypt,Iran,home,Lasheen,17,True,starting_xi,AM,2,2,1,4-2-3-1,6.8,7.0,0,
4667795,iran-vs-egypt,https://www.fotmob.com/matches/iran-vs-egypt/2dp33g#4667795,Egypt vs Iran (2026-06-27T03:00:00.000Z),Egypt,Iran,2026-06-27T03:00:00.000Z,,Seattle Stadium,Szymon Marciniak,Full time,1,1,Egypt,Iran,home,Saber,21,True,starting_xi,AM,2,2,2,4-2-3-1,6.8,7.5,0,46.0
4667795,iran-vs-egypt,https://www.fotmob.com/matches/iran-vs-egypt/2dp33g#4667795,Egypt vs Iran (2026-06-27T03:00:00.000Z),Egypt,Iran,2026-06-27T03:00:00.000Z,,Seattle Stadium,Szymon Marciniak,Full time,1,1,Egypt,Iran,home,Ashour,8,True,starting_xi,AM,3,3,1,4-2-3-1,6.8,6.0,0,46.0
4667795,iran-vs-egypt,https://www.fotmob.com/matches/iran-vs-egypt/2dp33g#4667795,Egypt vs Iran (2026-06-27T03:00:00.000Z),Egypt,Iran,2026-06-27T03:00:00.000Z,,Seattle Stadium,Szymon Marciniak,Full time,1,1,Egypt,Iran,home,Salah,10,True,starting_xi,AM,3,3,2,4-2-3-1,6.8,6.2,0,57.0
4667795,iran-vs-egypt,https://www.fotmob.com/matches/iran-vs-egypt/2dp33g#4667795,Egypt vs Iran (2026-06-27T03:00:00.000Z),Egypt,Iran,2026-06-27T03:00:00.000Z,,Seattle Stadium,Szymon Marciniak,Full time,1,1,Egypt,Iran,home,Trezeguet,7,True,starting_xi,AM,3,3,3,4-2-3-1,6.8,7.8,0,
4667795,iran-vs-egypt,https://www.fotmob.com/matches/iran-vs-egypt/2dp33g#4667795,Egypt vs Iran (2026-06-27T03:00:00.000Z),Egypt,Iran,2026-06-27T03:00:00.000Z,,Seattle Stadium,Szymon Marciniak,Full time,1,1,Egypt,Iran,home,Ziko,11,True,starting_xi,FWD,4,1,1,4-2-3-1,6.8,6.1,0,76.0
4667795,iran-vs-egypt,https://www.fotmob.com/matches/iran-vs-egypt/2dp33g#4667795,Egypt vs Iran (2026-06-27T03:00:00.000Z),Egypt,Iran,2026-06-27T03:00:00.000Z,,Seattle Stadium,Szymon Marciniak,Full time,1,1,Iran,Egypt,away,Taremi,9,True,starting_xi,FWD,3,1,1,5-4-1,6.8,7.3,0,
4667795,iran-vs-egypt,https://www.fotmob.com/matches/iran-vs-egypt/2dp33g#4667795,Egypt vs Iran (2026-06-27T03:00:00.000Z),Egypt,Iran,2026-06-27T03:00:00.000Z,,Seattle Stadium,Szymon Marciniak,Full time,1,1,Iran,Egypt,away,Mohebi,8,True,starting_xi,AM,2,4,1,5-4-1,6.8,6.6,0,90.0
4667795,iran-vs-egypt,https://www.fotmob.com/matches/iran-vs-egypt/2dp33g#4667795,Egypt vs Iran (2026-06-27T03:00:00.000Z),Egypt,Iran,2026-06-27T03:00:00.000Z,,Seattle Stadium,Szymon Marciniak,Full time,1,1,Iran,Egypt,away,Ghorbani,21,True,starting_xi,AM,2,4,2,5-4-1,6.8,6.9,0,
4667795,iran-vs-egypt,https://www.fotmob.com/matches/iran-vs-egypt/2dp33g#4667795,Egypt vs Iran (2026-06-27T03:00:00.000Z),Egypt,Iran,2026-06-27T03:00:00.000Z,,Seattle Stadium,Szymon Marciniak,Full time,1,1,Iran,Egypt,away,Ezatolahi,6,True,starting_xi,AM,2,4,3,5-4-1,6.8,7.6,0,
4667795,iran-vs-egypt,https://www.fotmob.com/matches/iran-vs-egypt/2dp33g#4667795,Egypt vs Iran (2026-06-27T03:00:00.000Z),Egypt,Iran,2026-06-27T03:00:00.000Z,,Seattle Stadium,Szymon Marciniak,Full time,1,1,Iran,Egypt,away,Ghoddos,14,True,starting_xi,AM,2,4,4,5-4-1,6.8,6.4,0,67.0
4667795,iran-vs-egypt,https://www.fotmob.com/matches/iran-vs-egypt/2dp33g#4667795,Egypt vs Iran (2026-06-27T03:00:00.000Z),Egypt,Iran,2026-06-27T03:00:00.000Z,,Seattle Stadium,Szymon Marciniak,Full time,1,1,Iran,Egypt,away,Mohammadi,5,True,starting_xi,DEF,1,5,1,5-4-1,6.8,7.1,0,
4667795,iran-vs-egypt,https://www.fotmob.com/matches/iran-vs-egypt/2dp33g#4667795,Egypt vs Iran (2026-06-27T03:00:00.000Z),Egypt,Iran,2026-06-27T03:00:00.000Z,,Seattle Stadium,Szymon Marciniak,Full time,1,1,Iran,Egypt,away,Rezaeian,23,True,starting_xi,DEF,1,5,2,5-4-1,6.8,7.7,0,
4667795,iran-vs-egypt,https://www.fotmob.com/matches/iran-vs-egypt/2dp33g#4667795,Egypt vs Iran (2026-06-27T03:00:00.000Z),Egypt,Iran,2026-06-27T03:00:00.000Z,,Seattle Stadium,Szymon Marciniak,Full time,1,1,Iran,Egypt,away,Nemati,19,True,starting_xi,DEF,1,5,3,5-4-1,6.8,6.8,0,
4667795,iran-vs-egypt,https://www.fotmob.com/matches/iran-vs-egypt/2dp33g#4667795,Egypt vs Iran (2026-06-27T03:00:00.000Z),Egypt,Iran,2026-06-27T03:00:00.000Z,,Seattle Stadium,Szymon Marciniak,Full time,1,1,Iran,Egypt,away,Khalilzadeh,4,True,starting_xi,DEF,1,5,4,5-4-1,6.8,6.9,0,
4667795,iran-vs-egypt,https://www.fotmob.com/matches/iran-vs-egypt/2dp33g#4667795,Egypt vs Iran (2026-06-27T03:00:00.000Z),Egypt,Iran,2026-06-27T03:00:00.000Z,,Seattle Stadium,Szymon Marciniak,Full time,1,1,Iran,Egypt,away,Kanaani,13,True,starting_xi,DEF,1,5,5,5-4-1,6.8,6.0,0,46.0
4667795,iran-vs-egypt,https://www.fotmob.com/matches/iran-vs-egypt/2dp33g#4667795,Egypt vs Iran (2026-06-27T03:00:00.000Z),Egypt,Iran,2026-06-27T03:00:00.000Z,,Seattle Stadium,Szymon Marciniak,Full time,1,1,Iran,Egypt,away,Beiranvand,1,True,starting_xi,GK,0,1,1,5-4-1,6.8,6.8,0,
4667794,new-zealand-vs-belgium,https://www.fotmob.com/matches/new-zealand-vs-belgium/1n1sct#4667794,New Zealand vs Belgium (2026-06-27T03:00:00.000Z),New Zealand,Belgium,2026-06-27T03:00:00.000Z,,,,Full time,1,5,New Zealand,Belgium,home,Crocombe,1,True,starting_xi,GK,0,1,1,4-2-3-1,5.7,4.6,0,
4667794,new-zealand-vs-belgium,https://www.fotmob.com/matches/new-zealand-vs-belgium/1n1sct#4667794,New Zealand vs Belgium (2026-06-27T03:00:00.000Z),New Zealand,Belgium,2026-06-27T03:00:00.000Z,,,,Full time,1,5,New Zealand,Belgium,home,Payne,2,True,starting_xi,DEF,1,4,1,4-2-3-1,5.7,5.3,0,64.0
4667794,new-zealand-vs-belgium,https://www.fotmob.com/matches/new-zealand-vs-belgium/1n1sct#4667794,New Zealand vs Belgium (2026-06-27T03:00:00.000Z),New Zealand,Belgium,2026-06-27T03:00:00.000Z,,,,Full time,1,5,New Zealand,Belgium,home,Surman,16,True,starting_xi,DEF,1,4,2,4-2-3-1,5.7,3.3,0,
4667794,new-zealand-vs-belgium,https://www.fotmob.com/matches/new-zealand-vs-belgium/1n1sct#4667794,New Zealand vs Belgium (2026-06-27T03:00:00.000Z),New Zealand,Belgium,2026-06-27T03:00:00.000Z,,,,Full time,1,5,New Zealand,Belgium,home,Bindon,4,True,starting_xi,DEF,1,4,3,4-2-3-1,5.7,4.7,0,
4667794,new-zealand-vs-belgium,https://www.fotmob.com/matches/new-zealand-vs-belgium/1n1sct#4667794,New Zealand vs Belgium (2026-06-27T03:00:00.000Z),New Zealand,Belgium,2026-06-27T03:00:00.000Z,,,,Full time,1,5,New Zealand,Belgium,home,Cacace,13,True,starting_xi,DEF,1,4,4,4-2-3-1,5.7,6.6,0,79.0
4667794,new-zealand-vs-belgium,https://www.fotmob.com/matches/new-zealand-vs-belgium/1n1sct#4667794,New Zealand vs Belgium (2026-06-27T03:00:00.000Z),New Zealand,Belgium,2026-06-27T03:00:00.000Z,,,,Full time,1,5,New Zealand,Belgium,home,Bell,6,True,starting_xi,AM,2,2,1,4-2-3-1,5.7,6.0,0,64.0
4667794,new-zealand-vs-belgium,https://www.fotmob.com/matches/new-zealand-vs-belgium/1n1sct#4667794,New Zealand vs Belgium (2026-06-27T03:00:00.000Z),New Zealand,Belgium,2026-06-27T03:00:00.000Z,,,,Full time,1,5,New Zealand,Belgium,home,Stamenic,8,True,starting_xi,AM,2,2,2,4-2-3-1,5.7,4.5,0,
4667794,new-zealand-vs-belgium,https://www.fotmob.com/matches/new-zealand-vs-belgium/1n1sct#4667794,New Zealand vs Belgium (2026-06-27T03:00:00.000Z),New Zealand,Belgium,2026-06-27T03:00:00.000Z,,,,Full time,1,5,New Zealand,Belgium,home,Singh,10,True,starting_xi,AM,3,3,1,4-2-3-1,5.7,5.7,0,46.0
4667794,new-zealand-vs-belgium,https://www.fotmob.com/matches/new-zealand-vs-belgium/1n1sct#4667794,New Zealand vs Belgium (2026-06-27T03:00:00.000Z),New Zealand,Belgium,2026-06-27T03:00:00.000Z,,,,Full time,1,5,New Zealand,Belgium,home,Thomas,23,True,starting_xi,AM,3,3,2,4-2-3-1,5.7,6.0,0,46.0
4667794,new-zealand-vs-belgium,https://www.fotmob.com/matches/new-zealand-vs-belgium/1n1sct#4667794,New Zealand vs Belgium (2026-06-27T03:00:00.000Z),New Zealand,Belgium,2026-06-27T03:00:00.000Z,,,,Full time,1,5,New Zealand,Belgium,home,Just,11,True,starting_xi,AM,3,3,3,4-2-3-1,5.7,7.6,0,
4667794,new-zealand-vs-belgium,https://www.fotmob.com/matches/new-zealand-vs-belgium/1n1sct#4667794,New Zealand vs Belgium (2026-06-27T03:00:00.000Z),New Zealand,Belgium,2026-06-27T03:00:00.000Z,,,,Full time,1,5,New Zealand,Belgium,home,Wood,9,True,starting_xi,FWD,4,1,1,4-2-3-1,5.7,6.2,0,
4667794,new-zealand-vs-belgium,https://www.fotmob.com/matches/new-zealand-vs-belgium/1n1sct#4667794,New Zealand vs Belgium (2026-06-27T03:00:00.000Z),New Zealand,Belgium,2026-06-27T03:00:00.000Z,,,,Full time,1,5,Belgium,New Zealand,away,De Ketelaere,17,True,starting_xi,FWD,4,1,1,4-2-3-1,7.5,7.4,0,85.0
4667794,new-zealand-vs-belgium,https://www.fotmob.com/matches/new-zealand-vs-belgium/1n1sct#4667794,New Zealand vs Belgium (2026-06-27T03:00:00.000Z),New Zealand,Belgium,2026-06-27T03:00:00.000Z,,,,Full time,1,5,Belgium,New Zealand,away,Trossard,10,True,starting_xi,AM,3,3,1,4-2-3-1,7.5,9.3,0,72.0
4667794,new-zealand-vs-belgium,https://www.fotmob.com/matches/new-zealand-vs-belgium/1n1sct#4667794,New Zealand vs Belgium (2026-06-27T03:00:00.000Z),New Zealand,Belgium,2026-06-27T03:00:00.000Z,,,,Full time,1,5,Belgium,New Zealand,away,De Bruyne,7,True,starting_xi,AM,3,3,2,4-2-3-1,7.5,8.6,0,72.0
4667794,new-zealand-vs-belgium,https://www.fotmob.com/matches/new-zealand-vs-belgium/1n1sct#4667794,New Zealand vs Belgium (2026-06-27T03:00:00.000Z),New Zealand,Belgium,2026-06-27T03:00:00.000Z,,,,Full time,1,5,Belgium,New Zealand,away,Doku,11,True,starting_xi,AM,3,3,3,4-2-3-1,7.5,7.3,0,56.0
4667794,new-zealand-vs-belgium,https://www.fotmob.com/matches/new-zealand-vs-belgium/1n1sct#4667794,New Zealand vs Belgium (2026-06-27T03:00:00.000Z),New Zealand,Belgium,2026-06-27T03:00:00.000Z,,,,Full time,1,5,Belgium,New Zealand,away,Vanaken,20,True,starting_xi,AM,2,2,1,4-2-3-1,7.5,8.4,0,
4667794,new-zealand-vs-belgium,https://www.fotmob.com/matches/new-zealand-vs-belgium/1n1sct#4667794,New Zealand vs Belgium (2026-06-27T03:00:00.000Z),New Zealand,Belgium,2026-06-27T03:00:00.000Z,,,,Full time,1,5,Belgium,New Zealand,away,Tielemans,8,True,starting_xi,AM,2,2,2,4-2-3-1,7.5,6.9,0,85.0
4667794,new-zealand-vs-belgium,https://www.fotmob.com/matches/new-zealand-vs-belgium/1n1sct#4667794,New Zealand vs Belgium (2026-06-27T03:00:00.000Z),New Zealand,Belgium,2026-06-27T03:00:00.000Z,,,,Full time,1,5,Belgium,New Zealand,away,De Cuyper,5,True,starting_xi,DEF,1,4,1,4-2-3-1,7.5,7.9,0,
4667794,new-zealand-vs-belgium,https://www.fotmob.com/matches/new-zealand-vs-belgium/1n1sct#4667794,New Zealand vs Belgium (2026-06-27T03:00:00.000Z),New Zealand,Belgium,2026-06-27T03:00:00.000Z,,,,Full time,1,5,Belgium,New Zealand,away,Theate,3,True,starting_xi,DEF,1,4,2,4-2-3-1,7.5,7.4,0,
4667794,new-zealand-vs-belgium,https://www.fotmob.com/matches/new-zealand-vs-belgium/1n1sct#4667794,New Zealand vs Belgium (2026-06-27T03:00:00.000Z),New Zealand,Belgium,2026-06-27T03:00:00.000Z,,,,Full time,1,5,Belgium,New Zealand,away,Mechele,4,True,starting_xi,DEF,1,4,3,4-2-3-1,7.5,7.4,0,
4667794,new-zealand-vs-belgium,https://www.fotmob.com/matches/new-zealand-vs-belgium/1n1sct#4667794,New Zealand vs Belgium (2026-06-27T03:00:00.000Z),New Zealand,Belgium,2026-06-27T03:00:00.000Z,,,,Full time,1,5,Belgium,New Zealand,away,Castagne,21,True,starting_xi,DEF,1,4,4,4-2-3-1,7.5,7.1,0,
4667794,new-zealand-vs-belgium,https://www.fotmob.com/matches/new-zealand-vs-belgium/1n1sct#4667794,New Zealand vs Belgium (2026-06-27T03:00:00.000Z),New Zealand,Belgium,2026-06-27T03:00:00.000Z,,,,Full time,1,5,Belgium,New Zealand,away,Courtois,1,True,starting_xi,GK,0,1,1,4-2-3-1,7.5,6.7,0,
4667802,uruguay-vs-spain,https://www.fotmob.com/matches/uruguay-vs-spain/1an22i#4667802,Uruguay vs Spain (2026-06-27T00:00:00.000Z),Uruguay,Spain,2026-06-27T00:00:00.000Z,,Guadalajara Stadium,Ismail Elfath,Full time,0,1,Uruguay,Spain,home,Muslera,23,True,starting_xi,GK,0,1,1,4-2-3-1,6.3,4.5,0,46.0
4667802,uruguay-vs-spain,https://www.fotmob.com/matches/uruguay-vs-spain/1an22i#4667802,Uruguay vs Spain (2026-06-27T00:00:00.000Z),Uruguay,Spain,2026-06-27T00:00:00.000Z,,Guadalajara Stadium,Ismail Elfath,Full time,0,1,Uruguay,Spain,home,Varela,13,True,starting_xi,DEF,1,4,1,4-2-3-1,6.3,6.4,0,
4667802,uruguay-vs-spain,https://www.fotmob.com/matches/uruguay-vs-spain/1an22i#4667802,Uruguay vs Spain (2026-06-27T00:00:00.000Z),Uruguay,Spain,2026-06-27T00:00:00.000Z,,Guadalajara Stadium,Ismail Elfath,Full time,0,1,Uruguay,Spain,home,Cáceres,3,True,starting_xi,DEF,1,4,2,4-2-3-1,6.3,6.2,0,
4667802,uruguay-vs-spain,https://www.fotmob.com/matches/uruguay-vs-spain/1an22i#4667802,Uruguay vs Spain (2026-06-27T00:00:00.000Z),Uruguay,Spain,2026-06-27T00:00:00.000Z,,Guadalajara Stadium,Ismail Elfath,Full time,0,1,Uruguay,Spain,home,Olivera,16,True,starting_xi,DEF,1,4,3,4-2-3-1,6.3,7.8,0,
4667802,uruguay-vs-spain,https://www.fotmob.com/matches/uruguay-vs-spain/1an22i#4667802,Uruguay vs Spain (2026-06-27T00:00:00.000Z),Uruguay,Spain,2026-06-27T00:00:00.000Z,,Guadalajara Stadium,Ismail Elfath,Full time,0,1,Uruguay,Spain,home,Sanabria,25,True,starting_xi,DEF,1,4,4,4-2-3-1,6.3,7.0,0,70.0
4667802,uruguay-vs-spain,https://www.fotmob.com/matches/uruguay-vs-spain/1an22i#4667802,Uruguay vs Spain (2026-06-27T00:00:00.000Z),Uruguay,Spain,2026-06-27T00:00:00.000Z,,Guadalajara Stadium,Ismail Elfath,Full time,0,1,Uruguay,Spain,home,Bentancur,6,True,starting_xi,AM,2,2,1,4-2-3-1,6.3,7.2,0,
4667802,uruguay-vs-spain,https://www.fotmob.com/matches/uruguay-vs-spain/1an22i#4667802,Uruguay vs Spain (2026-06-27T00:00:00.000Z),Uruguay,Spain,2026-06-27T00:00:00.000Z,,Guadalajara Stadium,Ismail Elfath,Full time,0,1,Uruguay,Spain,home,Ugarte,5,True,starting_xi,AM,2,2,2,4-2-3-1,6.3,6.8,0,45.0
4667802,uruguay-vs-spain,https://www.fotmob.com/matches/uruguay-vs-spain/1an22i#4667802,Uruguay vs Spain (2026-06-27T00:00:00.000Z),Uruguay,Spain,2026-06-27T00:00:00.000Z,,Guadalajara Stadium,Ismail Elfath,Full time,0,1,Uruguay,Spain,home,Canobbio,14,True,starting_xi,AM,3,3,1,4-2-3-1,6.3,5.2,0,
4667802,uruguay-vs-spain,https://www.fotmob.com/matches/uruguay-vs-spain/1an22i#4667802,Uruguay vs Spain (2026-06-27T00:00:00.000Z),Uruguay,Spain,2026-06-27T00:00:00.000Z,,Guadalajara Stadium,Ismail Elfath,Full time,0,1,Uruguay,Spain,home,Valverde,8,True,starting_xi,AM,3,3,2,4-2-3-1,6.3,6.3,0,56.0
4667802,uruguay-vs-spain,https://www.fotmob.com/matches/uruguay-vs-spain/1an22i#4667802,Uruguay vs Spain (2026-06-27T00:00:00.000Z),Uruguay,Spain,2026-06-27T00:00:00.000Z,,Guadalajara Stadium,Ismail Elfath,Full time,0,1,Uruguay,Spain,home,Araújo,20,True,starting_xi,AM,3,3,3,4-2-3-1,6.3,6.5,0,
4667802,uruguay-vs-spain,https://www.fotmob.com/matches/uruguay-vs-spain/1an22i#4667802,Uruguay vs Spain (2026-06-27T00:00:00.000Z),Uruguay,Spain,2026-06-27T00:00:00.000Z,,Guadalajara Stadium,Ismail Elfath,Full time,0,1,Uruguay,Spain,home,Núñez,9,True,starting_xi,FWD,4,1,1,4-2-3-1,6.3,6.0,0,
4667802,uruguay-vs-spain,https://www.fotmob.com/matches/uruguay-vs-spain/1an22i#4667802,Uruguay vs Spain (2026-06-27T00:00:00.000Z),Uruguay,Spain,2026-06-27T00:00:00.000Z,,Guadalajara Stadium,Ismail Elfath,Full time,0,1,Spain,Uruguay,away,Baena,15,True,starting_xi,FWD,3,3,1,4-3-3,7.0,7.6,0,66.0
4667802,uruguay-vs-spain,https://www.fotmob.com/matches/uruguay-vs-spain/1an22i#4667802,Uruguay vs Spain (2026-06-27T00:00:00.000Z),Uruguay,Spain,2026-06-27T00:00:00.000Z,,Guadalajara Stadium,Ismail Elfath,Full time,0,1,Spain,Uruguay,away,Oyarzabal,21,True,starting_xi,FWD,3,3,2,4-3-3,7.0,6.3,0,76.0
4667802,uruguay-vs-spain,https://www.fotmob.com/matches/uruguay-vs-spain/1an22i#4667802,Uruguay vs Spain (2026-06-27T00:00:00.000Z),Uruguay,Spain,2026-06-27T00:00:00.000Z,,Guadalajara Stadium,Ismail Elfath,Full time,0,1,Spain,Uruguay,away,Lamine Yamal,19,True,starting_xi,FWD,3,3,3,4-3-3,7.0,6.9,0,76.0
4667802,uruguay-vs-spain,https://www.fotmob.com/matches/uruguay-vs-spain/1an22i#4667802,Uruguay vs Spain (2026-06-27T00:00:00.000Z),Uruguay,Spain,2026-06-27T00:00:00.000Z,,Guadalajara Stadium,Ismail Elfath,Full time,0,1,Spain,Uruguay,away,Pedri,20,True,starting_xi,AM,2,3,1,4-3-3,7.0,7.5,0,60.0
4667802,uruguay-vs-spain,https://www.fotmob.com/matches/uruguay-vs-spain/1an22i#4667802,Uruguay vs Spain (2026-06-27T00:00:00.000Z),Uruguay,Spain,2026-06-27T00:00:00.000Z,,Guadalajara Stadium,Ismail Elfath,Full time,0,1,Spain,Uruguay,away,Rodri,16,True,starting_xi,AM,2,3,2,4-3-3,7.0,7.2,0,
4667802,uruguay-vs-spain,https://www.fotmob.com/matches/uruguay-vs-spain/1an22i#4667802,Uruguay vs Spain (2026-06-27T00:00:00.000Z),Uruguay,Spain,2026-06-27T00:00:00.000Z,,Guadalajara Stadium,Ismail Elfath,Full time,0,1,Spain,Uruguay,away,Merino,6,True,starting_xi,AM,2,3,3,4-3-3,7.0,6.4,0,60.0
4667802,uruguay-vs-spain,https://www.fotmob.com/matches/uruguay-vs-spain/1an22i#4667802,Uruguay vs Spain (2026-06-27T00:00:00.000Z),Uruguay,Spain,2026-06-27T00:00:00.000Z,,Guadalajara Stadium,Ismail Elfath,Full time,0,1,Spain,Uruguay,away,Cucurella,24,True,starting_xi,DEF,1,4,1,4-3-3,7.0,7.2,0,
4667802,uruguay-vs-spain,https://www.fotmob.com/matches/uruguay-vs-spain/1an22i#4667802,Uruguay vs Spain (2026-06-27T00:00:00.000Z),Uruguay,Spain,2026-06-27T00:00:00.000Z,,Guadalajara Stadium,Ismail Elfath,Full time,0,1,Spain,Uruguay,away,Laporte,14,True,starting_xi,DEF,1,4,2,4-3-3,7.0,7.9,0,
4667802,uruguay-vs-spain,https://www.fotmob.com/matches/uruguay-vs-spain/1an22i#4667802,Uruguay vs Spain (2026-06-27T00:00:00.000Z),Uruguay,Spain,2026-06-27T00:00:00.000Z,,Guadalajara Stadium,Ismail Elfath,Full time,0,1,Spain,Uruguay,away,Cubarsí,22,True,starting_xi,DEF,1,4,3,4-3-3,7.0,7.5,0,
4667802,uruguay-vs-spain,https://www.fotmob.com/matches/uruguay-vs-spain/1an22i#4667802,Uruguay vs Spain (2026-06-27T00:00:00.000Z),Uruguay,Spain,2026-06-27T00:00:00.000Z,,Guadalajara Stadium,Ismail Elfath,Full time,0,1,Spain,Uruguay,away,Llorente,5,True,starting_xi,DEF,1,4,4,4-3-3,7.0,8.3,0,
4667802,uruguay-vs-spain,https://www.fotmob.com/matches/uruguay-vs-spain/1an22i#4667802,Uruguay vs Spain (2026-06-27T00:00:00.000Z),Uruguay,Spain,2026-06-27T00:00:00.000Z,,Guadalajara Stadium,Ismail Elfath,Full time,0,1,Spain,Uruguay,away,Simón,23,True,starting_xi,GK,0,1,1,4-3-3,7.0,7.7,0,
4667803,cape-verde-vs-saudi-arabia,https://www.fotmob.com/matches/cape-verde-vs-saudi-arabia/1jqqyp#4667803,Cape Verde vs Saudi Arabia (2026-06-27T00:00:00.000Z),Cape Verde,Saudi Arabia,2026-06-27T00:00:00.000Z,,Houston Stadium,François Letexier,Full time,0,0,Cape Verde,Saudi Arabia,home,Vozinha,1,True,starting_xi,GK,0,1,1,4-1-4-1,6.9,7.7,0,
4667803,cape-verde-vs-saudi-arabia,https://www.fotmob.com/matches/cape-verde-vs-saudi-arabia/1jqqyp#4667803,Cape Verde vs Saudi Arabia (2026-06-27T00:00:00.000Z),Cape Verde,Saudi Arabia,2026-06-27T00:00:00.000Z,,Houston Stadium,François Letexier,Full time,0,0,Cape Verde,Saudi Arabia,home,Pina,24,True,starting_xi,DEF,1,4,1,4-1-4-1,6.9,7.4,0,90.0
4667803,cape-verde-vs-saudi-arabia,https://www.fotmob.com/matches/cape-verde-vs-saudi-arabia/1jqqyp#4667803,Cape Verde vs Saudi Arabia (2026-06-27T00:00:00.000Z),Cape Verde,Saudi Arabia,2026-06-27T00:00:00.000Z,,Houston Stadium,François Letexier,Full time,0,0,Cape Verde,Saudi Arabia,home,Lopes,4,True,starting_xi,DEF,1,4,2,4-1-4-1,6.9,7.4,0,
4667803,cape-verde-vs-saudi-arabia,https://www.fotmob.com/matches/cape-verde-vs-saudi-arabia/1jqqyp#4667803,Cape Verde vs Saudi Arabia (2026-06-27T00:00:00.000Z),Cape Verde,Saudi Arabia,2026-06-27T00:00:00.000Z,,Houston Stadium,François Letexier,Full time,0,0,Cape Verde,Saudi Arabia,home,Borges,3,True,starting_xi,DEF,1,4,3,4-1-4-1,6.9,7.4,0,
4667803,cape-verde-vs-saudi-arabia,https://www.fotmob.com/matches/cape-verde-vs-saudi-arabia/1jqqyp#4667803,Cape Verde vs Saudi Arabia (2026-06-27T00:00:00.000Z),Cape Verde,Saudi Arabia,2026-06-27T00:00:00.000Z,,Houston Stadium,François Letexier,Full time,0,0,Cape Verde,Saudi Arabia,home,Paulo,8,True,starting_xi,DEF,1,4,4,4-1-4-1,6.9,7.7,0,
4667803,cape-verde-vs-saudi-arabia,https://www.fotmob.com/matches/cape-verde-vs-saudi-arabia/1jqqyp#4667803,Cape Verde vs Saudi Arabia (2026-06-27T00:00:00.000Z),Cape Verde,Saudi Arabia,2026-06-27T00:00:00.000Z,,Houston Stadium,François Letexier,Full time,0,0,Cape Verde,Saudi Arabia,home,Pina,6,True,starting_xi,AM,2,1,1,4-1-4-1,6.9,7.6,0,
4667803,cape-verde-vs-saudi-arabia,https://www.fotmob.com/matches/cape-verde-vs-saudi-arabia/1jqqyp#4667803,Cape Verde vs Saudi Arabia (2026-06-27T00:00:00.000Z),Cape Verde,Saudi Arabia,2026-06-27T00:00:00.000Z,,Houston Stadium,François Letexier,Full time,0,0,Cape Verde,Saudi Arabia,home,Mendes,20,True,starting_xi,AM,3,4,1,4-1-4-1,6.9,6.9,0,71.0
4667803,cape-verde-vs-saudi-arabia,https://www.fotmob.com/matches/cape-verde-vs-saudi-arabia/1jqqyp#4667803,Cape Verde vs Saudi Arabia (2026-06-27T00:00:00.000Z),Cape Verde,Saudi Arabia,2026-06-27T00:00:00.000Z,,Houston Stadium,François Letexier,Full time,0,0,Cape Verde,Saudi Arabia,home,Duarte,14,True,starting_xi,AM,3,4,2,4-1-4-1,6.9,7.4,0,
4667803,cape-verde-vs-saudi-arabia,https://www.fotmob.com/matches/cape-verde-vs-saudi-arabia/1jqqyp#4667803,Cape Verde vs Saudi Arabia (2026-06-27T00:00:00.000Z),Cape Verde,Saudi Arabia,2026-06-27T00:00:00.000Z,,Houston Stadium,François Letexier,Full time,0,0,Cape Verde,Saudi Arabia,home,Monteiro,10,True,starting_xi,AM,3,4,3,4-1-4-1,6.9,6.0,0,71.0
4667803,cape-verde-vs-saudi-arabia,https://www.fotmob.com/matches/cape-verde-vs-saudi-arabia/1jqqyp#4667803,Cape Verde vs Saudi Arabia (2026-06-27T00:00:00.000Z),Cape Verde,Saudi Arabia,2026-06-27T00:00:00.000Z,,Houston Stadium,François Letexier,Full time,0,0,Cape Verde,Saudi Arabia,home,Semedo,17,True,starting_xi,AM,3,4,4,4-1-4-1,6.9,6.5,0,61.0
4667803,cape-verde-vs-saudi-arabia,https://www.fotmob.com/matches/cape-verde-vs-saudi-arabia/1jqqyp#4667803,Cape Verde vs Saudi Arabia (2026-06-27T00:00:00.000Z),Cape Verde,Saudi Arabia,2026-06-27T00:00:00.000Z,,Houston Stadium,François Letexier,Full time,0,0,Cape Verde,Saudi Arabia,home,Livramento,19,True,starting_xi,FWD,4,1,1,4-1-4-1,6.9,5.6,0,61.0
4667803,cape-verde-vs-saudi-arabia,https://www.fotmob.com/matches/cape-verde-vs-saudi-arabia/1jqqyp#4667803,Cape Verde vs Saudi Arabia (2026-06-27T00:00:00.000Z),Cape Verde,Saudi Arabia,2026-06-27T00:00:00.000Z,,Houston Stadium,François Letexier,Full time,0,0,Saudi Arabia,Cape Verde,away,Kanno,23,True,starting_xi,FWD,3,2,1,4-4-2,6.8,6.9,0,
4667803,cape-verde-vs-saudi-arabia,https://www.fotmob.com/matches/cape-verde-vs-saudi-arabia/1jqqyp#4667803,Cape Verde vs Saudi Arabia (2026-06-27T00:00:00.000Z),Cape Verde,Saudi Arabia,2026-06-27T00:00:00.000Z,,Houston Stadium,François Letexier,Full time,0,0,Saudi Arabia,Cape Verde,away,Al-Buraikan,9,True,starting_xi,FWD,3,2,2,4-4-2,6.8,6.5,0,
4667803,cape-verde-vs-saudi-arabia,https://www.fotmob.com/matches/cape-verde-vs-saudi-arabia/1jqqyp#4667803,Cape Verde vs Saudi Arabia (2026-06-27T00:00:00.000Z),Cape Verde,Saudi Arabia,2026-06-27T00:00:00.000Z,,Houston Stadium,François Letexier,Full time,0,0,Saudi Arabia,Cape Verde,away,Al-Dawsari,10,True,starting_xi,AM,2,4,1,4-4-2,6.8,6.5,0,65.0
4667803,cape-verde-vs-saudi-arabia,https://www.fotmob.com/matches/cape-verde-vs-saudi-arabia/1jqqyp#4667803,Cape Verde vs Saudi Arabia (2026-06-27T00:00:00.000Z),Cape Verde,Saudi Arabia,2026-06-27T00:00:00.000Z,,Houston Stadium,François Letexier,Full time,0,0,Saudi Arabia,Cape Verde,away,Al-Dawsari,6,True,starting_xi,AM,2,4,2,4-4-2,6.8,7.4,0,
4667803,cape-verde-vs-saudi-arabia,https://www.fotmob.com/matches/cape-verde-vs-saudi-arabia/1jqqyp#4667803,Cape Verde vs Saudi Arabia (2026-06-27T00:00:00.000Z),Cape Verde,Saudi Arabia,2026-06-27T00:00:00.000Z,,Houston Stadium,François Letexier,Full time,0,0,Saudi Arabia,Cape Verde,away,Alkhaibari,15,True,starting_xi,AM,2,4,3,4-4-2,6.8,6.4,0,46.0
4667803,cape-verde-vs-saudi-arabia,https://www.fotmob.com/matches/cape-verde-vs-saudi-arabia/1jqqyp#4667803,Cape Verde vs Saudi Arabia (2026-06-27T00:00:00.000Z),Cape Verde,Saudi Arabia,2026-06-27T00:00:00.000Z,,Houston Stadium,François Letexier,Full time,0,0,Saudi Arabia,Cape Verde,away,Mandash,20,True,starting_xi,AM,2,4,4,4-4-2,6.8,6.6,0,65.0
4667803,cape-verde-vs-saudi-arabia,https://www.fotmob.com/matches/cape-verde-vs-saudi-arabia/1jqqyp#4667803,Cape Verde vs Saudi Arabia (2026-06-27T00:00:00.000Z),Cape Verde,Saudi Arabia,2026-06-27T00:00:00.000Z,,Houston Stadium,François Letexier,Full time,0,0,Saudi Arabia,Cape Verde,away,Al-Boushail,13,True,starting_xi,DEF,1,4,1,4-4-2,6.8,6.9,0,82.0
4667803,cape-verde-vs-saudi-arabia,https://www.fotmob.com/matches/cape-verde-vs-saudi-arabia/1jqqyp#4667803,Cape Verde vs Saudi Arabia (2026-06-27T00:00:00.000Z),Cape Verde,Saudi Arabia,2026-06-27T00:00:00.000Z,,Houston Stadium,François Letexier,Full time,0,0,Saudi Arabia,Cape Verde,away,Al Tambakti,5,True,starting_xi,DEF,1,4,2,4-4-2,6.8,6.7,0,33.0
4667803,cape-verde-vs-saudi-arabia,https://www.fotmob.com/matches/cape-verde-vs-saudi-arabia/1jqqyp#4667803,Cape Verde vs Saudi Arabia (2026-06-27T00:00:00.000Z),Cape Verde,Saudi Arabia,2026-06-27T00:00:00.000Z,,Houston Stadium,François Letexier,Full time,0,0,Saudi Arabia,Cape Verde,away,Al Amri,4,True,starting_xi,DEF,1,4,3,4-4-2,6.8,7.3,0,
4667803,cape-verde-vs-saudi-arabia,https://www.fotmob.com/matches/cape-verde-vs-saudi-arabia/1jqqyp#4667803,Cape Verde vs Saudi Arabia (2026-06-27T00:00:00.000Z),Cape Verde,Saudi Arabia,2026-06-27T00:00:00.000Z,,Houston Stadium,François Letexier,Full time,0,0,Saudi Arabia,Cape Verde,away,Abdulhamid,12,True,starting_xi,DEF,1,4,4,4-4-2,6.8,7.8,0,
4667803,cape-verde-vs-saudi-arabia,https://www.fotmob.com/matches/cape-verde-vs-saudi-arabia/1jqqyp#4667803,Cape Verde vs Saudi Arabia (2026-06-27T00:00:00.000Z),Cape Verde,Saudi Arabia,2026-06-27T00:00:00.000Z,,Houston Stadium,François Letexier,Full time,0,0,Saudi Arabia,Cape Verde,away,Al Owais,21,True,starting_xi,GK,0,1,1,4-4-2,6.8,7.6,0,
4667815,argentina-vs-austria,https://www.fotmob.com/matches/argentina-vs-austria/1un2w8#4667815,Argentina vs Austria (2026-06-22T17:00:00.000Z),Argentina,Austria,2026-06-22T17:00:00.000Z,,Dallas Stadium,Amin Mohamed Omar,Full time,2,0,Argentina,Austria,home,Martínez,23,True,starting_xi,GK,0,1,1,4-4-2,7.3,7.6,0,
4667815,argentina-vs-austria,https://www.fotmob.com/matches/argentina-vs-austria/1un2w8#4667815,Argentina vs Austria (2026-06-22T17:00:00.000Z),Argentina,Austria,2026-06-22T17:00:00.000Z,,Dallas Stadium,Amin Mohamed Omar,Full time,2,0,Argentina,Austria,home,Molina,26,True,starting_xi,DEF,1,4,1,4-4-2,7.3,7.4,0,
4667815,argentina-vs-austria,https://www.fotmob.com/matches/argentina-vs-austria/1un2w8#4667815,Argentina vs Austria (2026-06-22T17:00:00.000Z),Argentina,Austria,2026-06-22T17:00:00.000Z,,Dallas Stadium,Amin Mohamed Omar,Full time,2,0,Argentina,Austria,home,Romero,13,True,starting_xi,DEF,1,4,2,4-4-2,7.3,7.2,0,57.0
4667815,argentina-vs-austria,https://www.fotmob.com/matches/argentina-vs-austria/1un2w8#4667815,Argentina vs Austria (2026-06-22T17:00:00.000Z),Argentina,Austria,2026-06-22T17:00:00.000Z,,Dallas Stadium,Amin Mohamed Omar,Full time,2,0,Argentina,Austria,home,Martínez,6,True,starting_xi,DEF,1,4,3,4-4-2,7.3,7.5,0,
4667815,argentina-vs-austria,https://www.fotmob.com/matches/argentina-vs-austria/1un2w8#4667815,Argentina vs Austria (2026-06-22T17:00:00.000Z),Argentina,Austria,2026-06-22T17:00:00.000Z,,Dallas Stadium,Amin Mohamed Omar,Full time,2,0,Argentina,Austria,home,Medina,25,True,starting_xi,DEF,1,4,4,4-4-2,7.3,7.9,0,82.0
4667815,argentina-vs-austria,https://www.fotmob.com/matches/argentina-vs-austria/1un2w8#4667815,Argentina vs Austria (2026-06-22T17:00:00.000Z),Argentina,Austria,2026-06-22T17:00:00.000Z,,Dallas Stadium,Amin Mohamed Omar,Full time,2,0,Argentina,Austria,home,De Paul,7,True,starting_xi,AM,2,4,1,4-4-2,7.3,7.1,0,82.0
4667815,argentina-vs-austria,https://www.fotmob.com/matches/argentina-vs-austria/1un2w8#4667815,Argentina vs Austria (2026-06-22T17:00:00.000Z),Argentina,Austria,2026-06-22T17:00:00.000Z,,Dallas Stadium,Amin Mohamed Omar,Full time,2,0,Argentina,Austria,home,Mac Allister,20,True,starting_xi,AM,2,4,2,4-4-2,7.3,7.4,0,
4667815,argentina-vs-austria,https://www.fotmob.com/matches/argentina-vs-austria/1un2w8#4667815,Argentina vs Austria (2026-06-22T17:00:00.000Z),Argentina,Austria,2026-06-22T17:00:00.000Z,,Dallas Stadium,Amin Mohamed Omar,Full time,2,0,Argentina,Austria,home,Fernández,24,True,starting_xi,AM,2,4,3,4-4-2,7.3,7.8,0,
4667815,argentina-vs-austria,https://www.fotmob.com/matches/argentina-vs-austria/1un2w8#4667815,Argentina vs Austria (2026-06-22T17:00:00.000Z),Argentina,Austria,2026-06-22T17:00:00.000Z,,Dallas Stadium,Amin Mohamed Omar,Full time,2,0,Argentina,Austria,home,Almada,16,True,starting_xi,AM,2,4,4,4-4-2,7.3,7.2,0,64.0
4667815,argentina-vs-austria,https://www.fotmob.com/matches/argentina-vs-austria/1un2w8#4667815,Argentina vs Austria (2026-06-22T17:00:00.000Z),Argentina,Austria,2026-06-22T17:00:00.000Z,,Dallas Stadium,Amin Mohamed Omar,Full time,2,0,Argentina,Austria,home,Messi,10,True,starting_xi,FWD,3,2,1,4-4-2,7.3,8.7,0,
4667815,argentina-vs-austria,https://www.fotmob.com/matches/argentina-vs-austria/1un2w8#4667815,Argentina vs Austria (2026-06-22T17:00:00.000Z),Argentina,Austria,2026-06-22T17:00:00.000Z,,Dallas Stadium,Amin Mohamed Omar,Full time,2,0,Argentina,Austria,home,Martínez,22,True,starting_xi,FWD,3,2,2,4-4-2,7.3,7.0,0,64.0
4667815,argentina-vs-austria,https://www.fotmob.com/matches/argentina-vs-austria/1un2w8#4667815,Argentina vs Austria (2026-06-22T17:00:00.000Z),Argentina,Austria,2026-06-22T17:00:00.000Z,,Dallas Stadium,Amin Mohamed Omar,Full time,2,0,Austria,Argentina,away,Gregoritsch,11,True,starting_xi,FWD,4,1,1,4-2-3-1,6.3,6.0,0,85.0
4667815,argentina-vs-austria,https://www.fotmob.com/matches/argentina-vs-austria/1un2w8#4667815,Argentina vs Austria (2026-06-22T17:00:00.000Z),Argentina,Austria,2026-06-22T17:00:00.000Z,,Dallas Stadium,Amin Mohamed Omar,Full time,2,0,Austria,Argentina,away,Sabitzer,9,True,starting_xi,AM,3,3,1,4-2-3-1,6.3,6.6,0,
4667815,argentina-vs-austria,https://www.fotmob.com/matches/argentina-vs-austria/1un2w8#4667815,Argentina vs Austria (2026-06-22T17:00:00.000Z),Argentina,Austria,2026-06-22T17:00:00.000Z,,Dallas Stadium,Amin Mohamed Omar,Full time,2,0,Austria,Argentina,away,Wanner,24,True,starting_xi,AM,3,3,2,4-2-3-1,6.3,6.2,0,67.0
4667815,argentina-vs-austria,https://www.fotmob.com/matches/argentina-vs-austria/1un2w8#4667815,Argentina vs Austria (2026-06-22T17:00:00.000Z),Argentina,Austria,2026-06-22T17:00:00.000Z,,Dallas Stadium,Amin Mohamed Omar,Full time,2,0,Austria,Argentina,away,Schmid,18,True,starting_xi,AM,3,3,3,4-2-3-1,6.3,6.8,0,78.0
4667815,argentina-vs-austria,https://www.fotmob.com/matches/argentina-vs-austria/1un2w8#4667815,Argentina vs Austria (2026-06-22T17:00:00.000Z),Argentina,Austria,2026-06-22T17:00:00.000Z,,Dallas Stadium,Amin Mohamed Omar,Full time,2,0,Austria,Argentina,away,Schlager,4,True,starting_xi,AM,2,2,1,4-2-3-1,6.3,5.7,0,
4667815,argentina-vs-austria,https://www.fotmob.com/matches/argentina-vs-austria/1un2w8#4667815,Argentina vs Austria (2026-06-22T17:00:00.000Z),Argentina,Austria,2026-06-22T17:00:00.000Z,,Dallas Stadium,Amin Mohamed Omar,Full time,2,0,Austria,Argentina,away,Seiwald,6,True,starting_xi,AM,2,2,2,4-2-3-1,6.3,7.3,0,
4667815,argentina-vs-austria,https://www.fotmob.com/matches/argentina-vs-austria/1un2w8#4667815,Argentina vs Austria (2026-06-22T17:00:00.000Z),Argentina,Austria,2026-06-22T17:00:00.000Z,,Dallas Stadium,Amin Mohamed Omar,Full time,2,0,Austria,Argentina,away,Laimer,20,True,starting_xi,DEF,1,4,1,4-2-3-1,6.3,6.2,0,
4667815,argentina-vs-austria,https://www.fotmob.com/matches/argentina-vs-austria/1un2w8#4667815,Argentina vs Austria (2026-06-22T17:00:00.000Z),Argentina,Austria,2026-06-22T17:00:00.000Z,,Dallas Stadium,Amin Mohamed Omar,Full time,2,0,Austria,Argentina,away,Alaba,8,True,starting_xi,DEF,1,4,2,4-2-3-1,6.3,7.4,0,67.0
4667815,argentina-vs-austria,https://www.fotmob.com/matches/argentina-vs-austria/1un2w8#4667815,Argentina vs Austria (2026-06-22T17:00:00.000Z),Argentina,Austria,2026-06-22T17:00:00.000Z,,Dallas Stadium,Amin Mohamed Omar,Full time,2,0,Austria,Argentina,away,Danso,3,True,starting_xi,DEF,1,4,3,4-2-3-1,6.3,6.3,0,
4667815,argentina-vs-austria,https://www.fotmob.com/matches/argentina-vs-austria/1un2w8#4667815,Argentina vs Austria (2026-06-22T17:00:00.000Z),Argentina,Austria,2026-06-22T17:00:00.000Z,,Dallas Stadium,Amin Mohamed Omar,Full time,2,0,Austria,Argentina,away,Posch,5,True,starting_xi,DEF,1,4,4,4-2-3-1,6.3,5.6,0,67.0
4667815,argentina-vs-austria,https://www.fotmob.com/matches/argentina-vs-austria/1un2w8#4667815,Argentina vs Austria (2026-06-22T17:00:00.000Z),Argentina,Austria,2026-06-22T17:00:00.000Z,,Dallas Stadium,Amin Mohamed Omar,Full time,2,0,Austria,Argentina,away,Schlager,1,True,starting_xi,GK,0,1,1,4-2-3-1,6.3,5.4,0,
4667807,iraq-vs-france,https://www.fotmob.com/matches/iraq-vs-france/1au1fo#4667807,France vs Iraq (2026-06-22T21:00:00.000Z),France,Iraq,2026-06-22T21:00:00.000Z,,Philadelphia Stadium,Drew Thomas Fischer,Full time,3,0,France,Iraq,home,Maignan,16,True,starting_xi,GK,0,1,1,4-2-3-1,7.6,7.1,0,
4667807,iraq-vs-france,https://www.fotmob.com/matches/iraq-vs-france/1au1fo#4667807,France vs Iraq (2026-06-22T21:00:00.000Z),France,Iraq,2026-06-22T21:00:00.000Z,,Philadelphia Stadium,Drew Thomas Fischer,Full time,3,0,France,Iraq,home,Koundé,5,True,starting_xi,DEF,1,4,1,4-2-3-1,7.6,7.4,0,83.0
4667807,iraq-vs-france,https://www.fotmob.com/matches/iraq-vs-france/1au1fo#4667807,France vs Iraq (2026-06-22T21:00:00.000Z),France,Iraq,2026-06-22T21:00:00.000Z,,Philadelphia Stadium,Drew Thomas Fischer,Full time,3,0,France,Iraq,home,Upamecano,4,True,starting_xi,DEF,1,4,2,4-2-3-1,7.6,7.9,0,
4667807,iraq-vs-france,https://www.fotmob.com/matches/iraq-vs-france/1au1fo#4667807,France vs Iraq (2026-06-22T21:00:00.000Z),France,Iraq,2026-06-22T21:00:00.000Z,,Philadelphia Stadium,Drew Thomas Fischer,Full time,3,0,France,Iraq,home,Saliba,17,True,starting_xi,DEF,1,4,3,4-2-3-1,7.6,7.2,0,
4667807,iraq-vs-france,https://www.fotmob.com/matches/iraq-vs-france/1au1fo#4667807,France vs Iraq (2026-06-22T21:00:00.000Z),France,Iraq,2026-06-22T21:00:00.000Z,,Philadelphia Stadium,Drew Thomas Fischer,Full time,3,0,France,Iraq,home,Digne,3,True,starting_xi,DEF,1,4,4,4-2-3-1,7.6,7.3,0,
4667807,iraq-vs-france,https://www.fotmob.com/matches/iraq-vs-france/1au1fo#4667807,France vs Iraq (2026-06-22T21:00:00.000Z),France,Iraq,2026-06-22T21:00:00.000Z,,Philadelphia Stadium,Drew Thomas Fischer,Full time,3,0,France,Iraq,home,Koné,6,True,starting_xi,AM,2,2,1,4-2-3-1,7.6,7.5,0,
4667807,iraq-vs-france,https://www.fotmob.com/matches/iraq-vs-france/1au1fo#4667807,France vs Iraq (2026-06-22T21:00:00.000Z),France,Iraq,2026-06-22T21:00:00.000Z,,Philadelphia Stadium,Drew Thomas Fischer,Full time,3,0,France,Iraq,home,Rabiot,14,True,starting_xi,AM,2,2,2,4-2-3-1,7.6,7.3,0,
4667807,iraq-vs-france,https://www.fotmob.com/matches/iraq-vs-france/1au1fo#4667807,France vs Iraq (2026-06-22T21:00:00.000Z),France,Iraq,2026-06-22T21:00:00.000Z,,Philadelphia Stadium,Drew Thomas Fischer,Full time,3,0,France,Iraq,home,Dembélé,7,True,starting_xi,AM,3,3,1,4-2-3-1,7.6,8.6,0,68.0
4667807,iraq-vs-france,https://www.fotmob.com/matches/iraq-vs-france/1au1fo#4667807,France vs Iraq (2026-06-22T21:00:00.000Z),France,Iraq,2026-06-22T21:00:00.000Z,,Philadelphia Stadium,Drew Thomas Fischer,Full time,3,0,France,Iraq,home,Olise,11,True,starting_xi,AM,3,3,2,4-2-3-1,7.6,8.9,0,68.0
4667807,iraq-vs-france,https://www.fotmob.com/matches/iraq-vs-france/1au1fo#4667807,France vs Iraq (2026-06-22T21:00:00.000Z),France,Iraq,2026-06-22T21:00:00.000Z,,Philadelphia Stadium,Drew Thomas Fischer,Full time,3,0,France,Iraq,home,Barcola,12,True,starting_xi,AM,3,3,3,4-2-3-1,7.6,7.7,0,83.0
4667807,iraq-vs-france,https://www.fotmob.com/matches/iraq-vs-france/1au1fo#4667807,France vs Iraq (2026-06-22T21:00:00.000Z),France,Iraq,2026-06-22T21:00:00.000Z,,Philadelphia Stadium,Drew Thomas Fischer,Full time,3,0,France,Iraq,home,Mbappé,10,True,starting_xi,FWD,4,1,1,4-2-3-1,7.6,9.2,0,90.0
4667807,iraq-vs-france,https://www.fotmob.com/matches/iraq-vs-france/1au1fo#4667807,France vs Iraq (2026-06-22T21:00:00.000Z),France,Iraq,2026-06-22T21:00:00.000Z,,Philadelphia Stadium,Drew Thomas Fischer,Full time,3,0,Iraq,France,away,Bayesh,8,True,starting_xi,FWD,3,3,1,4-3-3,6.0,5.8,0,68.0
4667807,iraq-vs-france,https://www.fotmob.com/matches/iraq-vs-france/1au1fo#4667807,France vs Iraq (2026-06-22T21:00:00.000Z),France,Iraq,2026-06-22T21:00:00.000Z,,Philadelphia Stadium,Drew Thomas Fischer,Full time,3,0,Iraq,France,away,Hussein,18,True,starting_xi,FWD,3,3,2,4-3-3,6.0,6.0,0,26.0
4667807,iraq-vs-france,https://www.fotmob.com/matches/iraq-vs-france/1au1fo#4667807,France vs Iraq (2026-06-22T21:00:00.000Z),France,Iraq,2026-06-22T21:00:00.000Z,,Philadelphia Stadium,Drew Thomas Fischer,Full time,3,0,Iraq,France,away,Qasem,11,True,starting_xi,FWD,3,3,3,4-3-3,6.0,5.7,0,
4667807,iraq-vs-france,https://www.fotmob.com/matches/iraq-vs-france/1au1fo#4667807,France vs Iraq (2026-06-22T21:00:00.000Z),France,Iraq,2026-06-22T21:00:00.000Z,,Philadelphia Stadium,Drew Thomas Fischer,Full time,3,0,Iraq,France,away,Iqbal,14,True,starting_xi,AM,2,3,1,4-3-3,6.0,6.7,0,
4667807,iraq-vs-france,https://www.fotmob.com/matches/iraq-vs-france/1au1fo#4667807,France vs Iraq (2026-06-22T21:00:00.000Z),France,Iraq,2026-06-22T21:00:00.000Z,,Philadelphia Stadium,Drew Thomas Fischer,Full time,3,0,Iraq,France,away,Al-Ammari,16,True,starting_xi,AM,2,3,2,4-3-3,6.0,5.8,0,68.0
4667807,iraq-vs-france,https://www.fotmob.com/matches/iraq-vs-france/1au1fo#4667807,France vs Iraq (2026-06-22T21:00:00.000Z),France,Iraq,2026-06-22T21:00:00.000Z,,Philadelphia Stadium,Drew Thomas Fischer,Full time,3,0,Iraq,France,away,Ismael,24,True,starting_xi,AM,2,3,3,4-3-3,6.0,6.4,0,60.0
4667807,iraq-vs-france,https://www.fotmob.com/matches/iraq-vs-france/1au1fo#4667807,France vs Iraq (2026-06-22T21:00:00.000Z),France,Iraq,2026-06-22T21:00:00.000Z,,Philadelphia Stadium,Drew Thomas Fischer,Full time,3,0,Iraq,France,away,Doski,23,True,starting_xi,DEF,1,4,1,4-3-3,6.0,6.4,0,
4667807,iraq-vs-france,https://www.fotmob.com/matches/iraq-vs-france/1au1fo#4667807,France vs Iraq (2026-06-22T21:00:00.000Z),France,Iraq,2026-06-22T21:00:00.000Z,,Philadelphia Stadium,Drew Thomas Fischer,Full time,3,0,Iraq,France,away,Hashem,5,True,starting_xi,DEF,1,4,2,4-3-3,6.0,6.6,0,
4667807,iraq-vs-france,https://www.fotmob.com/matches/iraq-vs-france/1au1fo#4667807,France vs Iraq (2026-06-22T21:00:00.000Z),France,Iraq,2026-06-22T21:00:00.000Z,,Philadelphia Stadium,Drew Thomas Fischer,Full time,3,0,Iraq,France,away,Tahseen,4,True,starting_xi,DEF,1,4,3,4-3-3,6.0,6.2,0,60.0
4667807,iraq-vs-france,https://www.fotmob.com/matches/iraq-vs-france/1au1fo#4667807,France vs Iraq (2026-06-22T21:00:00.000Z),France,Iraq,2026-06-22T21:00:00.000Z,,Philadelphia Stadium,Drew Thomas Fischer,Full time,3,0,Iraq,France,away,Ali,3,True,starting_xi,DEF,1,4,4,4-3-3,6.0,5.8,0,
4667807,iraq-vs-france,https://www.fotmob.com/matches/iraq-vs-france/1au1fo#4667807,France vs Iraq (2026-06-22T21:00:00.000Z),France,Iraq,2026-06-22T21:00:00.000Z,,Philadelphia Stadium,Drew Thomas Fischer,Full time,3,0,Iraq,France,away,Fadhil,22,True,starting_xi,GK,0,1,1,4-3-3,6.0,4.4,0,
4667817,algeria-vs-austria,https://www.fotmob.com/matches/algeria-vs-austria/1r7yil#4667817,Algeria vs Austria (2026-06-28T02:00:00.000Z),Algeria,Austria,2026-06-28T02:00:00.000Z,,Kansas City Stadium,Ilgiz Tantashev,Full time,3,3,Algeria,Austria,home,Benbot,16,True,starting_xi,GK,0,1,1,4-2-3-1,6.7,3.8,0,
4667817,algeria-vs-austria,https://www.fotmob.com/matches/algeria-vs-austria/1r7yil#4667817,Algeria vs Austria (2026-06-28T02:00:00.000Z),Algeria,Austria,2026-06-28T02:00:00.000Z,,Kansas City Stadium,Ilgiz Tantashev,Full time,3,3,Algeria,Austria,home,Belghali,17,True,starting_xi,DEF,1,4,1,4-2-3-1,6.7,7.1,0,71.0
4667817,algeria-vs-austria,https://www.fotmob.com/matches/algeria-vs-austria/1r7yil#4667817,Algeria vs Austria (2026-06-28T02:00:00.000Z),Algeria,Austria,2026-06-28T02:00:00.000Z,,Kansas City Stadium,Ilgiz Tantashev,Full time,3,3,Algeria,Austria,home,Mandi,2,True,starting_xi,DEF,1,4,2,4-2-3-1,6.7,6.5,0,
4667817,algeria-vs-austria,https://www.fotmob.com/matches/algeria-vs-austria/1r7yil#4667817,Algeria vs Austria (2026-06-28T02:00:00.000Z),Algeria,Austria,2026-06-28T02:00:00.000Z,,Kansas City Stadium,Ilgiz Tantashev,Full time,3,3,Algeria,Austria,home,Bensebaini,21,True,starting_xi,DEF,1,4,3,4-2-3-1,6.7,6.0,0,
4667817,algeria-vs-austria,https://www.fotmob.com/matches/algeria-vs-austria/1r7yil#4667817,Algeria vs Austria (2026-06-28T02:00:00.000Z),Algeria,Austria,2026-06-28T02:00:00.000Z,,Kansas City Stadium,Ilgiz Tantashev,Full time,3,3,Algeria,Austria,home,Hadjam,13,True,starting_xi,DEF,1,4,4,4-2-3-1,6.7,6.6,0,71.0
4667817,algeria-vs-austria,https://www.fotmob.com/matches/algeria-vs-austria/1r7yil#4667817,Algeria vs Austria (2026-06-28T02:00:00.000Z),Algeria,Austria,2026-06-28T02:00:00.000Z,,Kansas City Stadium,Ilgiz Tantashev,Full time,3,3,Algeria,Austria,home,Bentaleb,19,True,starting_xi,AM,2,2,1,4-2-3-1,6.7,7.0,0,
4667817,algeria-vs-austria,https://www.fotmob.com/matches/algeria-vs-austria/1r7yil#4667817,Algeria vs Austria (2026-06-28T02:00:00.000Z),Algeria,Austria,2026-06-28T02:00:00.000Z,,Kansas City Stadium,Ilgiz Tantashev,Full time,3,3,Algeria,Austria,home,Chaïbi,10,True,starting_xi,AM,2,2,2,4-2-3-1,6.7,7.1,0,
4667817,algeria-vs-austria,https://www.fotmob.com/matches/algeria-vs-austria/1r7yil#4667817,Algeria vs Austria (2026-06-28T02:00:00.000Z),Algeria,Austria,2026-06-28T02:00:00.000Z,,Kansas City Stadium,Ilgiz Tantashev,Full time,3,3,Algeria,Austria,home,Mahrez,7,True,starting_xi,AM,3,3,1,4-2-3-1,6.7,9.1,0,
4667817,algeria-vs-austria,https://www.fotmob.com/matches/algeria-vs-austria/1r7yil#4667817,Algeria vs Austria (2026-06-28T02:00:00.000Z),Algeria,Austria,2026-06-28T02:00:00.000Z,,Kansas City Stadium,Ilgiz Tantashev,Full time,3,3,Algeria,Austria,home,Maza,22,True,starting_xi,AM,3,3,2,4-2-3-1,6.7,7.3,0,
4667817,algeria-vs-austria,https://www.fotmob.com/matches/algeria-vs-austria/1r7yil#4667817,Algeria vs Austria (2026-06-28T02:00:00.000Z),Algeria,Austria,2026-06-28T02:00:00.000Z,,Kansas City Stadium,Ilgiz Tantashev,Full time,3,3,Algeria,Austria,home,Aouar,8,True,starting_xi,AM,3,3,3,4-2-3-1,6.7,8.4,0,90.0
4667817,algeria-vs-austria,https://www.fotmob.com/matches/algeria-vs-austria/1r7yil#4667817,Algeria vs Austria (2026-06-28T02:00:00.000Z),Algeria,Austria,2026-06-28T02:00:00.000Z,,Kansas City Stadium,Ilgiz Tantashev,Full time,3,3,Algeria,Austria,home,Gouiri,9,True,starting_xi,FWD,4,1,1,4-2-3-1,6.7,6.6,0,71.0
4667817,algeria-vs-austria,https://www.fotmob.com/matches/algeria-vs-austria/1r7yil#4667817,Algeria vs Austria (2026-06-28T02:00:00.000Z),Algeria,Austria,2026-06-28T02:00:00.000Z,,Kansas City Stadium,Ilgiz Tantashev,Full time,3,3,Austria,Algeria,away,Arnautovic,7,True,starting_xi,FWD,4,1,1,4-2-3-1,6.5,7.1,0,46.0
4667817,algeria-vs-austria,https://www.fotmob.com/matches/algeria-vs-austria/1r7yil#4667817,Algeria vs Austria (2026-06-28T02:00:00.000Z),Algeria,Austria,2026-06-28T02:00:00.000Z,,Kansas City Stadium,Ilgiz Tantashev,Full time,3,3,Austria,Algeria,away,Sabitzer,9,True,starting_xi,AM,3,3,1,4-2-3-1,6.5,8.0,0,
4667817,algeria-vs-austria,https://www.fotmob.com/matches/algeria-vs-austria/1r7yil#4667817,Algeria vs Austria (2026-06-28T02:00:00.000Z),Algeria,Austria,2026-06-28T02:00:00.000Z,,Kansas City Stadium,Ilgiz Tantashev,Full time,3,3,Austria,Algeria,away,Schmid,18,True,starting_xi,AM,3,3,2,4-2-3-1,6.5,5.7,0,46.0
4667817,algeria-vs-austria,https://www.fotmob.com/matches/algeria-vs-austria/1r7yil#4667817,Algeria vs Austria (2026-06-28T02:00:00.000Z),Algeria,Austria,2026-06-28T02:00:00.000Z,,Kansas City Stadium,Ilgiz Tantashev,Full time,3,3,Austria,Algeria,away,Laimer,20,True,starting_xi,AM,3,3,3,4-2-3-1,6.5,7.2,0,
4667817,algeria-vs-austria,https://www.fotmob.com/matches/algeria-vs-austria/1r7yil#4667817,Algeria vs Austria (2026-06-28T02:00:00.000Z),Algeria,Austria,2026-06-28T02:00:00.000Z,,Kansas City Stadium,Ilgiz Tantashev,Full time,3,3,Austria,Algeria,away,Schlager,4,True,starting_xi,AM,2,2,1,4-2-3-1,6.5,6.1,0,46.0
4667817,algeria-vs-austria,https://www.fotmob.com/matches/algeria-vs-austria/1r7yil#4667817,Algeria vs Austria (2026-06-28T02:00:00.000Z),Algeria,Austria,2026-06-28T02:00:00.000Z,,Kansas City Stadium,Ilgiz Tantashev,Full time,3,3,Austria,Algeria,away,Seiwald,6,True,starting_xi,AM,2,2,2,4-2-3-1,6.5,6.1,0,
4667817,algeria-vs-austria,https://www.fotmob.com/matches/algeria-vs-austria/1r7yil#4667817,Algeria vs Austria (2026-06-28T02:00:00.000Z),Algeria,Austria,2026-06-28T02:00:00.000Z,,Kansas City Stadium,Ilgiz Tantashev,Full time,3,3,Austria,Algeria,away,Mwene,16,True,starting_xi,DEF,1,4,1,4-2-3-1,6.5,6.4,0,90.0
4667817,algeria-vs-austria,https://www.fotmob.com/matches/algeria-vs-austria/1r7yil#4667817,Algeria vs Austria (2026-06-28T02:00:00.000Z),Algeria,Austria,2026-06-28T02:00:00.000Z,,Kansas City Stadium,Ilgiz Tantashev,Full time,3,3,Austria,Algeria,away,Alaba,8,True,starting_xi,DEF,1,4,2,4-2-3-1,6.5,7.0,0,62.0
4667817,algeria-vs-austria,https://www.fotmob.com/matches/algeria-vs-austria/1r7yil#4667817,Algeria vs Austria (2026-06-28T02:00:00.000Z),Algeria,Austria,2026-06-28T02:00:00.000Z,,Kansas City Stadium,Ilgiz Tantashev,Full time,3,3,Austria,Algeria,away,Lienhart,15,True,starting_xi,DEF,1,4,3,4-2-3-1,6.5,5.5,0,
4667817,algeria-vs-austria,https://www.fotmob.com/matches/algeria-vs-austria/1r7yil#4667817,Algeria vs Austria (2026-06-28T02:00:00.000Z),Algeria,Austria,2026-06-28T02:00:00.000Z,,Kansas City Stadium,Ilgiz Tantashev,Full time,3,3,Austria,Algeria,away,Posch,5,True,starting_xi,DEF,1,4,4,4-2-3-1,6.5,6.1,0,
4667817,algeria-vs-austria,https://www.fotmob.com/matches/algeria-vs-austria/1r7yil#4667817,Algeria vs Austria (2026-06-28T02:00:00.000Z),Algeria,Austria,2026-06-28T02:00:00.000Z,,Kansas City Stadium,Ilgiz Tantashev,Full time,3,3,Austria,Algeria,away,Schlager,1,True,starting_xi,GK,0,1,1,4-2-3-1,6.5,5.8,0,
4653711,japan-vs-brazil,https://www.fotmob.com/matches/japan-vs-brazil/1uqadm#4653711,Brazil vs Japan (2026-06-29T17:00:00.000Z),Brazil,Japan,2026-06-29T17:00:00.000Z,,Houston Stadium,Maurizio Mariani,Full time,2,1,Brazil,Japan,home,Alisson,1,True,starting_xi,GK,0,1,1,4-3-3,7.4,6.5,0,
4653711,japan-vs-brazil,https://www.fotmob.com/matches/japan-vs-brazil/1uqadm#4653711,Brazil vs Japan (2026-06-29T17:00:00.000Z),Brazil,Japan,2026-06-29T17:00:00.000Z,,Houston Stadium,Maurizio Mariani,Full time,2,1,Brazil,Japan,home,Danilo,13,True,starting_xi,DEF,1,4,1,4-3-3,7.4,6.3,0,
4653711,japan-vs-brazil,https://www.fotmob.com/matches/japan-vs-brazil/1uqadm#4653711,Brazil vs Japan (2026-06-29T17:00:00.000Z),Brazil,Japan,2026-06-29T17:00:00.000Z,,Houston Stadium,Maurizio Mariani,Full time,2,1,Brazil,Japan,home,Marquinhos,4,True,starting_xi,DEF,1,4,2,4-3-3,7.4,7.7,0,
4653711,japan-vs-brazil,https://www.fotmob.com/matches/japan-vs-brazil/1uqadm#4653711,Brazil vs Japan (2026-06-29T17:00:00.000Z),Brazil,Japan,2026-06-29T17:00:00.000Z,,Houston Stadium,Maurizio Mariani,Full time,2,1,Brazil,Japan,home,Gabriel,3,True,starting_xi,DEF,1,4,3,4-3-3,7.4,8.4,0,
4653711,japan-vs-brazil,https://www.fotmob.com/matches/japan-vs-brazil/1uqadm#4653711,Brazil vs Japan (2026-06-29T17:00:00.000Z),Brazil,Japan,2026-06-29T17:00:00.000Z,,Houston Stadium,Maurizio Mariani,Full time,2,1,Brazil,Japan,home,Santos,16,True,starting_xi,DEF,1,4,4,4-3-3,7.4,7.9,0,
4653711,japan-vs-brazil,https://www.fotmob.com/matches/japan-vs-brazil/1uqadm#4653711,Brazil vs Japan (2026-06-29T17:00:00.000Z),Brazil,Japan,2026-06-29T17:00:00.000Z,,Houston Stadium,Maurizio Mariani,Full time,2,1,Brazil,Japan,home,Guimarães,8,True,starting_xi,AM,2,3,1,4-3-3,7.4,8.4,0,90.0
4653711,japan-vs-brazil,https://www.fotmob.com/matches/japan-vs-brazil/1uqadm#4653711,Brazil vs Japan (2026-06-29T17:00:00.000Z),Brazil,Japan,2026-06-29T17:00:00.000Z,,Houston Stadium,Maurizio Mariani,Full time,2,1,Brazil,Japan,home,Casemiro,5,True,starting_xi,AM,2,3,2,4-3-3,7.4,8.4,0,90.0
4653711,japan-vs-brazil,https://www.fotmob.com/matches/japan-vs-brazil/1uqadm#4653711,Brazil vs Japan (2026-06-29T17:00:00.000Z),Brazil,Japan,2026-06-29T17:00:00.000Z,,Houston Stadium,Maurizio Mariani,Full time,2,1,Brazil,Japan,home,Paquetá,20,True,starting_xi,AM,2,3,3,4-3-3,7.4,7.1,0,46.0
4653711,japan-vs-brazil,https://www.fotmob.com/matches/japan-vs-brazil/1uqadm#4653711,Brazil vs Japan (2026-06-29T17:00:00.000Z),Brazil,Japan,2026-06-29T17:00:00.000Z,,Houston Stadium,Maurizio Mariani,Full time,2,1,Brazil,Japan,home,Rayan,26,True,starting_xi,FWD,3,3,1,4-3-3,7.4,7.7,0,
4653711,japan-vs-brazil,https://www.fotmob.com/matches/japan-vs-brazil/1uqadm#4653711,Brazil vs Japan (2026-06-29T17:00:00.000Z),Brazil,Japan,2026-06-29T17:00:00.000Z,,Houston Stadium,Maurizio Mariani,Full time,2,1,Brazil,Japan,home,Cunha,9,True,starting_xi,FWD,3,3,2,4-3-3,7.4,6.5,0,65.0
4653711,japan-vs-brazil,https://www.fotmob.com/matches/japan-vs-brazil/1uqadm#4653711,Brazil vs Japan (2026-06-29T17:00:00.000Z),Brazil,Japan,2026-06-29T17:00:00.000Z,,Houston Stadium,Maurizio Mariani,Full time,2,1,Brazil,Japan,home,Vinicius,7,True,starting_xi,FWD,3,3,3,4-3-3,7.4,7.6,0,
4653711,japan-vs-brazil,https://www.fotmob.com/matches/japan-vs-brazil/1uqadm#4653711,Brazil vs Japan (2026-06-29T17:00:00.000Z),Brazil,Japan,2026-06-29T17:00:00.000Z,,Houston Stadium,Maurizio Mariani,Full time,2,1,Japan,Brazil,away,Ueda,18,True,starting_xi,FWD,4,1,1,3-4-2-1,6.3,5.9,0,
4653711,japan-vs-brazil,https://www.fotmob.com/matches/japan-vs-brazil/1uqadm#4653711,Brazil vs Japan (2026-06-29T17:00:00.000Z),Brazil,Japan,2026-06-29T17:00:00.000Z,,Houston Stadium,Maurizio Mariani,Full time,2,1,Japan,Brazil,away,Maeda,11,True,starting_xi,AM,3,2,1,3-4-2-1,6.3,6.9,0,90.0
4653711,japan-vs-brazil,https://www.fotmob.com/matches/japan-vs-brazil/1uqadm#4653711,Brazil vs Japan (2026-06-29T17:00:00.000Z),Brazil,Japan,2026-06-29T17:00:00.000Z,,Houston Stadium,Maurizio Mariani,Full time,2,1,Japan,Brazil,away,Ito,14,True,starting_xi,AM,3,2,2,3-4-2-1,6.3,6.5,0,78.0
4653711,japan-vs-brazil,https://www.fotmob.com/matches/japan-vs-brazil/1uqadm#4653711,Brazil vs Japan (2026-06-29T17:00:00.000Z),Brazil,Japan,2026-06-29T17:00:00.000Z,,Houston Stadium,Maurizio Mariani,Full time,2,1,Japan,Brazil,away,Nakamura,13,True,starting_xi,AM,2,4,1,3-4-2-1,6.3,6.1,0,66.0
4653711,japan-vs-brazil,https://www.fotmob.com/matches/japan-vs-brazil/1uqadm#4653711,Brazil vs Japan (2026-06-29T17:00:00.000Z),Brazil,Japan,2026-06-29T17:00:00.000Z,,Houston Stadium,Maurizio Mariani,Full time,2,1,Japan,Brazil,away,Kamada,15,True,starting_xi,AM,2,4,2,3-4-2-1,6.3,6.3,0,78.0
4653711,japan-vs-brazil,https://www.fotmob.com/matches/japan-vs-brazil/1uqadm#4653711,Brazil vs Japan (2026-06-29T17:00:00.000Z),Brazil,Japan,2026-06-29T17:00:00.000Z,,Houston Stadium,Maurizio Mariani,Full time,2,1,Japan,Brazil,away,Sano,24,True,starting_xi,AM,2,4,3,3-4-2-1,6.3,7.5,0,
4653711,japan-vs-brazil,https://www.fotmob.com/matches/japan-vs-brazil/1uqadm#4653711,Brazil vs Japan (2026-06-29T17:00:00.000Z),Brazil,Japan,2026-06-29T17:00:00.000Z,,Houston Stadium,Maurizio Mariani,Full time,2,1,Japan,Brazil,away,Doan,10,True,starting_xi,AM,2,4,4,3-4-2-1,6.3,6.1,0,66.0
4653711,japan-vs-brazil,https://www.fotmob.com/matches/japan-vs-brazil/1uqadm#4653711,Brazil vs Japan (2026-06-29T17:00:00.000Z),Brazil,Japan,2026-06-29T17:00:00.000Z,,Houston Stadium,Maurizio Mariani,Full time,2,1,Japan,Brazil,away,Ito,21,True,starting_xi,DEF,1,3,1,3-4-2-1,6.3,5.6,0,
4653711,japan-vs-brazil,https://www.fotmob.com/matches/japan-vs-brazil/1uqadm#4653711,Brazil vs Japan (2026-06-29T17:00:00.000Z),Brazil,Japan,2026-06-29T17:00:00.000Z,,Houston Stadium,Maurizio Mariani,Full time,2,1,Japan,Brazil,away,Taniguchi,3,True,starting_xi,DEF,1,3,2,3-4-2-1,6.3,6.4,0,
4653711,japan-vs-brazil,https://www.fotmob.com/matches/japan-vs-brazil/1uqadm#4653711,Brazil vs Japan (2026-06-29T17:00:00.000Z),Brazil,Japan,2026-06-29T17:00:00.000Z,,Houston Stadium,Maurizio Mariani,Full time,2,1,Japan,Brazil,away,Tomiyasu,22,True,starting_xi,DEF,1,3,3,3-4-2-1,6.3,7.0,0,
4653711,japan-vs-brazil,https://www.fotmob.com/matches/japan-vs-brazil/1uqadm#4653711,Brazil vs Japan (2026-06-29T17:00:00.000Z),Brazil,Japan,2026-06-29T17:00:00.000Z,,Houston Stadium,Maurizio Mariani,Full time,2,1,Japan,Brazil,away,Suzuki,1,True,starting_xi,GK,0,1,1,3-4-2-1,6.3,7.0,0,
4667823,colombia-vs-portugal,https://www.fotmob.com/matches/colombia-vs-portugal/2a883f#4667823,Colombia vs Portugal (2026-06-27T23:30:00.000Z),Colombia,Portugal,2026-06-27T23:30:00.000Z,,Miami Stadium,Alireza Faghani,Full time,0,0,Colombia,Portugal,home,Vargas,12,True,starting_xi,GK,0,1,1,4-3-3,6.9,7.8,0,
4667823,colombia-vs-portugal,https://www.fotmob.com/matches/colombia-vs-portugal/2a883f#4667823,Colombia vs Portugal (2026-06-27T23:30:00.000Z),Colombia,Portugal,2026-06-27T23:30:00.000Z,,Miami Stadium,Alireza Faghani,Full time,0,0,Colombia,Portugal,home,Arias,4,True,starting_xi,DEF,1,4,1,4-3-3,6.9,7.9,0,87.0
4667823,colombia-vs-portugal,https://www.fotmob.com/matches/colombia-vs-portugal/2a883f#4667823,Colombia vs Portugal (2026-06-27T23:30:00.000Z),Colombia,Portugal,2026-06-27T23:30:00.000Z,,Miami Stadium,Alireza Faghani,Full time,0,0,Colombia,Portugal,home,Sánchez,23,True,starting_xi,DEF,1,4,2,4-3-3,6.9,7.2,0,
4667823,colombia-vs-portugal,https://www.fotmob.com/matches/colombia-vs-portugal/2a883f#4667823,Colombia vs Portugal (2026-06-27T23:30:00.000Z),Colombia,Portugal,2026-06-27T23:30:00.000Z,,Miami Stadium,Alireza Faghani,Full time,0,0,Colombia,Portugal,home,Lucumí,3,True,starting_xi,DEF,1,4,3,4-3-3,6.9,7.0,0,
4667823,colombia-vs-portugal,https://www.fotmob.com/matches/colombia-vs-portugal/2a883f#4667823,Colombia vs Portugal (2026-06-27T23:30:00.000Z),Colombia,Portugal,2026-06-27T23:30:00.000Z,,Miami Stadium,Alireza Faghani,Full time,0,0,Colombia,Portugal,home,Machado,22,True,starting_xi,DEF,1,4,4,4-3-3,6.9,7.2,0,
4667823,colombia-vs-portugal,https://www.fotmob.com/matches/colombia-vs-portugal/2a883f#4667823,Colombia vs Portugal (2026-06-27T23:30:00.000Z),Colombia,Portugal,2026-06-27T23:30:00.000Z,,Miami Stadium,Alireza Faghani,Full time,0,0,Colombia,Portugal,home,Arias,11,True,starting_xi,AM,2,3,1,4-3-3,6.9,7.9,0,76.0
4667823,colombia-vs-portugal,https://www.fotmob.com/matches/colombia-vs-portugal/2a883f#4667823,Colombia vs Portugal (2026-06-27T23:30:00.000Z),Colombia,Portugal,2026-06-27T23:30:00.000Z,,Miami Stadium,Alireza Faghani,Full time,0,0,Colombia,Portugal,home,Lerma,16,True,starting_xi,AM,2,3,2,4-3-3,6.9,6.4,0,60.0
4667823,colombia-vs-portugal,https://www.fotmob.com/matches/colombia-vs-portugal/2a883f#4667823,Colombia vs Portugal (2026-06-27T23:30:00.000Z),Colombia,Portugal,2026-06-27T23:30:00.000Z,,Miami Stadium,Alireza Faghani,Full time,0,0,Colombia,Portugal,home,Puerta,14,True,starting_xi,AM,2,3,3,4-3-3,6.9,7.0,0,
4667823,colombia-vs-portugal,https://www.fotmob.com/matches/colombia-vs-portugal/2a883f#4667823,Colombia vs Portugal (2026-06-27T23:30:00.000Z),Colombia,Portugal,2026-06-27T23:30:00.000Z,,Miami Stadium,Alireza Faghani,Full time,0,0,Colombia,Portugal,home,Rodríguez,10,True,starting_xi,FWD,3,3,1,4-3-3,6.9,7.9,0,76.0
4667823,colombia-vs-portugal,https://www.fotmob.com/matches/colombia-vs-portugal/2a883f#4667823,Colombia vs Portugal (2026-06-27T23:30:00.000Z),Colombia,Portugal,2026-06-27T23:30:00.000Z,,Miami Stadium,Alireza Faghani,Full time,0,0,Colombia,Portugal,home,Córdoba,9,True,starting_xi,FWD,3,3,2,4-3-3,6.9,6.1,0,60.0
4667823,colombia-vs-portugal,https://www.fotmob.com/matches/colombia-vs-portugal/2a883f#4667823,Colombia vs Portugal (2026-06-27T23:30:00.000Z),Colombia,Portugal,2026-06-27T23:30:00.000Z,,Miami Stadium,Alireza Faghani,Full time,0,0,Colombia,Portugal,home,Luis Diaz,7,True,starting_xi,FWD,3,3,3,4-3-3,6.9,6.5,0,
4667823,colombia-vs-portugal,https://www.fotmob.com/matches/colombia-vs-portugal/2a883f#4667823,Colombia vs Portugal (2026-06-27T23:30:00.000Z),Colombia,Portugal,2026-06-27T23:30:00.000Z,,Miami Stadium,Alireza Faghani,Full time,0,0,Portugal,Colombia,away,Ronaldo,7,True,starting_xi,FWD,4,1,1,4-2-3-1,6.9,6.3,0,
4667823,colombia-vs-portugal,https://www.fotmob.com/matches/colombia-vs-portugal/2a883f#4667823,Colombia vs Portugal (2026-06-27T23:30:00.000Z),Colombia,Portugal,2026-06-27T23:30:00.000Z,,Miami Stadium,Alireza Faghani,Full time,0,0,Portugal,Colombia,away,Joao Félix,11,True,starting_xi,AM,3,3,1,4-2-3-1,6.9,6.5,0,70.0
4667823,colombia-vs-portugal,https://www.fotmob.com/matches/colombia-vs-portugal/2a883f#4667823,Colombia vs Portugal (2026-06-27T23:30:00.000Z),Colombia,Portugal,2026-06-27T23:30:00.000Z,,Miami Stadium,Alireza Faghani,Full time,0,0,Portugal,Colombia,away,Fernandes,8,True,starting_xi,AM,3,3,2,4-2-3-1,6.9,7.1,0,
4667823,colombia-vs-portugal,https://www.fotmob.com/matches/colombia-vs-portugal/2a883f#4667823,Colombia vs Portugal (2026-06-27T23:30:00.000Z),Colombia,Portugal,2026-06-27T23:30:00.000Z,,Miami Stadium,Alireza Faghani,Full time,0,0,Portugal,Colombia,away,Neto,18,True,starting_xi,AM,3,3,3,4-2-3-1,6.9,6.6,0,
4667823,colombia-vs-portugal,https://www.fotmob.com/matches/colombia-vs-portugal/2a883f#4667823,Colombia vs Portugal (2026-06-27T23:30:00.000Z),Colombia,Portugal,2026-06-27T23:30:00.000Z,,Miami Stadium,Alireza Faghani,Full time,0,0,Portugal,Colombia,away,Vitinha,23,True,starting_xi,AM,2,2,1,4-2-3-1,6.9,7.6,0,70.0
4667823,colombia-vs-portugal,https://www.fotmob.com/matches/colombia-vs-portugal/2a883f#4667823,Colombia vs Portugal (2026-06-27T23:30:00.000Z),Colombia,Portugal,2026-06-27T23:30:00.000Z,,Miami Stadium,Alireza Faghani,Full time,0,0,Portugal,Colombia,away,Neves,21,True,starting_xi,AM,2,2,2,4-2-3-1,6.9,6.5,0,46.0
4667823,colombia-vs-portugal,https://www.fotmob.com/matches/colombia-vs-portugal/2a883f#4667823,Colombia vs Portugal (2026-06-27T23:30:00.000Z),Colombia,Portugal,2026-06-27T23:30:00.000Z,,Miami Stadium,Alireza Faghani,Full time,0,0,Portugal,Colombia,away,Mendes,25,True,starting_xi,DEF,1,4,1,4-2-3-1,6.9,7.0,0,90.0
4667823,colombia-vs-portugal,https://www.fotmob.com/matches/colombia-vs-portugal/2a883f#4667823,Colombia vs Portugal (2026-06-27T23:30:00.000Z),Colombia,Portugal,2026-06-27T23:30:00.000Z,,Miami Stadium,Alireza Faghani,Full time,0,0,Portugal,Colombia,away,Veiga,13,True,starting_xi,DEF,1,4,2,4-2-3-1,6.9,7.4,0,
4667823,colombia-vs-portugal,https://www.fotmob.com/matches/colombia-vs-portugal/2a883f#4667823,Colombia vs Portugal (2026-06-27T23:30:00.000Z),Colombia,Portugal,2026-06-27T23:30:00.000Z,,Miami Stadium,Alireza Faghani,Full time,0,0,Portugal,Colombia,away,Dias,3,True,starting_xi,DEF,1,4,3,4-2-3-1,6.9,7.4,0,
4667823,colombia-vs-portugal,https://www.fotmob.com/matches/colombia-vs-portugal/2a883f#4667823,Colombia vs Portugal (2026-06-27T23:30:00.000Z),Colombia,Portugal,2026-06-27T23:30:00.000Z,,Miami Stadium,Alireza Faghani,Full time,0,0,Portugal,Colombia,away,Cancelo,20,True,starting_xi,DEF,1,4,4,4-2-3-1,6.9,6.5,0,46.0
4667823,colombia-vs-portugal,https://www.fotmob.com/matches/colombia-vs-portugal/2a883f#4667823,Colombia vs Portugal (2026-06-27T23:30:00.000Z),Colombia,Portugal,2026-06-27T23:30:00.000Z,,Miami Stadium,Alireza Faghani,Full time,0,0,Portugal,Colombia,away,Costa,1,True,starting_xi,GK,0,1,1,4-2-3-1,6.9,8.2,0,
4667828,ghana-vs-england,https://www.fotmob.com/matches/ghana-vs-england/1wtyve#4667828,England vs Ghana (2026-06-23T20:00:00.000Z),England,Ghana,2026-06-23T20:00:00.000Z,,Boston Stadium,Héctor Saíd Martínez Sorto,Full time,0,0,England,Ghana,home,Pickford,1,True,starting_xi,GK,0,1,1,4-2-3-1,6.9,7.1,0,
4667828,ghana-vs-england,https://www.fotmob.com/matches/ghana-vs-england/1wtyve#4667828,England vs Ghana (2026-06-23T20:00:00.000Z),England,Ghana,2026-06-23T20:00:00.000Z,,Boston Stadium,Héctor Saíd Martínez Sorto,Full time,0,0,England,Ghana,home,James,24,True,starting_xi,DEF,1,4,1,4-2-3-1,6.9,7.5,0,
4667828,ghana-vs-england,https://www.fotmob.com/matches/ghana-vs-england/1wtyve#4667828,England vs Ghana (2026-06-23T20:00:00.000Z),England,Ghana,2026-06-23T20:00:00.000Z,,Boston Stadium,Héctor Saíd Martínez Sorto,Full time,0,0,England,Ghana,home,Konsa,2,True,starting_xi,DEF,1,4,2,4-2-3-1,6.9,7.3,0,
4667828,ghana-vs-england,https://www.fotmob.com/matches/ghana-vs-england/1wtyve#4667828,England vs Ghana (2026-06-23T20:00:00.000Z),England,Ghana,2026-06-23T20:00:00.000Z,,Boston Stadium,Héctor Saíd Martínez Sorto,Full time,0,0,England,Ghana,home,Guéhi,6,True,starting_xi,DEF,1,4,3,4-2-3-1,6.9,8.0,0,
4667828,ghana-vs-england,https://www.fotmob.com/matches/ghana-vs-england/1wtyve#4667828,England vs Ghana (2026-06-23T20:00:00.000Z),England,Ghana,2026-06-23T20:00:00.000Z,,Boston Stadium,Héctor Saíd Martínez Sorto,Full time,0,0,England,Ghana,home,Spence,25,True,starting_xi,DEF,1,4,4,4-2-3-1,6.9,7.0,0,65.0
4667828,ghana-vs-england,https://www.fotmob.com/matches/ghana-vs-england/1wtyve#4667828,England vs Ghana (2026-06-23T20:00:00.000Z),England,Ghana,2026-06-23T20:00:00.000Z,,Boston Stadium,Héctor Saíd Martínez Sorto,Full time,0,0,England,Ghana,home,Anderson,8,True,starting_xi,AM,2,2,1,4-2-3-1,6.9,7.3,0,74.0
4667828,ghana-vs-england,https://www.fotmob.com/matches/ghana-vs-england/1wtyve#4667828,England vs Ghana (2026-06-23T20:00:00.000Z),England,Ghana,2026-06-23T20:00:00.000Z,,Boston Stadium,Héctor Saíd Martínez Sorto,Full time,0,0,England,Ghana,home,Rice,4,True,starting_xi,AM,2,2,2,4-2-3-1,6.9,8.1,0,
4667828,ghana-vs-england,https://www.fotmob.com/matches/ghana-vs-england/1wtyve#4667828,England vs Ghana (2026-06-23T20:00:00.000Z),England,Ghana,2026-06-23T20:00:00.000Z,,Boston Stadium,Héctor Saíd Martínez Sorto,Full time,0,0,England,Ghana,home,Madueke,20,True,starting_xi,AM,3,3,1,4-2-3-1,6.9,6.5,0,83.0
4667828,ghana-vs-england,https://www.fotmob.com/matches/ghana-vs-england/1wtyve#4667828,England vs Ghana (2026-06-23T20:00:00.000Z),England,Ghana,2026-06-23T20:00:00.000Z,,Boston Stadium,Héctor Saíd Martínez Sorto,Full time,0,0,England,Ghana,home,Bellingham,10,True,starting_xi,AM,3,3,2,4-2-3-1,6.9,6.0,0,74.0
4667828,ghana-vs-england,https://www.fotmob.com/matches/ghana-vs-england/1wtyve#4667828,England vs Ghana (2026-06-23T20:00:00.000Z),England,Ghana,2026-06-23T20:00:00.000Z,,Boston Stadium,Héctor Saíd Martínez Sorto,Full time,0,0,England,Ghana,home,Gordon,18,True,starting_xi,AM,3,3,3,4-2-3-1,6.9,7.0,0,65.0
4667828,ghana-vs-england,https://www.fotmob.com/matches/ghana-vs-england/1wtyve#4667828,England vs Ghana (2026-06-23T20:00:00.000Z),England,Ghana,2026-06-23T20:00:00.000Z,,Boston Stadium,Héctor Saíd Martínez Sorto,Full time,0,0,England,Ghana,home,Kane,9,True,starting_xi,FWD,4,1,1,4-2-3-1,6.9,6.3,0,
4667828,ghana-vs-england,https://www.fotmob.com/matches/ghana-vs-england/1wtyve#4667828,England vs Ghana (2026-06-23T20:00:00.000Z),England,Ghana,2026-06-23T20:00:00.000Z,,Boston Stadium,Héctor Saíd Martínez Sorto,Full time,0,0,Ghana,England,away,Semenyo,11,True,starting_xi,FWD,3,3,1,4-3-3,6.7,5.7,0,
4667828,ghana-vs-england,https://www.fotmob.com/matches/ghana-vs-england/1wtyve#4667828,England vs Ghana (2026-06-23T20:00:00.000Z),England,Ghana,2026-06-23T20:00:00.000Z,,Boston Stadium,Héctor Saíd Martínez Sorto,Full time,0,0,Ghana,England,away,Ayew,9,True,starting_xi,FWD,3,3,2,4-3-3,6.7,6.2,0,66.0
4667828,ghana-vs-england,https://www.fotmob.com/matches/ghana-vs-england/1wtyve#4667828,England vs Ghana (2026-06-23T20:00:00.000Z),England,Ghana,2026-06-23T20:00:00.000Z,,Boston Stadium,Héctor Saíd Martínez Sorto,Full time,0,0,Ghana,England,away,Williams,19,True,starting_xi,FWD,3,3,3,4-3-3,6.7,5.8,0,66.0
4667828,ghana-vs-england,https://www.fotmob.com/matches/ghana-vs-england/1wtyve#4667828,England vs Ghana (2026-06-23T20:00:00.000Z),England,Ghana,2026-06-23T20:00:00.000Z,,Boston Stadium,Héctor Saíd Martínez Sorto,Full time,0,0,Ghana,England,away,Sibo,8,True,starting_xi,AM,2,3,1,4-3-3,6.7,6.4,0,
4667828,ghana-vs-england,https://www.fotmob.com/matches/ghana-vs-england/1wtyve#4667828,England vs Ghana (2026-06-23T20:00:00.000Z),England,Ghana,2026-06-23T20:00:00.000Z,,Boston Stadium,Héctor Saíd Martínez Sorto,Full time,0,0,Ghana,England,away,Partey,5,True,starting_xi,AM,2,3,2,4-3-3,6.7,7.4,0,
4667828,ghana-vs-england,https://www.fotmob.com/matches/ghana-vs-england/1wtyve#4667828,England vs Ghana (2026-06-23T20:00:00.000Z),England,Ghana,2026-06-23T20:00:00.000Z,,Boston Stadium,Héctor Saíd Martínez Sorto,Full time,0,0,Ghana,England,away,Yirenkyi,3,True,starting_xi,AM,2,3,3,4-3-3,6.7,6.0,0,
4667828,ghana-vs-england,https://www.fotmob.com/matches/ghana-vs-england/1wtyve#4667828,England vs Ghana (2026-06-23T20:00:00.000Z),England,Ghana,2026-06-23T20:00:00.000Z,,Boston Stadium,Héctor Saíd Martínez Sorto,Full time,0,0,Ghana,England,away,Mensah,14,True,starting_xi,DEF,1,4,1,4-3-3,6.7,7.7,0,
4667828,ghana-vs-england,https://www.fotmob.com/matches/ghana-vs-england/1wtyve#4667828,England vs Ghana (2026-06-23T20:00:00.000Z),England,Ghana,2026-06-23T20:00:00.000Z,,Boston Stadium,Héctor Saíd Martínez Sorto,Full time,0,0,Ghana,England,away,Opoku,18,True,starting_xi,DEF,1,4,2,4-3-3,6.7,7.3,0,
4667828,ghana-vs-england,https://www.fotmob.com/matches/ghana-vs-england/1wtyve#4667828,England vs Ghana (2026-06-23T20:00:00.000Z),England,Ghana,2026-06-23T20:00:00.000Z,,Boston Stadium,Héctor Saíd Martínez Sorto,Full time,0,0,Ghana,England,away,Adjetey,4,True,starting_xi,DEF,1,4,3,4-3-3,6.7,6.3,0,
4667828,ghana-vs-england,https://www.fotmob.com/matches/ghana-vs-england/1wtyve#4667828,England vs Ghana (2026-06-23T20:00:00.000Z),England,Ghana,2026-06-23T20:00:00.000Z,,Boston Stadium,Héctor Saíd Martínez Sorto,Full time,0,0,Ghana,England,away,Senaya,26,True,starting_xi,DEF,1,4,4,4-3-3,6.7,7.5,0,87.0
4667828,ghana-vs-england,https://www.fotmob.com/matches/ghana-vs-england/1wtyve#4667828,England vs Ghana (2026-06-23T20:00:00.000Z),England,Ghana,2026-06-23T20:00:00.000Z,,Boston Stadium,Héctor Saíd Martínez Sorto,Full time,0,0,Ghana,England,away,Asare,16,True,starting_xi,GK,0,1,1,4-3-3,6.7,7.7,0,
4667824,dr-congo-vs-uzbekistan,https://www.fotmob.com/matches/dr-congo-vs-uzbekistan/1v6daf#4667824,DR Congo vs Uzbekistan (2026-06-27T23:30:00.000Z),DR Congo,Uzbekistan,2026-06-27T23:30:00.000Z,,Atlanta Stadium,Felix Zwayer,Full time,3,1,DR Congo,Uzbekistan,home,Mpasi-Nzau,1,True,starting_xi,GK,0,1,1,4-4-2,7.2,6.1,0,
4667824,dr-congo-vs-uzbekistan,https://www.fotmob.com/matches/dr-congo-vs-uzbekistan/1v6daf#4667824,DR Congo vs Uzbekistan (2026-06-27T23:30:00.000Z),DR Congo,Uzbekistan,2026-06-27T23:30:00.000Z,,Atlanta Stadium,Felix Zwayer,Full time,3,1,DR Congo,Uzbekistan,home,Wan-Bissaka,2,True,starting_xi,DEF,1,4,1,4-4-2,7.2,7.9,0,
4667824,dr-congo-vs-uzbekistan,https://www.fotmob.com/matches/dr-congo-vs-uzbekistan/1v6daf#4667824,DR Congo vs Uzbekistan (2026-06-27T23:30:00.000Z),DR Congo,Uzbekistan,2026-06-27T23:30:00.000Z,,Atlanta Stadium,Felix Zwayer,Full time,3,1,DR Congo,Uzbekistan,home,Mbemba,22,True,starting_xi,DEF,1,4,2,4-4-2,7.2,7.2,0,
4667824,dr-congo-vs-uzbekistan,https://www.fotmob.com/matches/dr-congo-vs-uzbekistan/1v6daf#4667824,DR Congo vs Uzbekistan (2026-06-27T23:30:00.000Z),DR Congo,Uzbekistan,2026-06-27T23:30:00.000Z,,Atlanta Stadium,Felix Zwayer,Full time,3,1,DR Congo,Uzbekistan,home,Tuanzebe,4,True,starting_xi,DEF,1,4,3,4-4-2,7.2,7.5,0,
4667824,dr-congo-vs-uzbekistan,https://www.fotmob.com/matches/dr-congo-vs-uzbekistan/1v6daf#4667824,DR Congo vs Uzbekistan (2026-06-27T23:30:00.000Z),DR Congo,Uzbekistan,2026-06-27T23:30:00.000Z,,Atlanta Stadium,Felix Zwayer,Full time,3,1,DR Congo,Uzbekistan,home,Masuaku,26,True,starting_xi,DEF,1,4,4,4-4-2,7.2,7.9,0,83.0
4667824,dr-congo-vs-uzbekistan,https://www.fotmob.com/matches/dr-congo-vs-uzbekistan/1v6daf#4667824,DR Congo vs Uzbekistan (2026-06-27T23:30:00.000Z),DR Congo,Uzbekistan,2026-06-27T23:30:00.000Z,,Atlanta Stadium,Felix Zwayer,Full time,3,1,DR Congo,Uzbekistan,home,Mbuku,7,True,starting_xi,AM,2,4,1,4-4-2,7.2,7.5,0,72.0
4667824,dr-congo-vs-uzbekistan,https://www.fotmob.com/matches/dr-congo-vs-uzbekistan/1v6daf#4667824,DR Congo vs Uzbekistan (2026-06-27T23:30:00.000Z),DR Congo,Uzbekistan,2026-06-27T23:30:00.000Z,,Atlanta Stadium,Felix Zwayer,Full time,3,1,DR Congo,Uzbekistan,home,Moutoussamy,8,True,starting_xi,AM,2,4,2,4-4-2,7.2,7.5,0,72.0
4667824,dr-congo-vs-uzbekistan,https://www.fotmob.com/matches/dr-congo-vs-uzbekistan/1v6daf#4667824,DR Congo vs Uzbekistan (2026-06-27T23:30:00.000Z),DR Congo,Uzbekistan,2026-06-27T23:30:00.000Z,,Atlanta Stadium,Felix Zwayer,Full time,3,1,DR Congo,Uzbekistan,home,Sadiki,14,True,starting_xi,AM,2,4,3,4-4-2,7.2,7.8,0,
4667824,dr-congo-vs-uzbekistan,https://www.fotmob.com/matches/dr-congo-vs-uzbekistan/1v6daf#4667824,DR Congo vs Uzbekistan (2026-06-27T23:30:00.000Z),DR Congo,Uzbekistan,2026-06-27T23:30:00.000Z,,Atlanta Stadium,Felix Zwayer,Full time,3,1,DR Congo,Uzbekistan,home,Cipenga,9,True,starting_xi,AM,2,4,4,4-4-2,7.2,6.9,0,72.0
4667824,dr-congo-vs-uzbekistan,https://www.fotmob.com/matches/dr-congo-vs-uzbekistan/1v6daf#4667824,DR Congo vs Uzbekistan (2026-06-27T23:30:00.000Z),DR Congo,Uzbekistan,2026-06-27T23:30:00.000Z,,Atlanta Stadium,Felix Zwayer,Full time,3,1,DR Congo,Uzbekistan,home,Wissa,20,True,starting_xi,FWD,3,2,1,4-4-2,7.2,8.9,0,
4667824,dr-congo-vs-uzbekistan,https://www.fotmob.com/matches/dr-congo-vs-uzbekistan/1v6daf#4667824,DR Congo vs Uzbekistan (2026-06-27T23:30:00.000Z),DR Congo,Uzbekistan,2026-06-27T23:30:00.000Z,,Atlanta Stadium,Felix Zwayer,Full time,3,1,DR Congo,Uzbekistan,home,Bakambu,17,True,starting_xi,FWD,3,2,2,4-4-2,7.2,6.2,0,51.0
4667824,dr-congo-vs-uzbekistan,https://www.fotmob.com/matches/dr-congo-vs-uzbekistan/1v6daf#4667824,DR Congo vs Uzbekistan (2026-06-27T23:30:00.000Z),DR Congo,Uzbekistan,2026-06-27T23:30:00.000Z,,Atlanta Stadium,Felix Zwayer,Full time,3,1,Uzbekistan,DR Congo,away,Shomurodov,14,True,starting_xi,FWD,3,1,1,5-4-1,6.6,7.3,0,
4667824,dr-congo-vs-uzbekistan,https://www.fotmob.com/matches/dr-congo-vs-uzbekistan/1v6daf#4667824,DR Congo vs Uzbekistan (2026-06-27T23:30:00.000Z),DR Congo,Uzbekistan,2026-06-27T23:30:00.000Z,,Atlanta Stadium,Felix Zwayer,Full time,3,1,Uzbekistan,DR Congo,away,Fayzullayev,22,True,starting_xi,AM,2,4,1,5-4-1,6.6,6.4,0,73.0
4667824,dr-congo-vs-uzbekistan,https://www.fotmob.com/matches/dr-congo-vs-uzbekistan/1v6daf#4667824,DR Congo vs Uzbekistan (2026-06-27T23:30:00.000Z),DR Congo,Uzbekistan,2026-06-27T23:30:00.000Z,,Atlanta Stadium,Felix Zwayer,Full time,3,1,Uzbekistan,DR Congo,away,Mozgovoy,6,True,starting_xi,AM,2,4,2,5-4-1,6.6,7.5,0,82.0
4667824,dr-congo-vs-uzbekistan,https://www.fotmob.com/matches/dr-congo-vs-uzbekistan/1v6daf#4667824,DR Congo vs Uzbekistan (2026-06-27T23:30:00.000Z),DR Congo,Uzbekistan,2026-06-27T23:30:00.000Z,,Atlanta Stadium,Felix Zwayer,Full time,3,1,Uzbekistan,DR Congo,away,Shukurov,7,True,starting_xi,AM,2,4,3,5-4-1,6.6,6.4,0,58.0
4667824,dr-congo-vs-uzbekistan,https://www.fotmob.com/matches/dr-congo-vs-uzbekistan/1v6daf#4667824,DR Congo vs Uzbekistan (2026-06-27T23:30:00.000Z),DR Congo,Uzbekistan,2026-06-27T23:30:00.000Z,,Atlanta Stadium,Felix Zwayer,Full time,3,1,Uzbekistan,DR Congo,away,Khamdamov,17,True,starting_xi,AM,2,4,4,5-4-1,6.6,6.4,0,58.0
4667824,dr-congo-vs-uzbekistan,https://www.fotmob.com/matches/dr-congo-vs-uzbekistan/1v6daf#4667824,DR Congo vs Uzbekistan (2026-06-27T23:30:00.000Z),DR Congo,Uzbekistan,2026-06-27T23:30:00.000Z,,Atlanta Stadium,Felix Zwayer,Full time,3,1,Uzbekistan,DR Congo,away,Nasrulloev,13,True,starting_xi,DEF,1,5,1,5-4-1,6.6,7.0,0,
4667824,dr-congo-vs-uzbekistan,https://www.fotmob.com/matches/dr-congo-vs-uzbekistan/1v6daf#4667824,DR Congo vs Uzbekistan (2026-06-27T23:30:00.000Z),DR Congo,Uzbekistan,2026-06-27T23:30:00.000Z,,Atlanta Stadium,Felix Zwayer,Full time,3,1,Uzbekistan,DR Congo,away,Alidzhanov,3,True,starting_xi,DEF,1,5,2,5-4-1,6.6,7.1,0,
4667824,dr-congo-vs-uzbekistan,https://www.fotmob.com/matches/dr-congo-vs-uzbekistan/1v6daf#4667824,DR Congo vs Uzbekistan (2026-06-27T23:30:00.000Z),DR Congo,Uzbekistan,2026-06-27T23:30:00.000Z,,Atlanta Stadium,Felix Zwayer,Full time,3,1,Uzbekistan,DR Congo,away,Urozov,26,True,starting_xi,DEF,1,5,3,5-4-1,6.6,6.4,0,82.0
4667824,dr-congo-vs-uzbekistan,https://www.fotmob.com/matches/dr-congo-vs-uzbekistan/1v6daf#4667824,DR Congo vs Uzbekistan (2026-06-27T23:30:00.000Z),DR Congo,Uzbekistan,2026-06-27T23:30:00.000Z,,Atlanta Stadium,Felix Zwayer,Full time,3,1,Uzbekistan,DR Congo,away,Khusanov,2,True,starting_xi,DEF,1,5,4,5-4-1,6.6,6.3,0,
4667824,dr-congo-vs-uzbekistan,https://www.fotmob.com/matches/dr-congo-vs-uzbekistan/1v6daf#4667824,DR Congo vs Uzbekistan (2026-06-27T23:30:00.000Z),DR Congo,Uzbekistan,2026-06-27T23:30:00.000Z,,Atlanta Stadium,Felix Zwayer,Full time,3,1,Uzbekistan,DR Congo,away,Ashurmatov,5,True,starting_xi,DEF,1,5,5,5-4-1,6.6,7.2,0,
4667824,dr-congo-vs-uzbekistan,https://www.fotmob.com/matches/dr-congo-vs-uzbekistan/1v6daf#4667824,DR Congo vs Uzbekistan (2026-06-27T23:30:00.000Z),DR Congo,Uzbekistan,2026-06-27T23:30:00.000Z,,Atlanta Stadium,Felix Zwayer,Full time,3,1,Uzbekistan,DR Congo,away,Nematov,12,True,starting_xi,GK,0,1,1,5-4-1,6.6,5.7,0,
4653703,paraguay-vs-germany,https://www.fotmob.com/matches/paraguay-vs-germany/1xn26z#4653703,Germany vs Paraguay (2026-06-29T20:30:00.000Z),Germany,Paraguay,2026-06-29T20:30:00.000Z,,Boston Stadium,Jalal Jayed,Pen: 3 - 4,1,1,Germany,Paraguay,home,Neuer,1,True,starting_xi,GK,0,1,1,4-2-3-1,6.9,7.2,0,
4653703,paraguay-vs-germany,https://www.fotmob.com/matches/paraguay-vs-germany/1xn26z#4653703,Germany vs Paraguay (2026-06-29T20:30:00.000Z),Germany,Paraguay,2026-06-29T20:30:00.000Z,,Boston Stadium,Jalal Jayed,Pen: 3 - 4,1,1,Germany,Paraguay,home,Kimmich,6,True,starting_xi,DEF,1,4,1,4-2-3-1,6.9,7.9,0,
4653703,paraguay-vs-germany,https://www.fotmob.com/matches/paraguay-vs-germany/1xn26z#4653703,Germany vs Paraguay (2026-06-29T20:30:00.000Z),Germany,Paraguay,2026-06-29T20:30:00.000Z,,Boston Stadium,Jalal Jayed,Pen: 3 - 4,1,1,Germany,Paraguay,home,Tah,4,True,starting_xi,DEF,1,4,2,4-2-3-1,6.9,7.4,0,
4653703,paraguay-vs-germany,https://www.fotmob.com/matches/paraguay-vs-germany/1xn26z#4653703,Germany vs Paraguay (2026-06-29T20:30:00.000Z),Germany,Paraguay,2026-06-29T20:30:00.000Z,,Boston Stadium,Jalal Jayed,Pen: 3 - 4,1,1,Germany,Paraguay,home,Rüdiger,2,True,starting_xi,DEF,1,4,3,4-2-3-1,6.9,7.8,0,110.0
4653703,paraguay-vs-germany,https://www.fotmob.com/matches/paraguay-vs-germany/1xn26z#4653703,Germany vs Paraguay (2026-06-29T20:30:00.000Z),Germany,Paraguay,2026-06-29T20:30:00.000Z,,Boston Stadium,Jalal Jayed,Pen: 3 - 4,1,1,Germany,Paraguay,home,Brown,18,True,starting_xi,DEF,1,4,4,4-2-3-1,6.9,7.4,0,
4653703,paraguay-vs-germany,https://www.fotmob.com/matches/paraguay-vs-germany/1xn26z#4653703,Germany vs Paraguay (2026-06-29T20:30:00.000Z),Germany,Paraguay,2026-06-29T20:30:00.000Z,,Boston Stadium,Jalal Jayed,Pen: 3 - 4,1,1,Germany,Paraguay,home,Nmecha,23,True,starting_xi,AM,2,2,1,4-2-3-1,6.9,6.3,0,46.0
4653703,paraguay-vs-germany,https://www.fotmob.com/matches/paraguay-vs-germany/1xn26z#4653703,Germany vs Paraguay (2026-06-29T20:30:00.000Z),Germany,Paraguay,2026-06-29T20:30:00.000Z,,Boston Stadium,Jalal Jayed,Pen: 3 - 4,1,1,Germany,Paraguay,home,Pavlovic,5,True,starting_xi,AM,2,2,2,4-2-3-1,6.9,6.5,0,79.0
4653703,paraguay-vs-germany,https://www.fotmob.com/matches/paraguay-vs-germany/1xn26z#4653703,Germany vs Paraguay (2026-06-29T20:30:00.000Z),Germany,Paraguay,2026-06-29T20:30:00.000Z,,Boston Stadium,Jalal Jayed,Pen: 3 - 4,1,1,Germany,Paraguay,home,Sané,19,True,starting_xi,AM,3,3,1,4-2-3-1,6.9,6.3,0,88.0
4653703,paraguay-vs-germany,https://www.fotmob.com/matches/paraguay-vs-germany/1xn26z#4653703,Germany vs Paraguay (2026-06-29T20:30:00.000Z),Germany,Paraguay,2026-06-29T20:30:00.000Z,,Boston Stadium,Jalal Jayed,Pen: 3 - 4,1,1,Germany,Paraguay,home,Havertz,7,True,starting_xi,AM,3,3,2,4-2-3-1,6.9,7.8,0,
4653703,paraguay-vs-germany,https://www.fotmob.com/matches/paraguay-vs-germany/1xn26z#4653703,Germany vs Paraguay (2026-06-29T20:30:00.000Z),Germany,Paraguay,2026-06-29T20:30:00.000Z,,Boston Stadium,Jalal Jayed,Pen: 3 - 4,1,1,Germany,Paraguay,home,Wirtz,17,True,starting_xi,AM,3,3,3,4-2-3-1,6.9,8.4,0,110.0
4653703,paraguay-vs-germany,https://www.fotmob.com/matches/paraguay-vs-germany/1xn26z#4653703,Germany vs Paraguay (2026-06-29T20:30:00.000Z),Germany,Paraguay,2026-06-29T20:30:00.000Z,,Boston Stadium,Jalal Jayed,Pen: 3 - 4,1,1,Germany,Paraguay,home,Undav,26,True,starting_xi,FWD,4,1,1,4-2-3-1,6.9,6.0,0,63.0
4653703,paraguay-vs-germany,https://www.fotmob.com/matches/paraguay-vs-germany/1xn26z#4653703,Germany vs Paraguay (2026-06-29T20:30:00.000Z),Germany,Paraguay,2026-06-29T20:30:00.000Z,,Boston Stadium,Jalal Jayed,Pen: 3 - 4,1,1,Paraguay,Germany,away,Enciso,19,True,starting_xi,FWD,3,2,1,4-4-2,7.1,7.5,0,57.0
4653703,paraguay-vs-germany,https://www.fotmob.com/matches/paraguay-vs-germany/1xn26z#4653703,Germany vs Paraguay (2026-06-29T20:30:00.000Z),Germany,Paraguay,2026-06-29T20:30:00.000Z,,Boston Stadium,Jalal Jayed,Pen: 3 - 4,1,1,Paraguay,Germany,away,Ávalos,21,True,starting_xi,FWD,3,2,2,4-4-2,7.1,6.5,0,55.0
4653703,paraguay-vs-germany,https://www.fotmob.com/matches/paraguay-vs-germany/1xn26z#4653703,Germany vs Paraguay (2026-06-29T20:30:00.000Z),Germany,Paraguay,2026-06-29T20:30:00.000Z,,Boston Stadium,Jalal Jayed,Pen: 3 - 4,1,1,Paraguay,Germany,away,Galarza,23,True,starting_xi,AM,2,4,1,4-4-2,7.1,7.8,0,
4653703,paraguay-vs-germany,https://www.fotmob.com/matches/paraguay-vs-germany/1xn26z#4653703,Germany vs Paraguay (2026-06-29T20:30:00.000Z),Germany,Paraguay,2026-06-29T20:30:00.000Z,,Boston Stadium,Jalal Jayed,Pen: 3 - 4,1,1,Paraguay,Germany,away,Cubas,14,True,starting_xi,AM,2,4,2,4-4-2,7.1,7.2,0,
4653703,paraguay-vs-germany,https://www.fotmob.com/matches/paraguay-vs-germany/1xn26z#4653703,Germany vs Paraguay (2026-06-29T20:30:00.000Z),Germany,Paraguay,2026-06-29T20:30:00.000Z,,Boston Stadium,Jalal Jayed,Pen: 3 - 4,1,1,Paraguay,Germany,away,Bobadilla,16,True,starting_xi,AM,2,4,3,4-4-2,7.1,7.2,0,99.0
4653703,paraguay-vs-germany,https://www.fotmob.com/matches/paraguay-vs-germany/1xn26z#4653703,Germany vs Paraguay (2026-06-29T20:30:00.000Z),Germany,Paraguay,2026-06-29T20:30:00.000Z,,Boston Stadium,Jalal Jayed,Pen: 3 - 4,1,1,Paraguay,Germany,away,Almirón,10,True,starting_xi,AM,2,4,4,4-4-2,7.1,7.1,0,91.0
4653703,paraguay-vs-germany,https://www.fotmob.com/matches/paraguay-vs-germany/1xn26z#4653703,Germany vs Paraguay (2026-06-29T20:30:00.000Z),Germany,Paraguay,2026-06-29T20:30:00.000Z,,Boston Stadium,Jalal Jayed,Pen: 3 - 4,1,1,Paraguay,Germany,away,Alonso,6,True,starting_xi,DEF,1,4,1,4-4-2,7.1,6.8,0,120.0
4653703,paraguay-vs-germany,https://www.fotmob.com/matches/paraguay-vs-germany/1xn26z#4653703,Germany vs Paraguay (2026-06-29T20:30:00.000Z),Germany,Paraguay,2026-06-29T20:30:00.000Z,,Boston Stadium,Jalal Jayed,Pen: 3 - 4,1,1,Paraguay,Germany,away,Canale,13,True,starting_xi,DEF,1,4,2,4-4-2,7.1,7.9,0,
4653703,paraguay-vs-germany,https://www.fotmob.com/matches/paraguay-vs-germany/1xn26z#4653703,Germany vs Paraguay (2026-06-29T20:30:00.000Z),Germany,Paraguay,2026-06-29T20:30:00.000Z,,Boston Stadium,Jalal Jayed,Pen: 3 - 4,1,1,Paraguay,Germany,away,Gómez,15,True,starting_xi,DEF,1,4,3,4-4-2,7.1,6.3,0,
4653703,paraguay-vs-germany,https://www.fotmob.com/matches/paraguay-vs-germany/1xn26z#4653703,Germany vs Paraguay (2026-06-29T20:30:00.000Z),Germany,Paraguay,2026-06-29T20:30:00.000Z,,Boston Stadium,Jalal Jayed,Pen: 3 - 4,1,1,Paraguay,Germany,away,Cáceres,4,True,starting_xi,DEF,1,4,4,4-4-2,7.1,7.0,0,99.0
4653703,paraguay-vs-germany,https://www.fotmob.com/matches/paraguay-vs-germany/1xn26z#4653703,Germany vs Paraguay (2026-06-29T20:30:00.000Z),Germany,Paraguay,2026-06-29T20:30:00.000Z,,Boston Stadium,Jalal Jayed,Pen: 3 - 4,1,1,Paraguay,Germany,away,Gill,12,True,starting_xi,GK,0,1,1,4-4-2,7.1,8.7,0,
4667816,jordan-vs-argentina,https://www.fotmob.com/matches/jordan-vs-argentina/1aoo0p#4667816,Jordan vs Argentina (2026-06-28T02:00:00.000Z),Jordan,Argentina,2026-06-28T02:00:00.000Z,,Dallas Stadium,István Kovács,Full time,1,3,Jordan,Argentina,home,Abulaila,1,True,starting_xi,GK,0,1,1,3-4-2-1,6.4,4.9,0,
4667816,jordan-vs-argentina,https://www.fotmob.com/matches/jordan-vs-argentina/1aoo0p#4667816,Jordan vs Argentina (2026-06-28T02:00:00.000Z),Jordan,Argentina,2026-06-28T02:00:00.000Z,,Dallas Stadium,István Kovács,Full time,1,3,Jordan,Argentina,home,Nasib,3,True,starting_xi,DEF,1,3,1,3-4-2-1,6.4,6.5,0,
4667816,jordan-vs-argentina,https://www.fotmob.com/matches/jordan-vs-argentina/1aoo0p#4667816,Jordan vs Argentina (2026-06-28T02:00:00.000Z),Jordan,Argentina,2026-06-28T02:00:00.000Z,,Dallas Stadium,István Kovács,Full time,1,3,Jordan,Argentina,home,Al-Arab,5,True,starting_xi,DEF,1,3,2,3-4-2-1,6.4,6.6,0,
4667816,jordan-vs-argentina,https://www.fotmob.com/matches/jordan-vs-argentina/1aoo0p#4667816,Jordan vs Argentina (2026-06-28T02:00:00.000Z),Jordan,Argentina,2026-06-28T02:00:00.000Z,,Dallas Stadium,István Kovács,Full time,1,3,Jordan,Argentina,home,Dahab,4,True,starting_xi,DEF,1,3,3,3-4-2-1,6.4,6.2,0,90.0
4667816,jordan-vs-argentina,https://www.fotmob.com/matches/jordan-vs-argentina/1aoo0p#4667816,Jordan vs Argentina (2026-06-28T02:00:00.000Z),Jordan,Argentina,2026-06-28T02:00:00.000Z,,Dallas Stadium,István Kovács,Full time,1,3,Jordan,Argentina,home,Haddad,23,True,starting_xi,AM,2,4,1,3-4-2-1,6.4,6.9,0,
4667816,jordan-vs-argentina,https://www.fotmob.com/matches/jordan-vs-argentina/1aoo0p#4667816,Jordan vs Argentina (2026-06-28T02:00:00.000Z),Jordan,Argentina,2026-06-28T02:00:00.000Z,,Dallas Stadium,István Kovács,Full time,1,3,Jordan,Argentina,home,Al Rashdan,21,True,starting_xi,AM,2,4,2,3-4-2-1,6.4,6.5,0,76.0
4667816,jordan-vs-argentina,https://www.fotmob.com/matches/jordan-vs-argentina/1aoo0p#4667816,Jordan vs Argentina (2026-06-28T02:00:00.000Z),Jordan,Argentina,2026-06-28T02:00:00.000Z,,Dallas Stadium,István Kovács,Full time,1,3,Jordan,Argentina,home,Al-Rawabdeh,8,True,starting_xi,AM,2,4,3,3-4-2-1,6.4,6.9,0,
4667816,jordan-vs-argentina,https://www.fotmob.com/matches/jordan-vs-argentina/1aoo0p#4667816,Jordan vs Argentina (2026-06-28T02:00:00.000Z),Jordan,Argentina,2026-06-28T02:00:00.000Z,,Dallas Stadium,István Kovács,Full time,1,3,Jordan,Argentina,home,Taha,20,True,starting_xi,AM,2,4,4,3-4-2-1,6.4,6.9,0,
4667816,jordan-vs-argentina,https://www.fotmob.com/matches/jordan-vs-argentina/1aoo0p#4667816,Jordan vs Argentina (2026-06-28T02:00:00.000Z),Jordan,Argentina,2026-06-28T02:00:00.000Z,,Dallas Stadium,István Kovács,Full time,1,3,Jordan,Argentina,home,Al-Azaizeh,24,True,starting_xi,AM,3,2,1,3-4-2-1,6.4,6.8,0,46.0
4667816,jordan-vs-argentina,https://www.fotmob.com/matches/jordan-vs-argentina/1aoo0p#4667816,Jordan vs Argentina (2026-06-28T02:00:00.000Z),Jordan,Argentina,2026-06-28T02:00:00.000Z,,Dallas Stadium,István Kovács,Full time,1,3,Jordan,Argentina,home,Olwan,9,True,starting_xi,AM,3,2,2,3-4-2-1,6.4,6.3,0,90.0
4667816,jordan-vs-argentina,https://www.fotmob.com/matches/jordan-vs-argentina/1aoo0p#4667816,Jordan vs Argentina (2026-06-28T02:00:00.000Z),Jordan,Argentina,2026-06-28T02:00:00.000Z,,Dallas Stadium,István Kovács,Full time,1,3,Jordan,Argentina,home,Fakhouri,11,True,starting_xi,FWD,4,1,1,3-4-2-1,6.4,6.1,0,46.0
4667816,jordan-vs-argentina,https://www.fotmob.com/matches/jordan-vs-argentina/1aoo0p#4667816,Jordan vs Argentina (2026-06-28T02:00:00.000Z),Jordan,Argentina,2026-06-28T02:00:00.000Z,,Dallas Stadium,István Kovács,Full time,1,3,Argentina,Jordan,away,Martínez,22,True,starting_xi,FWD,4,2,1,4-1-3-2,7.1,8.2,0,60.0
4667816,jordan-vs-argentina,https://www.fotmob.com/matches/jordan-vs-argentina/1aoo0p#4667816,Jordan vs Argentina (2026-06-28T02:00:00.000Z),Jordan,Argentina,2026-06-28T02:00:00.000Z,,Dallas Stadium,István Kovács,Full time,1,3,Argentina,Jordan,away,Álvarez,9,True,starting_xi,FWD,4,2,2,4-1-3-2,7.1,6.5,0,82.0
4667816,jordan-vs-argentina,https://www.fotmob.com/matches/jordan-vs-argentina/1aoo0p#4667816,Jordan vs Argentina (2026-06-28T02:00:00.000Z),Jordan,Argentina,2026-06-28T02:00:00.000Z,,Dallas Stadium,István Kovács,Full time,1,3,Argentina,Jordan,away,Lo Celso,11,True,starting_xi,AM,3,3,1,4-1-3-2,7.1,7.7,0,60.0
4667816,jordan-vs-argentina,https://www.fotmob.com/matches/jordan-vs-argentina/1aoo0p#4667816,Jordan vs Argentina (2026-06-28T02:00:00.000Z),Jordan,Argentina,2026-06-28T02:00:00.000Z,,Dallas Stadium,István Kovács,Full time,1,3,Argentina,Jordan,away,Paz,18,True,starting_xi,AM,3,3,2,4-1-3-2,7.1,7.1,0,60.0
4667816,jordan-vs-argentina,https://www.fotmob.com/matches/jordan-vs-argentina/1aoo0p#4667816,Jordan vs Argentina (2026-06-28T02:00:00.000Z),Jordan,Argentina,2026-06-28T02:00:00.000Z,,Dallas Stadium,István Kovács,Full time,1,3,Argentina,Jordan,away,Simeone,17,True,starting_xi,AM,3,3,3,4-1-3-2,7.1,6.6,0,71.0
4667816,jordan-vs-argentina,https://www.fotmob.com/matches/jordan-vs-argentina/1aoo0p#4667816,Jordan vs Argentina (2026-06-28T02:00:00.000Z),Jordan,Argentina,2026-06-28T02:00:00.000Z,,Dallas Stadium,István Kovács,Full time,1,3,Argentina,Jordan,away,Paredes,5,True,starting_xi,AM,2,1,1,4-1-3-2,7.1,6.9,0,
4667816,jordan-vs-argentina,https://www.fotmob.com/matches/jordan-vs-argentina/1aoo0p#4667816,Jordan vs Argentina (2026-06-28T02:00:00.000Z),Jordan,Argentina,2026-06-28T02:00:00.000Z,,Dallas Stadium,István Kovács,Full time,1,3,Argentina,Jordan,away,Tagliafico,3,True,starting_xi,DEF,1,4,1,4-1-3-2,7.1,6.9,0,
4667816,jordan-vs-argentina,https://www.fotmob.com/matches/jordan-vs-argentina/1aoo0p#4667816,Jordan vs Argentina (2026-06-28T02:00:00.000Z),Jordan,Argentina,2026-06-28T02:00:00.000Z,,Dallas Stadium,István Kovács,Full time,1,3,Argentina,Jordan,away,Senesi,2,True,starting_xi,DEF,1,4,2,4-1-3-2,7.1,7.3,0,
4667816,jordan-vs-argentina,https://www.fotmob.com/matches/jordan-vs-argentina/1aoo0p#4667816,Jordan vs Argentina (2026-06-28T02:00:00.000Z),Jordan,Argentina,2026-06-28T02:00:00.000Z,,Dallas Stadium,István Kovács,Full time,1,3,Argentina,Jordan,away,Otamendi,19,True,starting_xi,DEF,1,4,3,4-1-3-2,7.1,7.4,0,
4667816,jordan-vs-argentina,https://www.fotmob.com/matches/jordan-vs-argentina/1aoo0p#4667816,Jordan vs Argentina (2026-06-28T02:00:00.000Z),Jordan,Argentina,2026-06-28T02:00:00.000Z,,Dallas Stadium,István Kovács,Full time,1,3,Argentina,Jordan,away,Palacios,14,True,starting_xi,DEF,1,4,4,4-1-3-2,7.1,7.6,0,
4667816,jordan-vs-argentina,https://www.fotmob.com/matches/jordan-vs-argentina/1aoo0p#4667816,Jordan vs Argentina (2026-06-28T02:00:00.000Z),Jordan,Argentina,2026-06-28T02:00:00.000Z,,Dallas Stadium,István Kovács,Full time,1,3,Argentina,Jordan,away,Martínez,23,True,starting_xi,GK,0,1,1,4-1-3-2,7.1,6.3,0,
4667808,france-vs-norway,https://www.fotmob.com/matches/france-vs-norway/1wx88k#4667808,Norway vs France (2026-06-26T19:00:00.000Z),Norway,France,2026-06-26T19:00:00.000Z,,Boston Stadium,Michael Oliver,Full time,1,4,Norway,France,home,Selvik,13,True,starting_xi,GK,0,1,1,4-3-3,6.2,5.8,0,
4667808,france-vs-norway,https://www.fotmob.com/matches/france-vs-norway/1wx88k#4667808,Norway vs France (2026-06-26T19:00:00.000Z),Norway,France,2026-06-26T19:00:00.000Z,,Boston Stadium,Michael Oliver,Full time,1,4,Norway,France,home,Aursnes,14,True,starting_xi,DEF,1,4,1,4-3-3,6.2,6.2,0,
4667808,france-vs-norway,https://www.fotmob.com/matches/france-vs-norway/1wx88k#4667808,Norway vs France (2026-06-26T19:00:00.000Z),Norway,France,2026-06-26T19:00:00.000Z,,Boston Stadium,Michael Oliver,Full time,1,4,Norway,France,home,Falchener,25,True,starting_xi,DEF,1,4,2,4-3-3,6.2,5.4,0,66.0
4667808,france-vs-norway,https://www.fotmob.com/matches/france-vs-norway/1wx88k#4667808,Norway vs France (2026-06-26T19:00:00.000Z),Norway,France,2026-06-26T19:00:00.000Z,,Boston Stadium,Michael Oliver,Full time,1,4,Norway,France,home,Østigard,4,True,starting_xi,DEF,1,4,3,4-3-3,6.2,5.0,0,
4667808,france-vs-norway,https://www.fotmob.com/matches/france-vs-norway/1wx88k#4667808,Norway vs France (2026-06-26T19:00:00.000Z),Norway,France,2026-06-26T19:00:00.000Z,,Boston Stadium,Michael Oliver,Full time,1,4,Norway,France,home,Bjørkan,15,True,starting_xi,DEF,1,4,4,4-3-3,6.2,5.9,0,46.0
4667808,france-vs-norway,https://www.fotmob.com/matches/france-vs-norway/1wx88k#4667808,Norway vs France (2026-06-26T19:00:00.000Z),Norway,France,2026-06-26T19:00:00.000Z,,Boston Stadium,Michael Oliver,Full time,1,4,Norway,France,home,Thorstvedt,18,True,starting_xi,AM,2,3,1,4-3-3,6.2,6.4,0,46.0
4667808,france-vs-norway,https://www.fotmob.com/matches/france-vs-norway/1wx88k#4667808,Norway vs France (2026-06-26T19:00:00.000Z),Norway,France,2026-06-26T19:00:00.000Z,,Boston Stadium,Michael Oliver,Full time,1,4,Norway,France,home,Berg,6,True,starting_xi,AM,2,3,2,4-3-3,6.2,6.3,0,
4667808,france-vs-norway,https://www.fotmob.com/matches/france-vs-norway/1wx88k#4667808,Norway vs France (2026-06-26T19:00:00.000Z),Norway,France,2026-06-26T19:00:00.000Z,,Boston Stadium,Michael Oliver,Full time,1,4,Norway,France,home,Aasgaard,19,True,starting_xi,AM,2,3,3,4-3-3,6.2,7.5,0,
4667808,france-vs-norway,https://www.fotmob.com/matches/france-vs-norway/1wx88k#4667808,Norway vs France (2026-06-26T19:00:00.000Z),Norway,France,2026-06-26T19:00:00.000Z,,Boston Stadium,Michael Oliver,Full time,1,4,Norway,France,home,Bobb,22,True,starting_xi,FWD,3,3,1,4-3-3,6.2,7.4,0,83.0
4667808,france-vs-norway,https://www.fotmob.com/matches/france-vs-norway/1wx88k#4667808,Norway vs France (2026-06-26T19:00:00.000Z),Norway,France,2026-06-26T19:00:00.000Z,,Boston Stadium,Michael Oliver,Full time,1,4,Norway,France,home,Strand Larsen,11,True,starting_xi,FWD,3,3,2,4-3-3,6.2,5.9,0,
4667808,france-vs-norway,https://www.fotmob.com/matches/france-vs-norway/1wx88k#4667808,Norway vs France (2026-06-26T19:00:00.000Z),Norway,France,2026-06-26T19:00:00.000Z,,Boston Stadium,Michael Oliver,Full time,1,4,Norway,France,home,Schjelderup,21,True,starting_xi,FWD,3,3,3,4-3-3,6.2,7.4,0,83.0
4667808,france-vs-norway,https://www.fotmob.com/matches/france-vs-norway/1wx88k#4667808,Norway vs France (2026-06-26T19:00:00.000Z),Norway,France,2026-06-26T19:00:00.000Z,,Boston Stadium,Michael Oliver,Full time,1,4,France,Norway,away,Mbappé,10,True,starting_xi,FWD,4,1,1,4-2-3-1,7.6,8.7,0,86.0
4667808,france-vs-norway,https://www.fotmob.com/matches/france-vs-norway/1wx88k#4667808,Norway vs France (2026-06-26T19:00:00.000Z),Norway,France,2026-06-26T19:00:00.000Z,,Boston Stadium,Michael Oliver,Full time,1,4,France,Norway,away,Doué,20,True,starting_xi,AM,3,3,1,4-2-3-1,7.6,8.6,0,
4667808,france-vs-norway,https://www.fotmob.com/matches/france-vs-norway/1wx88k#4667808,Norway vs France (2026-06-26T19:00:00.000Z),Norway,France,2026-06-26T19:00:00.000Z,,Boston Stadium,Michael Oliver,Full time,1,4,France,Norway,away,Olise,11,True,starting_xi,AM,3,3,2,4-2-3-1,7.6,6.8,0,65.0
4667808,france-vs-norway,https://www.fotmob.com/matches/france-vs-norway/1wx88k#4667808,Norway vs France (2026-06-26T19:00:00.000Z),Norway,France,2026-06-26T19:00:00.000Z,,Boston Stadium,Michael Oliver,Full time,1,4,France,Norway,away,Dembélé,7,True,starting_xi,AM,3,3,3,4-2-3-1,7.6,9.6,0,65.0
4667808,france-vs-norway,https://www.fotmob.com/matches/france-vs-norway/1wx88k#4667808,Norway vs France (2026-06-26T19:00:00.000Z),Norway,France,2026-06-26T19:00:00.000Z,,Boston Stadium,Michael Oliver,Full time,1,4,France,Norway,away,Koné,6,True,starting_xi,AM,2,2,1,4-2-3-1,7.6,7.2,0,
4667808,france-vs-norway,https://www.fotmob.com/matches/france-vs-norway/1wx88k#4667808,Norway vs France (2026-06-26T19:00:00.000Z),Norway,France,2026-06-26T19:00:00.000Z,,Boston Stadium,Michael Oliver,Full time,1,4,France,Norway,away,Tchouaméni,8,True,starting_xi,AM,2,2,2,4-2-3-1,7.6,8.7,0,
4667808,france-vs-norway,https://www.fotmob.com/matches/france-vs-norway/1wx88k#4667808,Norway vs France (2026-06-26T19:00:00.000Z),Norway,France,2026-06-26T19:00:00.000Z,,Boston Stadium,Michael Oliver,Full time,1,4,France,Norway,away,Hernández,19,True,starting_xi,DEF,1,4,1,4-2-3-1,7.6,6.7,0,
4667808,france-vs-norway,https://www.fotmob.com/matches/france-vs-norway/1wx88k#4667808,Norway vs France (2026-06-26T19:00:00.000Z),Norway,France,2026-06-26T19:00:00.000Z,,Boston Stadium,Michael Oliver,Full time,1,4,France,Norway,away,Lacroix,26,True,starting_xi,DEF,1,4,2,4-2-3-1,7.6,6.5,0,
4667808,france-vs-norway,https://www.fotmob.com/matches/france-vs-norway/1wx88k#4667808,Norway vs France (2026-06-26T19:00:00.000Z),Norway,France,2026-06-26T19:00:00.000Z,,Boston Stadium,Michael Oliver,Full time,1,4,France,Norway,away,Upamecano,4,True,starting_xi,DEF,1,4,3,4-2-3-1,7.6,7.5,0,76.0
4667808,france-vs-norway,https://www.fotmob.com/matches/france-vs-norway/1wx88k#4667808,Norway vs France (2026-06-26T19:00:00.000Z),Norway,France,2026-06-26T19:00:00.000Z,,Boston Stadium,Michael Oliver,Full time,1,4,France,Norway,away,Koundé,5,True,starting_xi,DEF,1,4,4,4-2-3-1,7.6,7.6,0,86.0
4667808,france-vs-norway,https://www.fotmob.com/matches/france-vs-norway/1wx88k#4667808,Norway vs France (2026-06-26T19:00:00.000Z),Norway,France,2026-06-26T19:00:00.000Z,,Boston Stadium,Michael Oliver,Full time,1,4,France,Norway,away,Maignan,16,True,starting_xi,GK,0,1,1,4-2-3-1,7.6,7.9,0,
4667806,senegal-vs-norway,https://www.fotmob.com/matches/senegal-vs-norway/1tzewo#4667806,Norway vs Senegal (2026-06-23T00:00:00.000Z),Norway,Senegal,2026-06-23T00:00:00.000Z,,New York New Jersey Stadium,Wilton Pereira Sampaio,Full time,3,2,Norway,Senegal,home,Nyland,1,True,starting_xi,GK,0,1,1,4-3-3,7.0,6.2,0,
4667806,senegal-vs-norway,https://www.fotmob.com/matches/senegal-vs-norway/1tzewo#4667806,Norway vs Senegal (2026-06-23T00:00:00.000Z),Norway,Senegal,2026-06-23T00:00:00.000Z,,New York New Jersey Stadium,Wilton Pereira Sampaio,Full time,3,2,Norway,Senegal,home,Ryerson,26,True,starting_xi,DEF,1,4,1,4-3-3,7.0,6.4,0,13.0
4667806,senegal-vs-norway,https://www.fotmob.com/matches/senegal-vs-norway/1tzewo#4667806,Norway vs Senegal (2026-06-23T00:00:00.000Z),Norway,Senegal,2026-06-23T00:00:00.000Z,,New York New Jersey Stadium,Wilton Pereira Sampaio,Full time,3,2,Norway,Senegal,home,Ajer,3,True,starting_xi,DEF,1,4,2,4-3-3,7.0,7.2,0,
4667806,senegal-vs-norway,https://www.fotmob.com/matches/senegal-vs-norway/1tzewo#4667806,Norway vs Senegal (2026-06-23T00:00:00.000Z),Norway,Senegal,2026-06-23T00:00:00.000Z,,New York New Jersey Stadium,Wilton Pereira Sampaio,Full time,3,2,Norway,Senegal,home,Heggem,17,True,starting_xi,DEF,1,4,3,4-3-3,7.0,7.2,0,84.0
4667806,senegal-vs-norway,https://www.fotmob.com/matches/senegal-vs-norway/1tzewo#4667806,Norway vs Senegal (2026-06-23T00:00:00.000Z),Norway,Senegal,2026-06-23T00:00:00.000Z,,New York New Jersey Stadium,Wilton Pereira Sampaio,Full time,3,2,Norway,Senegal,home,Møller Wolfe,5,True,starting_xi,DEF,1,4,4,4-3-3,7.0,6.6,0,
4667806,senegal-vs-norway,https://www.fotmob.com/matches/senegal-vs-norway/1tzewo#4667806,Norway vs Senegal (2026-06-23T00:00:00.000Z),Norway,Senegal,2026-06-23T00:00:00.000Z,,New York New Jersey Stadium,Wilton Pereira Sampaio,Full time,3,2,Norway,Senegal,home,Ødegaard,10,True,starting_xi,AM,2,3,1,4-3-3,7.0,7.7,0,
4667806,senegal-vs-norway,https://www.fotmob.com/matches/senegal-vs-norway/1tzewo#4667806,Norway vs Senegal (2026-06-23T00:00:00.000Z),Norway,Senegal,2026-06-23T00:00:00.000Z,,New York New Jersey Stadium,Wilton Pereira Sampaio,Full time,3,2,Norway,Senegal,home,Berge,8,True,starting_xi,AM,2,3,2,4-3-3,7.0,7.2,0,
4667806,senegal-vs-norway,https://www.fotmob.com/matches/senegal-vs-norway/1tzewo#4667806,Norway vs Senegal (2026-06-23T00:00:00.000Z),Norway,Senegal,2026-06-23T00:00:00.000Z,,New York New Jersey Stadium,Wilton Pereira Sampaio,Full time,3,2,Norway,Senegal,home,Aursnes,14,True,starting_xi,AM,2,3,3,4-3-3,7.0,6.4,0,46.0
4667806,senegal-vs-norway,https://www.fotmob.com/matches/senegal-vs-norway/1tzewo#4667806,Norway vs Senegal (2026-06-23T00:00:00.000Z),Norway,Senegal,2026-06-23T00:00:00.000Z,,New York New Jersey Stadium,Wilton Pereira Sampaio,Full time,3,2,Norway,Senegal,home,Sørloth,7,True,starting_xi,FWD,3,3,1,4-3-3,7.0,6.2,0,84.0
4667806,senegal-vs-norway,https://www.fotmob.com/matches/senegal-vs-norway/1tzewo#4667806,Norway vs Senegal (2026-06-23T00:00:00.000Z),Norway,Senegal,2026-06-23T00:00:00.000Z,,New York New Jersey Stadium,Wilton Pereira Sampaio,Full time,3,2,Norway,Senegal,home,Haaland,9,True,starting_xi,FWD,3,3,2,4-3-3,7.0,9.0,0,
4667806,senegal-vs-norway,https://www.fotmob.com/matches/senegal-vs-norway/1tzewo#4667806,Norway vs Senegal (2026-06-23T00:00:00.000Z),Norway,Senegal,2026-06-23T00:00:00.000Z,,New York New Jersey Stadium,Wilton Pereira Sampaio,Full time,3,2,Norway,Senegal,home,Nusa,20,True,starting_xi,FWD,3,3,3,4-3-3,7.0,6.7,0,71.0
4667806,senegal-vs-norway,https://www.fotmob.com/matches/senegal-vs-norway/1tzewo#4667806,Norway vs Senegal (2026-06-23T00:00:00.000Z),Norway,Senegal,2026-06-23T00:00:00.000Z,,New York New Jersey Stadium,Wilton Pereira Sampaio,Full time,3,2,Senegal,Norway,away,Jackson,11,True,starting_xi,FWD,4,1,1,4-2-3-1,6.6,7.3,0,
4667806,senegal-vs-norway,https://www.fotmob.com/matches/senegal-vs-norway/1tzewo#4667806,Norway vs Senegal (2026-06-23T00:00:00.000Z),Norway,Senegal,2026-06-23T00:00:00.000Z,,New York New Jersey Stadium,Wilton Pereira Sampaio,Full time,3,2,Senegal,Norway,away,Mané,10,True,starting_xi,AM,3,3,1,4-2-3-1,6.6,8.4,0,
4667806,senegal-vs-norway,https://www.fotmob.com/matches/senegal-vs-norway/1tzewo#4667806,Norway vs Senegal (2026-06-23T00:00:00.000Z),Norway,Senegal,2026-06-23T00:00:00.000Z,,New York New Jersey Stadium,Wilton Pereira Sampaio,Full time,3,2,Senegal,Norway,away,Camara,8,True,starting_xi,AM,3,3,2,4-2-3-1,6.6,7.2,0,63.0
4667806,senegal-vs-norway,https://www.fotmob.com/matches/senegal-vs-norway/1tzewo#4667806,Norway vs Senegal (2026-06-23T00:00:00.000Z),Norway,Senegal,2026-06-23T00:00:00.000Z,,New York New Jersey Stadium,Wilton Pereira Sampaio,Full time,3,2,Senegal,Norway,away,Sarr,18,True,starting_xi,AM,3,3,3,4-2-3-1,6.6,8.6,0,
4667806,senegal-vs-norway,https://www.fotmob.com/matches/senegal-vs-norway/1tzewo#4667806,Norway vs Senegal (2026-06-23T00:00:00.000Z),Norway,Senegal,2026-06-23T00:00:00.000Z,,New York New Jersey Stadium,Wilton Pereira Sampaio,Full time,3,2,Senegal,Norway,away,Gueye,26,True,starting_xi,AM,2,2,1,4-2-3-1,6.6,5.8,0,54.0
4667806,senegal-vs-norway,https://www.fotmob.com/matches/senegal-vs-norway/1tzewo#4667806,Norway vs Senegal (2026-06-23T00:00:00.000Z),Norway,Senegal,2026-06-23T00:00:00.000Z,,New York New Jersey Stadium,Wilton Pereira Sampaio,Full time,3,2,Senegal,Norway,away,Gueye,5,True,starting_xi,AM,2,2,2,4-2-3-1,6.6,6.2,0,
4667806,senegal-vs-norway,https://www.fotmob.com/matches/senegal-vs-norway/1tzewo#4667806,Norway vs Senegal (2026-06-23T00:00:00.000Z),Norway,Senegal,2026-06-23T00:00:00.000Z,,New York New Jersey Stadium,Wilton Pereira Sampaio,Full time,3,2,Senegal,Norway,away,Diouf,25,True,starting_xi,DEF,1,4,1,4-2-3-1,6.6,6.1,0,54.0
4667806,senegal-vs-norway,https://www.fotmob.com/matches/senegal-vs-norway/1tzewo#4667806,Norway vs Senegal (2026-06-23T00:00:00.000Z),Norway,Senegal,2026-06-23T00:00:00.000Z,,New York New Jersey Stadium,Wilton Pereira Sampaio,Full time,3,2,Senegal,Norway,away,Niakhaté,19,True,starting_xi,DEF,1,4,2,4-2-3-1,6.6,7.2,0,
4667806,senegal-vs-norway,https://www.fotmob.com/matches/senegal-vs-norway/1tzewo#4667806,Norway vs Senegal (2026-06-23T00:00:00.000Z),Norway,Senegal,2026-06-23T00:00:00.000Z,,New York New Jersey Stadium,Wilton Pereira Sampaio,Full time,3,2,Senegal,Norway,away,Koulibaly,3,True,starting_xi,DEF,1,4,3,4-2-3-1,6.6,3.7,0,72.0
4667806,senegal-vs-norway,https://www.fotmob.com/matches/senegal-vs-norway/1tzewo#4667806,Norway vs Senegal (2026-06-23T00:00:00.000Z),Norway,Senegal,2026-06-23T00:00:00.000Z,,New York New Jersey Stadium,Wilton Pereira Sampaio,Full time,3,2,Senegal,Norway,away,Diatta,15,True,starting_xi,DEF,1,4,4,4-2-3-1,6.6,6.8,0,
4667806,senegal-vs-norway,https://www.fotmob.com/matches/senegal-vs-norway/1tzewo#4667806,Norway vs Senegal (2026-06-23T00:00:00.000Z),Norway,Senegal,2026-06-23T00:00:00.000Z,,New York New Jersey Stadium,Wilton Pereira Sampaio,Full time,3,2,Senegal,Norway,away,Mendy,16,True,starting_xi,GK,0,1,1,4-2-3-1,6.6,5.1,0,63.0
4667809,iraq-vs-senegal,https://www.fotmob.com/matches/iraq-vs-senegal/18f0co#4667809,Senegal vs Iraq (2026-06-26T19:00:00.000Z),Senegal,Iraq,2026-06-26T19:00:00.000Z,,Toronto Stadium,Anthony Taylor,Full time,5,0,Senegal,Iraq,home,Diaw,23,True,starting_xi,GK,0,1,1,4-3-3,7.7,7.8,0,
4667809,iraq-vs-senegal,https://www.fotmob.com/matches/iraq-vs-senegal/18f0co#4667809,Senegal vs Iraq (2026-06-26T19:00:00.000Z),Senegal,Iraq,2026-06-26T19:00:00.000Z,,Toronto Stadium,Anthony Taylor,Full time,5,0,Senegal,Iraq,home,Diatta,15,True,starting_xi,DEF,1,4,1,4-3-3,7.7,8.2,0,
4667809,iraq-vs-senegal,https://www.fotmob.com/matches/iraq-vs-senegal/18f0co#4667809,Senegal vs Iraq (2026-06-26T19:00:00.000Z),Senegal,Iraq,2026-06-26T19:00:00.000Z,,Toronto Stadium,Anthony Taylor,Full time,5,0,Senegal,Iraq,home,Seck,4,True,starting_xi,DEF,1,4,2,4-3-3,7.7,7.6,0,58.0
4667809,iraq-vs-senegal,https://www.fotmob.com/matches/iraq-vs-senegal/18f0co#4667809,Senegal vs Iraq (2026-06-26T19:00:00.000Z),Senegal,Iraq,2026-06-26T19:00:00.000Z,,Toronto Stadium,Anthony Taylor,Full time,5,0,Senegal,Iraq,home,Niakhaté,19,True,starting_xi,DEF,1,4,3,4-3-3,7.7,6.9,0,
4667809,iraq-vs-senegal,https://www.fotmob.com/matches/iraq-vs-senegal/18f0co#4667809,Senegal vs Iraq (2026-06-26T19:00:00.000Z),Senegal,Iraq,2026-06-26T19:00:00.000Z,,Toronto Stadium,Anthony Taylor,Full time,5,0,Senegal,Iraq,home,Jakobs,14,True,starting_xi,DEF,1,4,4,4-3-3,7.7,7.0,0,
4667809,iraq-vs-senegal,https://www.fotmob.com/matches/iraq-vs-senegal/18f0co#4667809,Senegal vs Iraq (2026-06-26T19:00:00.000Z),Senegal,Iraq,2026-06-26T19:00:00.000Z,,Toronto Stadium,Anthony Taylor,Full time,5,0,Senegal,Iraq,home,Diarra,21,True,starting_xi,AM,2,3,1,4-3-3,7.7,7.9,0,56.0
4667809,iraq-vs-senegal,https://www.fotmob.com/matches/iraq-vs-senegal/18f0co#4667809,Senegal vs Iraq (2026-06-26T19:00:00.000Z),Senegal,Iraq,2026-06-26T19:00:00.000Z,,Toronto Stadium,Anthony Taylor,Full time,5,0,Senegal,Iraq,home,Gueye,5,True,starting_xi,AM,2,3,2,4-3-3,7.7,8.2,0,
4667809,iraq-vs-senegal,https://www.fotmob.com/matches/iraq-vs-senegal/18f0co#4667809,Senegal vs Iraq (2026-06-26T19:00:00.000Z),Senegal,Iraq,2026-06-26T19:00:00.000Z,,Toronto Stadium,Anthony Taylor,Full time,5,0,Senegal,Iraq,home,Camara,8,True,starting_xi,AM,2,3,3,4-3-3,7.7,8.4,0,56.0
4667809,iraq-vs-senegal,https://www.fotmob.com/matches/iraq-vs-senegal/18f0co#4667809,Senegal vs Iraq (2026-06-26T19:00:00.000Z),Senegal,Iraq,2026-06-26T19:00:00.000Z,,Toronto Stadium,Anthony Taylor,Full time,5,0,Senegal,Iraq,home,Mbaye,20,True,starting_xi,FWD,3,3,1,4-3-3,7.7,6.6,0,56.0
4667809,iraq-vs-senegal,https://www.fotmob.com/matches/iraq-vs-senegal/18f0co#4667809,Senegal vs Iraq (2026-06-26T19:00:00.000Z),Senegal,Iraq,2026-06-26T19:00:00.000Z,,Toronto Stadium,Anthony Taylor,Full time,5,0,Senegal,Iraq,home,Sarr,18,True,starting_xi,FWD,3,3,2,4-3-3,7.7,8.6,0,81.0
4667809,iraq-vs-senegal,https://www.fotmob.com/matches/iraq-vs-senegal/18f0co#4667809,Senegal vs Iraq (2026-06-26T19:00:00.000Z),Senegal,Iraq,2026-06-26T19:00:00.000Z,,Toronto Stadium,Anthony Taylor,Full time,5,0,Senegal,Iraq,home,Mané,10,True,starting_xi,FWD,3,3,3,4-3-3,7.7,7.3,0,
4667809,iraq-vs-senegal,https://www.fotmob.com/matches/iraq-vs-senegal/18f0co#4667809,Senegal vs Iraq (2026-06-26T19:00:00.000Z),Senegal,Iraq,2026-06-26T19:00:00.000Z,,Toronto Stadium,Anthony Taylor,Full time,5,0,Iraq,Senegal,away,Al Hamadi,9,True,starting_xi,FWD,4,1,1,4-2-3-1,5.6,6.3,0,57.0
4667809,iraq-vs-senegal,https://www.fotmob.com/matches/iraq-vs-senegal/18f0co#4667809,Senegal vs Iraq (2026-06-26T19:00:00.000Z),Senegal,Iraq,2026-06-26T19:00:00.000Z,,Toronto Stadium,Anthony Taylor,Full time,5,0,Iraq,Senegal,away,Bayesh,8,True,starting_xi,AM,3,3,1,4-2-3-1,5.6,6.7,0,
4667809,iraq-vs-senegal,https://www.fotmob.com/matches/iraq-vs-senegal/18f0co#4667809,Senegal vs Iraq (2026-06-26T19:00:00.000Z),Senegal,Iraq,2026-06-26T19:00:00.000Z,,Toronto Stadium,Anthony Taylor,Full time,5,0,Iraq,Senegal,away,Jasim,17,True,starting_xi,AM,3,3,2,4-2-3-1,5.6,5.9,0,57.0
4667809,iraq-vs-senegal,https://www.fotmob.com/matches/iraq-vs-senegal/18f0co#4667809,Senegal vs Iraq (2026-06-26T19:00:00.000Z),Senegal,Iraq,2026-06-26T19:00:00.000Z,,Toronto Stadium,Anthony Taylor,Full time,5,0,Iraq,Senegal,away,Qasem,11,True,starting_xi,AM,3,3,3,4-2-3-1,5.6,5.7,0,16.0
4667809,iraq-vs-senegal,https://www.fotmob.com/matches/iraq-vs-senegal/18f0co#4667809,Senegal vs Iraq (2026-06-26T19:00:00.000Z),Senegal,Iraq,2026-06-26T19:00:00.000Z,,Toronto Stadium,Anthony Taylor,Full time,5,0,Iraq,Senegal,away,Al-Ammari,16,True,starting_xi,AM,2,2,1,4-2-3-1,5.6,4.3,0,
4667809,iraq-vs-senegal,https://www.fotmob.com/matches/iraq-vs-senegal/18f0co#4667809,Senegal vs Iraq (2026-06-26T19:00:00.000Z),Senegal,Iraq,2026-06-26T19:00:00.000Z,,Toronto Stadium,Anthony Taylor,Full time,5,0,Iraq,Senegal,away,Iqbal,14,True,starting_xi,AM,2,2,2,4-2-3-1,5.6,4.9,0,67.0
4667809,iraq-vs-senegal,https://www.fotmob.com/matches/iraq-vs-senegal/18f0co#4667809,Senegal vs Iraq (2026-06-26T19:00:00.000Z),Senegal,Iraq,2026-06-26T19:00:00.000Z,,Toronto Stadium,Anthony Taylor,Full time,5,0,Iraq,Senegal,away,Doski,23,True,starting_xi,DEF,1,4,1,4-2-3-1,5.6,4.8,0,
4667809,iraq-vs-senegal,https://www.fotmob.com/matches/iraq-vs-senegal/18f0co#4667809,Senegal vs Iraq (2026-06-26T19:00:00.000Z),Senegal,Iraq,2026-06-26T19:00:00.000Z,,Toronto Stadium,Anthony Taylor,Full time,5,0,Iraq,Senegal,away,Hashem,5,True,starting_xi,DEF,1,4,2,4-2-3-1,5.6,3.9,0,
4667809,iraq-vs-senegal,https://www.fotmob.com/matches/iraq-vs-senegal/18f0co#4667809,Senegal vs Iraq (2026-06-26T19:00:00.000Z),Senegal,Iraq,2026-06-26T19:00:00.000Z,,Toronto Stadium,Anthony Taylor,Full time,5,0,Iraq,Senegal,away,Sulaka,2,True,starting_xi,DEF,1,4,3,4-2-3-1,5.6,4.9,0,
4667809,iraq-vs-senegal,https://www.fotmob.com/matches/iraq-vs-senegal/18f0co#4667809,Senegal vs Iraq (2026-06-26T19:00:00.000Z),Senegal,Iraq,2026-06-26T19:00:00.000Z,,Toronto Stadium,Anthony Taylor,Full time,5,0,Iraq,Senegal,away,Putros,26,True,starting_xi,DEF,1,4,4,4-2-3-1,5.6,4.9,0,
4667809,iraq-vs-senegal,https://www.fotmob.com/matches/iraq-vs-senegal/18f0co#4667809,Senegal vs Iraq (2026-06-26T19:00:00.000Z),Senegal,Iraq,2026-06-26T19:00:00.000Z,,Toronto Stadium,Anthony Taylor,Full time,5,0,Iraq,Senegal,away,Fadhil,22,True,starting_xi,GK,0,1,1,4-2-3-1,5.6,6.7,0,46.0
4667814,jordan-vs-algeria,https://www.fotmob.com/matches/jordan-vs-algeria/17tvf0#4667814,Jordan vs Algeria (2026-06-23T03:00:00.000Z),Jordan,Algeria,2026-06-23T03:00:00.000Z,,San Francisco Bay Area Stadium,Slavko Vinčić,Full time,1,2,Jordan,Algeria,home,Abulaila,1,True,starting_xi,GK,0,1,1,3-4-2-1,6.7,7.0,0,
4667814,jordan-vs-algeria,https://www.fotmob.com/matches/jordan-vs-algeria/17tvf0#4667814,Jordan vs Algeria (2026-06-23T03:00:00.000Z),Jordan,Algeria,2026-06-23T03:00:00.000Z,,San Francisco Bay Area Stadium,Slavko Vinčić,Full time,1,2,Jordan,Algeria,home,Nasib,3,True,starting_xi,DEF,1,3,1,3-4-2-1,6.7,6.6,0,
4667814,jordan-vs-algeria,https://www.fotmob.com/matches/jordan-vs-algeria/17tvf0#4667814,Jordan vs Algeria (2026-06-23T03:00:00.000Z),Jordan,Algeria,2026-06-23T03:00:00.000Z,,San Francisco Bay Area Stadium,Slavko Vinčić,Full time,1,2,Jordan,Algeria,home,Al-Arab,5,True,starting_xi,DEF,1,3,2,3-4-2-1,6.7,5.9,0,
4667814,jordan-vs-algeria,https://www.fotmob.com/matches/jordan-vs-algeria/17tvf0#4667814,Jordan vs Algeria (2026-06-23T03:00:00.000Z),Jordan,Algeria,2026-06-23T03:00:00.000Z,,San Francisco Bay Area Stadium,Slavko Vinčić,Full time,1,2,Jordan,Algeria,home,Dahab,4,True,starting_xi,DEF,1,3,3,3-4-2-1,6.7,6.8,0,90.0
4667814,jordan-vs-algeria,https://www.fotmob.com/matches/jordan-vs-algeria/17tvf0#4667814,Jordan vs Algeria (2026-06-23T03:00:00.000Z),Jordan,Algeria,2026-06-23T03:00:00.000Z,,San Francisco Bay Area Stadium,Slavko Vinčić,Full time,1,2,Jordan,Algeria,home,Haddad,23,True,starting_xi,AM,2,4,1,3-4-2-1,6.7,6.2,0,
4667814,jordan-vs-algeria,https://www.fotmob.com/matches/jordan-vs-algeria/17tvf0#4667814,Jordan vs Algeria (2026-06-23T03:00:00.000Z),Jordan,Algeria,2026-06-23T03:00:00.000Z,,San Francisco Bay Area Stadium,Slavko Vinčić,Full time,1,2,Jordan,Algeria,home,Al Rashdan,21,True,starting_xi,AM,2,4,2,3-4-2-1,6.7,7.4,0,
4667814,jordan-vs-algeria,https://www.fotmob.com/matches/jordan-vs-algeria/17tvf0#4667814,Jordan vs Algeria (2026-06-23T03:00:00.000Z),Jordan,Algeria,2026-06-23T03:00:00.000Z,,San Francisco Bay Area Stadium,Slavko Vinčić,Full time,1,2,Jordan,Algeria,home,Al-Rawabdeh,8,True,starting_xi,AM,2,4,3,3-4-2-1,6.7,6.6,0,
4667814,jordan-vs-algeria,https://www.fotmob.com/matches/jordan-vs-algeria/17tvf0#4667814,Jordan vs Algeria (2026-06-23T03:00:00.000Z),Jordan,Algeria,2026-06-23T03:00:00.000Z,,San Francisco Bay Area Stadium,Slavko Vinčić,Full time,1,2,Jordan,Algeria,home,Taha,20,True,starting_xi,AM,2,4,4,3-4-2-1,6.7,7.7,0,84.0
4667814,jordan-vs-algeria,https://www.fotmob.com/matches/jordan-vs-algeria/17tvf0#4667814,Jordan vs Algeria (2026-06-23T03:00:00.000Z),Jordan,Algeria,2026-06-23T03:00:00.000Z,,San Francisco Bay Area Stadium,Slavko Vinčić,Full time,1,2,Jordan,Algeria,home,Olwan,9,True,starting_xi,AM,3,2,1,3-4-2-1,6.7,6.9,0,90.0
4667814,jordan-vs-algeria,https://www.fotmob.com/matches/jordan-vs-algeria/17tvf0#4667814,Jordan vs Algeria (2026-06-23T03:00:00.000Z),Jordan,Algeria,2026-06-23T03:00:00.000Z,,San Francisco Bay Area Stadium,Slavko Vinčić,Full time,1,2,Jordan,Algeria,home,Al Mardi,13,True,starting_xi,AM,3,2,2,3-4-2-1,6.7,6.4,0,76.0
4667814,jordan-vs-algeria,https://www.fotmob.com/matches/jordan-vs-algeria/17tvf0#4667814,Jordan vs Algeria (2026-06-23T03:00:00.000Z),Jordan,Algeria,2026-06-23T03:00:00.000Z,,San Francisco Bay Area Stadium,Slavko Vinčić,Full time,1,2,Jordan,Algeria,home,Tamari,10,True,starting_xi,FWD,4,1,1,3-4-2-1,6.7,6.7,0,84.0
4667814,jordan-vs-algeria,https://www.fotmob.com/matches/jordan-vs-algeria/17tvf0#4667814,Jordan vs Algeria (2026-06-23T03:00:00.000Z),Jordan,Algeria,2026-06-23T03:00:00.000Z,,San Francisco Bay Area Stadium,Slavko Vinčić,Full time,1,2,Algeria,Jordan,away,Gouiri,9,True,starting_xi,FWD,4,1,1,4-2-3-1,7.3,7.8,0,85.0
4667814,jordan-vs-algeria,https://www.fotmob.com/matches/jordan-vs-algeria/17tvf0#4667814,Jordan vs Algeria (2026-06-23T03:00:00.000Z),Jordan,Algeria,2026-06-23T03:00:00.000Z,,San Francisco Bay Area Stadium,Slavko Vinčić,Full time,1,2,Algeria,Jordan,away,Chaïbi,10,True,starting_xi,AM,3,3,1,4-2-3-1,7.3,7.7,0,
4667814,jordan-vs-algeria,https://www.fotmob.com/matches/jordan-vs-algeria/17tvf0#4667814,Jordan vs Algeria (2026-06-23T03:00:00.000Z),Jordan,Algeria,2026-06-23T03:00:00.000Z,,San Francisco Bay Area Stadium,Slavko Vinčić,Full time,1,2,Algeria,Jordan,away,Maza,22,True,starting_xi,AM,3,3,2,4-2-3-1,7.3,7.7,0,
4667814,jordan-vs-algeria,https://www.fotmob.com/matches/jordan-vs-algeria/17tvf0#4667814,Jordan vs Algeria (2026-06-23T03:00:00.000Z),Jordan,Algeria,2026-06-23T03:00:00.000Z,,San Francisco Bay Area Stadium,Slavko Vinčić,Full time,1,2,Algeria,Jordan,away,Mahrez,7,True,starting_xi,AM,3,3,3,4-2-3-1,7.3,7.9,0,76.0
4667814,jordan-vs-algeria,https://www.fotmob.com/matches/jordan-vs-algeria/17tvf0#4667814,Jordan vs Algeria (2026-06-23T03:00:00.000Z),Jordan,Algeria,2026-06-23T03:00:00.000Z,,San Francisco Bay Area Stadium,Slavko Vinčić,Full time,1,2,Algeria,Jordan,away,Zerrouki,6,True,starting_xi,AM,2,2,1,4-2-3-1,7.3,5.8,0,46.0
4667814,jordan-vs-algeria,https://www.fotmob.com/matches/jordan-vs-algeria/17tvf0#4667814,Jordan vs Algeria (2026-06-23T03:00:00.000Z),Jordan,Algeria,2026-06-23T03:00:00.000Z,,San Francisco Bay Area Stadium,Slavko Vinčić,Full time,1,2,Algeria,Jordan,away,Boudaoui,14,True,starting_xi,AM,2,2,2,4-2-3-1,7.3,7.1,0,46.0
4667814,jordan-vs-algeria,https://www.fotmob.com/matches/jordan-vs-algeria/17tvf0#4667814,Jordan vs Algeria (2026-06-23T03:00:00.000Z),Jordan,Algeria,2026-06-23T03:00:00.000Z,,San Francisco Bay Area Stadium,Slavko Vinčić,Full time,1,2,Algeria,Jordan,away,Ait Nouri,15,True,starting_xi,DEF,1,4,1,4-2-3-1,7.3,7.9,0,85.0
4667814,jordan-vs-algeria,https://www.fotmob.com/matches/jordan-vs-algeria/17tvf0#4667814,Jordan vs Algeria (2026-06-23T03:00:00.000Z),Jordan,Algeria,2026-06-23T03:00:00.000Z,,San Francisco Bay Area Stadium,Slavko Vinčić,Full time,1,2,Algeria,Jordan,away,Bensebaini,21,True,starting_xi,DEF,1,4,2,4-2-3-1,7.3,8.5,0,
4667814,jordan-vs-algeria,https://www.fotmob.com/matches/jordan-vs-algeria/17tvf0#4667814,Jordan vs Algeria (2026-06-23T03:00:00.000Z),Jordan,Algeria,2026-06-23T03:00:00.000Z,,San Francisco Bay Area Stadium,Slavko Vinčić,Full time,1,2,Algeria,Jordan,away,Mandi,2,True,starting_xi,DEF,1,4,3,4-2-3-1,7.3,7.8,0,
4667814,jordan-vs-algeria,https://www.fotmob.com/matches/jordan-vs-algeria/17tvf0#4667814,Jordan vs Algeria (2026-06-23T03:00:00.000Z),Jordan,Algeria,2026-06-23T03:00:00.000Z,,San Francisco Bay Area Stadium,Slavko Vinčić,Full time,1,2,Algeria,Jordan,away,Belghali,17,True,starting_xi,DEF,1,4,4,4-2-3-1,7.3,7.1,0,
4667814,jordan-vs-algeria,https://www.fotmob.com/matches/jordan-vs-algeria/17tvf0#4667814,Jordan vs Algeria (2026-06-23T03:00:00.000Z),Jordan,Algeria,2026-06-23T03:00:00.000Z,,San Francisco Bay Area Stadium,Slavko Vinčić,Full time,1,2,Algeria,Jordan,away,Zidane,23,True,starting_xi,GK,0,1,1,4-2-3-1,7.3,6.7,0,
4667822,portugal-vs-uzbekistan,https://www.fotmob.com/matches/portugal-vs-uzbekistan/2enrsr#4667822,Portugal vs Uzbekistan (2026-06-23T17:00:00.000Z),Portugal,Uzbekistan,2026-06-23T17:00:00.000Z,,Houston Stadium,Jalal Jayed,Full time,5,0,Portugal,Uzbekistan,home,Costa,1,True,starting_xi,GK,0,1,1,4-2-3-1,7.5,8.2,0,
4667822,portugal-vs-uzbekistan,https://www.fotmob.com/matches/portugal-vs-uzbekistan/2enrsr#4667822,Portugal vs Uzbekistan (2026-06-23T17:00:00.000Z),Portugal,Uzbekistan,2026-06-23T17:00:00.000Z,,Houston Stadium,Jalal Jayed,Full time,5,0,Portugal,Uzbekistan,home,Cancelo,20,True,starting_xi,DEF,1,4,1,4-2-3-1,7.5,7.8,0,46.0
4667822,portugal-vs-uzbekistan,https://www.fotmob.com/matches/portugal-vs-uzbekistan/2enrsr#4667822,Portugal vs Uzbekistan (2026-06-23T17:00:00.000Z),Portugal,Uzbekistan,2026-06-23T17:00:00.000Z,,Houston Stadium,Jalal Jayed,Full time,5,0,Portugal,Uzbekistan,home,Dias,3,True,starting_xi,DEF,1,4,2,4-2-3-1,7.5,7.7,0,
4667822,portugal-vs-uzbekistan,https://www.fotmob.com/matches/portugal-vs-uzbekistan/2enrsr#4667822,Portugal vs Uzbekistan (2026-06-23T17:00:00.000Z),Portugal,Uzbekistan,2026-06-23T17:00:00.000Z,,Houston Stadium,Jalal Jayed,Full time,5,0,Portugal,Uzbekistan,home,Veiga,13,True,starting_xi,DEF,1,4,3,4-2-3-1,7.5,7.4,0,
4667822,portugal-vs-uzbekistan,https://www.fotmob.com/matches/portugal-vs-uzbekistan/2enrsr#4667822,Portugal vs Uzbekistan (2026-06-23T17:00:00.000Z),Portugal,Uzbekistan,2026-06-23T17:00:00.000Z,,Houston Stadium,Jalal Jayed,Full time,5,0,Portugal,Uzbekistan,home,Mendes,25,True,starting_xi,DEF,1,4,4,4-2-3-1,7.5,8.8,0,
4667822,portugal-vs-uzbekistan,https://www.fotmob.com/matches/portugal-vs-uzbekistan/2enrsr#4667822,Portugal vs Uzbekistan (2026-06-23T17:00:00.000Z),Portugal,Uzbekistan,2026-06-23T17:00:00.000Z,,Houston Stadium,Jalal Jayed,Full time,5,0,Portugal,Uzbekistan,home,Neves,15,True,starting_xi,AM,2,2,1,4-2-3-1,7.5,7.3,0,76.0
4667822,portugal-vs-uzbekistan,https://www.fotmob.com/matches/portugal-vs-uzbekistan/2enrsr#4667822,Portugal vs Uzbekistan (2026-06-23T17:00:00.000Z),Portugal,Uzbekistan,2026-06-23T17:00:00.000Z,,Houston Stadium,Jalal Jayed,Full time,5,0,Portugal,Uzbekistan,home,Vitinha,23,True,starting_xi,AM,2,2,2,4-2-3-1,7.5,7.2,0,83.0
4667822,portugal-vs-uzbekistan,https://www.fotmob.com/matches/portugal-vs-uzbekistan/2enrsr#4667822,Portugal vs Uzbekistan (2026-06-23T17:00:00.000Z),Portugal,Uzbekistan,2026-06-23T17:00:00.000Z,,Houston Stadium,Jalal Jayed,Full time,5,0,Portugal,Uzbekistan,home,Neto,18,True,starting_xi,AM,3,3,1,4-2-3-1,7.5,6.8,0,46.0
4667822,portugal-vs-uzbekistan,https://www.fotmob.com/matches/portugal-vs-uzbekistan/2enrsr#4667822,Portugal vs Uzbekistan (2026-06-23T17:00:00.000Z),Portugal,Uzbekistan,2026-06-23T17:00:00.000Z,,Houston Stadium,Jalal Jayed,Full time,5,0,Portugal,Uzbekistan,home,Fernandes,8,True,starting_xi,AM,3,3,2,4-2-3-1,7.5,8.2,0,
4667822,portugal-vs-uzbekistan,https://www.fotmob.com/matches/portugal-vs-uzbekistan/2enrsr#4667822,Portugal vs Uzbekistan (2026-06-23T17:00:00.000Z),Portugal,Uzbekistan,2026-06-23T17:00:00.000Z,,Houston Stadium,Jalal Jayed,Full time,5,0,Portugal,Uzbekistan,home,Joao Félix,11,True,starting_xi,AM,3,3,3,4-2-3-1,7.5,7.2,0,63.0
4667822,portugal-vs-uzbekistan,https://www.fotmob.com/matches/portugal-vs-uzbekistan/2enrsr#4667822,Portugal vs Uzbekistan (2026-06-23T17:00:00.000Z),Portugal,Uzbekistan,2026-06-23T17:00:00.000Z,,Houston Stadium,Jalal Jayed,Full time,5,0,Portugal,Uzbekistan,home,Ronaldo,7,True,starting_xi,FWD,4,1,1,4-2-3-1,7.5,9.1,0,
4667822,portugal-vs-uzbekistan,https://www.fotmob.com/matches/portugal-vs-uzbekistan/2enrsr#4667822,Portugal vs Uzbekistan (2026-06-23T17:00:00.000Z),Portugal,Uzbekistan,2026-06-23T17:00:00.000Z,,Houston Stadium,Jalal Jayed,Full time,5,0,Uzbekistan,Portugal,away,Shomurodov,14,True,starting_xi,FWD,3,1,1,5-4-1,6.0,7.2,0,
4667822,portugal-vs-uzbekistan,https://www.fotmob.com/matches/portugal-vs-uzbekistan/2enrsr#4667822,Portugal vs Uzbekistan (2026-06-23T17:00:00.000Z),Portugal,Uzbekistan,2026-06-23T17:00:00.000Z,,Houston Stadium,Jalal Jayed,Full time,5,0,Uzbekistan,Portugal,away,Fayzullayev,22,True,starting_xi,AM,2,4,1,5-4-1,6.0,6.7,0,73.0
4667822,portugal-vs-uzbekistan,https://www.fotmob.com/matches/portugal-vs-uzbekistan/2enrsr#4667822,Portugal vs Uzbekistan (2026-06-23T17:00:00.000Z),Portugal,Uzbekistan,2026-06-23T17:00:00.000Z,,Houston Stadium,Jalal Jayed,Full time,5,0,Uzbekistan,Portugal,away,Shukurov,7,True,starting_xi,AM,2,4,2,5-4-1,6.0,6.2,0,90.0
4667822,portugal-vs-uzbekistan,https://www.fotmob.com/matches/portugal-vs-uzbekistan/2enrsr#4667822,Portugal vs Uzbekistan (2026-06-23T17:00:00.000Z),Portugal,Uzbekistan,2026-06-23T17:00:00.000Z,,Houston Stadium,Jalal Jayed,Full time,5,0,Uzbekistan,Portugal,away,Khamrobekov,9,True,starting_xi,AM,2,4,3,5-4-1,6.0,5.7,0,46.0
4667822,portugal-vs-uzbekistan,https://www.fotmob.com/matches/portugal-vs-uzbekistan/2enrsr#4667822,Portugal vs Uzbekistan (2026-06-23T17:00:00.000Z),Portugal,Uzbekistan,2026-06-23T17:00:00.000Z,,Houston Stadium,Jalal Jayed,Full time,5,0,Uzbekistan,Portugal,away,Ganiev,19,True,starting_xi,AM,2,4,4,5-4-1,6.0,6.7,0,
4667822,portugal-vs-uzbekistan,https://www.fotmob.com/matches/portugal-vs-uzbekistan/2enrsr#4667822,Portugal vs Uzbekistan (2026-06-23T17:00:00.000Z),Portugal,Uzbekistan,2026-06-23T17:00:00.000Z,,Houston Stadium,Jalal Jayed,Full time,5,0,Uzbekistan,Portugal,away,Nasrulloev,13,True,starting_xi,DEF,1,5,1,5-4-1,6.0,6.1,0,46.0
4667822,portugal-vs-uzbekistan,https://www.fotmob.com/matches/portugal-vs-uzbekistan/2enrsr#4667822,Portugal vs Uzbekistan (2026-06-23T17:00:00.000Z),Portugal,Uzbekistan,2026-06-23T17:00:00.000Z,,Houston Stadium,Jalal Jayed,Full time,5,0,Uzbekistan,Portugal,away,Karimov,24,True,starting_xi,DEF,1,5,2,5-4-1,6.0,6.7,0,90.0
4667822,portugal-vs-uzbekistan,https://www.fotmob.com/matches/portugal-vs-uzbekistan/2enrsr#4667822,Portugal vs Uzbekistan (2026-06-23T17:00:00.000Z),Portugal,Uzbekistan,2026-06-23T17:00:00.000Z,,Houston Stadium,Jalal Jayed,Full time,5,0,Uzbekistan,Portugal,away,Ashurmatov,5,True,starting_xi,DEF,1,5,3,5-4-1,6.0,5.0,0,
4667822,portugal-vs-uzbekistan,https://www.fotmob.com/matches/portugal-vs-uzbekistan/2enrsr#4667822,Portugal vs Uzbekistan (2026-06-23T17:00:00.000Z),Portugal,Uzbekistan,2026-06-23T17:00:00.000Z,,Houston Stadium,Jalal Jayed,Full time,5,0,Uzbekistan,Portugal,away,Abdullaev,18,True,starting_xi,DEF,1,5,4,5-4-1,6.0,4.6,0,
4667822,portugal-vs-uzbekistan,https://www.fotmob.com/matches/portugal-vs-uzbekistan/2enrsr#4667822,Portugal vs Uzbekistan (2026-06-23T17:00:00.000Z),Portugal,Uzbekistan,2026-06-23T17:00:00.000Z,,Houston Stadium,Jalal Jayed,Full time,5,0,Uzbekistan,Portugal,away,Khusanov,2,True,starting_xi,DEF,1,5,5,5-4-1,6.0,5.5,0,
4667822,portugal-vs-uzbekistan,https://www.fotmob.com/matches/portugal-vs-uzbekistan/2enrsr#4667822,Portugal vs Uzbekistan (2026-06-23T17:00:00.000Z),Portugal,Uzbekistan,2026-06-23T17:00:00.000Z,,Houston Stadium,Jalal Jayed,Full time,5,0,Uzbekistan,Portugal,away,Nematov,12,True,starting_xi,GK,0,1,1,5-4-1,6.0,4.5,0,
4667830,ghana-vs-croatia,https://www.fotmob.com/matches/ghana-vs-croatia/2cpwux#4667830,Croatia vs Ghana (2026-06-27T21:00:00.000Z),Croatia,Ghana,2026-06-27T21:00:00.000Z,,Philadelphia Stadium,Drew Thomas Fischer,Full time,2,1,Croatia,Ghana,home,Livakovic,1,True,starting_xi,GK,0,1,1,4-2-3-1,7.2,6.8,0,
4667830,ghana-vs-croatia,https://www.fotmob.com/matches/ghana-vs-croatia/2cpwux#4667830,Croatia vs Ghana (2026-06-27T21:00:00.000Z),Croatia,Ghana,2026-06-27T21:00:00.000Z,,Philadelphia Stadium,Drew Thomas Fischer,Full time,2,1,Croatia,Ghana,home,Stanisic,2,True,starting_xi,DEF,1,4,1,4-2-3-1,7.2,6.4,0,
4667830,ghana-vs-croatia,https://www.fotmob.com/matches/ghana-vs-croatia/2cpwux#4667830,Croatia vs Ghana (2026-06-27T21:00:00.000Z),Croatia,Ghana,2026-06-27T21:00:00.000Z,,Philadelphia Stadium,Drew Thomas Fischer,Full time,2,1,Croatia,Ghana,home,Sutalo,6,True,starting_xi,DEF,1,4,2,4-2-3-1,7.2,7.6,0,
4667830,ghana-vs-croatia,https://www.fotmob.com/matches/ghana-vs-croatia/2cpwux#4667830,Croatia vs Ghana (2026-06-27T21:00:00.000Z),Croatia,Ghana,2026-06-27T21:00:00.000Z,,Philadelphia Stadium,Drew Thomas Fischer,Full time,2,1,Croatia,Ghana,home,Pongracic,3,True,starting_xi,DEF,1,4,3,4-2-3-1,7.2,7.3,0,
4667830,ghana-vs-croatia,https://www.fotmob.com/matches/ghana-vs-croatia/2cpwux#4667830,Croatia vs Ghana (2026-06-27T21:00:00.000Z),Croatia,Ghana,2026-06-27T21:00:00.000Z,,Philadelphia Stadium,Drew Thomas Fischer,Full time,2,1,Croatia,Ghana,home,Perisic,14,True,starting_xi,DEF,1,4,4,4-2-3-1,7.2,7.5,0,
4667830,ghana-vs-croatia,https://www.fotmob.com/matches/ghana-vs-croatia/2cpwux#4667830,Croatia vs Ghana (2026-06-27T21:00:00.000Z),Croatia,Ghana,2026-06-27T21:00:00.000Z,,Philadelphia Stadium,Drew Thomas Fischer,Full time,2,1,Croatia,Ghana,home,Modric,10,True,starting_xi,AM,2,2,1,4-2-3-1,7.2,8.1,0,
4667830,ghana-vs-croatia,https://www.fotmob.com/matches/ghana-vs-croatia/2cpwux#4667830,Croatia vs Ghana (2026-06-27T21:00:00.000Z),Croatia,Ghana,2026-06-27T21:00:00.000Z,,Philadelphia Stadium,Drew Thomas Fischer,Full time,2,1,Croatia,Ghana,home,Kovacic,8,True,starting_xi,AM,2,2,2,4-2-3-1,7.2,7.5,0,78.0
4667830,ghana-vs-croatia,https://www.fotmob.com/matches/ghana-vs-croatia/2cpwux#4667830,Croatia vs Ghana (2026-06-27T21:00:00.000Z),Croatia,Ghana,2026-06-27T21:00:00.000Z,,Philadelphia Stadium,Drew Thomas Fischer,Full time,2,1,Croatia,Ghana,home,Sucic,17,True,starting_xi,AM,3,3,1,4-2-3-1,7.2,7.9,0,
4667830,ghana-vs-croatia,https://www.fotmob.com/matches/ghana-vs-croatia/2cpwux#4667830,Croatia vs Ghana (2026-06-27T21:00:00.000Z),Croatia,Ghana,2026-06-27T21:00:00.000Z,,Philadelphia Stadium,Drew Thomas Fischer,Full time,2,1,Croatia,Ghana,home,Vlasic,13,True,starting_xi,AM,3,3,2,4-2-3-1,7.2,8.0,0,88.0
4667830,ghana-vs-croatia,https://www.fotmob.com/matches/ghana-vs-croatia/2cpwux#4667830,Croatia vs Ghana (2026-06-27T21:00:00.000Z),Croatia,Ghana,2026-06-27T21:00:00.000Z,,Philadelphia Stadium,Drew Thomas Fischer,Full time,2,1,Croatia,Ghana,home,Baturina,16,True,starting_xi,AM,3,3,3,4-2-3-1,7.2,7.1,0,88.0
4667830,ghana-vs-croatia,https://www.fotmob.com/matches/ghana-vs-croatia/2cpwux#4667830,Croatia vs Ghana (2026-06-27T21:00:00.000Z),Croatia,Ghana,2026-06-27T21:00:00.000Z,,Philadelphia Stadium,Drew Thomas Fischer,Full time,2,1,Croatia,Ghana,home,Budimir,11,True,starting_xi,FWD,4,1,1,4-2-3-1,7.2,6.1,0,66.0
4667830,ghana-vs-croatia,https://www.fotmob.com/matches/ghana-vs-croatia/2cpwux#4667830,Croatia vs Ghana (2026-06-27T21:00:00.000Z),Croatia,Ghana,2026-06-27T21:00:00.000Z,,Philadelphia Stadium,Drew Thomas Fischer,Full time,2,1,Ghana,Croatia,away,Sulemana,22,True,starting_xi,FWD,4,3,1,4-1-2-3,6.3,6.2,0,71.0
4667830,ghana-vs-croatia,https://www.fotmob.com/matches/ghana-vs-croatia/2cpwux#4667830,Croatia vs Ghana (2026-06-27T21:00:00.000Z),Croatia,Ghana,2026-06-27T21:00:00.000Z,,Philadelphia Stadium,Drew Thomas Fischer,Full time,2,1,Ghana,Croatia,away,Ayew,9,True,starting_xi,FWD,4,3,2,4-1-2-3,6.3,6.0,0,71.0
4667830,ghana-vs-croatia,https://www.fotmob.com/matches/ghana-vs-croatia/2cpwux#4667830,Croatia vs Ghana (2026-06-27T21:00:00.000Z),Croatia,Ghana,2026-06-27T21:00:00.000Z,,Philadelphia Stadium,Drew Thomas Fischer,Full time,2,1,Ghana,Croatia,away,Semenyo,11,True,starting_xi,FWD,4,3,3,4-1-2-3,6.3,5.8,0,
4667830,ghana-vs-croatia,https://www.fotmob.com/matches/ghana-vs-croatia/2cpwux#4667830,Croatia vs Ghana (2026-06-27T21:00:00.000Z),Croatia,Ghana,2026-06-27T21:00:00.000Z,,Philadelphia Stadium,Drew Thomas Fischer,Full time,2,1,Ghana,Croatia,away,Sibo,8,True,starting_xi,AM,3,2,1,4-1-2-3,6.3,5.9,0,85.0
4667830,ghana-vs-croatia,https://www.fotmob.com/matches/ghana-vs-croatia/2cpwux#4667830,Croatia vs Ghana (2026-06-27T21:00:00.000Z),Croatia,Ghana,2026-06-27T21:00:00.000Z,,Philadelphia Stadium,Drew Thomas Fischer,Full time,2,1,Ghana,Croatia,away,Owusu,15,True,starting_xi,AM,3,2,2,4-1-2-3,6.3,5.9,0,46.0
4667830,ghana-vs-croatia,https://www.fotmob.com/matches/ghana-vs-croatia/2cpwux#4667830,Croatia vs Ghana (2026-06-27T21:00:00.000Z),Croatia,Ghana,2026-06-27T21:00:00.000Z,,Philadelphia Stadium,Drew Thomas Fischer,Full time,2,1,Ghana,Croatia,away,Partey,5,True,starting_xi,AM,2,1,1,4-1-2-3,6.3,6.0,0,
4667830,ghana-vs-croatia,https://www.fotmob.com/matches/ghana-vs-croatia/2cpwux#4667830,Croatia vs Ghana (2026-06-27T21:00:00.000Z),Croatia,Ghana,2026-06-27T21:00:00.000Z,,Philadelphia Stadium,Drew Thomas Fischer,Full time,2,1,Ghana,Croatia,away,Mensah,14,True,starting_xi,DEF,1,4,1,4-1-2-3,6.3,6.9,0,
4667830,ghana-vs-croatia,https://www.fotmob.com/matches/ghana-vs-croatia/2cpwux#4667830,Croatia vs Ghana (2026-06-27T21:00:00.000Z),Croatia,Ghana,2026-06-27T21:00:00.000Z,,Philadelphia Stadium,Drew Thomas Fischer,Full time,2,1,Ghana,Croatia,away,Luckassen,23,True,starting_xi,DEF,1,4,2,4-1-2-3,6.3,7.5,0,
4667830,ghana-vs-croatia,https://www.fotmob.com/matches/ghana-vs-croatia/2cpwux#4667830,Croatia vs Ghana (2026-06-27T21:00:00.000Z),Croatia,Ghana,2026-06-27T21:00:00.000Z,,Philadelphia Stadium,Drew Thomas Fischer,Full time,2,1,Ghana,Croatia,away,Adjetey,4,True,starting_xi,DEF,1,4,3,4-1-2-3,6.3,6.2,0,46.0
4667830,ghana-vs-croatia,https://www.fotmob.com/matches/ghana-vs-croatia/2cpwux#4667830,Croatia vs Ghana (2026-06-27T21:00:00.000Z),Croatia,Ghana,2026-06-27T21:00:00.000Z,,Philadelphia Stadium,Drew Thomas Fischer,Full time,2,1,Ghana,Croatia,away,Senaya,26,True,starting_xi,DEF,1,4,4,4-1-2-3,6.3,6.6,0,
4667830,ghana-vs-croatia,https://www.fotmob.com/matches/ghana-vs-croatia/2cpwux#4667830,Croatia vs Ghana (2026-06-27T21:00:00.000Z),Croatia,Ghana,2026-06-27T21:00:00.000Z,,Philadelphia Stadium,Drew Thomas Fischer,Full time,2,1,Ghana,Croatia,away,Asare,16,True,starting_xi,GK,0,1,1,4-1-2-3,6.3,5.6,0,
4667829,panama-vs-england,https://www.fotmob.com/matches/panama-vs-england/1pukme#4667829,Panama vs England (2026-06-27T21:00:00.000Z),Panama,England,2026-06-27T21:00:00.000Z,,New York New Jersey Stadium,Abdulrahman Ibrahim Al Jassim,Full time,0,2,Panama,England,home,Mosquera,22,True,starting_xi,GK,0,1,1,5-4-1,6.2,6.8,0,
4667829,panama-vs-england,https://www.fotmob.com/matches/panama-vs-england/1pukme#4667829,Panama vs England (2026-06-27T21:00:00.000Z),Panama,England,2026-06-27T21:00:00.000Z,,New York New Jersey Stadium,Abdulrahman Ibrahim Al Jassim,Full time,0,2,Panama,England,home,Escobar,4,True,starting_xi,DEF,1,5,1,5-4-1,6.2,6.4,0,
4667829,panama-vs-england,https://www.fotmob.com/matches/panama-vs-england/1pukme#4667829,Panama vs England (2026-06-27T21:00:00.000Z),Panama,England,2026-06-27T21:00:00.000Z,,New York New Jersey Stadium,Abdulrahman Ibrahim Al Jassim,Full time,0,2,Panama,England,home,Córdoba,3,True,starting_xi,DEF,1,5,2,5-4-1,6.2,6.5,0,
4667829,panama-vs-england,https://www.fotmob.com/matches/panama-vs-england/1pukme#4667829,Panama vs England (2026-06-27T21:00:00.000Z),Panama,England,2026-06-27T21:00:00.000Z,,New York New Jersey Stadium,Abdulrahman Ibrahim Al Jassim,Full time,0,2,Panama,England,home,Andrade,16,True,starting_xi,DEF,1,5,3,5-4-1,6.2,6.1,0,
4667829,panama-vs-england,https://www.fotmob.com/matches/panama-vs-england/1pukme#4667829,Panama vs England (2026-06-27T21:00:00.000Z),Panama,England,2026-06-27T21:00:00.000Z,,New York New Jersey Stadium,Abdulrahman Ibrahim Al Jassim,Full time,0,2,Panama,England,home,Murillo,23,True,starting_xi,DEF,1,5,4,5-4-1,6.2,6.6,0,
4667829,panama-vs-england,https://www.fotmob.com/matches/panama-vs-england/1pukme#4667829,Panama vs England (2026-06-27T21:00:00.000Z),Panama,England,2026-06-27T21:00:00.000Z,,New York New Jersey Stadium,Abdulrahman Ibrahim Al Jassim,Full time,0,2,Panama,England,home,Gutiérrez,26,True,starting_xi,DEF,1,5,5,5-4-1,6.2,6.1,0,88.0
4667829,panama-vs-england,https://www.fotmob.com/matches/panama-vs-england/1pukme#4667829,Panama vs England (2026-06-27T21:00:00.000Z),Panama,England,2026-06-27T21:00:00.000Z,,New York New Jersey Stadium,Abdulrahman Ibrahim Al Jassim,Full time,0,2,Panama,England,home,Martínez,6,True,starting_xi,AM,2,4,1,5-4-1,6.2,7.0,0,
4667829,panama-vs-england,https://www.fotmob.com/matches/panama-vs-england/1pukme#4667829,Panama vs England (2026-06-27T21:00:00.000Z),Panama,England,2026-06-27T21:00:00.000Z,,New York New Jersey Stadium,Abdulrahman Ibrahim Al Jassim,Full time,0,2,Panama,England,home,Harvey,14,True,starting_xi,AM,2,4,2,5-4-1,6.2,6.5,0,88.0
4667829,panama-vs-england,https://www.fotmob.com/matches/panama-vs-england/1pukme#4667829,Panama vs England (2026-06-27T21:00:00.000Z),Panama,England,2026-06-27T21:00:00.000Z,,New York New Jersey Stadium,Abdulrahman Ibrahim Al Jassim,Full time,0,2,Panama,England,home,Bárcenas,11,True,starting_xi,AM,2,4,3,5-4-1,6.2,5.8,0,71.0
4667829,panama-vs-england,https://www.fotmob.com/matches/panama-vs-england/1pukme#4667829,Panama vs England (2026-06-27T21:00:00.000Z),Panama,England,2026-06-27T21:00:00.000Z,,New York New Jersey Stadium,Abdulrahman Ibrahim Al Jassim,Full time,0,2,Panama,England,home,Rodriguez,7,True,starting_xi,AM,2,4,4,5-4-1,6.2,6.3,0,71.0
4667829,panama-vs-england,https://www.fotmob.com/matches/panama-vs-england/1pukme#4667829,Panama vs England (2026-06-27T21:00:00.000Z),Panama,England,2026-06-27T21:00:00.000Z,,New York New Jersey Stadium,Abdulrahman Ibrahim Al Jassim,Full time,0,2,Panama,England,home,Rodríguez,9,True,starting_xi,FWD,3,1,1,5-4-1,6.2,5.8,0,46.0
4667829,panama-vs-england,https://www.fotmob.com/matches/panama-vs-england/1pukme#4667829,Panama vs England (2026-06-27T21:00:00.000Z),Panama,England,2026-06-27T21:00:00.000Z,,New York New Jersey Stadium,Abdulrahman Ibrahim Al Jassim,Full time,0,2,England,Panama,away,Kane,9,True,starting_xi,FWD,4,1,1,4-2-3-1,7.5,7.8,0,84.0
4667829,panama-vs-england,https://www.fotmob.com/matches/panama-vs-england/1pukme#4667829,Panama vs England (2026-06-27T21:00:00.000Z),Panama,England,2026-06-27T21:00:00.000Z,,New York New Jersey Stadium,Abdulrahman Ibrahim Al Jassim,Full time,0,2,England,Panama,away,Rashford,11,True,starting_xi,AM,3,3,1,4-2-3-1,7.5,7.3,0,
4667829,panama-vs-england,https://www.fotmob.com/matches/panama-vs-england/1pukme#4667829,Panama vs England (2026-06-27T21:00:00.000Z),Panama,England,2026-06-27T21:00:00.000Z,,New York New Jersey Stadium,Abdulrahman Ibrahim Al Jassim,Full time,0,2,England,Panama,away,Rogers,17,True,starting_xi,AM,3,3,2,4-2-3-1,7.5,7.3,0,
4667829,panama-vs-england,https://www.fotmob.com/matches/panama-vs-england/1pukme#4667829,Panama vs England (2026-06-27T21:00:00.000Z),Panama,England,2026-06-27T21:00:00.000Z,,New York New Jersey Stadium,Abdulrahman Ibrahim Al Jassim,Full time,0,2,England,Panama,away,Saka,7,True,starting_xi,AM,3,3,3,4-2-3-1,7.5,7.5,0,63.0
4667829,panama-vs-england,https://www.fotmob.com/matches/panama-vs-england/1pukme#4667829,Panama vs England (2026-06-27T21:00:00.000Z),Panama,England,2026-06-27T21:00:00.000Z,,New York New Jersey Stadium,Abdulrahman Ibrahim Al Jassim,Full time,0,2,England,Panama,away,Bellingham,10,True,starting_xi,AM,2,2,1,4-2-3-1,7.5,9.1,0,71.0
4667829,panama-vs-england,https://www.fotmob.com/matches/panama-vs-england/1pukme#4667829,Panama vs England (2026-06-27T21:00:00.000Z),Panama,England,2026-06-27T21:00:00.000Z,,New York New Jersey Stadium,Abdulrahman Ibrahim Al Jassim,Full time,0,2,England,Panama,away,Anderson,8,True,starting_xi,AM,2,2,2,4-2-3-1,7.5,8.0,0,84.0
4667829,panama-vs-england,https://www.fotmob.com/matches/panama-vs-england/1pukme#4667829,Panama vs England (2026-06-27T21:00:00.000Z),Panama,England,2026-06-27T21:00:00.000Z,,New York New Jersey Stadium,Abdulrahman Ibrahim Al Jassim,Full time,0,2,England,Panama,away,O'Reilly,3,True,starting_xi,DEF,1,4,1,4-2-3-1,7.5,7.8,0,
4667829,panama-vs-england,https://www.fotmob.com/matches/panama-vs-england/1pukme#4667829,Panama vs England (2026-06-27T21:00:00.000Z),Panama,England,2026-06-27T21:00:00.000Z,,New York New Jersey Stadium,Abdulrahman Ibrahim Al Jassim,Full time,0,2,England,Panama,away,Guéhi,6,True,starting_xi,DEF,1,4,2,4-2-3-1,7.5,7.8,0,
4667829,panama-vs-england,https://www.fotmob.com/matches/panama-vs-england/1pukme#4667829,Panama vs England (2026-06-27T21:00:00.000Z),Panama,England,2026-06-27T21:00:00.000Z,,New York New Jersey Stadium,Abdulrahman Ibrahim Al Jassim,Full time,0,2,England,Panama,away,Konsa,2,True,starting_xi,DEF,1,4,3,4-2-3-1,7.5,7.4,0,
4667829,panama-vs-england,https://www.fotmob.com/matches/panama-vs-england/1pukme#4667829,Panama vs England (2026-06-27T21:00:00.000Z),Panama,England,2026-06-27T21:00:00.000Z,,New York New Jersey Stadium,Abdulrahman Ibrahim Al Jassim,Full time,0,2,England,Panama,away,Quansah,26,True,starting_xi,DEF,1,4,4,4-2-3-1,7.5,7.3,0,63.0
4667829,panama-vs-england,https://www.fotmob.com/matches/panama-vs-england/1pukme#4667829,Panama vs England (2026-06-27T21:00:00.000Z),Panama,England,2026-06-27T21:00:00.000Z,,New York New Jersey Stadium,Abdulrahman Ibrahim Al Jassim,Full time,0,2,England,Panama,away,Pickford,1,True,starting_xi,GK,0,1,1,4-2-3-1,7.5,8.0,0,
4653706,morocco-vs-netherlands,https://www.fotmob.com/matches/morocco-vs-netherlands/1e327v#4653706,Netherlands vs Morocco (2026-06-30T01:00:00.000Z),Netherlands,Morocco,2026-06-30T01:00:00.000Z,,Monterrey Stadium,Wilton Pereira Sampaio,Pen: 2 - 3,1,1,Netherlands,Morocco,home,Verbruggen,1,True,starting_xi,GK,0,1,1,3-4-2-1,6.8,7.9,0,
4653706,morocco-vs-netherlands,https://www.fotmob.com/matches/morocco-vs-netherlands/1e327v#4653706,Netherlands vs Morocco (2026-06-30T01:00:00.000Z),Netherlands,Morocco,2026-06-30T01:00:00.000Z,,Monterrey Stadium,Wilton Pereira Sampaio,Pen: 2 - 3,1,1,Netherlands,Morocco,home,van Hecke,6,True,starting_xi,DEF,1,3,1,3-4-2-1,6.8,7.2,0,
4653706,morocco-vs-netherlands,https://www.fotmob.com/matches/morocco-vs-netherlands/1e327v#4653706,Netherlands vs Morocco (2026-06-30T01:00:00.000Z),Netherlands,Morocco,2026-06-30T01:00:00.000Z,,Monterrey Stadium,Wilton Pereira Sampaio,Pen: 2 - 3,1,1,Netherlands,Morocco,home,van Dijk,4,True,starting_xi,DEF,1,3,2,3-4-2-1,6.8,7.1,0,
4653706,morocco-vs-netherlands,https://www.fotmob.com/matches/morocco-vs-netherlands/1e327v#4653706,Netherlands vs Morocco (2026-06-30T01:00:00.000Z),Netherlands,Morocco,2026-06-30T01:00:00.000Z,,Monterrey Stadium,Wilton Pereira Sampaio,Pen: 2 - 3,1,1,Netherlands,Morocco,home,Aké,5,True,starting_xi,DEF,1,3,3,3-4-2-1,6.8,6.7,0,71.0
4653706,morocco-vs-netherlands,https://www.fotmob.com/matches/morocco-vs-netherlands/1e327v#4653706,Netherlands vs Morocco (2026-06-30T01:00:00.000Z),Netherlands,Morocco,2026-06-30T01:00:00.000Z,,Monterrey Stadium,Wilton Pereira Sampaio,Pen: 2 - 3,1,1,Netherlands,Morocco,home,Dumfries,22,True,starting_xi,AM,2,4,1,3-4-2-1,6.8,6.2,0,
4653706,morocco-vs-netherlands,https://www.fotmob.com/matches/morocco-vs-netherlands/1e327v#4653706,Netherlands vs Morocco (2026-06-30T01:00:00.000Z),Netherlands,Morocco,2026-06-30T01:00:00.000Z,,Monterrey Stadium,Wilton Pereira Sampaio,Pen: 2 - 3,1,1,Netherlands,Morocco,home,Gravenberch,8,True,starting_xi,AM,2,4,2,3-4-2-1,6.8,6.5,0,86.0
4653706,morocco-vs-netherlands,https://www.fotmob.com/matches/morocco-vs-netherlands/1e327v#4653706,Netherlands vs Morocco (2026-06-30T01:00:00.000Z),Netherlands,Morocco,2026-06-30T01:00:00.000Z,,Monterrey Stadium,Wilton Pereira Sampaio,Pen: 2 - 3,1,1,Netherlands,Morocco,home,de Jong,21,True,starting_xi,AM,2,4,3,3-4-2-1,6.8,7.1,0,110.0
4653706,morocco-vs-netherlands,https://www.fotmob.com/matches/morocco-vs-netherlands/1e327v#4653706,Netherlands vs Morocco (2026-06-30T01:00:00.000Z),Netherlands,Morocco,2026-06-30T01:00:00.000Z,,Monterrey Stadium,Wilton Pereira Sampaio,Pen: 2 - 3,1,1,Netherlands,Morocco,home,Van de Ven,15,True,starting_xi,AM,2,4,4,3-4-2-1,6.8,6.5,0,86.0
4653706,morocco-vs-netherlands,https://www.fotmob.com/matches/morocco-vs-netherlands/1e327v#4653706,Netherlands vs Morocco (2026-06-30T01:00:00.000Z),Netherlands,Morocco,2026-06-30T01:00:00.000Z,,Monterrey Stadium,Wilton Pereira Sampaio,Pen: 2 - 3,1,1,Netherlands,Morocco,home,Summerville,24,True,starting_xi,AM,3,2,1,3-4-2-1,6.8,7.6,0,
4653706,morocco-vs-netherlands,https://www.fotmob.com/matches/morocco-vs-netherlands/1e327v#4653706,Netherlands vs Morocco (2026-06-30T01:00:00.000Z),Netherlands,Morocco,2026-06-30T01:00:00.000Z,,Monterrey Stadium,Wilton Pereira Sampaio,Pen: 2 - 3,1,1,Netherlands,Morocco,home,Gakpo,11,True,starting_xi,AM,3,2,2,3-4-2-1,6.8,7.2,0,113.0
4653706,morocco-vs-netherlands,https://www.fotmob.com/matches/morocco-vs-netherlands/1e327v#4653706,Netherlands vs Morocco (2026-06-30T01:00:00.000Z),Netherlands,Morocco,2026-06-30T01:00:00.000Z,,Monterrey Stadium,Wilton Pereira Sampaio,Pen: 2 - 3,1,1,Netherlands,Morocco,home,Brobbey,19,True,starting_xi,FWD,4,1,1,3-4-2-1,6.8,6.4,0,71.0
4653706,morocco-vs-netherlands,https://www.fotmob.com/matches/morocco-vs-netherlands/1e327v#4653706,Netherlands vs Morocco (2026-06-30T01:00:00.000Z),Netherlands,Morocco,2026-06-30T01:00:00.000Z,,Monterrey Stadium,Wilton Pereira Sampaio,Pen: 2 - 3,1,1,Morocco,Netherlands,away,Saibari,11,True,starting_xi,FWD,4,1,1,4-2-3-1,7.1,6.4,0,
4653706,morocco-vs-netherlands,https://www.fotmob.com/matches/morocco-vs-netherlands/1e327v#4653706,Netherlands vs Morocco (2026-06-30T01:00:00.000Z),Netherlands,Morocco,2026-06-30T01:00:00.000Z,,Monterrey Stadium,Wilton Pereira Sampaio,Pen: 2 - 3,1,1,Morocco,Netherlands,away,El Khannouss,23,True,starting_xi,AM,3,3,1,4-2-3-1,7.1,6.6,0,86.0
4653706,morocco-vs-netherlands,https://www.fotmob.com/matches/morocco-vs-netherlands/1e327v#4653706,Netherlands vs Morocco (2026-06-30T01:00:00.000Z),Netherlands,Morocco,2026-06-30T01:00:00.000Z,,Monterrey Stadium,Wilton Pereira Sampaio,Pen: 2 - 3,1,1,Morocco,Netherlands,away,Ounahi,8,True,starting_xi,AM,3,3,2,4-2-3-1,7.1,7.5,0,86.0
4653706,morocco-vs-netherlands,https://www.fotmob.com/matches/morocco-vs-netherlands/1e327v#4653706,Netherlands vs Morocco (2026-06-30T01:00:00.000Z),Netherlands,Morocco,2026-06-30T01:00:00.000Z,,Monterrey Stadium,Wilton Pereira Sampaio,Pen: 2 - 3,1,1,Morocco,Netherlands,away,Brahim Díaz,10,True,starting_xi,AM,3,3,3,4-2-3-1,7.1,6.7,0,79.0
4653706,morocco-vs-netherlands,https://www.fotmob.com/matches/morocco-vs-netherlands/1e327v#4653706,Netherlands vs Morocco (2026-06-30T01:00:00.000Z),Netherlands,Morocco,2026-06-30T01:00:00.000Z,,Monterrey Stadium,Wilton Pereira Sampaio,Pen: 2 - 3,1,1,Morocco,Netherlands,away,El Aynaoui,24,True,starting_xi,AM,2,2,1,4-2-3-1,7.1,7.6,0,
4653706,morocco-vs-netherlands,https://www.fotmob.com/matches/morocco-vs-netherlands/1e327v#4653706,Netherlands vs Morocco (2026-06-30T01:00:00.000Z),Netherlands,Morocco,2026-06-30T01:00:00.000Z,,Monterrey Stadium,Wilton Pereira Sampaio,Pen: 2 - 3,1,1,Morocco,Netherlands,away,Bouaddi,6,True,starting_xi,AM,2,2,2,4-2-3-1,7.1,7.1,0,79.0
4653706,morocco-vs-netherlands,https://www.fotmob.com/matches/morocco-vs-netherlands/1e327v#4653706,Netherlands vs Morocco (2026-06-30T01:00:00.000Z),Netherlands,Morocco,2026-06-30T01:00:00.000Z,,Monterrey Stadium,Wilton Pereira Sampaio,Pen: 2 - 3,1,1,Morocco,Netherlands,away,Mazraoui,3,True,starting_xi,DEF,1,4,1,4-2-3-1,7.1,7.9,0,
4653706,morocco-vs-netherlands,https://www.fotmob.com/matches/morocco-vs-netherlands/1e327v#4653706,Netherlands vs Morocco (2026-06-30T01:00:00.000Z),Netherlands,Morocco,2026-06-30T01:00:00.000Z,,Monterrey Stadium,Wilton Pereira Sampaio,Pen: 2 - 3,1,1,Morocco,Netherlands,away,Riad,18,True,starting_xi,DEF,1,4,2,4-2-3-1,7.1,6.5,0,75.0
4653706,morocco-vs-netherlands,https://www.fotmob.com/matches/morocco-vs-netherlands/1e327v#4653706,Netherlands vs Morocco (2026-06-30T01:00:00.000Z),Netherlands,Morocco,2026-06-30T01:00:00.000Z,,Monterrey Stadium,Wilton Pereira Sampaio,Pen: 2 - 3,1,1,Morocco,Netherlands,away,Diop,14,True,starting_xi,DEF,1,4,3,4-2-3-1,7.1,7.9,0,
4653706,morocco-vs-netherlands,https://www.fotmob.com/matches/morocco-vs-netherlands/1e327v#4653706,Netherlands vs Morocco (2026-06-30T01:00:00.000Z),Netherlands,Morocco,2026-06-30T01:00:00.000Z,,Monterrey Stadium,Wilton Pereira Sampaio,Pen: 2 - 3,1,1,Morocco,Netherlands,away,Hakimi,2,True,starting_xi,DEF,1,4,4,4-2-3-1,7.1,8.0,0,
4653706,morocco-vs-netherlands,https://www.fotmob.com/matches/morocco-vs-netherlands/1e327v#4653706,Netherlands vs Morocco (2026-06-30T01:00:00.000Z),Netherlands,Morocco,2026-06-30T01:00:00.000Z,,Monterrey Stadium,Wilton Pereira Sampaio,Pen: 2 - 3,1,1,Morocco,Netherlands,away,Bono,1,True,starting_xi,GK,0,1,1,4-2-3-1,7.1,6.6,0,
4653705,canada-vs-south-africa,https://www.fotmob.com/matches/canada-vs-south-africa/17s1wd#4653705,South Africa vs Canada (2026-06-28T19:00:00.000Z),South Africa,Canada,2026-06-28T19:00:00.000Z,,Los Angeles Stadium,João Pedro Silva Pinheiro,Full time,0,1,South Africa,Canada,home,Williams,1,True,starting_xi,GK,0,1,1,4-2-3-1,6.8,7.3,0,
4653705,canada-vs-south-africa,https://www.fotmob.com/matches/canada-vs-south-africa/17s1wd#4653705,South Africa vs Canada (2026-06-28T19:00:00.000Z),South Africa,Canada,2026-06-28T19:00:00.000Z,,Los Angeles Stadium,João Pedro Silva Pinheiro,Full time,0,1,South Africa,Canada,home,Mudau,20,True,starting_xi,DEF,1,4,1,4-2-3-1,6.8,7.7,0,
4653705,canada-vs-south-africa,https://www.fotmob.com/matches/canada-vs-south-africa/17s1wd#4653705,South Africa vs Canada (2026-06-28T19:00:00.000Z),South Africa,Canada,2026-06-28T19:00:00.000Z,,Los Angeles Stadium,João Pedro Silva Pinheiro,Full time,0,1,South Africa,Canada,home,Okon,21,True,starting_xi,DEF,1,4,2,4-2-3-1,6.8,7.5,0,
4653705,canada-vs-south-africa,https://www.fotmob.com/matches/canada-vs-south-africa/17s1wd#4653705,South Africa vs Canada (2026-06-28T19:00:00.000Z),South Africa,Canada,2026-06-28T19:00:00.000Z,,Los Angeles Stadium,João Pedro Silva Pinheiro,Full time,0,1,South Africa,Canada,home,Mbokazi,14,True,starting_xi,DEF,1,4,3,4-2-3-1,6.8,6.9,0,
4653705,canada-vs-south-africa,https://www.fotmob.com/matches/canada-vs-south-africa/17s1wd#4653705,South Africa vs Canada (2026-06-28T19:00:00.000Z),South Africa,Canada,2026-06-28T19:00:00.000Z,,Los Angeles Stadium,João Pedro Silva Pinheiro,Full time,0,1,South Africa,Canada,home,Modiba,6,True,starting_xi,DEF,1,4,4,4-2-3-1,6.8,7.7,0,
4653705,canada-vs-south-africa,https://www.fotmob.com/matches/canada-vs-south-africa/17s1wd#4653705,South Africa vs Canada (2026-06-28T19:00:00.000Z),South Africa,Canada,2026-06-28T19:00:00.000Z,,Los Angeles Stadium,João Pedro Silva Pinheiro,Full time,0,1,South Africa,Canada,home,Mokoena,4,True,starting_xi,AM,2,2,1,4-2-3-1,6.8,6.6,0,
4653705,canada-vs-south-africa,https://www.fotmob.com/matches/canada-vs-south-africa/17s1wd#4653705,South Africa vs Canada (2026-06-28T19:00:00.000Z),South Africa,Canada,2026-06-28T19:00:00.000Z,,Los Angeles Stadium,João Pedro Silva Pinheiro,Full time,0,1,South Africa,Canada,home,Sithole,13,True,starting_xi,AM,2,2,2,4-2-3-1,6.8,7.6,0,
4653705,canada-vs-south-africa,https://www.fotmob.com/matches/canada-vs-south-africa/17s1wd#4653705,South Africa vs Canada (2026-06-28T19:00:00.000Z),South Africa,Canada,2026-06-28T19:00:00.000Z,,Los Angeles Stadium,João Pedro Silva Pinheiro,Full time,0,1,South Africa,Canada,home,Maseko,12,True,starting_xi,AM,3,3,1,4-2-3-1,6.8,6.6,0,86.0
4653705,canada-vs-south-africa,https://www.fotmob.com/matches/canada-vs-south-africa/17s1wd#4653705,South Africa vs Canada (2026-06-28T19:00:00.000Z),South Africa,Canada,2026-06-28T19:00:00.000Z,,Los Angeles Stadium,João Pedro Silva Pinheiro,Full time,0,1,South Africa,Canada,home,Mofokeng,10,True,starting_xi,AM,3,3,2,4-2-3-1,6.8,6.3,0,46.0
4653705,canada-vs-south-africa,https://www.fotmob.com/matches/canada-vs-south-africa/17s1wd#4653705,South Africa vs Canada (2026-06-28T19:00:00.000Z),South Africa,Canada,2026-06-28T19:00:00.000Z,,Los Angeles Stadium,João Pedro Silva Pinheiro,Full time,0,1,South Africa,Canada,home,Appollis,7,True,starting_xi,AM,3,3,3,4-2-3-1,6.8,6.0,0,
4653705,canada-vs-south-africa,https://www.fotmob.com/matches/canada-vs-south-africa/17s1wd#4653705,South Africa vs Canada (2026-06-28T19:00:00.000Z),South Africa,Canada,2026-06-28T19:00:00.000Z,,Los Angeles Stadium,João Pedro Silva Pinheiro,Full time,0,1,South Africa,Canada,home,Makgopa,17,True,starting_xi,FWD,4,1,1,4-2-3-1,6.8,6.0,0,86.0
4653705,canada-vs-south-africa,https://www.fotmob.com/matches/canada-vs-south-africa/17s1wd#4653705,South Africa vs Canada (2026-06-28T19:00:00.000Z),South Africa,Canada,2026-06-28T19:00:00.000Z,,Los Angeles Stadium,João Pedro Silva Pinheiro,Full time,0,1,Canada,South Africa,away,David,10,True,starting_xi,FWD,3,2,1,4-4-2,7.0,6.2,0,
4653705,canada-vs-south-africa,https://www.fotmob.com/matches/canada-vs-south-africa/17s1wd#4653705,South Africa vs Canada (2026-06-28T19:00:00.000Z),South Africa,Canada,2026-06-28T19:00:00.000Z,,Los Angeles Stadium,João Pedro Silva Pinheiro,Full time,0,1,Canada,South Africa,away,Oluwaseyi,12,True,starting_xi,FWD,3,2,2,4-4-2,7.0,6.9,0,70.0
4653705,canada-vs-south-africa,https://www.fotmob.com/matches/canada-vs-south-africa/17s1wd#4653705,South Africa vs Canada (2026-06-28T19:00:00.000Z),South Africa,Canada,2026-06-28T19:00:00.000Z,,Los Angeles Stadium,João Pedro Silva Pinheiro,Full time,0,1,Canada,South Africa,away,Millar,11,True,starting_xi,AM,2,4,1,4-4-2,7.0,6.5,0,70.0
4653705,canada-vs-south-africa,https://www.fotmob.com/matches/canada-vs-south-africa/17s1wd#4653705,South Africa vs Canada (2026-06-28T19:00:00.000Z),South Africa,Canada,2026-06-28T19:00:00.000Z,,Los Angeles Stadium,João Pedro Silva Pinheiro,Full time,0,1,Canada,South Africa,away,Eustaquio,7,True,starting_xi,AM,2,4,2,4-4-2,7.0,8.7,0,
4653705,canada-vs-south-africa,https://www.fotmob.com/matches/canada-vs-south-africa/17s1wd#4653705,South Africa vs Canada (2026-06-28T19:00:00.000Z),South Africa,Canada,2026-06-28T19:00:00.000Z,,Los Angeles Stadium,João Pedro Silva Pinheiro,Full time,0,1,Canada,South Africa,away,Saliba,25,True,starting_xi,AM,2,4,3,4-4-2,7.0,7.4,0,59.0
4653705,canada-vs-south-africa,https://www.fotmob.com/matches/canada-vs-south-africa/17s1wd#4653705,South Africa vs Canada (2026-06-28T19:00:00.000Z),South Africa,Canada,2026-06-28T19:00:00.000Z,,Los Angeles Stadium,João Pedro Silva Pinheiro,Full time,0,1,Canada,South Africa,away,Buchanan,17,True,starting_xi,AM,2,4,4,4-4-2,7.0,6.6,0,75.0
4653705,canada-vs-south-africa,https://www.fotmob.com/matches/canada-vs-south-africa/17s1wd#4653705,South Africa vs Canada (2026-06-28T19:00:00.000Z),South Africa,Canada,2026-06-28T19:00:00.000Z,,Los Angeles Stadium,João Pedro Silva Pinheiro,Full time,0,1,Canada,South Africa,away,Laryea,22,True,starting_xi,DEF,1,4,1,4-4-2,7.0,7.6,0,
4653705,canada-vs-south-africa,https://www.fotmob.com/matches/canada-vs-south-africa/17s1wd#4653705,South Africa vs Canada (2026-06-28T19:00:00.000Z),South Africa,Canada,2026-06-28T19:00:00.000Z,,Los Angeles Stadium,João Pedro Silva Pinheiro,Full time,0,1,Canada,South Africa,away,Cornelius,13,True,starting_xi,DEF,1,4,2,4-4-2,7.0,7.5,0,
4653705,canada-vs-south-africa,https://www.fotmob.com/matches/canada-vs-south-africa/17s1wd#4653705,South Africa vs Canada (2026-06-28T19:00:00.000Z),South Africa,Canada,2026-06-28T19:00:00.000Z,,Los Angeles Stadium,João Pedro Silva Pinheiro,Full time,0,1,Canada,South Africa,away,Bombito,15,True,starting_xi,DEF,1,4,3,4-4-2,7.0,6.8,0,59.0
4653705,canada-vs-south-africa,https://www.fotmob.com/matches/canada-vs-south-africa/17s1wd#4653705,South Africa vs Canada (2026-06-28T19:00:00.000Z),South Africa,Canada,2026-06-28T19:00:00.000Z,,Los Angeles Stadium,João Pedro Silva Pinheiro,Full time,0,1,Canada,South Africa,away,Johnston,2,True,starting_xi,DEF,1,4,4,4-4-2,7.0,7.3,0,
4653705,canada-vs-south-africa,https://www.fotmob.com/matches/canada-vs-south-africa/17s1wd#4653705,South Africa vs Canada (2026-06-28T19:00:00.000Z),South Africa,Canada,2026-06-28T19:00:00.000Z,,Los Angeles Stadium,João Pedro Silva Pinheiro,Full time,0,1,Canada,South Africa,away,Crépeau,16,True,starting_xi,GK,0,1,1,4-4-2,7.0,7.7,0,
4667755,mexico-vs-czechia,https://www.fotmob.com/matches/mexico-vs-czechia/1wualx#4667755,Czechia vs Mexico (2026-06-25T01:00:00.000Z),Czechia,Mexico,2026-06-25T01:00:00.000Z,,Mexico City Stadium,Yael Falcón Pérez,Full time,0,3,Czechia,Mexico,home,Kovár,1,True,starting_xi,GK,0,1,1,3-4-2-1,6.2,5.7,0,
4667755,mexico-vs-czechia,https://www.fotmob.com/matches/mexico-vs-czechia/1wualx#4667755,Czechia vs Mexico (2026-06-25T01:00:00.000Z),Czechia,Mexico,2026-06-25T01:00:00.000Z,,Mexico City Stadium,Yael Falcón Pérez,Full time,0,3,Czechia,Mexico,home,Holes,3,True,starting_xi,DEF,1,3,1,3-4-2-1,6.2,5.7,0,64.0
4667755,mexico-vs-czechia,https://www.fotmob.com/matches/mexico-vs-czechia/1wualx#4667755,Czechia vs Mexico (2026-06-25T01:00:00.000Z),Czechia,Mexico,2026-06-25T01:00:00.000Z,,Mexico City Stadium,Yael Falcón Pérez,Full time,0,3,Czechia,Mexico,home,Hranác,4,True,starting_xi,DEF,1,3,2,3-4-2-1,6.2,5.3,0,
4667755,mexico-vs-czechia,https://www.fotmob.com/matches/mexico-vs-czechia/1wualx#4667755,Czechia vs Mexico (2026-06-25T01:00:00.000Z),Czechia,Mexico,2026-06-25T01:00:00.000Z,,Mexico City Stadium,Yael Falcón Pérez,Full time,0,3,Czechia,Mexico,home,Krejcí,7,True,starting_xi,DEF,1,3,3,3-4-2-1,6.2,5.7,0,
4667755,mexico-vs-czechia,https://www.fotmob.com/matches/mexico-vs-czechia/1wualx#4667755,Czechia vs Mexico (2026-06-25T01:00:00.000Z),Czechia,Mexico,2026-06-25T01:00:00.000Z,,Mexico City Stadium,Yael Falcón Pérez,Full time,0,3,Czechia,Mexico,home,Coufal,5,True,starting_xi,AM,2,4,1,3-4-2-1,6.2,6.2,0,
4667755,mexico-vs-czechia,https://www.fotmob.com/matches/mexico-vs-czechia/1wualx#4667755,Czechia vs Mexico (2026-06-25T01:00:00.000Z),Czechia,Mexico,2026-06-25T01:00:00.000Z,,Mexico City Stadium,Yael Falcón Pérez,Full time,0,3,Czechia,Mexico,home,Cerv,12,True,starting_xi,AM,2,4,2,3-4-2-1,6.2,6.8,0,87.0
4667755,mexico-vs-czechia,https://www.fotmob.com/matches/mexico-vs-czechia/1wualx#4667755,Czechia vs Mexico (2026-06-25T01:00:00.000Z),Czechia,Mexico,2026-06-25T01:00:00.000Z,,Mexico City Stadium,Yael Falcón Pérez,Full time,0,3,Czechia,Mexico,home,Sadílek,18,True,starting_xi,AM,2,4,3,3-4-2-1,6.2,6.7,0,
4667755,mexico-vs-czechia,https://www.fotmob.com/matches/mexico-vs-czechia/1wualx#4667755,Czechia vs Mexico (2026-06-25T01:00:00.000Z),Czechia,Mexico,2026-06-25T01:00:00.000Z,,Mexico City Stadium,Yael Falcón Pérez,Full time,0,3,Czechia,Mexico,home,Doudera,21,True,starting_xi,AM,2,4,4,3-4-2-1,6.2,7.1,0,
4667755,mexico-vs-czechia,https://www.fotmob.com/matches/mexico-vs-czechia/1wualx#4667755,Czechia vs Mexico (2026-06-25T01:00:00.000Z),Czechia,Mexico,2026-06-25T01:00:00.000Z,,Mexico City Stadium,Yael Falcón Pérez,Full time,0,3,Czechia,Mexico,home,Sulc,15,True,starting_xi,AM,3,2,1,3-4-2-1,6.2,6.0,0,
4667755,mexico-vs-czechia,https://www.fotmob.com/matches/mexico-vs-czechia/1wualx#4667755,Czechia vs Mexico (2026-06-25T01:00:00.000Z),Czechia,Mexico,2026-06-25T01:00:00.000Z,,Mexico City Stadium,Yael Falcón Pérez,Full time,0,3,Czechia,Mexico,home,Visinsky,26,True,starting_xi,AM,3,2,2,3-4-2-1,6.2,6.4,0,56.0
4667755,mexico-vs-czechia,https://www.fotmob.com/matches/mexico-vs-czechia/1wualx#4667755,Czechia vs Mexico (2026-06-25T01:00:00.000Z),Czechia,Mexico,2026-06-25T01:00:00.000Z,,Mexico City Stadium,Yael Falcón Pérez,Full time,0,3,Czechia,Mexico,home,Hlozek,9,True,starting_xi,FWD,4,1,1,3-4-2-1,6.2,6.7,0,64.0
4667755,mexico-vs-czechia,https://www.fotmob.com/matches/mexico-vs-czechia/1wualx#4667755,Czechia vs Mexico (2026-06-25T01:00:00.000Z),Czechia,Mexico,2026-06-25T01:00:00.000Z,,Mexico City Stadium,Yael Falcón Pérez,Full time,0,3,Mexico,Czechia,away,Martínez,22,True,starting_xi,FWD,4,1,1,4-1-4-1,7.1,6.3,0,63.0
4667755,mexico-vs-czechia,https://www.fotmob.com/matches/mexico-vs-czechia/1wualx#4667755,Czechia vs Mexico (2026-06-25T01:00:00.000Z),Czechia,Mexico,2026-06-25T01:00:00.000Z,,Mexico City Stadium,Yael Falcón Pérez,Full time,0,3,Mexico,Czechia,away,Quiñones,16,True,starting_xi,AM,3,4,1,4-1-4-1,7.1,7.5,0,
4667755,mexico-vs-czechia,https://www.fotmob.com/matches/mexico-vs-czechia/1wualx#4667755,Czechia vs Mexico (2026-06-25T01:00:00.000Z),Czechia,Mexico,2026-06-25T01:00:00.000Z,,Mexico City Stadium,Yael Falcón Pérez,Full time,0,3,Mexico,Czechia,away,Romo,7,True,starting_xi,AM,3,4,2,4-1-4-1,7.1,7.3,0,63.0
4667755,mexico-vs-czechia,https://www.fotmob.com/matches/mexico-vs-czechia/1wualx#4667755,Czechia vs Mexico (2026-06-25T01:00:00.000Z),Czechia,Mexico,2026-06-25T01:00:00.000Z,,Mexico City Stadium,Yael Falcón Pérez,Full time,0,3,Mexico,Czechia,away,Mora,19,True,starting_xi,AM,3,4,3,4-1-4-1,7.1,6.7,0,72.0
4667755,mexico-vs-czechia,https://www.fotmob.com/matches/mexico-vs-czechia/1wualx#4667755,Czechia vs Mexico (2026-06-25T01:00:00.000Z),Czechia,Mexico,2026-06-25T01:00:00.000Z,,Mexico City Stadium,Yael Falcón Pérez,Full time,0,3,Mexico,Czechia,away,Alvarado,25,True,starting_xi,AM,3,4,4,4-1-4-1,7.1,8.2,0,
4667755,mexico-vs-czechia,https://www.fotmob.com/matches/mexico-vs-czechia/1wualx#4667755,Czechia vs Mexico (2026-06-25T01:00:00.000Z),Czechia,Mexico,2026-06-25T01:00:00.000Z,,Mexico City Stadium,Yael Falcón Pérez,Full time,0,3,Mexico,Czechia,away,Álvarez,4,True,starting_xi,AM,2,1,1,4-1-4-1,7.1,7.2,0,
4667755,mexico-vs-czechia,https://www.fotmob.com/matches/mexico-vs-czechia/1wualx#4667755,Czechia vs Mexico (2026-06-25T01:00:00.000Z),Czechia,Mexico,2026-06-25T01:00:00.000Z,,Mexico City Stadium,Yael Falcón Pérez,Full time,0,3,Mexico,Czechia,away,Chávez,20,True,starting_xi,DEF,1,4,1,4-1-4-1,7.1,8.3,0,78.0
4667755,mexico-vs-czechia,https://www.fotmob.com/matches/mexico-vs-czechia/1wualx#4667755,Czechia vs Mexico (2026-06-25T01:00:00.000Z),Czechia,Mexico,2026-06-25T01:00:00.000Z,,Mexico City Stadium,Yael Falcón Pérez,Full time,0,3,Mexico,Czechia,away,Reyes,15,True,starting_xi,DEF,1,4,2,4-1-4-1,7.1,7.2,0,
4667755,mexico-vs-czechia,https://www.fotmob.com/matches/mexico-vs-czechia/1wualx#4667755,Czechia vs Mexico (2026-06-25T01:00:00.000Z),Czechia,Mexico,2026-06-25T01:00:00.000Z,,Mexico City Stadium,Yael Falcón Pérez,Full time,0,3,Mexico,Czechia,away,Montes,3,True,starting_xi,DEF,1,4,3,4-1-4-1,7.1,7.5,0,
4667755,mexico-vs-czechia,https://www.fotmob.com/matches/mexico-vs-czechia/1wualx#4667755,Czechia vs Mexico (2026-06-25T01:00:00.000Z),Czechia,Mexico,2026-06-25T01:00:00.000Z,,Mexico City Stadium,Yael Falcón Pérez,Full time,0,3,Mexico,Czechia,away,Sánchez,2,True,starting_xi,DEF,1,4,4,4-1-4-1,7.1,8.2,0,
4667755,mexico-vs-czechia,https://www.fotmob.com/matches/mexico-vs-czechia/1wualx#4667755,Czechia vs Mexico (2026-06-25T01:00:00.000Z),Czechia,Mexico,2026-06-25T01:00:00.000Z,,Mexico City Stadium,Yael Falcón Pérez,Full time,0,3,Mexico,Czechia,away,Rangel,1,True,starting_xi,GK,0,1,1,4-1-4-1,7.1,6.8,0,78.0
4653710,senegal-vs-belgium,https://www.fotmob.com/matches/senegal-vs-belgium/1rywdm#4653710,Belgium vs Senegal (2026-07-01T20:00:00.000Z),Belgium,Senegal,2026-07-01T20:00:00.000Z,,Seattle Stadium,Héctor Saíd Martínez Sorto,After extra time,3,2,Belgium,Senegal,home,Courtois,1,True,starting_xi,GK,0,1,1,4-2-3-1,7.1,6.8,0,
4653710,senegal-vs-belgium,https://www.fotmob.com/matches/senegal-vs-belgium/1rywdm#4653710,Belgium vs Senegal (2026-07-01T20:00:00.000Z),Belgium,Senegal,2026-07-01T20:00:00.000Z,,Seattle Stadium,Héctor Saíd Martínez Sorto,After extra time,3,2,Belgium,Senegal,home,Castagne,21,True,starting_xi,DEF,1,4,1,4-2-3-1,7.1,7.4,0,
4653710,senegal-vs-belgium,https://www.fotmob.com/matches/senegal-vs-belgium/1rywdm#4653710,Belgium vs Senegal (2026-07-01T20:00:00.000Z),Belgium,Senegal,2026-07-01T20:00:00.000Z,,Seattle Stadium,Héctor Saíd Martínez Sorto,After extra time,3,2,Belgium,Senegal,home,Mechele,4,True,starting_xi,DEF,1,4,2,4-2-3-1,7.1,7.4,0,
4653710,senegal-vs-belgium,https://www.fotmob.com/matches/senegal-vs-belgium/1rywdm#4653710,Belgium vs Senegal (2026-07-01T20:00:00.000Z),Belgium,Senegal,2026-07-01T20:00:00.000Z,,Seattle Stadium,Héctor Saíd Martínez Sorto,After extra time,3,2,Belgium,Senegal,home,Theate,3,True,starting_xi,DEF,1,4,3,4-2-3-1,7.1,7.1,0,
4653710,senegal-vs-belgium,https://www.fotmob.com/matches/senegal-vs-belgium/1rywdm#4653710,Belgium vs Senegal (2026-07-01T20:00:00.000Z),Belgium,Senegal,2026-07-01T20:00:00.000Z,,Seattle Stadium,Héctor Saíd Martínez Sorto,After extra time,3,2,Belgium,Senegal,home,De Cuyper,5,True,starting_xi,DEF,1,4,4,4-2-3-1,7.1,6.4,0,78.0
4653710,senegal-vs-belgium,https://www.fotmob.com/matches/senegal-vs-belgium/1rywdm#4653710,Belgium vs Senegal (2026-07-01T20:00:00.000Z),Belgium,Senegal,2026-07-01T20:00:00.000Z,,Seattle Stadium,Héctor Saíd Martínez Sorto,After extra time,3,2,Belgium,Senegal,home,Vanaken,20,True,starting_xi,AM,2,2,1,4-2-3-1,7.1,6.2,0,63.0
4653710,senegal-vs-belgium,https://www.fotmob.com/matches/senegal-vs-belgium/1rywdm#4653710,Belgium vs Senegal (2026-07-01T20:00:00.000Z),Belgium,Senegal,2026-07-01T20:00:00.000Z,,Seattle Stadium,Héctor Saíd Martínez Sorto,After extra time,3,2,Belgium,Senegal,home,Tielemans,8,True,starting_xi,AM,2,2,2,4-2-3-1,7.1,9.1,0,
4653710,senegal-vs-belgium,https://www.fotmob.com/matches/senegal-vs-belgium/1rywdm#4653710,Belgium vs Senegal (2026-07-01T20:00:00.000Z),Belgium,Senegal,2026-07-01T20:00:00.000Z,,Seattle Stadium,Héctor Saíd Martínez Sorto,After extra time,3,2,Belgium,Senegal,home,Trossard,10,True,starting_xi,AM,3,3,1,4-2-3-1,7.1,8.4,0,109.0
4653710,senegal-vs-belgium,https://www.fotmob.com/matches/senegal-vs-belgium/1rywdm#4653710,Belgium vs Senegal (2026-07-01T20:00:00.000Z),Belgium,Senegal,2026-07-01T20:00:00.000Z,,Seattle Stadium,Héctor Saíd Martínez Sorto,After extra time,3,2,Belgium,Senegal,home,De Bruyne,7,True,starting_xi,AM,3,3,2,4-2-3-1,7.1,7.0,0,56.0
4653710,senegal-vs-belgium,https://www.fotmob.com/matches/senegal-vs-belgium/1rywdm#4653710,Belgium vs Senegal (2026-07-01T20:00:00.000Z),Belgium,Senegal,2026-07-01T20:00:00.000Z,,Seattle Stadium,Héctor Saíd Martínez Sorto,After extra time,3,2,Belgium,Senegal,home,Doku,11,True,starting_xi,AM,3,3,3,4-2-3-1,7.1,6.8,0,56.0
4653710,senegal-vs-belgium,https://www.fotmob.com/matches/senegal-vs-belgium/1rywdm#4653710,Belgium vs Senegal (2026-07-01T20:00:00.000Z),Belgium,Senegal,2026-07-01T20:00:00.000Z,,Seattle Stadium,Héctor Saíd Martínez Sorto,After extra time,3,2,Belgium,Senegal,home,De Ketelaere,17,True,starting_xi,FWD,4,1,1,4-2-3-1,7.1,5.8,0,46.0
4653710,senegal-vs-belgium,https://www.fotmob.com/matches/senegal-vs-belgium/1rywdm#4653710,Belgium vs Senegal (2026-07-01T20:00:00.000Z),Belgium,Senegal,2026-07-01T20:00:00.000Z,,Seattle Stadium,Héctor Saíd Martínez Sorto,After extra time,3,2,Senegal,Belgium,away,Mané,10,True,starting_xi,FWD,3,3,1,4-3-3,6.7,7.3,0,93.0
4653710,senegal-vs-belgium,https://www.fotmob.com/matches/senegal-vs-belgium/1rywdm#4653710,Belgium vs Senegal (2026-07-01T20:00:00.000Z),Belgium,Senegal,2026-07-01T20:00:00.000Z,,Seattle Stadium,Héctor Saíd Martínez Sorto,After extra time,3,2,Senegal,Belgium,away,Sarr,18,True,starting_xi,FWD,3,3,2,4-3-3,6.7,8.6,0,
4653710,senegal-vs-belgium,https://www.fotmob.com/matches/senegal-vs-belgium/1rywdm#4653710,Belgium vs Senegal (2026-07-01T20:00:00.000Z),Belgium,Senegal,2026-07-01T20:00:00.000Z,,Seattle Stadium,Héctor Saíd Martínez Sorto,After extra time,3,2,Senegal,Belgium,away,Ndiaye,13,True,starting_xi,FWD,3,3,3,4-3-3,6.7,6.8,0,73.0
4653710,senegal-vs-belgium,https://www.fotmob.com/matches/senegal-vs-belgium/1rywdm#4653710,Belgium vs Senegal (2026-07-01T20:00:00.000Z),Belgium,Senegal,2026-07-01T20:00:00.000Z,,Seattle Stadium,Héctor Saíd Martínez Sorto,After extra time,3,2,Senegal,Belgium,away,Gueye,26,True,starting_xi,AM,2,3,1,4-3-3,6.7,6.4,0,66.0
4653710,senegal-vs-belgium,https://www.fotmob.com/matches/senegal-vs-belgium/1rywdm#4653710,Belgium vs Senegal (2026-07-01T20:00:00.000Z),Belgium,Senegal,2026-07-01T20:00:00.000Z,,Seattle Stadium,Héctor Saíd Martínez Sorto,After extra time,3,2,Senegal,Belgium,away,Gueye,5,True,starting_xi,AM,2,3,2,4-3-3,6.7,7.0,0,95.0
4653710,senegal-vs-belgium,https://www.fotmob.com/matches/senegal-vs-belgium/1rywdm#4653710,Belgium vs Senegal (2026-07-01T20:00:00.000Z),Belgium,Senegal,2026-07-01T20:00:00.000Z,,Seattle Stadium,Héctor Saíd Martínez Sorto,After extra time,3,2,Senegal,Belgium,away,Diarra,21,True,starting_xi,AM,2,3,3,4-3-3,6.7,8.0,0,73.0
4653710,senegal-vs-belgium,https://www.fotmob.com/matches/senegal-vs-belgium/1rywdm#4653710,Belgium vs Senegal (2026-07-01T20:00:00.000Z),Belgium,Senegal,2026-07-01T20:00:00.000Z,,Seattle Stadium,Héctor Saíd Martínez Sorto,After extra time,3,2,Senegal,Belgium,away,Jakobs,14,True,starting_xi,DEF,1,4,1,4-3-3,6.7,6.2,0,93.0
4653710,senegal-vs-belgium,https://www.fotmob.com/matches/senegal-vs-belgium/1rywdm#4653710,Belgium vs Senegal (2026-07-01T20:00:00.000Z),Belgium,Senegal,2026-07-01T20:00:00.000Z,,Seattle Stadium,Héctor Saíd Martínez Sorto,After extra time,3,2,Senegal,Belgium,away,Niakhaté,19,True,starting_xi,DEF,1,4,2,4-3-3,6.7,7.1,0,
4653710,senegal-vs-belgium,https://www.fotmob.com/matches/senegal-vs-belgium/1rywdm#4653710,Belgium vs Senegal (2026-07-01T20:00:00.000Z),Belgium,Senegal,2026-07-01T20:00:00.000Z,,Seattle Stadium,Héctor Saíd Martínez Sorto,After extra time,3,2,Senegal,Belgium,away,Ciss,6,True,starting_xi,DEF,1,4,3,4-3-3,6.7,6.8,0,
4653710,senegal-vs-belgium,https://www.fotmob.com/matches/senegal-vs-belgium/1rywdm#4653710,Belgium vs Senegal (2026-07-01T20:00:00.000Z),Belgium,Senegal,2026-07-01T20:00:00.000Z,,Seattle Stadium,Héctor Saíd Martínez Sorto,After extra time,3,2,Senegal,Belgium,away,Diatta,15,True,starting_xi,DEF,1,4,4,4-3-3,6.7,7.0,0,
4653710,senegal-vs-belgium,https://www.fotmob.com/matches/senegal-vs-belgium/1rywdm#4653710,Belgium vs Senegal (2026-07-01T20:00:00.000Z),Belgium,Senegal,2026-07-01T20:00:00.000Z,,Seattle Stadium,Héctor Saíd Martínez Sorto,After extra time,3,2,Senegal,Belgium,away,Diaw,23,True,starting_xi,GK,0,1,1,4-3-3,6.7,4.8,0,
4653708,spain-vs-austria,https://www.fotmob.com/matches/spain-vs-austria/1urklb#4653708,Spain vs Austria (2026-07-02T19:00:00.000Z),Spain,Austria,2026-07-02T19:00:00.000Z,,Los Angeles Stadium,Glenn Nyberg,Full time,3,0,Spain,Austria,home,Simón,23,True,starting_xi,GK,0,1,1,4-2-3-1,7.8,7.3,0,
4653708,spain-vs-austria,https://www.fotmob.com/matches/spain-vs-austria/1urklb#4653708,Spain vs Austria (2026-07-02T19:00:00.000Z),Spain,Austria,2026-07-02T19:00:00.000Z,,Los Angeles Stadium,Glenn Nyberg,Full time,3,0,Spain,Austria,home,Porro,12,True,starting_xi,DEF,1,4,1,4-2-3-1,7.8,8.9,0,
4653708,spain-vs-austria,https://www.fotmob.com/matches/spain-vs-austria/1urklb#4653708,Spain vs Austria (2026-07-02T19:00:00.000Z),Spain,Austria,2026-07-02T19:00:00.000Z,,Los Angeles Stadium,Glenn Nyberg,Full time,3,0,Spain,Austria,home,Cubarsí,22,True,starting_xi,DEF,1,4,2,4-2-3-1,7.8,8.0,0,
4653708,spain-vs-austria,https://www.fotmob.com/matches/spain-vs-austria/1urklb#4653708,Spain vs Austria (2026-07-02T19:00:00.000Z),Spain,Austria,2026-07-02T19:00:00.000Z,,Los Angeles Stadium,Glenn Nyberg,Full time,3,0,Spain,Austria,home,Laporte,14,True,starting_xi,DEF,1,4,3,4-2-3-1,7.8,8.0,0,90.0
4653708,spain-vs-austria,https://www.fotmob.com/matches/spain-vs-austria/1urklb#4653708,Spain vs Austria (2026-07-02T19:00:00.000Z),Spain,Austria,2026-07-02T19:00:00.000Z,,Los Angeles Stadium,Glenn Nyberg,Full time,3,0,Spain,Austria,home,Cucurella,24,True,starting_xi,DEF,1,4,4,4-2-3-1,7.8,8.5,0,
4653708,spain-vs-austria,https://www.fotmob.com/matches/spain-vs-austria/1urklb#4653708,Spain vs Austria (2026-07-02T19:00:00.000Z),Spain,Austria,2026-07-02T19:00:00.000Z,,Los Angeles Stadium,Glenn Nyberg,Full time,3,0,Spain,Austria,home,Rodri,16,True,starting_xi,AM,2,2,1,4-2-3-1,7.8,8.2,0,
4653708,spain-vs-austria,https://www.fotmob.com/matches/spain-vs-austria/1urklb#4653708,Spain vs Austria (2026-07-02T19:00:00.000Z),Spain,Austria,2026-07-02T19:00:00.000Z,,Los Angeles Stadium,Glenn Nyberg,Full time,3,0,Spain,Austria,home,Pedri,20,True,starting_xi,AM,2,2,2,4-2-3-1,7.8,7.5,0,90.0
4653708,spain-vs-austria,https://www.fotmob.com/matches/spain-vs-austria/1urklb#4653708,Spain vs Austria (2026-07-02T19:00:00.000Z),Spain,Austria,2026-07-02T19:00:00.000Z,,Los Angeles Stadium,Glenn Nyberg,Full time,3,0,Spain,Austria,home,Lamine Yamal,19,True,starting_xi,AM,3,3,1,4-2-3-1,7.8,7.8,0,85.0
4653708,spain-vs-austria,https://www.fotmob.com/matches/spain-vs-austria/1urklb#4653708,Spain vs Austria (2026-07-02T19:00:00.000Z),Spain,Austria,2026-07-02T19:00:00.000Z,,Los Angeles Stadium,Glenn Nyberg,Full time,3,0,Spain,Austria,home,Olmo,10,True,starting_xi,AM,3,3,2,4-2-3-1,7.8,7.4,0,71.0
4653708,spain-vs-austria,https://www.fotmob.com/matches/spain-vs-austria/1urklb#4653708,Spain vs Austria (2026-07-02T19:00:00.000Z),Spain,Austria,2026-07-02T19:00:00.000Z,,Los Angeles Stadium,Glenn Nyberg,Full time,3,0,Spain,Austria,home,Baena,15,True,starting_xi,AM,3,3,3,4-2-3-1,7.8,8.2,0,71.0
4653708,spain-vs-austria,https://www.fotmob.com/matches/spain-vs-austria/1urklb#4653708,Spain vs Austria (2026-07-02T19:00:00.000Z),Spain,Austria,2026-07-02T19:00:00.000Z,,Los Angeles Stadium,Glenn Nyberg,Full time,3,0,Spain,Austria,home,Oyarzabal,21,True,starting_xi,FWD,4,1,1,4-2-3-1,7.8,9.1,0,
4653708,spain-vs-austria,https://www.fotmob.com/matches/spain-vs-austria/1urklb#4653708,Spain vs Austria (2026-07-02T19:00:00.000Z),Spain,Austria,2026-07-02T19:00:00.000Z,,Los Angeles Stadium,Glenn Nyberg,Full time,3,0,Austria,Spain,away,Gregoritsch,11,True,starting_xi,FWD,4,1,1,4-2-3-1,6.0,5.5,0,60.0
4653708,spain-vs-austria,https://www.fotmob.com/matches/spain-vs-austria/1urklb#4653708,Spain vs Austria (2026-07-02T19:00:00.000Z),Spain,Austria,2026-07-02T19:00:00.000Z,,Los Angeles Stadium,Glenn Nyberg,Full time,3,0,Austria,Spain,away,Sabitzer,9,True,starting_xi,AM,3,3,1,4-2-3-1,6.0,6.7,0,
4653708,spain-vs-austria,https://www.fotmob.com/matches/spain-vs-austria/1urklb#4653708,Spain vs Austria (2026-07-02T19:00:00.000Z),Spain,Austria,2026-07-02T19:00:00.000Z,,Los Angeles Stadium,Glenn Nyberg,Full time,3,0,Austria,Spain,away,Wanner,24,True,starting_xi,AM,3,3,2,4-2-3-1,6.0,6.3,0,
4653708,spain-vs-austria,https://www.fotmob.com/matches/spain-vs-austria/1urklb#4653708,Spain vs Austria (2026-07-02T19:00:00.000Z),Spain,Austria,2026-07-02T19:00:00.000Z,,Los Angeles Stadium,Glenn Nyberg,Full time,3,0,Austria,Spain,away,Schmid,18,True,starting_xi,AM,3,3,3,4-2-3-1,6.0,6.5,0,60.0
4653708,spain-vs-austria,https://www.fotmob.com/matches/spain-vs-austria/1urklb#4653708,Spain vs Austria (2026-07-02T19:00:00.000Z),Spain,Austria,2026-07-02T19:00:00.000Z,,Los Angeles Stadium,Glenn Nyberg,Full time,3,0,Austria,Spain,away,Schlager,4,True,starting_xi,AM,2,2,1,4-2-3-1,6.0,5.6,0,46.0
4653708,spain-vs-austria,https://www.fotmob.com/matches/spain-vs-austria/1urklb#4653708,Spain vs Austria (2026-07-02T19:00:00.000Z),Spain,Austria,2026-07-02T19:00:00.000Z,,Los Angeles Stadium,Glenn Nyberg,Full time,3,0,Austria,Spain,away,Seiwald,6,True,starting_xi,AM,2,2,2,4-2-3-1,6.0,6.1,0,46.0
4653708,spain-vs-austria,https://www.fotmob.com/matches/spain-vs-austria/1urklb#4653708,Spain vs Austria (2026-07-02T19:00:00.000Z),Spain,Austria,2026-07-02T19:00:00.000Z,,Los Angeles Stadium,Glenn Nyberg,Full time,3,0,Austria,Spain,away,Laimer,20,True,starting_xi,DEF,1,4,1,4-2-3-1,6.0,6.1,0,
4653708,spain-vs-austria,https://www.fotmob.com/matches/spain-vs-austria/1urklb#4653708,Spain vs Austria (2026-07-02T19:00:00.000Z),Spain,Austria,2026-07-02T19:00:00.000Z,,Los Angeles Stadium,Glenn Nyberg,Full time,3,0,Austria,Spain,away,Alaba,8,True,starting_xi,DEF,1,4,2,4-2-3-1,6.0,5.9,0,
4653708,spain-vs-austria,https://www.fotmob.com/matches/spain-vs-austria/1urklb#4653708,Spain vs Austria (2026-07-02T19:00:00.000Z),Spain,Austria,2026-07-02T19:00:00.000Z,,Los Angeles Stadium,Glenn Nyberg,Full time,3,0,Austria,Spain,away,Danso,3,True,starting_xi,DEF,1,4,3,4-2-3-1,6.0,6.0,0,
4653708,spain-vs-austria,https://www.fotmob.com/matches/spain-vs-austria/1urklb#4653708,Spain vs Austria (2026-07-02T19:00:00.000Z),Spain,Austria,2026-07-02T19:00:00.000Z,,Los Angeles Stadium,Glenn Nyberg,Full time,3,0,Austria,Spain,away,Posch,5,True,starting_xi,DEF,1,4,4,4-2-3-1,6.0,6.1,0,85.0
4653708,spain-vs-austria,https://www.fotmob.com/matches/spain-vs-austria/1urklb#4653708,Spain vs Austria (2026-07-02T19:00:00.000Z),Spain,Austria,2026-07-02T19:00:00.000Z,,Los Angeles Stadium,Glenn Nyberg,Full time,3,0,Austria,Spain,away,Schlager,1,True,starting_xi,GK,0,1,1,4-2-3-1,6.0,5.9,0,
4653707,portugal-vs-croatia,https://www.fotmob.com/matches/portugal-vs-croatia/2u2izf#4653707,Portugal vs Croatia (2026-07-02T23:00:00.000Z),Portugal,Croatia,2026-07-02T23:00:00.000Z,,Toronto Stadium,Espen Eskås,Full time,2,1,Portugal,Croatia,home,Costa,1,True,starting_xi,GK,0,1,1,4-2-3-1,7.2,7.7,0,
4653707,portugal-vs-croatia,https://www.fotmob.com/matches/portugal-vs-croatia/2u2izf#4653707,Portugal vs Croatia (2026-07-02T23:00:00.000Z),Portugal,Croatia,2026-07-02T23:00:00.000Z,,Toronto Stadium,Espen Eskås,Full time,2,1,Portugal,Croatia,home,Cancelo,20,True,starting_xi,DEF,1,4,1,4-2-3-1,7.2,7.3,0,62.0
4653707,portugal-vs-croatia,https://www.fotmob.com/matches/portugal-vs-croatia/2u2izf#4653707,Portugal vs Croatia (2026-07-02T23:00:00.000Z),Portugal,Croatia,2026-07-02T23:00:00.000Z,,Toronto Stadium,Espen Eskås,Full time,2,1,Portugal,Croatia,home,Dias,3,True,starting_xi,DEF,1,4,2,4-2-3-1,7.2,7.8,0,
4653707,portugal-vs-croatia,https://www.fotmob.com/matches/portugal-vs-croatia/2u2izf#4653707,Portugal vs Croatia (2026-07-02T23:00:00.000Z),Portugal,Croatia,2026-07-02T23:00:00.000Z,,Toronto Stadium,Espen Eskås,Full time,2,1,Portugal,Croatia,home,Veiga,13,True,starting_xi,DEF,1,4,3,4-2-3-1,7.2,7.7,0,
4653707,portugal-vs-croatia,https://www.fotmob.com/matches/portugal-vs-croatia/2u2izf#4653707,Portugal vs Croatia (2026-07-02T23:00:00.000Z),Portugal,Croatia,2026-07-02T23:00:00.000Z,,Toronto Stadium,Espen Eskås,Full time,2,1,Portugal,Croatia,home,Mendes,25,True,starting_xi,DEF,1,4,4,4-2-3-1,7.2,7.6,0,
4653707,portugal-vs-croatia,https://www.fotmob.com/matches/portugal-vs-croatia/2u2izf#4653707,Portugal vs Croatia (2026-07-02T23:00:00.000Z),Portugal,Croatia,2026-07-02T23:00:00.000Z,,Toronto Stadium,Espen Eskås,Full time,2,1,Portugal,Croatia,home,Neves,15,True,starting_xi,AM,2,2,1,4-2-3-1,7.2,7.5,0,
4653707,portugal-vs-croatia,https://www.fotmob.com/matches/portugal-vs-croatia/2u2izf#4653707,Portugal vs Croatia (2026-07-02T23:00:00.000Z),Portugal,Croatia,2026-07-02T23:00:00.000Z,,Toronto Stadium,Espen Eskås,Full time,2,1,Portugal,Croatia,home,Vitinha,23,True,starting_xi,AM,2,2,2,4-2-3-1,7.2,7.5,0,62.0
4653707,portugal-vs-croatia,https://www.fotmob.com/matches/portugal-vs-croatia/2u2izf#4653707,Portugal vs Croatia (2026-07-02T23:00:00.000Z),Portugal,Croatia,2026-07-02T23:00:00.000Z,,Toronto Stadium,Espen Eskås,Full time,2,1,Portugal,Croatia,home,Neto,18,True,starting_xi,AM,3,3,1,4-2-3-1,7.2,6.5,0,62.0
4653707,portugal-vs-croatia,https://www.fotmob.com/matches/portugal-vs-croatia/2u2izf#4653707,Portugal vs Croatia (2026-07-02T23:00:00.000Z),Portugal,Croatia,2026-07-02T23:00:00.000Z,,Toronto Stadium,Espen Eskås,Full time,2,1,Portugal,Croatia,home,Fernandes,8,True,starting_xi,AM,3,3,2,4-2-3-1,7.2,6.7,0,62.0
4653707,portugal-vs-croatia,https://www.fotmob.com/matches/portugal-vs-croatia/2u2izf#4653707,Portugal vs Croatia (2026-07-02T23:00:00.000Z),Portugal,Croatia,2026-07-02T23:00:00.000Z,,Toronto Stadium,Espen Eskås,Full time,2,1,Portugal,Croatia,home,Leão,17,True,starting_xi,AM,3,3,3,4-2-3-1,7.2,8.0,0,
4653707,portugal-vs-croatia,https://www.fotmob.com/matches/portugal-vs-croatia/2u2izf#4653707,Portugal vs Croatia (2026-07-02T23:00:00.000Z),Portugal,Croatia,2026-07-02T23:00:00.000Z,,Toronto Stadium,Espen Eskås,Full time,2,1,Portugal,Croatia,home,Ronaldo,7,True,starting_xi,FWD,4,1,1,4-2-3-1,7.2,7.7,0,81.0
4653707,portugal-vs-croatia,https://www.fotmob.com/matches/portugal-vs-croatia/2u2izf#4653707,Portugal vs Croatia (2026-07-02T23:00:00.000Z),Portugal,Croatia,2026-07-02T23:00:00.000Z,,Toronto Stadium,Espen Eskås,Full time,2,1,Croatia,Portugal,away,Budimir,11,True,starting_xi,FWD,4,1,1,4-2-3-1,6.5,5.9,0,46.0
4653707,portugal-vs-croatia,https://www.fotmob.com/matches/portugal-vs-croatia/2u2izf#4653707,Portugal vs Croatia (2026-07-02T23:00:00.000Z),Portugal,Croatia,2026-07-02T23:00:00.000Z,,Toronto Stadium,Espen Eskås,Full time,2,1,Croatia,Portugal,away,Baturina,16,True,starting_xi,AM,3,3,1,4-2-3-1,6.5,6.1,0,68.0
4653707,portugal-vs-croatia,https://www.fotmob.com/matches/portugal-vs-croatia/2u2izf#4653707,Portugal vs Croatia (2026-07-02T23:00:00.000Z),Portugal,Croatia,2026-07-02T23:00:00.000Z,,Toronto Stadium,Espen Eskås,Full time,2,1,Croatia,Portugal,away,Sucic,17,True,starting_xi,AM,3,3,2,4-2-3-1,6.5,6.2,0,
4653707,portugal-vs-croatia,https://www.fotmob.com/matches/portugal-vs-croatia/2u2izf#4653707,Portugal vs Croatia (2026-07-02T23:00:00.000Z),Portugal,Croatia,2026-07-02T23:00:00.000Z,,Toronto Stadium,Espen Eskås,Full time,2,1,Croatia,Portugal,away,Vlasic,13,True,starting_xi,AM,3,3,3,4-2-3-1,6.5,6.6,0,90.0
4653707,portugal-vs-croatia,https://www.fotmob.com/matches/portugal-vs-croatia/2u2izf#4653707,Portugal vs Croatia (2026-07-02T23:00:00.000Z),Portugal,Croatia,2026-07-02T23:00:00.000Z,,Toronto Stadium,Espen Eskås,Full time,2,1,Croatia,Portugal,away,Kovacic,8,True,starting_xi,AM,2,2,1,4-2-3-1,6.5,6.9,0,90.0
4653707,portugal-vs-croatia,https://www.fotmob.com/matches/portugal-vs-croatia/2u2izf#4653707,Portugal vs Croatia (2026-07-02T23:00:00.000Z),Portugal,Croatia,2026-07-02T23:00:00.000Z,,Toronto Stadium,Espen Eskås,Full time,2,1,Croatia,Portugal,away,Modric,10,True,starting_xi,AM,2,2,2,4-2-3-1,6.5,6.7,0,
4653707,portugal-vs-croatia,https://www.fotmob.com/matches/portugal-vs-croatia/2u2izf#4653707,Portugal vs Croatia (2026-07-02T23:00:00.000Z),Portugal,Croatia,2026-07-02T23:00:00.000Z,,Toronto Stadium,Espen Eskås,Full time,2,1,Croatia,Portugal,away,Perisic,14,True,starting_xi,DEF,1,4,1,4-2-3-1,6.5,7.8,0,
4653707,portugal-vs-croatia,https://www.fotmob.com/matches/portugal-vs-croatia/2u2izf#4653707,Portugal vs Croatia (2026-07-02T23:00:00.000Z),Portugal,Croatia,2026-07-02T23:00:00.000Z,,Toronto Stadium,Espen Eskås,Full time,2,1,Croatia,Portugal,away,Pongracic,3,True,starting_xi,DEF,1,4,2,4-2-3-1,6.5,6.4,0,
4653707,portugal-vs-croatia,https://www.fotmob.com/matches/portugal-vs-croatia/2u2izf#4653707,Portugal vs Croatia (2026-07-02T23:00:00.000Z),Portugal,Croatia,2026-07-02T23:00:00.000Z,,Toronto Stadium,Espen Eskås,Full time,2,1,Croatia,Portugal,away,Sutalo,6,True,starting_xi,DEF,1,4,3,4-2-3-1,6.5,6.8,0,
4653707,portugal-vs-croatia,https://www.fotmob.com/matches/portugal-vs-croatia/2u2izf#4653707,Portugal vs Croatia (2026-07-02T23:00:00.000Z),Portugal,Croatia,2026-07-02T23:00:00.000Z,,Toronto Stadium,Espen Eskås,Full time,2,1,Croatia,Portugal,away,Stanisic,2,True,starting_xi,DEF,1,4,4,4-2-3-1,6.5,7.2,0,
4653707,portugal-vs-croatia,https://www.fotmob.com/matches/portugal-vs-croatia/2u2izf#4653707,Portugal vs Croatia (2026-07-02T23:00:00.000Z),Portugal,Croatia,2026-07-02T23:00:00.000Z,,Toronto Stadium,Espen Eskås,Full time,2,1,Croatia,Portugal,away,Livakovic,1,True,starting_xi,GK,0,1,1,4-2-3-1,6.5,5.9,0,
4653714,dr-congo-vs-england,https://www.fotmob.com/matches/dr-congo-vs-england/1tbjj5#4653714,England vs DR Congo (2026-07-01T16:00:00.000Z),England,DR Congo,2026-07-01T16:00:00.000Z,,Atlanta Stadium,Adham Mohammad Tumah Makhadmeh,Full time,2,1,England,DR Congo,home,Pickford,1,True,starting_xi,GK,0,1,1,4-2-3-1,7.2,5.3,0,
4653714,dr-congo-vs-england,https://www.fotmob.com/matches/dr-congo-vs-england/1tbjj5#4653714,England vs DR Congo (2026-07-01T16:00:00.000Z),England,DR Congo,2026-07-01T16:00:00.000Z,,Atlanta Stadium,Adham Mohammad Tumah Makhadmeh,Full time,2,1,England,DR Congo,home,Spence,25,True,starting_xi,DEF,1,4,1,4-2-3-1,7.2,6.9,0,70.0
4653714,dr-congo-vs-england,https://www.fotmob.com/matches/dr-congo-vs-england/1tbjj5#4653714,England vs DR Congo (2026-07-01T16:00:00.000Z),England,DR Congo,2026-07-01T16:00:00.000Z,,Atlanta Stadium,Adham Mohammad Tumah Makhadmeh,Full time,2,1,England,DR Congo,home,Konsa,2,True,starting_xi,DEF,1,4,2,4-2-3-1,7.2,7.1,0,
4653714,dr-congo-vs-england,https://www.fotmob.com/matches/dr-congo-vs-england/1tbjj5#4653714,England vs DR Congo (2026-07-01T16:00:00.000Z),England,DR Congo,2026-07-01T16:00:00.000Z,,Atlanta Stadium,Adham Mohammad Tumah Makhadmeh,Full time,2,1,England,DR Congo,home,Guéhi,6,True,starting_xi,DEF,1,4,3,4-2-3-1,7.2,7.3,0,
4653714,dr-congo-vs-england,https://www.fotmob.com/matches/dr-congo-vs-england/1tbjj5#4653714,England vs DR Congo (2026-07-01T16:00:00.000Z),England,DR Congo,2026-07-01T16:00:00.000Z,,Atlanta Stadium,Adham Mohammad Tumah Makhadmeh,Full time,2,1,England,DR Congo,home,O'Reilly,3,True,starting_xi,DEF,1,4,4,4-2-3-1,7.2,7.0,0,
4653714,dr-congo-vs-england,https://www.fotmob.com/matches/dr-congo-vs-england/1tbjj5#4653714,England vs DR Congo (2026-07-01T16:00:00.000Z),England,DR Congo,2026-07-01T16:00:00.000Z,,Atlanta Stadium,Adham Mohammad Tumah Makhadmeh,Full time,2,1,England,DR Congo,home,Anderson,8,True,starting_xi,AM,2,2,1,4-2-3-1,7.2,7.9,0,
4653714,dr-congo-vs-england,https://www.fotmob.com/matches/dr-congo-vs-england/1tbjj5#4653714,England vs DR Congo (2026-07-01T16:00:00.000Z),England,DR Congo,2026-07-01T16:00:00.000Z,,Atlanta Stadium,Adham Mohammad Tumah Makhadmeh,Full time,2,1,England,DR Congo,home,Rice,4,True,starting_xi,AM,2,2,2,4-2-3-1,7.2,7.2,0,90.0
4653714,dr-congo-vs-england,https://www.fotmob.com/matches/dr-congo-vs-england/1tbjj5#4653714,England vs DR Congo (2026-07-01T16:00:00.000Z),England,DR Congo,2026-07-01T16:00:00.000Z,,Atlanta Stadium,Adham Mohammad Tumah Makhadmeh,Full time,2,1,England,DR Congo,home,Madueke,20,True,starting_xi,AM,3,3,1,4-2-3-1,7.2,7.7,0,60.0
4653714,dr-congo-vs-england,https://www.fotmob.com/matches/dr-congo-vs-england/1tbjj5#4653714,England vs DR Congo (2026-07-01T16:00:00.000Z),England,DR Congo,2026-07-01T16:00:00.000Z,,Atlanta Stadium,Adham Mohammad Tumah Makhadmeh,Full time,2,1,England,DR Congo,home,Bellingham,10,True,starting_xi,AM,3,3,2,4-2-3-1,7.2,7.1,0,
4653714,dr-congo-vs-england,https://www.fotmob.com/matches/dr-congo-vs-england/1tbjj5#4653714,England vs DR Congo (2026-07-01T16:00:00.000Z),England,DR Congo,2026-07-01T16:00:00.000Z,,Atlanta Stadium,Adham Mohammad Tumah Makhadmeh,Full time,2,1,England,DR Congo,home,Rashford,11,True,starting_xi,AM,3,3,3,4-2-3-1,7.2,7.2,0,60.0
4653714,dr-congo-vs-england,https://www.fotmob.com/matches/dr-congo-vs-england/1tbjj5#4653714,England vs DR Congo (2026-07-01T16:00:00.000Z),England,DR Congo,2026-07-01T16:00:00.000Z,,Atlanta Stadium,Adham Mohammad Tumah Makhadmeh,Full time,2,1,England,DR Congo,home,Kane,9,True,starting_xi,FWD,4,1,1,4-2-3-1,7.2,8.9,0,
4653714,dr-congo-vs-england,https://www.fotmob.com/matches/dr-congo-vs-england/1tbjj5#4653714,England vs DR Congo (2026-07-01T16:00:00.000Z),England,DR Congo,2026-07-01T16:00:00.000Z,,Atlanta Stadium,Adham Mohammad Tumah Makhadmeh,Full time,2,1,DR Congo,England,away,Cipenga,9,True,starting_xi,FWD,3,3,1,4-3-3,6.7,7.2,0,76.0
4653714,dr-congo-vs-england,https://www.fotmob.com/matches/dr-congo-vs-england/1tbjj5#4653714,England vs DR Congo (2026-07-01T16:00:00.000Z),England,DR Congo,2026-07-01T16:00:00.000Z,,Atlanta Stadium,Adham Mohammad Tumah Makhadmeh,Full time,2,1,DR Congo,England,away,Wissa,20,True,starting_xi,FWD,3,3,2,4-3-3,6.7,6.9,0,
4653714,dr-congo-vs-england,https://www.fotmob.com/matches/dr-congo-vs-england/1tbjj5#4653714,England vs DR Congo (2026-07-01T16:00:00.000Z),England,DR Congo,2026-07-01T16:00:00.000Z,,Atlanta Stadium,Adham Mohammad Tumah Makhadmeh,Full time,2,1,DR Congo,England,away,Mbuku,7,True,starting_xi,FWD,3,3,3,4-3-3,6.7,6.9,0,64.0
4653714,dr-congo-vs-england,https://www.fotmob.com/matches/dr-congo-vs-england/1tbjj5#4653714,England vs DR Congo (2026-07-01T16:00:00.000Z),England,DR Congo,2026-07-01T16:00:00.000Z,,Atlanta Stadium,Adham Mohammad Tumah Makhadmeh,Full time,2,1,DR Congo,England,away,Sadiki,14,True,starting_xi,AM,2,3,1,4-3-3,6.7,6.5,0,
4653714,dr-congo-vs-england,https://www.fotmob.com/matches/dr-congo-vs-england/1tbjj5#4653714,England vs DR Congo (2026-07-01T16:00:00.000Z),England,DR Congo,2026-07-01T16:00:00.000Z,,Atlanta Stadium,Adham Mohammad Tumah Makhadmeh,Full time,2,1,DR Congo,England,away,Moutoussamy,8,True,starting_xi,AM,2,3,2,4-3-3,6.7,6.6,0,89.0
4653714,dr-congo-vs-england,https://www.fotmob.com/matches/dr-congo-vs-england/1tbjj5#4653714,England vs DR Congo (2026-07-01T16:00:00.000Z),England,DR Congo,2026-07-01T16:00:00.000Z,,Atlanta Stadium,Adham Mohammad Tumah Makhadmeh,Full time,2,1,DR Congo,England,away,Mukau,6,True,starting_xi,AM,2,3,3,4-3-3,6.7,6.1,0,76.0
4653714,dr-congo-vs-england,https://www.fotmob.com/matches/dr-congo-vs-england/1tbjj5#4653714,England vs DR Congo (2026-07-01T16:00:00.000Z),England,DR Congo,2026-07-01T16:00:00.000Z,,Atlanta Stadium,Adham Mohammad Tumah Makhadmeh,Full time,2,1,DR Congo,England,away,Masuaku,26,True,starting_xi,DEF,1,4,1,4-3-3,6.7,6.2,0,89.0
4653714,dr-congo-vs-england,https://www.fotmob.com/matches/dr-congo-vs-england/1tbjj5#4653714,England vs DR Congo (2026-07-01T16:00:00.000Z),England,DR Congo,2026-07-01T16:00:00.000Z,,Atlanta Stadium,Adham Mohammad Tumah Makhadmeh,Full time,2,1,DR Congo,England,away,Tuanzebe,4,True,starting_xi,DEF,1,4,2,4-3-3,6.7,6.5,0,
4653714,dr-congo-vs-england,https://www.fotmob.com/matches/dr-congo-vs-england/1tbjj5#4653714,England vs DR Congo (2026-07-01T16:00:00.000Z),England,DR Congo,2026-07-01T16:00:00.000Z,,Atlanta Stadium,Adham Mohammad Tumah Makhadmeh,Full time,2,1,DR Congo,England,away,Mbemba,22,True,starting_xi,DEF,1,4,3,4-3-3,6.7,7.5,0,
4653714,dr-congo-vs-england,https://www.fotmob.com/matches/dr-congo-vs-england/1tbjj5#4653714,England vs DR Congo (2026-07-01T16:00:00.000Z),England,DR Congo,2026-07-01T16:00:00.000Z,,Atlanta Stadium,Adham Mohammad Tumah Makhadmeh,Full time,2,1,DR Congo,England,away,Wan-Bissaka,2,True,starting_xi,DEF,1,4,4,4-3-3,6.7,6.7,0,
4653714,dr-congo-vs-england,https://www.fotmob.com/matches/dr-congo-vs-england/1tbjj5#4653714,England vs DR Congo (2026-07-01T16:00:00.000Z),England,DR Congo,2026-07-01T16:00:00.000Z,,Atlanta Stadium,Adham Mohammad Tumah Makhadmeh,Full time,2,1,DR Congo,England,away,Mpasi-Nzau,1,True,starting_xi,GK,0,1,1,4-3-3,6.7,7.4,0,
4653712,ivory-coast-vs-norway,https://www.fotmob.com/matches/ivory-coast-vs-norway/1wsny5#4653712,Ivory Coast vs Norway (2026-06-30T17:00:00.000Z),Ivory Coast,Norway,2026-06-30T17:00:00.000Z,,Dallas Stadium,Jesús Noel Valenzuela Sáez,Full time,1,2,Ivory Coast,Norway,home,Fofana,1,True,starting_xi,GK,0,1,1,4-3-3,6.7,6.2,0,
4653712,ivory-coast-vs-norway,https://www.fotmob.com/matches/ivory-coast-vs-norway/1wsny5#4653712,Ivory Coast vs Norway (2026-06-30T17:00:00.000Z),Ivory Coast,Norway,2026-06-30T17:00:00.000Z,,Dallas Stadium,Jesús Noel Valenzuela Sáez,Full time,1,2,Ivory Coast,Norway,home,Doué,17,True,starting_xi,DEF,1,4,1,4-3-3,6.7,6.8,0,
4653712,ivory-coast-vs-norway,https://www.fotmob.com/matches/ivory-coast-vs-norway/1wsny5#4653712,Ivory Coast vs Norway (2026-06-30T17:00:00.000Z),Ivory Coast,Norway,2026-06-30T17:00:00.000Z,,Dallas Stadium,Jesús Noel Valenzuela Sáez,Full time,1,2,Ivory Coast,Norway,home,Kossounou,7,True,starting_xi,DEF,1,4,2,4-3-3,6.7,7.1,0,
4653712,ivory-coast-vs-norway,https://www.fotmob.com/matches/ivory-coast-vs-norway/1wsny5#4653712,Ivory Coast vs Norway (2026-06-30T17:00:00.000Z),Ivory Coast,Norway,2026-06-30T17:00:00.000Z,,Dallas Stadium,Jesús Noel Valenzuela Sáez,Full time,1,2,Ivory Coast,Norway,home,Agbadou,20,True,starting_xi,DEF,1,4,3,4-3-3,6.7,6.9,0,
4653712,ivory-coast-vs-norway,https://www.fotmob.com/matches/ivory-coast-vs-norway/1wsny5#4653712,Ivory Coast vs Norway (2026-06-30T17:00:00.000Z),Ivory Coast,Norway,2026-06-30T17:00:00.000Z,,Dallas Stadium,Jesús Noel Valenzuela Sáez,Full time,1,2,Ivory Coast,Norway,home,Konan,3,True,starting_xi,DEF,1,4,4,4-3-3,6.7,6.7,0,90.0
4653712,ivory-coast-vs-norway,https://www.fotmob.com/matches/ivory-coast-vs-norway/1wsny5#4653712,Ivory Coast vs Norway (2026-06-30T17:00:00.000Z),Ivory Coast,Norway,2026-06-30T17:00:00.000Z,,Dallas Stadium,Jesús Noel Valenzuela Sáez,Full time,1,2,Ivory Coast,Norway,home,Kessié,8,True,starting_xi,AM,2,3,1,4-3-3,6.7,6.7,0,
4653712,ivory-coast-vs-norway,https://www.fotmob.com/matches/ivory-coast-vs-norway/1wsny5#4653712,Ivory Coast vs Norway (2026-06-30T17:00:00.000Z),Ivory Coast,Norway,2026-06-30T17:00:00.000Z,,Dallas Stadium,Jesús Noel Valenzuela Sáez,Full time,1,2,Ivory Coast,Norway,home,Sangaré,18,True,starting_xi,AM,2,3,2,4-3-3,6.7,6.2,0,
4653712,ivory-coast-vs-norway,https://www.fotmob.com/matches/ivory-coast-vs-norway/1wsny5#4653712,Ivory Coast vs Norway (2026-06-30T17:00:00.000Z),Ivory Coast,Norway,2026-06-30T17:00:00.000Z,,Dallas Stadium,Jesús Noel Valenzuela Sáez,Full time,1,2,Ivory Coast,Norway,home,Oulaï,26,True,starting_xi,AM,2,3,3,4-3-3,6.7,6.6,0,60.0
4653712,ivory-coast-vs-norway,https://www.fotmob.com/matches/ivory-coast-vs-norway/1wsny5#4653712,Ivory Coast vs Norway (2026-06-30T17:00:00.000Z),Ivory Coast,Norway,2026-06-30T17:00:00.000Z,,Dallas Stadium,Jesús Noel Valenzuela Sáez,Full time,1,2,Ivory Coast,Norway,home,Pépé,19,True,starting_xi,FWD,3,3,1,4-3-3,6.7,7.0,0,87.0
4653712,ivory-coast-vs-norway,https://www.fotmob.com/matches/ivory-coast-vs-norway/1wsny5#4653712,Ivory Coast vs Norway (2026-06-30T17:00:00.000Z),Ivory Coast,Norway,2026-06-30T17:00:00.000Z,,Dallas Stadium,Jesús Noel Valenzuela Sáez,Full time,1,2,Ivory Coast,Norway,home,Bonny,9,True,starting_xi,FWD,3,3,2,4-3-3,6.7,5.7,0,60.0
4653712,ivory-coast-vs-norway,https://www.fotmob.com/matches/ivory-coast-vs-norway/1wsny5#4653712,Ivory Coast vs Norway (2026-06-30T17:00:00.000Z),Ivory Coast,Norway,2026-06-30T17:00:00.000Z,,Dallas Stadium,Jesús Noel Valenzuela Sáez,Full time,1,2,Ivory Coast,Norway,home,Diomande,11,True,starting_xi,FWD,3,3,3,4-3-3,6.7,6.9,0,90.0
4653712,ivory-coast-vs-norway,https://www.fotmob.com/matches/ivory-coast-vs-norway/1wsny5#4653712,Ivory Coast vs Norway (2026-06-30T17:00:00.000Z),Ivory Coast,Norway,2026-06-30T17:00:00.000Z,,Dallas Stadium,Jesús Noel Valenzuela Sáez,Full time,1,2,Norway,Ivory Coast,away,Nusa,20,True,starting_xi,FWD,3,3,1,4-3-3,7.2,7.8,0,71.0
4653712,ivory-coast-vs-norway,https://www.fotmob.com/matches/ivory-coast-vs-norway/1wsny5#4653712,Ivory Coast vs Norway (2026-06-30T17:00:00.000Z),Ivory Coast,Norway,2026-06-30T17:00:00.000Z,,Dallas Stadium,Jesús Noel Valenzuela Sáez,Full time,1,2,Norway,Ivory Coast,away,Haaland,9,True,starting_xi,FWD,3,3,2,4-3-3,7.2,7.8,0,
4653712,ivory-coast-vs-norway,https://www.fotmob.com/matches/ivory-coast-vs-norway/1wsny5#4653712,Ivory Coast vs Norway (2026-06-30T17:00:00.000Z),Ivory Coast,Norway,2026-06-30T17:00:00.000Z,,Dallas Stadium,Jesús Noel Valenzuela Sáez,Full time,1,2,Norway,Ivory Coast,away,Sørloth,7,True,starting_xi,FWD,3,3,3,4-3-3,7.2,6.4,0,71.0
4653712,ivory-coast-vs-norway,https://www.fotmob.com/matches/ivory-coast-vs-norway/1wsny5#4653712,Ivory Coast vs Norway (2026-06-30T17:00:00.000Z),Ivory Coast,Norway,2026-06-30T17:00:00.000Z,,Dallas Stadium,Jesús Noel Valenzuela Sáez,Full time,1,2,Norway,Ivory Coast,away,Berg,6,True,starting_xi,AM,2,3,1,4-3-3,7.2,8.1,0,
4653712,ivory-coast-vs-norway,https://www.fotmob.com/matches/ivory-coast-vs-norway/1wsny5#4653712,Ivory Coast vs Norway (2026-06-30T17:00:00.000Z),Ivory Coast,Norway,2026-06-30T17:00:00.000Z,,Dallas Stadium,Jesús Noel Valenzuela Sáez,Full time,1,2,Norway,Ivory Coast,away,Berge,8,True,starting_xi,AM,2,3,2,4-3-3,7.2,7.1,0,
4653712,ivory-coast-vs-norway,https://www.fotmob.com/matches/ivory-coast-vs-norway/1wsny5#4653712,Ivory Coast vs Norway (2026-06-30T17:00:00.000Z),Ivory Coast,Norway,2026-06-30T17:00:00.000Z,,Dallas Stadium,Jesús Noel Valenzuela Sáez,Full time,1,2,Norway,Ivory Coast,away,Ødegaard,10,True,starting_xi,AM,2,3,3,4-3-3,7.2,7.8,0,
4653712,ivory-coast-vs-norway,https://www.fotmob.com/matches/ivory-coast-vs-norway/1wsny5#4653712,Ivory Coast vs Norway (2026-06-30T17:00:00.000Z),Ivory Coast,Norway,2026-06-30T17:00:00.000Z,,Dallas Stadium,Jesús Noel Valenzuela Sáez,Full time,1,2,Norway,Ivory Coast,away,Møller Wolfe,5,True,starting_xi,DEF,1,4,1,4-3-3,7.2,6.6,0,
4653712,ivory-coast-vs-norway,https://www.fotmob.com/matches/ivory-coast-vs-norway/1wsny5#4653712,Ivory Coast vs Norway (2026-06-30T17:00:00.000Z),Ivory Coast,Norway,2026-06-30T17:00:00.000Z,,Dallas Stadium,Jesús Noel Valenzuela Sáez,Full time,1,2,Norway,Ivory Coast,away,Heggem,17,True,starting_xi,DEF,1,4,2,4-3-3,7.2,7.2,0,
4653712,ivory-coast-vs-norway,https://www.fotmob.com/matches/ivory-coast-vs-norway/1wsny5#4653712,Ivory Coast vs Norway (2026-06-30T17:00:00.000Z),Ivory Coast,Norway,2026-06-30T17:00:00.000Z,,Dallas Stadium,Jesús Noel Valenzuela Sáez,Full time,1,2,Norway,Ivory Coast,away,Ajer,3,True,starting_xi,DEF,1,4,3,4-3-3,7.2,7.9,0,
4653712,ivory-coast-vs-norway,https://www.fotmob.com/matches/ivory-coast-vs-norway/1wsny5#4653712,Ivory Coast vs Norway (2026-06-30T17:00:00.000Z),Ivory Coast,Norway,2026-06-30T17:00:00.000Z,,Dallas Stadium,Jesús Noel Valenzuela Sáez,Full time,1,2,Norway,Ivory Coast,away,Holmgren Pedersen,16,True,starting_xi,DEF,1,4,4,4-3-3,7.2,6.5,0,83.0
4653712,ivory-coast-vs-norway,https://www.fotmob.com/matches/ivory-coast-vs-norway/1wsny5#4653712,Ivory Coast vs Norway (2026-06-30T17:00:00.000Z),Ivory Coast,Norway,2026-06-30T17:00:00.000Z,,Dallas Stadium,Jesús Noel Valenzuela Sáez,Full time,1,2,Norway,Ivory Coast,away,Nyland,1,True,starting_xi,GK,0,1,1,4-3-3,7.2,7.6,0,
4653704,france-vs-sweden,https://www.fotmob.com/matches/france-vs-sweden/1x6dai#4653704,France vs Sweden (2026-06-30T21:00:00.000Z),France,Sweden,2026-06-30T21:00:00.000Z,,New York New Jersey Stadium,Danny Desmond Makkelie,Full time,3,0,France,Sweden,home,Maignan,16,True,starting_xi,GK,0,1,1,4-2-3-1,7.7,8.2,0,
4653704,france-vs-sweden,https://www.fotmob.com/matches/france-vs-sweden/1x6dai#4653704,France vs Sweden (2026-06-30T21:00:00.000Z),France,Sweden,2026-06-30T21:00:00.000Z,,New York New Jersey Stadium,Danny Desmond Makkelie,Full time,3,0,France,Sweden,home,Koundé,5,True,starting_xi,DEF,1,4,1,4-2-3-1,7.7,7.5,0,75.0
4653704,france-vs-sweden,https://www.fotmob.com/matches/france-vs-sweden/1x6dai#4653704,France vs Sweden (2026-06-30T21:00:00.000Z),France,Sweden,2026-06-30T21:00:00.000Z,,New York New Jersey Stadium,Danny Desmond Makkelie,Full time,3,0,France,Sweden,home,Upamecano,4,True,starting_xi,DEF,1,4,2,4-2-3-1,7.7,7.1,0,
4653704,france-vs-sweden,https://www.fotmob.com/matches/france-vs-sweden/1x6dai#4653704,France vs Sweden (2026-06-30T21:00:00.000Z),France,Sweden,2026-06-30T21:00:00.000Z,,New York New Jersey Stadium,Danny Desmond Makkelie,Full time,3,0,France,Sweden,home,Saliba,17,True,starting_xi,DEF,1,4,3,4-2-3-1,7.7,7.5,0,
4653704,france-vs-sweden,https://www.fotmob.com/matches/france-vs-sweden/1x6dai#4653704,France vs Sweden (2026-06-30T21:00:00.000Z),France,Sweden,2026-06-30T21:00:00.000Z,,New York New Jersey Stadium,Danny Desmond Makkelie,Full time,3,0,France,Sweden,home,Digne,3,True,starting_xi,DEF,1,4,4,4-2-3-1,7.7,7.4,0,78.0
4653704,france-vs-sweden,https://www.fotmob.com/matches/france-vs-sweden/1x6dai#4653704,France vs Sweden (2026-06-30T21:00:00.000Z),France,Sweden,2026-06-30T21:00:00.000Z,,New York New Jersey Stadium,Danny Desmond Makkelie,Full time,3,0,France,Sweden,home,Tchouaméni,8,True,starting_xi,AM,2,2,1,4-2-3-1,7.7,8.0,0,
4653704,france-vs-sweden,https://www.fotmob.com/matches/france-vs-sweden/1x6dai#4653704,France vs Sweden (2026-06-30T21:00:00.000Z),France,Sweden,2026-06-30T21:00:00.000Z,,New York New Jersey Stadium,Danny Desmond Makkelie,Full time,3,0,France,Sweden,home,Rabiot,14,True,starting_xi,AM,2,2,2,4-2-3-1,7.7,7.7,0,
4653704,france-vs-sweden,https://www.fotmob.com/matches/france-vs-sweden/1x6dai#4653704,France vs Sweden (2026-06-30T21:00:00.000Z),France,Sweden,2026-06-30T21:00:00.000Z,,New York New Jersey Stadium,Danny Desmond Makkelie,Full time,3,0,France,Sweden,home,Dembélé,7,True,starting_xi,AM,3,3,1,4-2-3-1,7.7,8.2,0,75.0
4653704,france-vs-sweden,https://www.fotmob.com/matches/france-vs-sweden/1x6dai#4653704,France vs Sweden (2026-06-30T21:00:00.000Z),France,Sweden,2026-06-30T21:00:00.000Z,,New York New Jersey Stadium,Danny Desmond Makkelie,Full time,3,0,France,Sweden,home,Olise,11,True,starting_xi,AM,3,3,2,4-2-3-1,7.7,9.3,0,85.0
4653704,france-vs-sweden,https://www.fotmob.com/matches/france-vs-sweden/1x6dai#4653704,France vs Sweden (2026-06-30T21:00:00.000Z),France,Sweden,2026-06-30T21:00:00.000Z,,New York New Jersey Stadium,Danny Desmond Makkelie,Full time,3,0,France,Sweden,home,Barcola,12,True,starting_xi,AM,3,3,3,4-2-3-1,7.7,8.1,0,
4653704,france-vs-sweden,https://www.fotmob.com/matches/france-vs-sweden/1x6dai#4653704,France vs Sweden (2026-06-30T21:00:00.000Z),France,Sweden,2026-06-30T21:00:00.000Z,,New York New Jersey Stadium,Danny Desmond Makkelie,Full time,3,0,France,Sweden,home,Mbappé,10,True,starting_xi,FWD,4,1,1,4-2-3-1,7.7,9.4,0,85.0
4653704,france-vs-sweden,https://www.fotmob.com/matches/france-vs-sweden/1x6dai#4653704,France vs Sweden (2026-06-30T21:00:00.000Z),France,Sweden,2026-06-30T21:00:00.000Z,,New York New Jersey Stadium,Danny Desmond Makkelie,Full time,3,0,Sweden,France,away,Isak,9,True,starting_xi,FWD,3,2,1,4-4-2,6.2,6.2,0,89.0
4653704,france-vs-sweden,https://www.fotmob.com/matches/france-vs-sweden/1x6dai#4653704,France vs Sweden (2026-06-30T21:00:00.000Z),France,Sweden,2026-06-30T21:00:00.000Z,,New York New Jersey Stadium,Danny Desmond Makkelie,Full time,3,0,Sweden,France,away,Gyökeres,17,True,starting_xi,FWD,3,2,2,4-4-2,6.2,6.6,0,
4653704,france-vs-sweden,https://www.fotmob.com/matches/france-vs-sweden/1x6dai#4653704,France vs Sweden (2026-06-30T21:00:00.000Z),France,Sweden,2026-06-30T21:00:00.000Z,,New York New Jersey Stadium,Danny Desmond Makkelie,Full time,3,0,Sweden,France,away,Stroud,24,True,starting_xi,AM,2,4,1,4-4-2,6.2,6.6,0,65.0
4653704,france-vs-sweden,https://www.fotmob.com/matches/france-vs-sweden/1x6dai#4653704,France vs Sweden (2026-06-30T21:00:00.000Z),France,Sweden,2026-06-30T21:00:00.000Z,,New York New Jersey Stadium,Danny Desmond Makkelie,Full time,3,0,Sweden,France,away,Ayari,18,True,starting_xi,AM,2,4,2,4-4-2,6.2,6.4,0,82.0
4653704,france-vs-sweden,https://www.fotmob.com/matches/france-vs-sweden/1x6dai#4653704,France vs Sweden (2026-06-30T21:00:00.000Z),France,Sweden,2026-06-30T21:00:00.000Z,,New York New Jersey Stadium,Danny Desmond Makkelie,Full time,3,0,Sweden,France,away,Bergvall,7,True,starting_xi,AM,2,4,3,4-4-2,6.2,6.6,0,65.0
4653704,france-vs-sweden,https://www.fotmob.com/matches/france-vs-sweden/1x6dai#4653704,France vs Sweden (2026-06-30T21:00:00.000Z),France,Sweden,2026-06-30T21:00:00.000Z,,New York New Jersey Stadium,Danny Desmond Makkelie,Full time,3,0,Sweden,France,away,Elanga,11,True,starting_xi,AM,2,4,4,4-4-2,6.2,6.4,0,
4653704,france-vs-sweden,https://www.fotmob.com/matches/france-vs-sweden/1x6dai#4653704,France vs Sweden (2026-06-30T21:00:00.000Z),France,Sweden,2026-06-30T21:00:00.000Z,,New York New Jersey Stadium,Danny Desmond Makkelie,Full time,3,0,Sweden,France,away,Gudmundsson,5,True,starting_xi,DEF,1,4,1,4-4-2,6.2,5.7,0,
4653704,france-vs-sweden,https://www.fotmob.com/matches/france-vs-sweden/1x6dai#4653704,France vs Sweden (2026-06-30T21:00:00.000Z),France,Sweden,2026-06-30T21:00:00.000Z,,New York New Jersey Stadium,Danny Desmond Makkelie,Full time,3,0,Sweden,France,away,Lindelöf,3,True,starting_xi,DEF,1,4,2,4-4-2,6.2,5.7,0,
4653704,france-vs-sweden,https://www.fotmob.com/matches/france-vs-sweden/1x6dai#4653704,France vs Sweden (2026-06-30T21:00:00.000Z),France,Sweden,2026-06-30T21:00:00.000Z,,New York New Jersey Stadium,Danny Desmond Makkelie,Full time,3,0,Sweden,France,away,Lagerbielke,2,True,starting_xi,DEF,1,4,3,4-4-2,6.2,6.0,0,
4653704,france-vs-sweden,https://www.fotmob.com/matches/france-vs-sweden/1x6dai#4653704,France vs Sweden (2026-06-30T21:00:00.000Z),France,Sweden,2026-06-30T21:00:00.000Z,,New York New Jersey Stadium,Danny Desmond Makkelie,Full time,3,0,Sweden,France,away,Svensson,8,True,starting_xi,DEF,1,4,4,4-4-2,6.2,5.4,0,82.0
4653704,france-vs-sweden,https://www.fotmob.com/matches/france-vs-sweden/1x6dai#4653704,France vs Sweden (2026-06-30T21:00:00.000Z),France,Sweden,2026-06-30T21:00:00.000Z,,New York New Jersey Stadium,Danny Desmond Makkelie,Full time,3,0,Sweden,France,away,Zetterström,1,True,starting_xi,GK,0,1,1,4-4-2,6.2,7.6,0,
4653710,senegal-vs-belgium,https://www.fotmob.com/matches/senegal-vs-belgium/1rywdm#4653710,Belgium vs Senegal (2026-07-01T20:00:00.000Z),Belgium,Senegal,2026-07-01T20:00:00.000Z,,Seattle Stadium,Héctor Saíd Martínez Sorto,After extra time,3,2,4-2-3-1,4-3-3,home,Courtois,1,True,starting_xi,GK,0,1,1,6.7,Belgium,6.8,0,
4653710,senegal-vs-belgium,https://www.fotmob.com/matches/senegal-vs-belgium/1rywdm#4653710,Belgium vs Senegal (2026-07-01T20:00:00.000Z),Belgium,Senegal,2026-07-01T20:00:00.000Z,,Seattle Stadium,Héctor Saíd Martínez Sorto,After extra time,3,2,4-2-3-1,4-3-3,home,Castagne,21,True,starting_xi,DEF,1,6,1,6.7,Belgium,7.4,0,
4653710,senegal-vs-belgium,https://www.fotmob.com/matches/senegal-vs-belgium/1rywdm#4653710,Belgium vs Senegal (2026-07-01T20:00:00.000Z),Belgium,Senegal,2026-07-01T20:00:00.000Z,,Seattle Stadium,Héctor Saíd Martínez Sorto,After extra time,3,2,4-2-3-1,4-3-3,home,Mechele,4,True,starting_xi,DEF,1,6,2,6.7,Belgium,7.4,0,
4653710,senegal-vs-belgium,https://www.fotmob.com/matches/senegal-vs-belgium/1rywdm#4653710,Belgium vs Senegal (2026-07-01T20:00:00.000Z),Belgium,Senegal,2026-07-01T20:00:00.000Z,,Seattle Stadium,Héctor Saíd Martínez Sorto,After extra time,3,2,4-2-3-1,4-3-3,home,Theate,3,True,starting_xi,DEF,1,6,3,6.7,Belgium,7.1,0,
4653710,senegal-vs-belgium,https://www.fotmob.com/matches/senegal-vs-belgium/1rywdm#4653710,Belgium vs Senegal (2026-07-01T20:00:00.000Z),Belgium,Senegal,2026-07-01T20:00:00.000Z,,Seattle Stadium,Héctor Saíd Martínez Sorto,After extra time,3,2,4-2-3-1,4-3-3,home,De Cuyper,5,True,starting_xi,DEF,1,6,4,6.7,Belgium,6.4,0,78.0
4653710,senegal-vs-belgium,https://www.fotmob.com/matches/senegal-vs-belgium/1rywdm#4653710,Belgium vs Senegal (2026-07-01T20:00:00.000Z),Belgium,Senegal,2026-07-01T20:00:00.000Z,,Seattle Stadium,Héctor Saíd Martínez Sorto,After extra time,3,2,4-2-3-1,4-3-3,home,Vanaken,20,True,starting_xi,DEF,1,6,5,6.7,Belgium,6.2,0,63.0
4653710,senegal-vs-belgium,https://www.fotmob.com/matches/senegal-vs-belgium/1rywdm#4653710,Belgium vs Senegal (2026-07-01T20:00:00.000Z),Belgium,Senegal,2026-07-01T20:00:00.000Z,,Seattle Stadium,Héctor Saíd Martínez Sorto,After extra time,3,2,4-2-3-1,4-3-3,home,Tielemans,8,True,starting_xi,DEF,1,6,6,6.7,Belgium,9.1,0,
4653710,senegal-vs-belgium,https://www.fotmob.com/matches/senegal-vs-belgium/1rywdm#4653710,Belgium vs Senegal (2026-07-01T20:00:00.000Z),Belgium,Senegal,2026-07-01T20:00:00.000Z,,Seattle Stadium,Héctor Saíd Martínez Sorto,After extra time,3,2,4-2-3-1,4-3-3,home,Trossard,10,True,starting_xi,FWD,2,7,1,6.7,Belgium,8.4,0,109.0
4653710,senegal-vs-belgium,https://www.fotmob.com/matches/senegal-vs-belgium/1rywdm#4653710,Belgium vs Senegal (2026-07-01T20:00:00.000Z),Belgium,Senegal,2026-07-01T20:00:00.000Z,,Seattle Stadium,Héctor Saíd Martínez Sorto,After extra time,3,2,4-2-3-1,4-3-3,home,De Bruyne,7,True,starting_xi,FWD,2,7,2,6.7,Belgium,7.0,0,56.0
4653710,senegal-vs-belgium,https://www.fotmob.com/matches/senegal-vs-belgium/1rywdm#4653710,Belgium vs Senegal (2026-07-01T20:00:00.000Z),Belgium,Senegal,2026-07-01T20:00:00.000Z,,Seattle Stadium,Héctor Saíd Martínez Sorto,After extra time,3,2,4-2-3-1,4-3-3,home,Doku,11,True,starting_xi,FWD,2,7,3,6.7,Belgium,6.8,0,56.0
4653710,senegal-vs-belgium,https://www.fotmob.com/matches/senegal-vs-belgium/1rywdm#4653710,Belgium vs Senegal (2026-07-01T20:00:00.000Z),Belgium,Senegal,2026-07-01T20:00:00.000Z,,Seattle Stadium,Héctor Saíd Martínez Sorto,After extra time,3,2,4-2-3-1,4-3-3,home,De Ketelaere,17,True,starting_xi,FWD,2,7,4,6.7,Belgium,5.8,0,46.0
4653710,senegal-vs-belgium,https://www.fotmob.com/matches/senegal-vs-belgium/1rywdm#4653710,Belgium vs Senegal (2026-07-01T20:00:00.000Z),Belgium,Senegal,2026-07-01T20:00:00.000Z,,Seattle Stadium,Héctor Saíd Martínez Sorto,After extra time,3,2,4-3-3,4-2-3-1,away,Mané,10,True,starting_xi,GK,0,1,1,Season stats,Senegal,7.3,0,93.0
4653710,senegal-vs-belgium,https://www.fotmob.com/matches/senegal-vs-belgium/1rywdm#4653710,Belgium vs Senegal (2026-07-01T20:00:00.000Z),Belgium,Senegal,2026-07-01T20:00:00.000Z,,Seattle Stadium,Héctor Saíd Martínez Sorto,After extra time,3,2,4-3-3,4-2-3-1,away,Sarr,18,True,starting_xi,GK,0,1,1,Season stats,Senegal,8.6,0,
4653710,senegal-vs-belgium,https://www.fotmob.com/matches/senegal-vs-belgium/1rywdm#4653710,Belgium vs Senegal (2026-07-01T20:00:00.000Z),Belgium,Senegal,2026-07-01T20:00:00.000Z,,Seattle Stadium,Héctor Saíd Martínez Sorto,After extra time,3,2,4-3-3,4-2-3-1,away,Ndiaye,13,True,starting_xi,GK,0,1,1,Season stats,Senegal,6.8,0,73.0
4653710,senegal-vs-belgium,https://www.fotmob.com/matches/senegal-vs-belgium/1rywdm#4653710,Belgium vs Senegal (2026-07-01T20:00:00.000Z),Belgium,Senegal,2026-07-01T20:00:00.000Z,,Seattle Stadium,Héctor Saíd Martínez Sorto,After extra time,3,2,4-3-3,4-2-3-1,away,Gueye,26,True,starting_xi,GK,0,1,1,Season stats,Senegal,6.4,0,66.0
4653710,senegal-vs-belgium,https://www.fotmob.com/matches/senegal-vs-belgium/1rywdm#4653710,Belgium vs Senegal (2026-07-01T20:00:00.000Z),Belgium,Senegal,2026-07-01T20:00:00.000Z,,Seattle Stadium,Héctor Saíd Martínez Sorto,After extra time,3,2,4-3-3,4-2-3-1,away,Gueye,5,True,starting_xi,GK,0,1,1,Season stats,Senegal,7.0,0,95.0
4653710,senegal-vs-belgium,https://www.fotmob.com/matches/senegal-vs-belgium/1rywdm#4653710,Belgium vs Senegal (2026-07-01T20:00:00.000Z),Belgium,Senegal,2026-07-01T20:00:00.000Z,,Seattle Stadium,Héctor Saíd Martínez Sorto,After extra time,3,2,4-3-3,4-2-3-1,away,Diarra,21,True,starting_xi,GK,0,1,1,Season stats,Senegal,8.0,0,73.0
4653710,senegal-vs-belgium,https://www.fotmob.com/matches/senegal-vs-belgium/1rywdm#4653710,Belgium vs Senegal (2026-07-01T20:00:00.000Z),Belgium,Senegal,2026-07-01T20:00:00.000Z,,Seattle Stadium,Héctor Saíd Martínez Sorto,After extra time,3,2,4-3-3,4-2-3-1,away,Jakobs,14,True,starting_xi,GK,0,1,1,Season stats,Senegal,6.2,0,93.0
4653710,senegal-vs-belgium,https://www.fotmob.com/matches/senegal-vs-belgium/1rywdm#4653710,Belgium vs Senegal (2026-07-01T20:00:00.000Z),Belgium,Senegal,2026-07-01T20:00:00.000Z,,Seattle Stadium,Héctor Saíd Martínez Sorto,After extra time,3,2,4-3-3,4-2-3-1,away,Niakhaté,19,True,starting_xi,GK,0,1,1,Season stats,Senegal,7.1,0,
4653710,senegal-vs-belgium,https://www.fotmob.com/matches/senegal-vs-belgium/1rywdm#4653710,Belgium vs Senegal (2026-07-01T20:00:00.000Z),Belgium,Senegal,2026-07-01T20:00:00.000Z,,Seattle Stadium,Héctor Saíd Martínez Sorto,After extra time,3,2,4-3-3,4-2-3-1,away,Ciss,6,True,starting_xi,GK,0,1,1,Season stats,Senegal,6.8,0,
4653710,senegal-vs-belgium,https://www.fotmob.com/matches/senegal-vs-belgium/1rywdm#4653710,Belgium vs Senegal (2026-07-01T20:00:00.000Z),Belgium,Senegal,2026-07-01T20:00:00.000Z,,Seattle Stadium,Héctor Saíd Martínez Sorto,After extra time,3,2,4-3-3,4-2-3-1,away,Diatta,15,True,starting_xi,GK,0,1,1,Season stats,Senegal,7.0,0,
4653710,senegal-vs-belgium,https://www.fotmob.com/matches/senegal-vs-belgium/1rywdm#4653710,Belgium vs Senegal (2026-07-01T20:00:00.000Z),Belgium,Senegal,2026-07-01T20:00:00.000Z,,Seattle Stadium,Héctor Saíd Martínez Sorto,After extra time,3,2,4-3-3,4-2-3-1,away,Diaw,23,True,starting_xi,GK,0,1,1,Season stats,Senegal,4.8,0,
4653708,spain-vs-austria,https://www.fotmob.com/matches/spain-vs-austria/1urklb#4653708,Spain vs Austria (2026-07-02T19:00:00.000Z),Spain,Austria,2026-07-02T19:00:00.000Z,,Los Angeles Stadium,Glenn Nyberg,Full time,3,0,4-2-3-1,4-2-3-1,home,Simón,23,True,starting_xi,GK,0,1,1,6.0,Spain,7.3,0,
4653708,spain-vs-austria,https://www.fotmob.com/matches/spain-vs-austria/1urklb#4653708,Spain vs Austria (2026-07-02T19:00:00.000Z),Spain,Austria,2026-07-02T19:00:00.000Z,,Los Angeles Stadium,Glenn Nyberg,Full time,3,0,4-2-3-1,4-2-3-1,home,Porro,12,True,starting_xi,DEF,1,6,1,6.0,Spain,8.9,0,
4653708,spain-vs-austria,https://www.fotmob.com/matches/spain-vs-austria/1urklb#4653708,Spain vs Austria (2026-07-02T19:00:00.000Z),Spain,Austria,2026-07-02T19:00:00.000Z,,Los Angeles Stadium,Glenn Nyberg,Full time,3,0,4-2-3-1,4-2-3-1,home,Cubarsí,22,True,starting_xi,DEF,1,6,2,6.0,Spain,8.0,0,
4653708,spain-vs-austria,https://www.fotmob.com/matches/spain-vs-austria/1urklb#4653708,Spain vs Austria (2026-07-02T19:00:00.000Z),Spain,Austria,2026-07-02T19:00:00.000Z,,Los Angeles Stadium,Glenn Nyberg,Full time,3,0,4-2-3-1,4-2-3-1,home,Laporte,14,True,starting_xi,DEF,1,6,3,6.0,Spain,8.0,0,90.0
4653708,spain-vs-austria,https://www.fotmob.com/matches/spain-vs-austria/1urklb#4653708,Spain vs Austria (2026-07-02T19:00:00.000Z),Spain,Austria,2026-07-02T19:00:00.000Z,,Los Angeles Stadium,Glenn Nyberg,Full time,3,0,4-2-3-1,4-2-3-1,home,Cucurella,24,True,starting_xi,DEF,1,6,4,6.0,Spain,8.5,0,
4653708,spain-vs-austria,https://www.fotmob.com/matches/spain-vs-austria/1urklb#4653708,Spain vs Austria (2026-07-02T19:00:00.000Z),Spain,Austria,2026-07-02T19:00:00.000Z,,Los Angeles Stadium,Glenn Nyberg,Full time,3,0,4-2-3-1,4-2-3-1,home,Rodri,16,True,starting_xi,DEF,1,6,5,6.0,Spain,8.2,0,
4653708,spain-vs-austria,https://www.fotmob.com/matches/spain-vs-austria/1urklb#4653708,Spain vs Austria (2026-07-02T19:00:00.000Z),Spain,Austria,2026-07-02T19:00:00.000Z,,Los Angeles Stadium,Glenn Nyberg,Full time,3,0,4-2-3-1,4-2-3-1,home,Pedri,20,True,starting_xi,DEF,1,6,6,6.0,Spain,7.5,0,90.0
4653708,spain-vs-austria,https://www.fotmob.com/matches/spain-vs-austria/1urklb#4653708,Spain vs Austria (2026-07-02T19:00:00.000Z),Spain,Austria,2026-07-02T19:00:00.000Z,,Los Angeles Stadium,Glenn Nyberg,Full time,3,0,4-2-3-1,4-2-3-1,home,Lamine Yamal,19,True,starting_xi,DEF,1,6,6,6.0,Spain,7.8,0,85.0
4653708,spain-vs-austria,https://www.fotmob.com/matches/spain-vs-austria/1urklb#4653708,Spain vs Austria (2026-07-02T19:00:00.000Z),Spain,Austria,2026-07-02T19:00:00.000Z,,Los Angeles Stadium,Glenn Nyberg,Full time,3,0,4-2-3-1,4-2-3-1,home,Olmo,10,True,starting_xi,DEF,1,6,6,6.0,Spain,7.4,0,71.0
4653708,spain-vs-austria,https://www.fotmob.com/matches/spain-vs-austria/1urklb#4653708,Spain vs Austria (2026-07-02T19:00:00.000Z),Spain,Austria,2026-07-02T19:00:00.000Z,,Los Angeles Stadium,Glenn Nyberg,Full time,3,0,4-2-3-1,4-2-3-1,home,Baena,15,True,starting_xi,DEF,1,6,6,6.0,Spain,8.2,0,71.0
4653708,spain-vs-austria,https://www.fotmob.com/matches/spain-vs-austria/1urklb#4653708,Spain vs Austria (2026-07-02T19:00:00.000Z),Spain,Austria,2026-07-02T19:00:00.000Z,,Los Angeles Stadium,Glenn Nyberg,Full time,3,0,4-2-3-1,4-2-3-1,home,Oyarzabal,21,True,starting_xi,DEF,1,6,6,6.0,Spain,9.1,0,
4653708,spain-vs-austria,https://www.fotmob.com/matches/spain-vs-austria/1urklb#4653708,Spain vs Austria (2026-07-02T19:00:00.000Z),Spain,Austria,2026-07-02T19:00:00.000Z,,Los Angeles Stadium,Glenn Nyberg,Full time,3,0,4-2-3-1,4-2-3-1,away,Gregoritsch,11,True,starting_xi,GK,0,1,1,Season stats,Austria,5.5,0,60.0
4653708,spain-vs-austria,https://www.fotmob.com/matches/spain-vs-austria/1urklb#4653708,Spain vs Austria (2026-07-02T19:00:00.000Z),Spain,Austria,2026-07-02T19:00:00.000Z,,Los Angeles Stadium,Glenn Nyberg,Full time,3,0,4-2-3-1,4-2-3-1,away,Sabitzer,9,True,starting_xi,GK,0,1,1,Season stats,Austria,6.7,0,
4653708,spain-vs-austria,https://www.fotmob.com/matches/spain-vs-austria/1urklb#4653708,Spain vs Austria (2026-07-02T19:00:00.000Z),Spain,Austria,2026-07-02T19:00:00.000Z,,Los Angeles Stadium,Glenn Nyberg,Full time,3,0,4-2-3-1,4-2-3-1,away,Wanner,24,True,starting_xi,GK,0,1,1,Season stats,Austria,6.3,0,
4653708,spain-vs-austria,https://www.fotmob.com/matches/spain-vs-austria/1urklb#4653708,Spain vs Austria (2026-07-02T19:00:00.000Z),Spain,Austria,2026-07-02T19:00:00.000Z,,Los Angeles Stadium,Glenn Nyberg,Full time,3,0,4-2-3-1,4-2-3-1,away,Schmid,18,True,starting_xi,GK,0,1,1,Season stats,Austria,6.5,0,60.0
4653708,spain-vs-austria,https://www.fotmob.com/matches/spain-vs-austria/1urklb#4653708,Spain vs Austria (2026-07-02T19:00:00.000Z),Spain,Austria,2026-07-02T19:00:00.000Z,,Los Angeles Stadium,Glenn Nyberg,Full time,3,0,4-2-3-1,4-2-3-1,away,Schlager,4,True,starting_xi,GK,0,1,1,Season stats,Austria,5.6,0,46.0
4653708,spain-vs-austria,https://www.fotmob.com/matches/spain-vs-austria/1urklb#4653708,Spain vs Austria (2026-07-02T19:00:00.000Z),Spain,Austria,2026-07-02T19:00:00.000Z,,Los Angeles Stadium,Glenn Nyberg,Full time,3,0,4-2-3-1,4-2-3-1,away,Seiwald,6,True,starting_xi,GK,0,1,1,Season stats,Austria,6.1,0,46.0
4653708,spain-vs-austria,https://www.fotmob.com/matches/spain-vs-austria/1urklb#4653708,Spain vs Austria (2026-07-02T19:00:00.000Z),Spain,Austria,2026-07-02T19:00:00.000Z,,Los Angeles Stadium,Glenn Nyberg,Full time,3,0,4-2-3-1,4-2-3-1,away,Laimer,20,True,starting_xi,GK,0,1,1,Season stats,Austria,6.1,0,
4653708,spain-vs-austria,https://www.fotmob.com/matches/spain-vs-austria/1urklb#4653708,Spain vs Austria (2026-07-02T19:00:00.000Z),Spain,Austria,2026-07-02T19:00:00.000Z,,Los Angeles Stadium,Glenn Nyberg,Full time,3,0,4-2-3-1,4-2-3-1,away,Alaba,8,True,starting_xi,GK,0,1,1,Season stats,Austria,5.9,0,
4653708,spain-vs-austria,https://www.fotmob.com/matches/spain-vs-austria/1urklb#4653708,Spain vs Austria (2026-07-02T19:00:00.000Z),Spain,Austria,2026-07-02T19:00:00.000Z,,Los Angeles Stadium,Glenn Nyberg,Full time,3,0,4-2-3-1,4-2-3-1,away,Danso,3,True,starting_xi,GK,0,1,1,Season stats,Austria,6.0,0,
4653708,spain-vs-austria,https://www.fotmob.com/matches/spain-vs-austria/1urklb#4653708,Spain vs Austria (2026-07-02T19:00:00.000Z),Spain,Austria,2026-07-02T19:00:00.000Z,,Los Angeles Stadium,Glenn Nyberg,Full time,3,0,4-2-3-1,4-2-3-1,away,Posch,5,True,starting_xi,GK,0,1,1,Season stats,Austria,6.1,0,85.0
4653708,spain-vs-austria,https://www.fotmob.com/matches/spain-vs-austria/1urklb#4653708,Spain vs Austria (2026-07-02T19:00:00.000Z),Spain,Austria,2026-07-02T19:00:00.000Z,,Los Angeles Stadium,Glenn Nyberg,Full time,3,0,4-2-3-1,4-2-3-1,away,Schlager,1,True,starting_xi,GK,0,1,1,Season stats,Austria,5.9,0,
4653707,portugal-vs-croatia,https://www.fotmob.com/matches/portugal-vs-croatia/2u2izf#4653707,Portugal vs Croatia (2026-07-02T23:00:00.000Z),Portugal,Croatia,2026-07-02T23:00:00.000Z,,Toronto Stadium,Espen Eskås,Full time,2,1,4-2-3-1,4-2-3-1,home,Costa,1,True,starting_xi,GK,0,1,1,6.5,Portugal,7.6,0,
4653707,portugal-vs-croatia,https://www.fotmob.com/matches/portugal-vs-croatia/2u2izf#4653707,Portugal vs Croatia (2026-07-02T23:00:00.000Z),Portugal,Croatia,2026-07-02T23:00:00.000Z,,Toronto Stadium,Espen Eskås,Full time,2,1,4-2-3-1,4-2-3-1,home,Cancelo,20,True,starting_xi,DEF,1,6,1,6.5,Portugal,7.4,0,62.0
4653707,portugal-vs-croatia,https://www.fotmob.com/matches/portugal-vs-croatia/2u2izf#4653707,Portugal vs Croatia (2026-07-02T23:00:00.000Z),Portugal,Croatia,2026-07-02T23:00:00.000Z,,Toronto Stadium,Espen Eskås,Full time,2,1,4-2-3-1,4-2-3-1,home,Dias,3,True,starting_xi,DEF,1,6,2,6.5,Portugal,7.8,0,
4653707,portugal-vs-croatia,https://www.fotmob.com/matches/portugal-vs-croatia/2u2izf#4653707,Portugal vs Croatia (2026-07-02T23:00:00.000Z),Portugal,Croatia,2026-07-02T23:00:00.000Z,,Toronto Stadium,Espen Eskås,Full time,2,1,4-2-3-1,4-2-3-1,home,Veiga,13,True,starting_xi,DEF,1,6,3,6.5,Portugal,7.7,0,
4653707,portugal-vs-croatia,https://www.fotmob.com/matches/portugal-vs-croatia/2u2izf#4653707,Portugal vs Croatia (2026-07-02T23:00:00.000Z),Portugal,Croatia,2026-07-02T23:00:00.000Z,,Toronto Stadium,Espen Eskås,Full time,2,1,4-2-3-1,4-2-3-1,home,Mendes,25,True,starting_xi,DEF,1,6,4,6.5,Portugal,7.6,0,
4653707,portugal-vs-croatia,https://www.fotmob.com/matches/portugal-vs-croatia/2u2izf#4653707,Portugal vs Croatia (2026-07-02T23:00:00.000Z),Portugal,Croatia,2026-07-02T23:00:00.000Z,,Toronto Stadium,Espen Eskås,Full time,2,1,4-2-3-1,4-2-3-1,home,Neves,15,True,starting_xi,DEF,1,6,5,6.5,Portugal,7.5,0,
4653707,portugal-vs-croatia,https://www.fotmob.com/matches/portugal-vs-croatia/2u2izf#4653707,Portugal vs Croatia (2026-07-02T23:00:00.000Z),Portugal,Croatia,2026-07-02T23:00:00.000Z,,Toronto Stadium,Espen Eskås,Full time,2,1,4-2-3-1,4-2-3-1,home,Vitinha,23,True,starting_xi,DEF,1,6,6,6.5,Portugal,7.5,0,62.0
4653707,portugal-vs-croatia,https://www.fotmob.com/matches/portugal-vs-croatia/2u2izf#4653707,Portugal vs Croatia (2026-07-02T23:00:00.000Z),Portugal,Croatia,2026-07-02T23:00:00.000Z,,Toronto Stadium,Espen Eskås,Full time,2,1,4-2-3-1,4-2-3-1,home,Neto,18,True,starting_xi,FWD,2,5,1,6.5,Portugal,6.7,0,62.0
4653707,portugal-vs-croatia,https://www.fotmob.com/matches/portugal-vs-croatia/2u2izf#4653707,Portugal vs Croatia (2026-07-02T23:00:00.000Z),Portugal,Croatia,2026-07-02T23:00:00.000Z,,Toronto Stadium,Espen Eskås,Full time,2,1,4-2-3-1,4-2-3-1,home,Fernandes,8,True,starting_xi,FWD,2,5,2,6.5,Portugal,6.7,0,62.0
4653707,portugal-vs-croatia,https://www.fotmob.com/matches/portugal-vs-croatia/2u2izf#4653707,Portugal vs Croatia (2026-07-02T23:00:00.000Z),Portugal,Croatia,2026-07-02T23:00:00.000Z,,Toronto Stadium,Espen Eskås,Full time,2,1,4-2-3-1,4-2-3-1,home,Leão,17,True,starting_xi,FWD,2,5,3,6.5,Portugal,8.2,0,
4653707,portugal-vs-croatia,https://www.fotmob.com/matches/portugal-vs-croatia/2u2izf#4653707,Portugal vs Croatia (2026-07-02T23:00:00.000Z),Portugal,Croatia,2026-07-02T23:00:00.000Z,,Toronto Stadium,Espen Eskås,Full time,2,1,4-2-3-1,4-2-3-1,home,Ronaldo,7,True,starting_xi,FWD,2,5,4,6.5,Portugal,7.7,0,81.0
4653707,portugal-vs-croatia,https://www.fotmob.com/matches/portugal-vs-croatia/2u2izf#4653707,Portugal vs Croatia (2026-07-02T23:00:00.000Z),Portugal,Croatia,2026-07-02T23:00:00.000Z,,Toronto Stadium,Espen Eskås,Full time,2,1,4-2-3-1,4-2-3-1,away,Budimir,11,True,starting_xi,GK,0,1,1,Season stats,Croatia,5.9,0,46.0
4653707,portugal-vs-croatia,https://www.fotmob.com/matches/portugal-vs-croatia/2u2izf#4653707,Portugal vs Croatia (2026-07-02T23:00:00.000Z),Portugal,Croatia,2026-07-02T23:00:00.000Z,,Toronto Stadium,Espen Eskås,Full time,2,1,4-2-3-1,4-2-3-1,away,Baturina,16,True,starting_xi,GK,0,1,1,Season stats,Croatia,6.1,0,68.0
4653707,portugal-vs-croatia,https://www.fotmob.com/matches/portugal-vs-croatia/2u2izf#4653707,Portugal vs Croatia (2026-07-02T23:00:00.000Z),Portugal,Croatia,2026-07-02T23:00:00.000Z,,Toronto Stadium,Espen Eskås,Full time,2,1,4-2-3-1,4-2-3-1,away,Sucic,17,True,starting_xi,GK,0,1,1,Season stats,Croatia,6.4,0,
4653707,portugal-vs-croatia,https://www.fotmob.com/matches/portugal-vs-croatia/2u2izf#4653707,Portugal vs Croatia (2026-07-02T23:00:00.000Z),Portugal,Croatia,2026-07-02T23:00:00.000Z,,Toronto Stadium,Espen Eskås,Full time,2,1,4-2-3-1,4-2-3-1,away,Vlasic,13,True,starting_xi,GK,0,1,1,Season stats,Croatia,6.6,0,90.0
4653707,portugal-vs-croatia,https://www.fotmob.com/matches/portugal-vs-croatia/2u2izf#4653707,Portugal vs Croatia (2026-07-02T23:00:00.000Z),Portugal,Croatia,2026-07-02T23:00:00.000Z,,Toronto Stadium,Espen Eskås,Full time,2,1,4-2-3-1,4-2-3-1,away,Kovacic,8,True,starting_xi,GK,0,1,1,Season stats,Croatia,6.9,0,90.0
4653707,portugal-vs-croatia,https://www.fotmob.com/matches/portugal-vs-croatia/2u2izf#4653707,Portugal vs Croatia (2026-07-02T23:00:00.000Z),Portugal,Croatia,2026-07-02T23:00:00.000Z,,Toronto Stadium,Espen Eskås,Full time,2,1,4-2-3-1,4-2-3-1,away,Modric,10,True,starting_xi,GK,0,1,1,Season stats,Croatia,6.8,0,
4653707,portugal-vs-croatia,https://www.fotmob.com/matches/portugal-vs-croatia/2u2izf#4653707,Portugal vs Croatia (2026-07-02T23:00:00.000Z),Portugal,Croatia,2026-07-02T23:00:00.000Z,,Toronto Stadium,Espen Eskås,Full time,2,1,4-2-3-1,4-2-3-1,away,Perisic,14,True,starting_xi,GK,0,1,1,Season stats,Croatia,7.5,0,
4653707,portugal-vs-croatia,https://www.fotmob.com/matches/portugal-vs-croatia/2u2izf#4653707,Portugal vs Croatia (2026-07-02T23:00:00.000Z),Portugal,Croatia,2026-07-02T23:00:00.000Z,,Toronto Stadium,Espen Eskås,Full time,2,1,4-2-3-1,4-2-3-1,away,Pongracic,3,True,starting_xi,GK,0,1,1,Season stats,Croatia,6.5,0,
4653707,portugal-vs-croatia,https://www.fotmob.com/matches/portugal-vs-croatia/2u2izf#4653707,Portugal vs Croatia (2026-07-02T23:00:00.000Z),Portugal,Croatia,2026-07-02T23:00:00.000Z,,Toronto Stadium,Espen Eskås,Full time,2,1,4-2-3-1,4-2-3-1,away,Sutalo,6,True,starting_xi,GK,0,1,1,Season stats,Croatia,6.7,0,
4653707,portugal-vs-croatia,https://www.fotmob.com/matches/portugal-vs-croatia/2u2izf#4653707,Portugal vs Croatia (2026-07-02T23:00:00.000Z),Portugal,Croatia,2026-07-02T23:00:00.000Z,,Toronto Stadium,Espen Eskås,Full time,2,1,4-2-3-1,4-2-3-1,away,Stanisic,2,True,starting_xi,GK,0,1,1,Season stats,Croatia,7.2,0,
4653707,portugal-vs-croatia,https://www.fotmob.com/matches/portugal-vs-croatia/2u2izf#4653707,Portugal vs Croatia (2026-07-02T23:00:00.000Z),Portugal,Croatia,2026-07-02T23:00:00.000Z,,Toronto Stadium,Espen Eskås,Full time,2,1,4-2-3-1,4-2-3-1,away,Livakovic,1,True,starting_xi,GK,0,1,1,Season stats,Croatia,6.1,0,
4653714,dr-congo-vs-england,https://www.fotmob.com/matches/dr-congo-vs-england/1tbjj5#4653714,England vs DR Congo (2026-07-01T16:00:00.000Z),England,DR Congo,2026-07-01T16:00:00.000Z,,Atlanta Stadium,Adham Mohammad Tumah Makhadmeh,Full time,2,1,4-2-3-1,4-3-3,home,Pickford,1,True,starting_xi,GK,0,1,1,6.7,England,5.3,0,
4653714,dr-congo-vs-england,https://www.fotmob.com/matches/dr-congo-vs-england/1tbjj5#4653714,England vs DR Congo (2026-07-01T16:00:00.000Z),England,DR Congo,2026-07-01T16:00:00.000Z,,Atlanta Stadium,Adham Mohammad Tumah Makhadmeh,Full time,2,1,4-2-3-1,4-3-3,home,Spence,25,True,starting_xi,DEF,1,6,1,6.7,England,6.9,0,70.0
4653714,dr-congo-vs-england,https://www.fotmob.com/matches/dr-congo-vs-england/1tbjj5#4653714,England vs DR Congo (2026-07-01T16:00:00.000Z),England,DR Congo,2026-07-01T16:00:00.000Z,,Atlanta Stadium,Adham Mohammad Tumah Makhadmeh,Full time,2,1,4-2-3-1,4-3-3,home,Konsa,2,True,starting_xi,DEF,1,6,2,6.7,England,7.1,0,
4653714,dr-congo-vs-england,https://www.fotmob.com/matches/dr-congo-vs-england/1tbjj5#4653714,England vs DR Congo (2026-07-01T16:00:00.000Z),England,DR Congo,2026-07-01T16:00:00.000Z,,Atlanta Stadium,Adham Mohammad Tumah Makhadmeh,Full time,2,1,4-2-3-1,4-3-3,home,Guéhi,6,True,starting_xi,DEF,1,6,3,6.7,England,7.3,0,
4653714,dr-congo-vs-england,https://www.fotmob.com/matches/dr-congo-vs-england/1tbjj5#4653714,England vs DR Congo (2026-07-01T16:00:00.000Z),England,DR Congo,2026-07-01T16:00:00.000Z,,Atlanta Stadium,Adham Mohammad Tumah Makhadmeh,Full time,2,1,4-2-3-1,4-3-3,home,O'Reilly,3,True,starting_xi,DEF,1,6,4,6.7,England,7.0,0,
4653714,dr-congo-vs-england,https://www.fotmob.com/matches/dr-congo-vs-england/1tbjj5#4653714,England vs DR Congo (2026-07-01T16:00:00.000Z),England,DR Congo,2026-07-01T16:00:00.000Z,,Atlanta Stadium,Adham Mohammad Tumah Makhadmeh,Full time,2,1,4-2-3-1,4-3-3,home,Anderson,8,True,starting_xi,DEF,1,6,5,6.7,England,7.9,0,
4653714,dr-congo-vs-england,https://www.fotmob.com/matches/dr-congo-vs-england/1tbjj5#4653714,England vs DR Congo (2026-07-01T16:00:00.000Z),England,DR Congo,2026-07-01T16:00:00.000Z,,Atlanta Stadium,Adham Mohammad Tumah Makhadmeh,Full time,2,1,4-2-3-1,4-3-3,home,Rice,4,True,starting_xi,DEF,1,6,6,6.7,England,7.2,0,90.0
4653714,dr-congo-vs-england,https://www.fotmob.com/matches/dr-congo-vs-england/1tbjj5#4653714,England vs DR Congo (2026-07-01T16:00:00.000Z),England,DR Congo,2026-07-01T16:00:00.000Z,,Atlanta Stadium,Adham Mohammad Tumah Makhadmeh,Full time,2,1,4-2-3-1,4-3-3,home,Madueke,20,True,starting_xi,FWD,2,7,1,6.7,England,7.7,0,60.0
4653714,dr-congo-vs-england,https://www.fotmob.com/matches/dr-congo-vs-england/1tbjj5#4653714,England vs DR Congo (2026-07-01T16:00:00.000Z),England,DR Congo,2026-07-01T16:00:00.000Z,,Atlanta Stadium,Adham Mohammad Tumah Makhadmeh,Full time,2,1,4-2-3-1,4-3-3,home,Bellingham,10,True,starting_xi,FWD,2,7,2,6.7,England,7.1,0,
4653714,dr-congo-vs-england,https://www.fotmob.com/matches/dr-congo-vs-england/1tbjj5#4653714,England vs DR Congo (2026-07-01T16:00:00.000Z),England,DR Congo,2026-07-01T16:00:00.000Z,,Atlanta Stadium,Adham Mohammad Tumah Makhadmeh,Full time,2,1,4-2-3-1,4-3-3,home,Rashford,11,True,starting_xi,FWD,2,7,3,6.7,England,7.2,0,60.0
4653714,dr-congo-vs-england,https://www.fotmob.com/matches/dr-congo-vs-england/1tbjj5#4653714,England vs DR Congo (2026-07-01T16:00:00.000Z),England,DR Congo,2026-07-01T16:00:00.000Z,,Atlanta Stadium,Adham Mohammad Tumah Makhadmeh,Full time,2,1,4-2-3-1,4-3-3,home,Kane,9,True,starting_xi,FWD,2,7,4,6.7,England,8.9,0,
4653714,dr-congo-vs-england,https://www.fotmob.com/matches/dr-congo-vs-england/1tbjj5#4653714,England vs DR Congo (2026-07-01T16:00:00.000Z),England,DR Congo,2026-07-01T16:00:00.000Z,,Atlanta Stadium,Adham Mohammad Tumah Makhadmeh,Full time,2,1,4-3-3,4-2-3-1,away,Cipenga,9,True,starting_xi,GK,0,1,1,Season stats,DR Congo,7.2,0,76.0
4653714,dr-congo-vs-england,https://www.fotmob.com/matches/dr-congo-vs-england/1tbjj5#4653714,England vs DR Congo (2026-07-01T16:00:00.000Z),England,DR Congo,2026-07-01T16:00:00.000Z,,Atlanta Stadium,Adham Mohammad Tumah Makhadmeh,Full time,2,1,4-3-3,4-2-3-1,away,Wissa,20,True,starting_xi,GK,0,1,1,Season stats,DR Congo,6.9,0,
4653714,dr-congo-vs-england,https://www.fotmob.com/matches/dr-congo-vs-england/1tbjj5#4653714,England vs DR Congo (2026-07-01T16:00:00.000Z),England,DR Congo,2026-07-01T16:00:00.000Z,,Atlanta Stadium,Adham Mohammad Tumah Makhadmeh,Full time,2,1,4-3-3,4-2-3-1,away,Mbuku,7,True,starting_xi,GK,0,1,1,Season stats,DR Congo,6.9,0,64.0
4653714,dr-congo-vs-england,https://www.fotmob.com/matches/dr-congo-vs-england/1tbjj5#4653714,England vs DR Congo (2026-07-01T16:00:00.000Z),England,DR Congo,2026-07-01T16:00:00.000Z,,Atlanta Stadium,Adham Mohammad Tumah Makhadmeh,Full time,2,1,4-3-3,4-2-3-1,away,Sadiki,14,True,starting_xi,GK,0,1,1,Season stats,DR Congo,6.5,0,
4653714,dr-congo-vs-england,https://www.fotmob.com/matches/dr-congo-vs-england/1tbjj5#4653714,England vs DR Congo (2026-07-01T16:00:00.000Z),England,DR Congo,2026-07-01T16:00:00.000Z,,Atlanta Stadium,Adham Mohammad Tumah Makhadmeh,Full time,2,1,4-3-3,4-2-3-1,away,Moutoussamy,8,True,starting_xi,GK,0,1,1,Season stats,DR Congo,6.6,0,89.0
4653714,dr-congo-vs-england,https://www.fotmob.com/matches/dr-congo-vs-england/1tbjj5#4653714,England vs DR Congo (2026-07-01T16:00:00.000Z),England,DR Congo,2026-07-01T16:00:00.000Z,,Atlanta Stadium,Adham Mohammad Tumah Makhadmeh,Full time,2,1,4-3-3,4-2-3-1,away,Mukau,6,True,starting_xi,GK,0,1,1,Season stats,DR Congo,6.1,0,76.0
4653714,dr-congo-vs-england,https://www.fotmob.com/matches/dr-congo-vs-england/1tbjj5#4653714,England vs DR Congo (2026-07-01T16:00:00.000Z),England,DR Congo,2026-07-01T16:00:00.000Z,,Atlanta Stadium,Adham Mohammad Tumah Makhadmeh,Full time,2,1,4-3-3,4-2-3-1,away,Masuaku,26,True,starting_xi,GK,0,1,1,Season stats,DR Congo,6.2,0,89.0
4653714,dr-congo-vs-england,https://www.fotmob.com/matches/dr-congo-vs-england/1tbjj5#4653714,England vs DR Congo (2026-07-01T16:00:00.000Z),England,DR Congo,2026-07-01T16:00:00.000Z,,Atlanta Stadium,Adham Mohammad Tumah Makhadmeh,Full time,2,1,4-3-3,4-2-3-1,away,Tuanzebe,4,True,starting_xi,GK,0,1,1,Season stats,DR Congo,6.5,0,
4653714,dr-congo-vs-england,https://www.fotmob.com/matches/dr-congo-vs-england/1tbjj5#4653714,England vs DR Congo (2026-07-01T16:00:00.000Z),England,DR Congo,2026-07-01T16:00:00.000Z,,Atlanta Stadium,Adham Mohammad Tumah Makhadmeh,Full time,2,1,4-3-3,4-2-3-1,away,Mbemba,22,True,starting_xi,GK,0,1,1,Season stats,DR Congo,7.5,0,
4653714,dr-congo-vs-england,https://www.fotmob.com/matches/dr-congo-vs-england/1tbjj5#4653714,England vs DR Congo (2026-07-01T16:00:00.000Z),England,DR Congo,2026-07-01T16:00:00.000Z,,Atlanta Stadium,Adham Mohammad Tumah Makhadmeh,Full time,2,1,4-3-3,4-2-3-1,away,Wan-Bissaka,2,True,starting_xi,GK,0,1,1,Season stats,DR Congo,6.7,0,
4653714,dr-congo-vs-england,https://www.fotmob.com/matches/dr-congo-vs-england/1tbjj5#4653714,England vs DR Congo (2026-07-01T16:00:00.000Z),England,DR Congo,2026-07-01T16:00:00.000Z,,Atlanta Stadium,Adham Mohammad Tumah Makhadmeh,Full time,2,1,4-3-3,4-2-3-1,away,Mpasi-Nzau,1,True,starting_xi,GK,0,1,1,Season stats,DR Congo,7.4,0,
4653713,ecuador-vs-mexico,https://www.fotmob.com/matches/ecuador-vs-mexico/1hlgxf#4653713,Mexico vs Ecuador (2026-07-01T02:00:00.000Z),Mexico,Ecuador,2026-07-01T02:00:00.000Z,,Mexico City Stadium,Slavko Vinčić,Full time,2,0,Mexico,Ecuador,home,Rangel,1,True,starting_xi,GK,0,1,1,4-3-3,7.2,8.2,0,
4653713,ecuador-vs-mexico,https://www.fotmob.com/matches/ecuador-vs-mexico/1hlgxf#4653713,Mexico vs Ecuador (2026-07-01T02:00:00.000Z),Mexico,Ecuador,2026-07-01T02:00:00.000Z,,Mexico City Stadium,Slavko Vinčić,Full time,2,0,Mexico,Ecuador,home,Sánchez,2,True,starting_xi,DEF,1,4,1,4-3-3,7.2,7.5,0,
4653713,ecuador-vs-mexico,https://www.fotmob.com/matches/ecuador-vs-mexico/1hlgxf#4653713,Mexico vs Ecuador (2026-07-01T02:00:00.000Z),Mexico,Ecuador,2026-07-01T02:00:00.000Z,,Mexico City Stadium,Slavko Vinčić,Full time,2,0,Mexico,Ecuador,home,Montes,3,True,starting_xi,DEF,1,4,2,4-3-3,7.2,7.6,0,
4653713,ecuador-vs-mexico,https://www.fotmob.com/matches/ecuador-vs-mexico/1hlgxf#4653713,Mexico vs Ecuador (2026-07-01T02:00:00.000Z),Mexico,Ecuador,2026-07-01T02:00:00.000Z,,Mexico City Stadium,Slavko Vinčić,Full time,2,0,Mexico,Ecuador,home,Vásquez,5,True,starting_xi,DEF,1,4,3,4-3-3,7.2,7.6,0,
4653713,ecuador-vs-mexico,https://www.fotmob.com/matches/ecuador-vs-mexico/1hlgxf#4653713,Mexico vs Ecuador (2026-07-01T02:00:00.000Z),Mexico,Ecuador,2026-07-01T02:00:00.000Z,,Mexico City Stadium,Slavko Vinčić,Full time,2,0,Mexico,Ecuador,home,Gallardo,23,True,starting_xi,DEF,1,4,4,4-3-3,7.2,6.8,0,
4653713,ecuador-vs-mexico,https://www.fotmob.com/matches/ecuador-vs-mexico/1hlgxf#4653713,Mexico vs Ecuador (2026-07-01T02:00:00.000Z),Mexico,Ecuador,2026-07-01T02:00:00.000Z,,Mexico City Stadium,Slavko Vinčić,Full time,2,0,Mexico,Ecuador,home,Mora,19,True,starting_xi,AM,2,3,1,4-3-3,7.2,7.6,0,59.0
4653713,ecuador-vs-mexico,https://www.fotmob.com/matches/ecuador-vs-mexico/1hlgxf#4653713,Mexico vs Ecuador (2026-07-01T02:00:00.000Z),Mexico,Ecuador,2026-07-01T02:00:00.000Z,,Mexico City Stadium,Slavko Vinčić,Full time,2,0,Mexico,Ecuador,home,Lira,6,True,starting_xi,AM,2,3,2,4-3-3,7.2,7.2,0,
4653713,ecuador-vs-mexico,https://www.fotmob.com/matches/ecuador-vs-mexico/1hlgxf#4653713,Mexico vs Ecuador (2026-07-01T02:00:00.000Z),Mexico,Ecuador,2026-07-01T02:00:00.000Z,,Mexico City Stadium,Slavko Vinčić,Full time,2,0,Mexico,Ecuador,home,Romo,7,True,starting_xi,AM,2,3,3,4-3-3,7.2,7.1,0,73.0
4653713,ecuador-vs-mexico,https://www.fotmob.com/matches/ecuador-vs-mexico/1hlgxf#4653713,Mexico vs Ecuador (2026-07-01T02:00:00.000Z),Mexico,Ecuador,2026-07-01T02:00:00.000Z,,Mexico City Stadium,Slavko Vinčić,Full time,2,0,Mexico,Ecuador,home,Alvarado,25,True,starting_xi,FWD,3,3,1,4-3-3,7.2,8.0,0,80.0
4653713,ecuador-vs-mexico,https://www.fotmob.com/matches/ecuador-vs-mexico/1hlgxf#4653713,Mexico vs Ecuador (2026-07-01T02:00:00.000Z),Mexico,Ecuador,2026-07-01T02:00:00.000Z,,Mexico City Stadium,Slavko Vinčić,Full time,2,0,Mexico,Ecuador,home,Jiménez,9,True,starting_xi,FWD,3,3,2,4-3-3,7.2,7.9,0,73.0
4653713,ecuador-vs-mexico,https://www.fotmob.com/matches/ecuador-vs-mexico/1hlgxf#4653713,Mexico vs Ecuador (2026-07-01T02:00:00.000Z),Mexico,Ecuador,2026-07-01T02:00:00.000Z,,Mexico City Stadium,Slavko Vinčić,Full time,2,0,Mexico,Ecuador,home,Quiñones,16,True,starting_xi,FWD,3,3,3,4-3-3,7.2,8.6,0,80.0
4653713,ecuador-vs-mexico,https://www.fotmob.com/matches/ecuador-vs-mexico/1hlgxf#4653713,Mexico vs Ecuador (2026-07-01T02:00:00.000Z),Mexico,Ecuador,2026-07-01T02:00:00.000Z,,Mexico City Stadium,Slavko Vinčić,Full time,2,0,Ecuador,Mexico,away,Valencia,13,True,starting_xi,FWD,3,2,1,4-4-2,6.1,5.2,0,59.0
4653713,ecuador-vs-mexico,https://www.fotmob.com/matches/ecuador-vs-mexico/1hlgxf#4653713,Mexico vs Ecuador (2026-07-01T02:00:00.000Z),Mexico,Ecuador,2026-07-01T02:00:00.000Z,,Mexico City Stadium,Slavko Vinčić,Full time,2,0,Ecuador,Mexico,away,Plata,19,True,starting_xi,FWD,3,2,2,4-4-2,6.1,6.2,0,
4653713,ecuador-vs-mexico,https://www.fotmob.com/matches/ecuador-vs-mexico/1hlgxf#4653713,Mexico vs Ecuador (2026-07-01T02:00:00.000Z),Mexico,Ecuador,2026-07-01T02:00:00.000Z,,Mexico City Stadium,Slavko Vinčić,Full time,2,0,Ecuador,Mexico,away,Angulo,20,True,starting_xi,AM,2,4,1,4-4-2,6.1,6.9,0,79.0
4653713,ecuador-vs-mexico,https://www.fotmob.com/matches/ecuador-vs-mexico/1hlgxf#4653713,Mexico vs Ecuador (2026-07-01T02:00:00.000Z),Mexico,Ecuador,2026-07-01T02:00:00.000Z,,Mexico City Stadium,Slavko Vinčić,Full time,2,0,Ecuador,Mexico,away,Vite,15,True,starting_xi,AM,2,4,2,4-4-2,6.1,6.8,0,
4653713,ecuador-vs-mexico,https://www.fotmob.com/matches/ecuador-vs-mexico/1hlgxf#4653713,Mexico vs Ecuador (2026-07-01T02:00:00.000Z),Mexico,Ecuador,2026-07-01T02:00:00.000Z,,Mexico City Stadium,Slavko Vinčić,Full time,2,0,Ecuador,Mexico,away,Caicedo,23,True,starting_xi,AM,2,4,3,4-4-2,6.1,7.1,0,
4653713,ecuador-vs-mexico,https://www.fotmob.com/matches/ecuador-vs-mexico/1hlgxf#4653713,Mexico vs Ecuador (2026-07-01T02:00:00.000Z),Mexico,Ecuador,2026-07-01T02:00:00.000Z,,Mexico City Stadium,Slavko Vinčić,Full time,2,0,Ecuador,Mexico,away,Yeboah,9,True,starting_xi,AM,2,4,4,4-4-2,6.1,7.3,0,79.0
4653713,ecuador-vs-mexico,https://www.fotmob.com/matches/ecuador-vs-mexico/1hlgxf#4653713,Mexico vs Ecuador (2026-07-01T02:00:00.000Z),Mexico,Ecuador,2026-07-01T02:00:00.000Z,,Mexico City Stadium,Slavko Vinčić,Full time,2,0,Ecuador,Mexico,away,Hincapié,3,True,starting_xi,DEF,1,4,1,4-4-2,6.1,5.7,0,
4653713,ecuador-vs-mexico,https://www.fotmob.com/matches/ecuador-vs-mexico/1hlgxf#4653713,Mexico vs Ecuador (2026-07-01T02:00:00.000Z),Mexico,Ecuador,2026-07-01T02:00:00.000Z,,Mexico City Stadium,Slavko Vinčić,Full time,2,0,Ecuador,Mexico,away,Pacho,6,True,starting_xi,DEF,1,4,2,4-4-2,6.1,6.7,0,
4653713,ecuador-vs-mexico,https://www.fotmob.com/matches/ecuador-vs-mexico/1hlgxf#4653713,Mexico vs Ecuador (2026-07-01T02:00:00.000Z),Mexico,Ecuador,2026-07-01T02:00:00.000Z,,Mexico City Stadium,Slavko Vinčić,Full time,2,0,Ecuador,Mexico,away,Ordóñez,4,True,starting_xi,DEF,1,4,3,4-4-2,6.1,4.5,0,46.0
4653713,ecuador-vs-mexico,https://www.fotmob.com/matches/ecuador-vs-mexico/1hlgxf#4653713,Mexico vs Ecuador (2026-07-01T02:00:00.000Z),Mexico,Ecuador,2026-07-01T02:00:00.000Z,,Mexico City Stadium,Slavko Vinčić,Full time,2,0,Ecuador,Mexico,away,Franco,21,True,starting_xi,DEF,1,4,4,4-4-2,6.1,5.5,0,46.0
4653713,ecuador-vs-mexico,https://www.fotmob.com/matches/ecuador-vs-mexico/1hlgxf#4653713,Mexico vs Ecuador (2026-07-01T02:00:00.000Z),Mexico,Ecuador,2026-07-01T02:00:00.000Z,,Mexico City Stadium,Slavko Vinčić,Full time,2,0,Ecuador,Mexico,away,Galindez,1,True,starting_xi,GK,0,1,1,4-4-2,6.1,5.4,0,
4653709,usa-vs-bosnia-herzegovina,https://www.fotmob.com/matches/usa-vs-bosnia-herzegovina/2c7uzr#4653709,USA vs Bosnia and Herzegovina (2026-07-02T00:00:00.000Z),USA,Bosnia and Herzegovina,2026-07-02T00:00:00.000Z,,San Francisco Bay Area Stadium,Raphael Claus,Full time,2,0,USA,Bosnia and Herzegovina,home,Freese,24,True,starting_xi,GK,0,1,1,4-1-4-1,7.5,8.0,0,
4653709,usa-vs-bosnia-herzegovina,https://www.fotmob.com/matches/usa-vs-bosnia-herzegovina/2c7uzr#4653709,USA vs Bosnia and Herzegovina (2026-07-02T00:00:00.000Z),USA,Bosnia and Herzegovina,2026-07-02T00:00:00.000Z,,San Francisco Bay Area Stadium,Raphael Claus,Full time,2,0,USA,Bosnia and Herzegovina,home,Freeman,16,True,starting_xi,DEF,1,4,1,4-1-4-1,7.5,7.6,0,
4653709,usa-vs-bosnia-herzegovina,https://www.fotmob.com/matches/usa-vs-bosnia-herzegovina/2c7uzr#4653709,USA vs Bosnia and Herzegovina (2026-07-02T00:00:00.000Z),USA,Bosnia and Herzegovina,2026-07-02T00:00:00.000Z,,San Francisco Bay Area Stadium,Raphael Claus,Full time,2,0,USA,Bosnia and Herzegovina,home,Richards,3,True,starting_xi,DEF,1,4,2,4-1-4-1,7.5,7.4,0,
4653709,usa-vs-bosnia-herzegovina,https://www.fotmob.com/matches/usa-vs-bosnia-herzegovina/2c7uzr#4653709,USA vs Bosnia and Herzegovina (2026-07-02T00:00:00.000Z),USA,Bosnia and Herzegovina,2026-07-02T00:00:00.000Z,,San Francisco Bay Area Stadium,Raphael Claus,Full time,2,0,USA,Bosnia and Herzegovina,home,Ream,13,True,starting_xi,DEF,1,4,3,4-1-4-1,7.5,7.5,0,
4653709,usa-vs-bosnia-herzegovina,https://www.fotmob.com/matches/usa-vs-bosnia-herzegovina/2c7uzr#4653709,USA vs Bosnia and Herzegovina (2026-07-02T00:00:00.000Z),USA,Bosnia and Herzegovina,2026-07-02T00:00:00.000Z,,San Francisco Bay Area Stadium,Raphael Claus,Full time,2,0,USA,Bosnia and Herzegovina,home,Robinson,5,True,starting_xi,DEF,1,4,4,4-1-4-1,7.5,7.8,0,
4653709,usa-vs-bosnia-herzegovina,https://www.fotmob.com/matches/usa-vs-bosnia-herzegovina/2c7uzr#4653709,USA vs Bosnia and Herzegovina (2026-07-02T00:00:00.000Z),USA,Bosnia and Herzegovina,2026-07-02T00:00:00.000Z,,San Francisco Bay Area Stadium,Raphael Claus,Full time,2,0,USA,Bosnia and Herzegovina,home,Adams,4,True,starting_xi,AM,2,1,1,4-1-4-1,7.5,7.1,0,
4653709,usa-vs-bosnia-herzegovina,https://www.fotmob.com/matches/usa-vs-bosnia-herzegovina/2c7uzr#4653709,USA vs Bosnia and Herzegovina (2026-07-02T00:00:00.000Z),USA,Bosnia and Herzegovina,2026-07-02T00:00:00.000Z,,San Francisco Bay Area Stadium,Raphael Claus,Full time,2,0,USA,Bosnia and Herzegovina,home,Dest,2,True,starting_xi,AM,3,4,1,4-1-4-1,7.5,7.0,0,87.0
4653709,usa-vs-bosnia-herzegovina,https://www.fotmob.com/matches/usa-vs-bosnia-herzegovina/2c7uzr#4653709,USA vs Bosnia and Herzegovina (2026-07-02T00:00:00.000Z),USA,Bosnia and Herzegovina,2026-07-02T00:00:00.000Z,,San Francisco Bay Area Stadium,Raphael Claus,Full time,2,0,USA,Bosnia and Herzegovina,home,McKennie,8,True,starting_xi,AM,3,4,2,4-1-4-1,7.5,7.7,0,90.0
4653709,usa-vs-bosnia-herzegovina,https://www.fotmob.com/matches/usa-vs-bosnia-herzegovina/2c7uzr#4653709,USA vs Bosnia and Herzegovina (2026-07-02T00:00:00.000Z),USA,Bosnia and Herzegovina,2026-07-02T00:00:00.000Z,,San Francisco Bay Area Stadium,Raphael Claus,Full time,2,0,USA,Bosnia and Herzegovina,home,Tillman,17,True,starting_xi,AM,3,4,3,4-1-4-1,7.5,8.5,0,
4653709,usa-vs-bosnia-herzegovina,https://www.fotmob.com/matches/usa-vs-bosnia-herzegovina/2c7uzr#4653709,USA vs Bosnia and Herzegovina (2026-07-02T00:00:00.000Z),USA,Bosnia and Herzegovina,2026-07-02T00:00:00.000Z,,San Francisco Bay Area Stadium,Raphael Claus,Full time,2,0,USA,Bosnia and Herzegovina,home,Pulisic,10,True,starting_xi,AM,3,4,4,4-1-4-1,7.5,7.1,0,87.0
4653709,usa-vs-bosnia-herzegovina,https://www.fotmob.com/matches/usa-vs-bosnia-herzegovina/2c7uzr#4653709,USA vs Bosnia and Herzegovina (2026-07-02T00:00:00.000Z),USA,Bosnia and Herzegovina,2026-07-02T00:00:00.000Z,,San Francisco Bay Area Stadium,Raphael Claus,Full time,2,0,USA,Bosnia and Herzegovina,home,Balogun,20,True,starting_xi,FWD,4,1,1,4-1-4-1,7.5,6.8,0,
4653709,usa-vs-bosnia-herzegovina,https://www.fotmob.com/matches/usa-vs-bosnia-herzegovina/2c7uzr#4653709,USA vs Bosnia and Herzegovina (2026-07-02T00:00:00.000Z),USA,Bosnia and Herzegovina,2026-07-02T00:00:00.000Z,,San Francisco Bay Area Stadium,Raphael Claus,Full time,2,0,Bosnia and Herzegovina,USA,away,Demirovic,10,True,starting_xi,FWD,3,2,1,5-3-2,6.2,6.2,0,
4653709,usa-vs-bosnia-herzegovina,https://www.fotmob.com/matches/usa-vs-bosnia-herzegovina/2c7uzr#4653709,USA vs Bosnia and Herzegovina (2026-07-02T00:00:00.000Z),USA,Bosnia and Herzegovina,2026-07-02T00:00:00.000Z,,San Francisco Bay Area Stadium,Raphael Claus,Full time,2,0,Bosnia and Herzegovina,USA,away,Dzeko,11,True,starting_xi,FWD,3,2,2,5-3-2,6.2,6.1,0,51.0
4653709,usa-vs-bosnia-herzegovina,https://www.fotmob.com/matches/usa-vs-bosnia-herzegovina/2c7uzr#4653709,USA vs Bosnia and Herzegovina (2026-07-02T00:00:00.000Z),USA,Bosnia and Herzegovina,2026-07-02T00:00:00.000Z,,San Francisco Bay Area Stadium,Raphael Claus,Full time,2,0,Bosnia and Herzegovina,USA,away,Alajbegovic,19,True,starting_xi,AM,2,3,1,5-3-2,6.2,6.2,0,
4653709,usa-vs-bosnia-herzegovina,https://www.fotmob.com/matches/usa-vs-bosnia-herzegovina/2c7uzr#4653709,USA vs Bosnia and Herzegovina (2026-07-02T00:00:00.000Z),USA,Bosnia and Herzegovina,2026-07-02T00:00:00.000Z,,San Francisco Bay Area Stadium,Raphael Claus,Full time,2,0,Bosnia and Herzegovina,USA,away,Sunjic,14,True,starting_xi,AM,2,3,2,5-3-2,6.2,6.0,0,51.0
4653709,usa-vs-bosnia-herzegovina,https://www.fotmob.com/matches/usa-vs-bosnia-herzegovina/2c7uzr#4653709,USA vs Bosnia and Herzegovina (2026-07-02T00:00:00.000Z),USA,Bosnia and Herzegovina,2026-07-02T00:00:00.000Z,,San Francisco Bay Area Stadium,Raphael Claus,Full time,2,0,Bosnia and Herzegovina,USA,away,Gigovic,8,True,starting_xi,AM,2,3,3,5-3-2,6.2,6.3,0,51.0
4653709,usa-vs-bosnia-herzegovina,https://www.fotmob.com/matches/usa-vs-bosnia-herzegovina/2c7uzr#4653709,USA vs Bosnia and Herzegovina (2026-07-02T00:00:00.000Z),USA,Bosnia and Herzegovina,2026-07-02T00:00:00.000Z,,San Francisco Bay Area Stadium,Raphael Claus,Full time,2,0,Bosnia and Herzegovina,USA,away,Kolasinac,5,True,starting_xi,DEF,1,5,1,5-3-2,6.2,6.4,0,75.0
4653709,usa-vs-bosnia-herzegovina,https://www.fotmob.com/matches/usa-vs-bosnia-herzegovina/2c7uzr#4653709,USA vs Bosnia and Herzegovina (2026-07-02T00:00:00.000Z),USA,Bosnia and Herzegovina,2026-07-02T00:00:00.000Z,,San Francisco Bay Area Stadium,Raphael Claus,Full time,2,0,Bosnia and Herzegovina,USA,away,Dedic,7,True,starting_xi,DEF,1,5,2,5-3-2,6.2,6.5,0,
4653709,usa-vs-bosnia-herzegovina,https://www.fotmob.com/matches/usa-vs-bosnia-herzegovina/2c7uzr#4653709,USA vs Bosnia and Herzegovina (2026-07-02T00:00:00.000Z),USA,Bosnia and Herzegovina,2026-07-02T00:00:00.000Z,,San Francisco Bay Area Stadium,Raphael Claus,Full time,2,0,Bosnia and Herzegovina,USA,away,Radeljic,21,True,starting_xi,DEF,1,5,3,5-3-2,6.2,5.6,0,
4653709,usa-vs-bosnia-herzegovina,https://www.fotmob.com/matches/usa-vs-bosnia-herzegovina/2c7uzr#4653709,USA vs Bosnia and Herzegovina (2026-07-02T00:00:00.000Z),USA,Bosnia and Herzegovina,2026-07-02T00:00:00.000Z,,San Francisco Bay Area Stadium,Raphael Claus,Full time,2,0,Bosnia and Herzegovina,USA,away,Muharemovic,4,True,starting_xi,DEF,1,5,4,5-3-2,6.2,6.8,0,
4653709,usa-vs-bosnia-herzegovina,https://www.fotmob.com/matches/usa-vs-bosnia-herzegovina/2c7uzr#4653709,USA vs Bosnia and Herzegovina (2026-07-02T00:00:00.000Z),USA,Bosnia and Herzegovina,2026-07-02T00:00:00.000Z,,San Francisco Bay Area Stadium,Raphael Claus,Full time,2,0,Bosnia and Herzegovina,USA,away,Katic,18,True,starting_xi,DEF,1,5,5,5-3-2,6.2,6.3,0,75.0
4653709,usa-vs-bosnia-herzegovina,https://www.fotmob.com/matches/usa-vs-bosnia-herzegovina/2c7uzr#4653709,USA vs Bosnia and Herzegovina (2026-07-02T00:00:00.000Z),USA,Bosnia and Herzegovina,2026-07-02T00:00:00.000Z,,San Francisco Bay Area Stadium,Raphael Claus,Full time,2,0,Bosnia and Herzegovina,USA,away,Vasilj,1,True,starting_xi,GK,0,1,1,5-3-2,6.2,5.0,0,
4653717,algeria-vs-switzerland,https://www.fotmob.com/matches/algeria-vs-switzerland/1ekwbo#4653717,Switzerland vs Algeria (2026-07-03T03:00:00.000Z),Switzerland,Algeria,2026-07-03T03:00:00.000Z,,,,Full time,2,0,4-2-3-1,4-1-2-3,home,Kobel,1,True,starting_xi,GK,0,1,1,6.4,Switzerland,8.0,0,
4653717,algeria-vs-switzerland,https://www.fotmob.com/matches/algeria-vs-switzerland/1ekwbo#4653717,Switzerland vs Algeria (2026-07-03T03:00:00.000Z),Switzerland,Algeria,2026-07-03T03:00:00.000Z,,,,Full time,2,0,4-2-3-1,4-1-2-3,home,Zakaria,6,True,starting_xi,DEF,1,6,1,6.4,Switzerland,7.9,0,87.0
4653717,algeria-vs-switzerland,https://www.fotmob.com/matches/algeria-vs-switzerland/1ekwbo#4653717,Switzerland vs Algeria (2026-07-03T03:00:00.000Z),Switzerland,Algeria,2026-07-03T03:00:00.000Z,,,,Full time,2,0,4-2-3-1,4-1-2-3,home,Elvedi,4,True,starting_xi,DEF,1,6,2,6.4,Switzerland,7.3,0,
4653717,algeria-vs-switzerland,https://www.fotmob.com/matches/algeria-vs-switzerland/1ekwbo#4653717,Switzerland vs Algeria (2026-07-03T03:00:00.000Z),Switzerland,Algeria,2026-07-03T03:00:00.000Z,,,,Full time,2,0,4-2-3-1,4-1-2-3,home,Akanji,5,True,starting_xi,DEF,1,6,3,6.4,Switzerland,7.8,0,
4653717,algeria-vs-switzerland,https://www.fotmob.com/matches/algeria-vs-switzerland/1ekwbo#4653717,Switzerland vs Algeria (2026-07-03T03:00:00.000Z),Switzerland,Algeria,2026-07-03T03:00:00.000Z,,,,Full time,2,0,4-2-3-1,4-1-2-3,home,Rodríguez,13,True,starting_xi,DEF,1,6,4,6.4,Switzerland,7.5,0,
4653717,algeria-vs-switzerland,https://www.fotmob.com/matches/algeria-vs-switzerland/1ekwbo#4653717,Switzerland vs Algeria (2026-07-03T03:00:00.000Z),Switzerland,Algeria,2026-07-03T03:00:00.000Z,,,,Full time,2,0,4-2-3-1,4-1-2-3,home,Freuler,8,True,starting_xi,DEF,1,6,5,6.4,Switzerland,7.3,0,
4653717,algeria-vs-switzerland,https://www.fotmob.com/matches/algeria-vs-switzerland/1ekwbo#4653717,Switzerland vs Algeria (2026-07-03T03:00:00.000Z),Switzerland,Algeria,2026-07-03T03:00:00.000Z,,,,Full time,2,0,4-2-3-1,4-1-2-3,home,Xhaka,10,True,starting_xi,DEF,1,6,6,6.4,Switzerland,7.7,0,
4653717,algeria-vs-switzerland,https://www.fotmob.com/matches/algeria-vs-switzerland/1ekwbo#4653717,Switzerland vs Algeria (2026-07-03T03:00:00.000Z),Switzerland,Algeria,2026-07-03T03:00:00.000Z,,,,Full time,2,0,4-2-3-1,4-1-2-3,home,Ndoye,11,True,starting_xi,FWD,2,4,1,6.4,Switzerland,8.4,0,87.0
4653717,algeria-vs-switzerland,https://www.fotmob.com/matches/algeria-vs-switzerland/1ekwbo#4653717,Switzerland vs Algeria (2026-07-03T03:00:00.000Z),Switzerland,Algeria,2026-07-03T03:00:00.000Z,,,,Full time,2,0,4-2-3-1,4-1-2-3,home,Manzambi,9,True,starting_xi,FWD,2,4,2,6.4,Switzerland,7.4,0,70.0
4653717,algeria-vs-switzerland,https://www.fotmob.com/matches/algeria-vs-switzerland/1ekwbo#4653717,Switzerland vs Algeria (2026-07-03T03:00:00.000Z),Switzerland,Algeria,2026-07-03T03:00:00.000Z,,,,Full time,2,0,4-2-3-1,4-1-2-3,home,Vargas,17,True,starting_xi,FWD,2,4,3,6.4,Switzerland,7.5,0,70.0
4653717,algeria-vs-switzerland,https://www.fotmob.com/matches/algeria-vs-switzerland/1ekwbo#4653717,Switzerland vs Algeria (2026-07-03T03:00:00.000Z),Switzerland,Algeria,2026-07-03T03:00:00.000Z,,,,Full time,2,0,4-2-3-1,4-1-2-3,home,Embolo,7,True,starting_xi,FWD,2,4,4,6.4,Switzerland,7.7,0,82.0
4653717,algeria-vs-switzerland,https://www.fotmob.com/matches/algeria-vs-switzerland/1ekwbo#4653717,Switzerland vs Algeria (2026-07-03T03:00:00.000Z),Switzerland,Algeria,2026-07-03T03:00:00.000Z,,,,Full time,2,0,4-1-2-3,4-2-3-1,away,Aouar,8,True,starting_xi,GK,0,1,1,Season stats,Algeria,6.4,0,58.0
4653717,algeria-vs-switzerland,https://www.fotmob.com/matches/algeria-vs-switzerland/1ekwbo#4653717,Switzerland vs Algeria (2026-07-03T03:00:00.000Z),Switzerland,Algeria,2026-07-03T03:00:00.000Z,,,,Full time,2,0,4-1-2-3,4-2-3-1,away,Maza,22,True,starting_xi,GK,0,1,1,Season stats,Algeria,6.2,0,
4653717,algeria-vs-switzerland,https://www.fotmob.com/matches/algeria-vs-switzerland/1ekwbo#4653717,Switzerland vs Algeria (2026-07-03T03:00:00.000Z),Switzerland,Algeria,2026-07-03T03:00:00.000Z,,,,Full time,2,0,4-1-2-3,4-2-3-1,away,Mahrez,7,True,starting_xi,GK,0,1,1,Season stats,Algeria,6.0,0,71.0
4653717,algeria-vs-switzerland,https://www.fotmob.com/matches/algeria-vs-switzerland/1ekwbo#4653717,Switzerland vs Algeria (2026-07-03T03:00:00.000Z),Switzerland,Algeria,2026-07-03T03:00:00.000Z,,,,Full time,2,0,4-1-2-3,4-2-3-1,away,Chaïbi,10,True,starting_xi,GK,0,1,1,Season stats,Algeria,6.1,0,
4653717,algeria-vs-switzerland,https://www.fotmob.com/matches/algeria-vs-switzerland/1ekwbo#4653717,Switzerland vs Algeria (2026-07-03T03:00:00.000Z),Switzerland,Algeria,2026-07-03T03:00:00.000Z,,,,Full time,2,0,4-1-2-3,4-2-3-1,away,Zerrouki,6,True,starting_xi,GK,0,1,1,Season stats,Algeria,6.2,0,58.0
4653717,algeria-vs-switzerland,https://www.fotmob.com/matches/algeria-vs-switzerland/1ekwbo#4653717,Switzerland vs Algeria (2026-07-03T03:00:00.000Z),Switzerland,Algeria,2026-07-03T03:00:00.000Z,,,,Full time,2,0,4-1-2-3,4-2-3-1,away,Bentaleb,19,True,starting_xi,GK,0,1,1,Season stats,Algeria,6.7,0,71.0
4653717,algeria-vs-switzerland,https://www.fotmob.com/matches/algeria-vs-switzerland/1ekwbo#4653717,Switzerland vs Algeria (2026-07-03T03:00:00.000Z),Switzerland,Algeria,2026-07-03T03:00:00.000Z,,,,Full time,2,0,4-1-2-3,4-2-3-1,away,Ait Nouri,15,True,starting_xi,GK,0,1,1,Season stats,Algeria,7.5,0,
4653717,algeria-vs-switzerland,https://www.fotmob.com/matches/algeria-vs-switzerland/1ekwbo#4653717,Switzerland vs Algeria (2026-07-03T03:00:00.000Z),Switzerland,Algeria,2026-07-03T03:00:00.000Z,,,,Full time,2,0,4-1-2-3,4-2-3-1,away,Bensebaini,21,True,starting_xi,GK,0,1,1,Season stats,Algeria,6.2,0,
4653717,algeria-vs-switzerland,https://www.fotmob.com/matches/algeria-vs-switzerland/1ekwbo#4653717,Switzerland vs Algeria (2026-07-03T03:00:00.000Z),Switzerland,Algeria,2026-07-03T03:00:00.000Z,,,,Full time,2,0,4-1-2-3,4-2-3-1,away,Mandi,2,True,starting_xi,GK,0,1,1,Season stats,Algeria,6.6,0,
4653717,algeria-vs-switzerland,https://www.fotmob.com/matches/algeria-vs-switzerland/1ekwbo#4653717,Switzerland vs Algeria (2026-07-03T03:00:00.000Z),Switzerland,Algeria,2026-07-03T03:00:00.000Z,,,,Full time,2,0,4-1-2-3,4-2-3-1,away,Belghali,17,True,starting_xi,GK,0,1,1,Season stats,Algeria,7.0,0,82.0
4653717,algeria-vs-switzerland,https://www.fotmob.com/matches/algeria-vs-switzerland/1ekwbo#4653717,Switzerland vs Algeria (2026-07-03T03:00:00.000Z),Switzerland,Algeria,2026-07-03T03:00:00.000Z,,,,Full time,2,0,4-1-2-3,4-2-3-1,away,Zidane,23,True,starting_xi,GK,0,1,1,Season stats,Algeria,5.7,0,
4653846,brazil-vs-norway,https://www.fotmob.com/matches/brazil-vs-norway/2bicve#4653846,Brazil vs Norway (2026-07-05T20:00:00.000Z),Brazil,Norway,2026-07-05T20:00:00.000Z,,New York New Jersey Stadium,Ismail Elfath,Full time,1,2,Brazil,Norway,home,Alisson,1,True,starting_xi,GK,0,1,1,4-1-2-3,6.6,6.5,0,
4653846,brazil-vs-norway,https://www.fotmob.com/matches/brazil-vs-norway/2bicve#4653846,Brazil vs Norway (2026-07-05T20:00:00.000Z),Brazil,Norway,2026-07-05T20:00:00.000Z,,New York New Jersey Stadium,Ismail Elfath,Full time,1,2,Brazil,Norway,home,Danilo,13,True,starting_xi,DEF,1,4,1,4-1-2-3,6.6,6.5,0,
4653846,brazil-vs-norway,https://www.fotmob.com/matches/brazil-vs-norway/2bicve#4653846,Brazil vs Norway (2026-07-05T20:00:00.000Z),Brazil,Norway,2026-07-05T20:00:00.000Z,,New York New Jersey Stadium,Ismail Elfath,Full time,1,2,Brazil,Norway,home,Marquinhos,4,True,starting_xi,DEF,1,4,2,4-1-2-3,6.6,6.2,0,
4653846,brazil-vs-norway,https://www.fotmob.com/matches/brazil-vs-norway/2bicve#4653846,Brazil vs Norway (2026-07-05T20:00:00.000Z),Brazil,Norway,2026-07-05T20:00:00.000Z,,New York New Jersey Stadium,Ismail Elfath,Full time,1,2,Brazil,Norway,home,Gabriel,3,True,starting_xi,DEF,1,4,3,4-1-2-3,6.6,6.2,0,
4653846,brazil-vs-norway,https://www.fotmob.com/matches/brazil-vs-norway/2bicve#4653846,Brazil vs Norway (2026-07-05T20:00:00.000Z),Brazil,Norway,2026-07-05T20:00:00.000Z,,New York New Jersey Stadium,Ismail Elfath,Full time,1,2,Brazil,Norway,home,Santos,16,True,starting_xi,DEF,1,4,4,4-1-2-3,6.6,7.1,0,
4653846,brazil-vs-norway,https://www.fotmob.com/matches/brazil-vs-norway/2bicve#4653846,Brazil vs Norway (2026-07-05T20:00:00.000Z),Brazil,Norway,2026-07-05T20:00:00.000Z,,New York New Jersey Stadium,Ismail Elfath,Full time,1,2,Brazil,Norway,home,Casemiro,5,True,starting_xi,AM,2,1,1,4-1-2-3,6.6,7.2,0,
4653846,brazil-vs-norway,https://www.fotmob.com/matches/brazil-vs-norway/2bicve#4653846,Brazil vs Norway (2026-07-05T20:00:00.000Z),Brazil,Norway,2026-07-05T20:00:00.000Z,,New York New Jersey Stadium,Ismail Elfath,Full time,1,2,Brazil,Norway,home,Guimarães,8,True,starting_xi,AM,3,2,1,4-1-2-3,6.6,5.8,0,79.0
4653846,brazil-vs-norway,https://www.fotmob.com/matches/brazil-vs-norway/2bicve#4653846,Brazil vs Norway (2026-07-05T20:00:00.000Z),Brazil,Norway,2026-07-05T20:00:00.000Z,,New York New Jersey Stadium,Ismail Elfath,Full time,1,2,Brazil,Norway,home,Martinelli,22,True,starting_xi,AM,3,2,2,4-1-2-3,6.6,7.0,0,67.0
4653846,brazil-vs-norway,https://www.fotmob.com/matches/brazil-vs-norway/2bicve#4653846,Brazil vs Norway (2026-07-05T20:00:00.000Z),Brazil,Norway,2026-07-05T20:00:00.000Z,,New York New Jersey Stadium,Ismail Elfath,Full time,1,2,Brazil,Norway,home,Rayan,26,True,starting_xi,FWD,4,3,1,4-1-2-3,6.6,7.2,0,67.0
4653846,brazil-vs-norway,https://www.fotmob.com/matches/brazil-vs-norway/2bicve#4653846,Brazil vs Norway (2026-07-05T20:00:00.000Z),Brazil,Norway,2026-07-05T20:00:00.000Z,,New York New Jersey Stadium,Ismail Elfath,Full time,1,2,Brazil,Norway,home,Cunha,9,True,starting_xi,FWD,4,3,2,4-1-2-3,6.6,6.7,0,58.0
4653846,brazil-vs-norway,https://www.fotmob.com/matches/brazil-vs-norway/2bicve#4653846,Brazil vs Norway (2026-07-05T20:00:00.000Z),Brazil,Norway,2026-07-05T20:00:00.000Z,,New York New Jersey Stadium,Ismail Elfath,Full time,1,2,Brazil,Norway,home,Vinicius,7,True,starting_xi,FWD,4,3,3,4-1-2-3,6.6,7.4,0,
4653846,brazil-vs-norway,https://www.fotmob.com/matches/brazil-vs-norway/2bicve#4653846,Brazil vs Norway (2026-07-05T20:00:00.000Z),Brazil,Norway,2026-07-05T20:00:00.000Z,,New York New Jersey Stadium,Ismail Elfath,Full time,1,2,Norway,Brazil,away,Nusa,20,True,starting_xi,FWD,4,3,1,4-1-2-3,7.4,6.4,0,46.0
4653846,brazil-vs-norway,https://www.fotmob.com/matches/brazil-vs-norway/2bicve#4653846,Brazil vs Norway (2026-07-05T20:00:00.000Z),Brazil,Norway,2026-07-05T20:00:00.000Z,,New York New Jersey Stadium,Ismail Elfath,Full time,1,2,Norway,Brazil,away,Haaland,9,True,starting_xi,FWD,4,3,2,4-1-2-3,7.4,8.8,0,
4653846,brazil-vs-norway,https://www.fotmob.com/matches/brazil-vs-norway/2bicve#4653846,Brazil vs Norway (2026-07-05T20:00:00.000Z),Brazil,Norway,2026-07-05T20:00:00.000Z,,New York New Jersey Stadium,Ismail Elfath,Full time,1,2,Norway,Brazil,away,Sørloth,7,True,starting_xi,FWD,4,3,3,4-1-2-3,7.4,6.2,0,46.0
4653846,brazil-vs-norway,https://www.fotmob.com/matches/brazil-vs-norway/2bicve#4653846,Brazil vs Norway (2026-07-05T20:00:00.000Z),Brazil,Norway,2026-07-05T20:00:00.000Z,,New York New Jersey Stadium,Ismail Elfath,Full time,1,2,Norway,Brazil,away,Berg,6,True,starting_xi,AM,3,2,1,4-1-2-3,7.4,7.5,0,
4653846,brazil-vs-norway,https://www.fotmob.com/matches/brazil-vs-norway/2bicve#4653846,Brazil vs Norway (2026-07-05T20:00:00.000Z),Brazil,Norway,2026-07-05T20:00:00.000Z,,New York New Jersey Stadium,Ismail Elfath,Full time,1,2,Norway,Brazil,away,Ødegaard,10,True,starting_xi,AM,3,2,2,4-1-2-3,7.4,7.3,0,
4653846,brazil-vs-norway,https://www.fotmob.com/matches/brazil-vs-norway/2bicve#4653846,Brazil vs Norway (2026-07-05T20:00:00.000Z),Brazil,Norway,2026-07-05T20:00:00.000Z,,New York New Jersey Stadium,Ismail Elfath,Full time,1,2,Norway,Brazil,away,Berge,8,True,starting_xi,AM,2,1,1,4-1-2-3,7.4,7.9,0,
4653846,brazil-vs-norway,https://www.fotmob.com/matches/brazil-vs-norway/2bicve#4653846,Brazil vs Norway (2026-07-05T20:00:00.000Z),Brazil,Norway,2026-07-05T20:00:00.000Z,,New York New Jersey Stadium,Ismail Elfath,Full time,1,2,Norway,Brazil,away,Møller Wolfe,5,True,starting_xi,DEF,1,4,1,4-1-2-3,7.4,7.3,0,90.0
4653846,brazil-vs-norway,https://www.fotmob.com/matches/brazil-vs-norway/2bicve#4653846,Brazil vs Norway (2026-07-05T20:00:00.000Z),Brazil,Norway,2026-07-05T20:00:00.000Z,,New York New Jersey Stadium,Ismail Elfath,Full time,1,2,Norway,Brazil,away,Heggem,17,True,starting_xi,DEF,1,4,2,4-1-2-3,7.4,7.3,0,
4653846,brazil-vs-norway,https://www.fotmob.com/matches/brazil-vs-norway/2bicve#4653846,Brazil vs Norway (2026-07-05T20:00:00.000Z),Brazil,Norway,2026-07-05T20:00:00.000Z,,New York New Jersey Stadium,Ismail Elfath,Full time,1,2,Norway,Brazil,away,Ajer,3,True,starting_xi,DEF,1,4,3,4-1-2-3,7.4,7.4,0,
4653846,brazil-vs-norway,https://www.fotmob.com/matches/brazil-vs-norway/2bicve#4653846,Brazil vs Norway (2026-07-05T20:00:00.000Z),Brazil,Norway,2026-07-05T20:00:00.000Z,,New York New Jersey Stadium,Ismail Elfath,Full time,1,2,Norway,Brazil,away,Ryerson,26,True,starting_xi,DEF,1,4,4,4-1-2-3,7.4,6.9,0,63.0
4653846,brazil-vs-norway,https://www.fotmob.com/matches/brazil-vs-norway/2bicve#4653846,Brazil vs Norway (2026-07-05T20:00:00.000Z),Brazil,Norway,2026-07-05T20:00:00.000Z,,New York New Jersey Stadium,Ismail Elfath,Full time,1,2,Norway,Brazil,away,Nyland,1,True,starting_xi,GK,0,1,1,4-1-2-3,7.4,8.3,0,
4653847,mexico-vs-england,https://www.fotmob.com/matches/mexico-vs-england/1wsny4#4653847,Mexico vs England (2026-07-06T01:00:00.000Z),Mexico,England,2026-07-06T01:00:00.000Z,,Mexico City Stadium,Alireza Faghani,Full time,2,3,Mexico,England,home,Rangel,1,True,starting_xi,GK,0,1,1,4-3-3,6.5,5.5,0,
4653847,mexico-vs-england,https://www.fotmob.com/matches/mexico-vs-england/1wsny4#4653847,Mexico vs England (2026-07-06T01:00:00.000Z),Mexico,England,2026-07-06T01:00:00.000Z,,Mexico City Stadium,Alireza Faghani,Full time,2,3,Mexico,England,home,Sánchez,2,True,starting_xi,DEF,1,4,1,4-3-3,6.5,6.2,0,79.0
4653847,mexico-vs-england,https://www.fotmob.com/matches/mexico-vs-england/1wsny4#4653847,Mexico vs England (2026-07-06T01:00:00.000Z),Mexico,England,2026-07-06T01:00:00.000Z,,Mexico City Stadium,Alireza Faghani,Full time,2,3,Mexico,England,home,Montes,3,True,starting_xi,DEF,1,4,2,4-3-3,6.5,5.7,0,46.0
4653847,mexico-vs-england,https://www.fotmob.com/matches/mexico-vs-england/1wsny4#4653847,Mexico vs England (2026-07-06T01:00:00.000Z),Mexico,England,2026-07-06T01:00:00.000Z,,Mexico City Stadium,Alireza Faghani,Full time,2,3,Mexico,England,home,Vásquez,5,True,starting_xi,DEF,1,4,3,4-3-3,6.5,7.0,0,
4653847,mexico-vs-england,https://www.fotmob.com/matches/mexico-vs-england/1wsny4#4653847,Mexico vs England (2026-07-06T01:00:00.000Z),Mexico,England,2026-07-06T01:00:00.000Z,,Mexico City Stadium,Alireza Faghani,Full time,2,3,Mexico,England,home,Gallardo,23,True,starting_xi,DEF,1,4,4,4-3-3,6.5,6.3,0,
4653847,mexico-vs-england,https://www.fotmob.com/matches/mexico-vs-england/1wsny4#4653847,Mexico vs England (2026-07-06T01:00:00.000Z),Mexico,England,2026-07-06T01:00:00.000Z,,Mexico City Stadium,Alireza Faghani,Full time,2,3,Mexico,England,home,Mora,19,True,starting_xi,AM,2,3,1,4-3-3,6.5,5.3,0,61.0
4653847,mexico-vs-england,https://www.fotmob.com/matches/mexico-vs-england/1wsny4#4653847,Mexico vs England (2026-07-06T01:00:00.000Z),Mexico,England,2026-07-06T01:00:00.000Z,,Mexico City Stadium,Alireza Faghani,Full time,2,3,Mexico,England,home,Lira,6,True,starting_xi,AM,2,3,2,4-3-3,6.5,6.8,0,
4653847,mexico-vs-england,https://www.fotmob.com/matches/mexico-vs-england/1wsny4#4653847,Mexico vs England (2026-07-06T01:00:00.000Z),Mexico,England,2026-07-06T01:00:00.000Z,,Mexico City Stadium,Alireza Faghani,Full time,2,3,Mexico,England,home,Romo,7,True,starting_xi,AM,2,3,3,4-3-3,6.5,6.2,0,61.0
4653847,mexico-vs-england,https://www.fotmob.com/matches/mexico-vs-england/1wsny4#4653847,Mexico vs England (2026-07-06T01:00:00.000Z),Mexico,England,2026-07-06T01:00:00.000Z,,Mexico City Stadium,Alireza Faghani,Full time,2,3,Mexico,England,home,Alvarado,25,True,starting_xi,FWD,3,3,1,4-3-3,6.5,7.7,0,
4653847,mexico-vs-england,https://www.fotmob.com/matches/mexico-vs-england/1wsny4#4653847,Mexico vs England (2026-07-06T01:00:00.000Z),Mexico,England,2026-07-06T01:00:00.000Z,,Mexico City Stadium,Alireza Faghani,Full time,2,3,Mexico,England,home,Jiménez,9,True,starting_xi,FWD,3,3,2,4-3-3,6.5,7.4,0,
4653847,mexico-vs-england,https://www.fotmob.com/matches/mexico-vs-england/1wsny4#4653847,Mexico vs England (2026-07-06T01:00:00.000Z),Mexico,England,2026-07-06T01:00:00.000Z,,Mexico City Stadium,Alireza Faghani,Full time,2,3,Mexico,England,home,Quiñones,16,True,starting_xi,FWD,3,3,3,4-3-3,6.5,7.6,0,81.0
4653847,mexico-vs-england,https://www.fotmob.com/matches/mexico-vs-england/1wsny4#4653847,Mexico vs England (2026-07-06T01:00:00.000Z),Mexico,England,2026-07-06T01:00:00.000Z,,Mexico City Stadium,Alireza Faghani,Full time,2,3,England,Mexico,away,Kane,9,True,starting_xi,FWD,4,1,1,4-2-3-1,7.0,8.2,0,90.0
4653847,mexico-vs-england,https://www.fotmob.com/matches/mexico-vs-england/1wsny4#4653847,Mexico vs England (2026-07-06T01:00:00.000Z),Mexico,England,2026-07-06T01:00:00.000Z,,Mexico City Stadium,Alireza Faghani,Full time,2,3,England,Mexico,away,Gordon,18,True,starting_xi,AM,3,3,1,4-2-3-1,7.0,7.6,0,
4653847,mexico-vs-england,https://www.fotmob.com/matches/mexico-vs-england/1wsny4#4653847,Mexico vs England (2026-07-06T01:00:00.000Z),Mexico,England,2026-07-06T01:00:00.000Z,,Mexico City Stadium,Alireza Faghani,Full time,2,3,England,Mexico,away,Bellingham,10,True,starting_xi,AM,3,3,2,4-2-3-1,7.0,9.2,0,
4653847,mexico-vs-england,https://www.fotmob.com/matches/mexico-vs-england/1wsny4#4653847,Mexico vs England (2026-07-06T01:00:00.000Z),Mexico,England,2026-07-06T01:00:00.000Z,,Mexico City Stadium,Alireza Faghani,Full time,2,3,England,Mexico,away,Saka,7,True,starting_xi,AM,3,3,3,4-2-3-1,7.0,7.4,0,57.0
4653847,mexico-vs-england,https://www.fotmob.com/matches/mexico-vs-england/1wsny4#4653847,Mexico vs England (2026-07-06T01:00:00.000Z),Mexico,England,2026-07-06T01:00:00.000Z,,Mexico City Stadium,Alireza Faghani,Full time,2,3,England,Mexico,away,Anderson,8,True,starting_xi,AM,2,2,1,4-2-3-1,7.0,7.4,0,75.0
4653847,mexico-vs-england,https://www.fotmob.com/matches/mexico-vs-england/1wsny4#4653847,Mexico vs England (2026-07-06T01:00:00.000Z),Mexico,England,2026-07-06T01:00:00.000Z,,Mexico City Stadium,Alireza Faghani,Full time,2,3,England,Mexico,away,Rice,4,True,starting_xi,AM,2,2,2,4-2-3-1,7.0,6.6,0,
4653847,mexico-vs-england,https://www.fotmob.com/matches/mexico-vs-england/1wsny4#4653847,Mexico vs England (2026-07-06T01:00:00.000Z),Mexico,England,2026-07-06T01:00:00.000Z,,Mexico City Stadium,Alireza Faghani,Full time,2,3,England,Mexico,away,O'Reilly,3,True,starting_xi,DEF,1,4,1,4-2-3-1,7.0,6.6,0,75.0
4653847,mexico-vs-england,https://www.fotmob.com/matches/mexico-vs-england/1wsny4#4653847,Mexico vs England (2026-07-06T01:00:00.000Z),Mexico,England,2026-07-06T01:00:00.000Z,,Mexico City Stadium,Alireza Faghani,Full time,2,3,England,Mexico,away,Guéhi,6,True,starting_xi,DEF,1,4,2,4-2-3-1,7.0,7.2,0,
4653847,mexico-vs-england,https://www.fotmob.com/matches/mexico-vs-england/1wsny4#4653847,Mexico vs England (2026-07-06T01:00:00.000Z),Mexico,England,2026-07-06T01:00:00.000Z,,Mexico City Stadium,Alireza Faghani,Full time,2,3,England,Mexico,away,Konsa,2,True,starting_xi,DEF,1,4,3,4-2-3-1,7.0,5.8,0,
4653847,mexico-vs-england,https://www.fotmob.com/matches/mexico-vs-england/1wsny4#4653847,Mexico vs England (2026-07-06T01:00:00.000Z),Mexico,England,2026-07-06T01:00:00.000Z,,Mexico City Stadium,Alireza Faghani,Full time,2,3,England,Mexico,away,Quansah,26,True,starting_xi,DEF,1,4,4,4-2-3-1,7.0,5.7,0,
4653847,mexico-vs-england,https://www.fotmob.com/matches/mexico-vs-england/1wsny4#4653847,Mexico vs England (2026-07-06T01:00:00.000Z),Mexico,England,2026-07-06T01:00:00.000Z,,Mexico City Stadium,Alireza Faghani,Full time,2,3,England,Mexico,away,Pickford,1,True,starting_xi,GK,0,1,1,4-2-3-1,7.0,7.4,0,
4653844,spain-vs-portugal,https://www.fotmob.com/matches/spain-vs-portugal/1vppuu#4653844,Portugal vs Spain (2026-07-06T19:00:00.000Z),Portugal,Spain,2026-07-06T19:00:00.000Z,,Dallas Stadium,Anthony Taylor,Full time,0,1,Portugal,Spain,home,Costa,1,True,starting_xi,GK,0,1,1,4-2-3-1,6.7,7.8,0,
4653844,spain-vs-portugal,https://www.fotmob.com/matches/spain-vs-portugal/1vppuu#4653844,Portugal vs Spain (2026-07-06T19:00:00.000Z),Portugal,Spain,2026-07-06T19:00:00.000Z,,Dallas Stadium,Anthony Taylor,Full time,0,1,Portugal,Spain,home,Cancelo,20,True,starting_xi,DEF,1,4,1,4-2-3-1,6.7,6.8,0,71.0
4653844,spain-vs-portugal,https://www.fotmob.com/matches/spain-vs-portugal/1vppuu#4653844,Portugal vs Spain (2026-07-06T19:00:00.000Z),Portugal,Spain,2026-07-06T19:00:00.000Z,,Dallas Stadium,Anthony Taylor,Full time,0,1,Portugal,Spain,home,Dias,3,True,starting_xi,DEF,1,4,2,4-2-3-1,6.7,6.4,0,
4653844,spain-vs-portugal,https://www.fotmob.com/matches/spain-vs-portugal/1vppuu#4653844,Portugal vs Spain (2026-07-06T19:00:00.000Z),Portugal,Spain,2026-07-06T19:00:00.000Z,,Dallas Stadium,Anthony Taylor,Full time,0,1,Portugal,Spain,home,Veiga,13,True,starting_xi,DEF,1,4,3,4-2-3-1,6.7,6.8,0,
4653844,spain-vs-portugal,https://www.fotmob.com/matches/spain-vs-portugal/1vppuu#4653844,Portugal vs Spain (2026-07-06T19:00:00.000Z),Portugal,Spain,2026-07-06T19:00:00.000Z,,Dallas Stadium,Anthony Taylor,Full time,0,1,Portugal,Spain,home,Mendes,25,True,starting_xi,DEF,1,4,4,4-2-3-1,6.7,6.8,0,56.0
4653844,spain-vs-portugal,https://www.fotmob.com/matches/spain-vs-portugal/1vppuu#4653844,Portugal vs Spain (2026-07-06T19:00:00.000Z),Portugal,Spain,2026-07-06T19:00:00.000Z,,Dallas Stadium,Anthony Taylor,Full time,0,1,Portugal,Spain,home,Neves,15,True,starting_xi,AM,2,2,1,4-2-3-1,6.7,7.2,0,
4653844,spain-vs-portugal,https://www.fotmob.com/matches/spain-vs-portugal/1vppuu#4653844,Portugal vs Spain (2026-07-06T19:00:00.000Z),Portugal,Spain,2026-07-06T19:00:00.000Z,,Dallas Stadium,Anthony Taylor,Full time,0,1,Portugal,Spain,home,Vitinha,23,True,starting_xi,AM,2,2,2,4-2-3-1,6.7,6.5,0,83.0
4653844,spain-vs-portugal,https://www.fotmob.com/matches/spain-vs-portugal/1vppuu#4653844,Portugal vs Spain (2026-07-06T19:00:00.000Z),Portugal,Spain,2026-07-06T19:00:00.000Z,,Dallas Stadium,Anthony Taylor,Full time,0,1,Portugal,Spain,home,Neto,18,True,starting_xi,AM,3,3,1,4-2-3-1,6.7,6.5,0,83.0
4653844,spain-vs-portugal,https://www.fotmob.com/matches/spain-vs-portugal/1vppuu#4653844,Portugal vs Spain (2026-07-06T19:00:00.000Z),Portugal,Spain,2026-07-06T19:00:00.000Z,,Dallas Stadium,Anthony Taylor,Full time,0,1,Portugal,Spain,home,Fernandes,8,True,starting_xi,AM,3,3,2,4-2-3-1,6.7,7.0,0,
4653844,spain-vs-portugal,https://www.fotmob.com/matches/spain-vs-portugal/1vppuu#4653844,Portugal vs Spain (2026-07-06T19:00:00.000Z),Portugal,Spain,2026-07-06T19:00:00.000Z,,Dallas Stadium,Anthony Taylor,Full time,0,1,Portugal,Spain,home,Joao Félix,11,True,starting_xi,AM,3,3,3,4-2-3-1,6.7,6.9,0,71.0
4653844,spain-vs-portugal,https://www.fotmob.com/matches/spain-vs-portugal/1vppuu#4653844,Portugal vs Spain (2026-07-06T19:00:00.000Z),Portugal,Spain,2026-07-06T19:00:00.000Z,,Dallas Stadium,Anthony Taylor,Full time,0,1,Portugal,Spain,home,Ronaldo,7,True,starting_xi,FWD,4,1,1,4-2-3-1,6.7,6.4,0,
4653844,spain-vs-portugal,https://www.fotmob.com/matches/spain-vs-portugal/1vppuu#4653844,Portugal vs Spain (2026-07-06T19:00:00.000Z),Portugal,Spain,2026-07-06T19:00:00.000Z,,Dallas Stadium,Anthony Taylor,Full time,0,1,Spain,Portugal,away,Oyarzabal,21,True,starting_xi,FWD,4,1,1,4-2-3-1,7.2,6.9,0,90.0
4653844,spain-vs-portugal,https://www.fotmob.com/matches/spain-vs-portugal/1vppuu#4653844,Portugal vs Spain (2026-07-06T19:00:00.000Z),Portugal,Spain,2026-07-06T19:00:00.000Z,,Dallas Stadium,Anthony Taylor,Full time,0,1,Spain,Portugal,away,Baena,15,True,starting_xi,AM,3,3,1,4-2-3-1,7.2,7.2,0,75.0
4653844,spain-vs-portugal,https://www.fotmob.com/matches/spain-vs-portugal/1vppuu#4653844,Portugal vs Spain (2026-07-06T19:00:00.000Z),Portugal,Spain,2026-07-06T19:00:00.000Z,,Dallas Stadium,Anthony Taylor,Full time,0,1,Spain,Portugal,away,Olmo,10,True,starting_xi,AM,3,3,2,4-2-3-1,7.2,6.9,0,85.0
4653844,spain-vs-portugal,https://www.fotmob.com/matches/spain-vs-portugal/1vppuu#4653844,Portugal vs Spain (2026-07-06T19:00:00.000Z),Portugal,Spain,2026-07-06T19:00:00.000Z,,Dallas Stadium,Anthony Taylor,Full time,0,1,Spain,Portugal,away,Lamine Yamal,19,True,starting_xi,AM,3,3,3,4-2-3-1,7.2,7.5,0,
4653844,spain-vs-portugal,https://www.fotmob.com/matches/spain-vs-portugal/1vppuu#4653844,Portugal vs Spain (2026-07-06T19:00:00.000Z),Portugal,Spain,2026-07-06T19:00:00.000Z,,Dallas Stadium,Anthony Taylor,Full time,0,1,Spain,Portugal,away,Pedri,20,True,starting_xi,AM,2,2,1,4-2-3-1,7.2,7.0,0,85.0
4653844,spain-vs-portugal,https://www.fotmob.com/matches/spain-vs-portugal/1vppuu#4653844,Portugal vs Spain (2026-07-06T19:00:00.000Z),Portugal,Spain,2026-07-06T19:00:00.000Z,,Dallas Stadium,Anthony Taylor,Full time,0,1,Spain,Portugal,away,Rodri,16,True,starting_xi,AM,2,2,2,4-2-3-1,7.2,8.0,0,
4653844,spain-vs-portugal,https://www.fotmob.com/matches/spain-vs-portugal/1vppuu#4653844,Portugal vs Spain (2026-07-06T19:00:00.000Z),Portugal,Spain,2026-07-06T19:00:00.000Z,,Dallas Stadium,Anthony Taylor,Full time,0,1,Spain,Portugal,away,Cucurella,24,True,starting_xi,DEF,1,4,1,4-2-3-1,7.2,7.0,0,
4653844,spain-vs-portugal,https://www.fotmob.com/matches/spain-vs-portugal/1vppuu#4653844,Portugal vs Spain (2026-07-06T19:00:00.000Z),Portugal,Spain,2026-07-06T19:00:00.000Z,,Dallas Stadium,Anthony Taylor,Full time,0,1,Spain,Portugal,away,Laporte,14,True,starting_xi,DEF,1,4,2,4-2-3-1,7.2,6.8,0,
4653844,spain-vs-portugal,https://www.fotmob.com/matches/spain-vs-portugal/1vppuu#4653844,Portugal vs Spain (2026-07-06T19:00:00.000Z),Portugal,Spain,2026-07-06T19:00:00.000Z,,Dallas Stadium,Anthony Taylor,Full time,0,1,Spain,Portugal,away,Cubarsí,22,True,starting_xi,DEF,1,4,3,4-2-3-1,7.2,6.9,0,
4653844,spain-vs-portugal,https://www.fotmob.com/matches/spain-vs-portugal/1vppuu#4653844,Portugal vs Spain (2026-07-06T19:00:00.000Z),Portugal,Spain,2026-07-06T19:00:00.000Z,,Dallas Stadium,Anthony Taylor,Full time,0,1,Spain,Portugal,away,Porro,12,True,starting_xi,DEF,1,4,4,4-2-3-1,7.2,7.6,0,
4653844,spain-vs-portugal,https://www.fotmob.com/matches/spain-vs-portugal/1vppuu#4653844,Portugal vs Spain (2026-07-06T19:00:00.000Z),Portugal,Spain,2026-07-06T19:00:00.000Z,,Dallas Stadium,Anthony Taylor,Full time,0,1,Spain,Portugal,away,Simón,23,True,starting_xi,GK,0,1,1,4-2-3-1,7.2,8.4,0,
4653845,usa-vs-belgium,https://www.fotmob.com/matches/usa-vs-belgium/1urw5j#4653845,USA vs Belgium (2026-07-07T00:00:00.000Z),USA,Belgium,2026-07-07T00:00:00.000Z,,Seattle Stadium,Adham Mohammad Tumah Makhadmeh,Full time,1,4,USA,Belgium,home,Freese,24,True,starting_xi,GK,0,1,1,4-1-2-3,6.0,4.6,0,
4653845,usa-vs-belgium,https://www.fotmob.com/matches/usa-vs-belgium/1urw5j#4653845,USA vs Belgium (2026-07-07T00:00:00.000Z),USA,Belgium,2026-07-07T00:00:00.000Z,,Seattle Stadium,Adham Mohammad Tumah Makhadmeh,Full time,1,4,USA,Belgium,home,Freeman,16,True,starting_xi,DEF,1,4,1,4-1-2-3,6.0,6.6,0,
4653845,usa-vs-belgium,https://www.fotmob.com/matches/usa-vs-belgium/1urw5j#4653845,USA vs Belgium (2026-07-07T00:00:00.000Z),USA,Belgium,2026-07-07T00:00:00.000Z,,Seattle Stadium,Adham Mohammad Tumah Makhadmeh,Full time,1,4,USA,Belgium,home,Richards,3,True,starting_xi,DEF,1,4,2,4-1-2-3,6.0,4.8,0,
4653845,usa-vs-belgium,https://www.fotmob.com/matches/usa-vs-belgium/1urw5j#4653845,USA vs Belgium (2026-07-07T00:00:00.000Z),USA,Belgium,2026-07-07T00:00:00.000Z,,Seattle Stadium,Adham Mohammad Tumah Makhadmeh,Full time,1,4,USA,Belgium,home,Ream,13,True,starting_xi,DEF,1,4,3,4-1-2-3,6.0,4.4,0,
4653845,usa-vs-belgium,https://www.fotmob.com/matches/usa-vs-belgium/1urw5j#4653845,USA vs Belgium (2026-07-07T00:00:00.000Z),USA,Belgium,2026-07-07T00:00:00.000Z,,Seattle Stadium,Adham Mohammad Tumah Makhadmeh,Full time,1,4,USA,Belgium,home,Robinson,5,True,starting_xi,DEF,1,4,4,4-1-2-3,6.0,6.3,0,90.0
4653845,usa-vs-belgium,https://www.fotmob.com/matches/usa-vs-belgium/1urw5j#4653845,USA vs Belgium (2026-07-07T00:00:00.000Z),USA,Belgium,2026-07-07T00:00:00.000Z,,Seattle Stadium,Adham Mohammad Tumah Makhadmeh,Full time,1,4,USA,Belgium,home,Adams,4,True,starting_xi,AM,2,1,1,4-1-2-3,6.0,6.0,0,72.0
4653845,usa-vs-belgium,https://www.fotmob.com/matches/usa-vs-belgium/1urw5j#4653845,USA vs Belgium (2026-07-07T00:00:00.000Z),USA,Belgium,2026-07-07T00:00:00.000Z,,Seattle Stadium,Adham Mohammad Tumah Makhadmeh,Full time,1,4,USA,Belgium,home,McKennie,8,True,starting_xi,AM,3,2,1,4-1-2-3,6.0,5.9,0,
4653845,usa-vs-belgium,https://www.fotmob.com/matches/usa-vs-belgium/1urw5j#4653845,USA vs Belgium (2026-07-07T00:00:00.000Z),USA,Belgium,2026-07-07T00:00:00.000Z,,Seattle Stadium,Adham Mohammad Tumah Makhadmeh,Full time,1,4,USA,Belgium,home,Tillman,17,True,starting_xi,AM,3,2,2,4-1-2-3,6.0,7.6,0,
4653845,usa-vs-belgium,https://www.fotmob.com/matches/usa-vs-belgium/1urw5j#4653845,USA vs Belgium (2026-07-07T00:00:00.000Z),USA,Belgium,2026-07-07T00:00:00.000Z,,Seattle Stadium,Adham Mohammad Tumah Makhadmeh,Full time,1,4,USA,Belgium,home,Dest,2,True,starting_xi,FWD,4,3,1,4-1-2-3,6.0,6.3,0,46.0
4653845,usa-vs-belgium,https://www.fotmob.com/matches/usa-vs-belgium/1urw5j#4653845,USA vs Belgium (2026-07-07T00:00:00.000Z),USA,Belgium,2026-07-07T00:00:00.000Z,,Seattle Stadium,Adham Mohammad Tumah Makhadmeh,Full time,1,4,USA,Belgium,home,Balogun,20,True,starting_xi,FWD,4,3,2,4-1-2-3,6.0,5.9,0,90.0
4653845,usa-vs-belgium,https://www.fotmob.com/matches/usa-vs-belgium/1urw5j#4653845,USA vs Belgium (2026-07-07T00:00:00.000Z),USA,Belgium,2026-07-07T00:00:00.000Z,,Seattle Stadium,Adham Mohammad Tumah Makhadmeh,Full time,1,4,USA,Belgium,home,Pulisic,10,True,starting_xi,FWD,4,3,3,4-1-2-3,6.0,6.0,0,59.0
4653845,usa-vs-belgium,https://www.fotmob.com/matches/usa-vs-belgium/1urw5j#4653845,USA vs Belgium (2026-07-07T00:00:00.000Z),USA,Belgium,2026-07-07T00:00:00.000Z,,Seattle Stadium,Adham Mohammad Tumah Makhadmeh,Full time,1,4,Belgium,USA,away,De Ketelaere,17,True,starting_xi,FWD,4,1,1,4-2-3-1,7.3,9.4,0,67.0
4653845,usa-vs-belgium,https://www.fotmob.com/matches/usa-vs-belgium/1urw5j#4653845,USA vs Belgium (2026-07-07T00:00:00.000Z),USA,Belgium,2026-07-07T00:00:00.000Z,,Seattle Stadium,Adham Mohammad Tumah Makhadmeh,Full time,1,4,Belgium,USA,away,Trossard,10,True,starting_xi,AM,3,3,1,4-2-3-1,7.3,7.4,0,89.0
4653845,usa-vs-belgium,https://www.fotmob.com/matches/usa-vs-belgium/1urw5j#4653845,USA vs Belgium (2026-07-07T00:00:00.000Z),USA,Belgium,2026-07-07T00:00:00.000Z,,Seattle Stadium,Adham Mohammad Tumah Makhadmeh,Full time,1,4,Belgium,USA,away,Tielemans,8,True,starting_xi,AM,3,3,2,4-2-3-1,7.3,7.2,0,
4653845,usa-vs-belgium,https://www.fotmob.com/matches/usa-vs-belgium/1urw5j#4653845,USA vs Belgium (2026-07-07T00:00:00.000Z),USA,Belgium,2026-07-07T00:00:00.000Z,,Seattle Stadium,Adham Mohammad Tumah Makhadmeh,Full time,1,4,Belgium,USA,away,Lukébakio,14,True,starting_xi,AM,3,3,3,4-2-3-1,7.3,7.2,0,67.0
4653845,usa-vs-belgium,https://www.fotmob.com/matches/usa-vs-belgium/1urw5j#4653845,USA vs Belgium (2026-07-07T00:00:00.000Z),USA,Belgium,2026-07-07T00:00:00.000Z,,Seattle Stadium,Adham Mohammad Tumah Makhadmeh,Full time,1,4,Belgium,USA,away,Raskin,23,True,starting_xi,AM,2,2,1,4-2-3-1,7.3,8.0,0,89.0
4653845,usa-vs-belgium,https://www.fotmob.com/matches/usa-vs-belgium/1urw5j#4653845,USA vs Belgium (2026-07-07T00:00:00.000Z),USA,Belgium,2026-07-07T00:00:00.000Z,,Seattle Stadium,Adham Mohammad Tumah Makhadmeh,Full time,1,4,Belgium,USA,away,Onana,24,True,starting_xi,AM,2,2,2,4-2-3-1,7.3,6.6,0,21.0
4653845,usa-vs-belgium,https://www.fotmob.com/matches/usa-vs-belgium/1urw5j#4653845,USA vs Belgium (2026-07-07T00:00:00.000Z),USA,Belgium,2026-07-07T00:00:00.000Z,,Seattle Stadium,Adham Mohammad Tumah Makhadmeh,Full time,1,4,Belgium,USA,away,De Cuyper,5,True,starting_xi,DEF,1,4,1,4-2-3-1,7.3,7.3,0,
4653845,usa-vs-belgium,https://www.fotmob.com/matches/usa-vs-belgium/1urw5j#4653845,USA vs Belgium (2026-07-07T00:00:00.000Z),USA,Belgium,2026-07-07T00:00:00.000Z,,Seattle Stadium,Adham Mohammad Tumah Makhadmeh,Full time,1,4,Belgium,USA,away,Mechele,4,True,starting_xi,DEF,1,4,2,4-2-3-1,7.3,6.7,0,
4653845,usa-vs-belgium,https://www.fotmob.com/matches/usa-vs-belgium/1urw5j#4653845,USA vs Belgium (2026-07-07T00:00:00.000Z),USA,Belgium,2026-07-07T00:00:00.000Z,,Seattle Stadium,Adham Mohammad Tumah Makhadmeh,Full time,1,4,Belgium,USA,away,Ngoy,25,True,starting_xi,DEF,1,4,3,4-2-3-1,7.3,7.1,0,
4653845,usa-vs-belgium,https://www.fotmob.com/matches/usa-vs-belgium/1urw5j#4653845,USA vs Belgium (2026-07-07T00:00:00.000Z),USA,Belgium,2026-07-07T00:00:00.000Z,,Seattle Stadium,Adham Mohammad Tumah Makhadmeh,Full time,1,4,Belgium,USA,away,Castagne,21,True,starting_xi,DEF,1,4,4,4-2-3-1,7.3,7.0,0,
4653845,usa-vs-belgium,https://www.fotmob.com/matches/usa-vs-belgium/1urw5j#4653845,USA vs Belgium (2026-07-07T00:00:00.000Z),USA,Belgium,2026-07-07T00:00:00.000Z,,Seattle Stadium,Adham Mohammad Tumah Makhadmeh,Full time,1,4,Belgium,USA,away,Courtois,1,True,starting_xi,GK,0,1,1,4-2-3-1,7.3,6.4,0,
4653848,argentina-vs-egypt,https://www.fotmob.com/matches/argentina-vs-egypt/2dn9n7#4653848,Argentina vs Egypt (2026-07-07T16:00:00.000Z),Argentina,Egypt,2026-07-07T16:00:00.000Z,,Atlanta Stadium,François Letexier,Full time,3,2,4-1-2-1-2,4-4-2,home,Martínez,23,True,starting_xi,GK,0,1,1,6.6,Argentina,5.8,0,
4653848,argentina-vs-egypt,https://www.fotmob.com/matches/argentina-vs-egypt/2dn9n7#4653848,Argentina vs Egypt (2026-07-07T16:00:00.000Z),Argentina,Egypt,2026-07-07T16:00:00.000Z,,Atlanta Stadium,François Letexier,Full time,3,2,4-1-2-1-2,4-4-2,home,Molina,26,True,starting_xi,DEF,1,6,1,6.6,Argentina,7.0,0,73.0
4653848,argentina-vs-egypt,https://www.fotmob.com/matches/argentina-vs-egypt/2dn9n7#4653848,Argentina vs Egypt (2026-07-07T16:00:00.000Z),Argentina,Egypt,2026-07-07T16:00:00.000Z,,Atlanta Stadium,François Letexier,Full time,3,2,4-1-2-1-2,4-4-2,home,Romero,13,True,starting_xi,DEF,1,6,2,6.6,Argentina,8.1,0,90.0
4653848,argentina-vs-egypt,https://www.fotmob.com/matches/argentina-vs-egypt/2dn9n7#4653848,Argentina vs Egypt (2026-07-07T16:00:00.000Z),Argentina,Egypt,2026-07-07T16:00:00.000Z,,Atlanta Stadium,François Letexier,Full time,3,2,4-1-2-1-2,4-4-2,home,Martínez,6,True,starting_xi,DEF,1,6,3,6.6,Argentina,7.6,0,
4653848,argentina-vs-egypt,https://www.fotmob.com/matches/argentina-vs-egypt/2dn9n7#4653848,Argentina vs Egypt (2026-07-07T16:00:00.000Z),Argentina,Egypt,2026-07-07T16:00:00.000Z,,Atlanta Stadium,François Letexier,Full time,3,2,4-1-2-1-2,4-4-2,home,Tagliafico,3,True,starting_xi,DEF,1,6,4,6.6,Argentina,7.0,0,66.0
4653848,argentina-vs-egypt,https://www.fotmob.com/matches/argentina-vs-egypt/2dn9n7#4653848,Argentina vs Egypt (2026-07-07T16:00:00.000Z),Argentina,Egypt,2026-07-07T16:00:00.000Z,,Atlanta Stadium,François Letexier,Full time,3,2,4-1-2-1-2,4-4-2,home,Paredes,5,True,starting_xi,DEF,1,6,5,6.6,Argentina,8.2,0,
4653848,argentina-vs-egypt,https://www.fotmob.com/matches/argentina-vs-egypt/2dn9n7#4653848,Argentina vs Egypt (2026-07-07T16:00:00.000Z),Argentina,Egypt,2026-07-07T16:00:00.000Z,,Atlanta Stadium,François Letexier,Full time,3,2,4-1-2-1-2,4-4-2,home,De Paul,7,True,starting_xi,DEF,1,6,6,6.6,Argentina,7.1,0,66.0
4653848,argentina-vs-egypt,https://www.fotmob.com/matches/argentina-vs-egypt/2dn9n7#4653848,Argentina vs Egypt (2026-07-07T16:00:00.000Z),Argentina,Egypt,2026-07-07T16:00:00.000Z,,Atlanta Stadium,François Letexier,Full time,3,2,4-1-2-1-2,4-4-2,home,Mac Allister,20,True,starting_xi,FWD,2,6,1,6.6,Argentina,7.0,0,
4653848,argentina-vs-egypt,https://www.fotmob.com/matches/argentina-vs-egypt/2dn9n7#4653848,Argentina vs Egypt (2026-07-07T16:00:00.000Z),Argentina,Egypt,2026-07-07T16:00:00.000Z,,Atlanta Stadium,François Letexier,Full time,3,2,4-1-2-1-2,4-4-2,home,Fernández,24,True,starting_xi,FWD,2,6,2,6.6,Argentina,8.2,0,
4653848,argentina-vs-egypt,https://www.fotmob.com/matches/argentina-vs-egypt/2dn9n7#4653848,Argentina vs Egypt (2026-07-07T16:00:00.000Z),Argentina,Egypt,2026-07-07T16:00:00.000Z,,Atlanta Stadium,François Letexier,Full time,3,2,4-1-2-1-2,4-4-2,home,Messi,10,True,starting_xi,FWD,2,6,3,6.6,Argentina,8.7,0,
4653848,argentina-vs-egypt,https://www.fotmob.com/matches/argentina-vs-egypt/2dn9n7#4653848,Argentina vs Egypt (2026-07-07T16:00:00.000Z),Argentina,Egypt,2026-07-07T16:00:00.000Z,,Atlanta Stadium,François Letexier,Full time,3,2,4-1-2-1-2,4-4-2,home,Álvarez,9,True,starting_xi,FWD,2,6,4,6.6,Argentina,6.8,0,90.0
4653848,argentina-vs-egypt,https://www.fotmob.com/matches/argentina-vs-egypt/2dn9n7#4653848,Argentina vs Egypt (2026-07-07T16:00:00.000Z),Argentina,Egypt,2026-07-07T16:00:00.000Z,,Atlanta Stadium,François Letexier,Full time,3,2,4-4-2,4-1-2-1-2,away,Ziko,11,True,starting_xi,GK,0,1,1,Season stats,Egypt,7.6,0,80.0
4653848,argentina-vs-egypt,https://www.fotmob.com/matches/argentina-vs-egypt/2dn9n7#4653848,Argentina vs Egypt (2026-07-07T16:00:00.000Z),Argentina,Egypt,2026-07-07T16:00:00.000Z,,Atlanta Stadium,François Letexier,Full time,3,2,4-4-2,4-1-2-1-2,away,Salah,10,True,starting_xi,GK,0,1,1,Season stats,Egypt,6.1,0,
4653848,argentina-vs-egypt,https://www.fotmob.com/matches/argentina-vs-egypt/2dn9n7#4653848,Argentina vs Egypt (2026-07-07T16:00:00.000Z),Argentina,Egypt,2026-07-07T16:00:00.000Z,,Atlanta Stadium,François Letexier,Full time,3,2,4-4-2,4-1-2-1-2,away,Ashour,8,True,starting_xi,GK,0,1,1,Season stats,Egypt,6.2,0,46.0
4653848,argentina-vs-egypt,https://www.fotmob.com/matches/argentina-vs-egypt/2dn9n7#4653848,Argentina vs Egypt (2026-07-07T16:00:00.000Z),Argentina,Egypt,2026-07-07T16:00:00.000Z,,Atlanta Stadium,François Letexier,Full time,3,2,4-4-2,4-1-2-1-2,away,Ateya,19,True,starting_xi,GK,0,1,1,Season stats,Egypt,7.3,0,
4653848,argentina-vs-egypt,https://www.fotmob.com/matches/argentina-vs-egypt/2dn9n7#4653848,Argentina vs Egypt (2026-07-07T16:00:00.000Z),Argentina,Egypt,2026-07-07T16:00:00.000Z,,Atlanta Stadium,François Letexier,Full time,3,2,4-4-2,4-1-2-1-2,away,Lasheen,17,True,starting_xi,GK,0,1,1,Season stats,Egypt,7.1,0,90.0
4653848,argentina-vs-egypt,https://www.fotmob.com/matches/argentina-vs-egypt/2dn9n7#4653848,Argentina vs Egypt (2026-07-07T16:00:00.000Z),Argentina,Egypt,2026-07-07T16:00:00.000Z,,Atlanta Stadium,François Letexier,Full time,3,2,4-4-2,4-1-2-1-2,away,Hassan,12,True,starting_xi,GK,0,1,1,Season stats,Egypt,7.2,0,73.0
4653848,argentina-vs-egypt,https://www.fotmob.com/matches/argentina-vs-egypt/2dn9n7#4653848,Argentina vs Egypt (2026-07-07T16:00:00.000Z),Argentina,Egypt,2026-07-07T16:00:00.000Z,,Atlanta Stadium,François Letexier,Full time,3,2,4-4-2,4-1-2-1-2,away,Hafez,15,True,starting_xi,GK,0,1,1,Season stats,Egypt,6.3,0,
4653848,argentina-vs-egypt,https://www.fotmob.com/matches/argentina-vs-egypt/2dn9n7#4653848,Argentina vs Egypt (2026-07-07T16:00:00.000Z),Argentina,Egypt,2026-07-07T16:00:00.000Z,,Atlanta Stadium,François Letexier,Full time,3,2,4-4-2,4-1-2-1-2,away,Rabia,5,True,starting_xi,GK,0,1,1,Season stats,Egypt,6.1,0,
4653848,argentina-vs-egypt,https://www.fotmob.com/matches/argentina-vs-egypt/2dn9n7#4653848,Argentina vs Egypt (2026-07-07T16:00:00.000Z),Argentina,Egypt,2026-07-07T16:00:00.000Z,,Atlanta Stadium,François Letexier,Full time,3,2,4-4-2,4-1-2-1-2,away,Ibrahim,2,True,starting_xi,GK,0,1,1,Season stats,Egypt,7.0,0,
4653848,argentina-vs-egypt,https://www.fotmob.com/matches/argentina-vs-egypt/2dn9n7#4653848,Argentina vs Egypt (2026-07-07T16:00:00.000Z),Argentina,Egypt,2026-07-07T16:00:00.000Z,,Atlanta Stadium,François Letexier,Full time,3,2,4-4-2,4-1-2-1-2,away,Hany,3,True,starting_xi,GK,0,1,1,Season stats,Egypt,5.6,0,
4653848,argentina-vs-egypt,https://www.fotmob.com/matches/argentina-vs-egypt/2dn9n7#4653848,Argentina vs Egypt (2026-07-07T16:00:00.000Z),Argentina,Egypt,2026-07-07T16:00:00.000Z,,Atlanta Stadium,François Letexier,Full time,3,2,4-4-2,4-1-2-1-2,away,Shobeir,23,True,starting_xi,GK,0,1,1,Season stats,Egypt,6.9,0,
4653849,switzerland-vs-colombia,https://www.fotmob.com/matches/switzerland-vs-colombia/1urkle#4653849,Switzerland vs Colombia (2026-07-07T20:00:00.000Z),Switzerland,Colombia,2026-07-07T20:00:00.000Z,,,,Pen: 4 - 3,0,0,4-3-3,4-3-3,home,Kobel,1,True,starting_xi,GK,0,1,1,6.9,Switzerland,8.6,0,
4653849,switzerland-vs-colombia,https://www.fotmob.com/matches/switzerland-vs-colombia/1urkle#4653849,Switzerland vs Colombia (2026-07-07T20:00:00.000Z),Switzerland,Colombia,2026-07-07T20:00:00.000Z,,,,Pen: 4 - 3,0,0,4-3-3,4-3-3,home,Zakaria,6,True,starting_xi,DEF,1,6,1,6.9,Switzerland,7.0,0,87.0
4653849,switzerland-vs-colombia,https://www.fotmob.com/matches/switzerland-vs-colombia/1urkle#4653849,Switzerland vs Colombia (2026-07-07T20:00:00.000Z),Switzerland,Colombia,2026-07-07T20:00:00.000Z,,,,Pen: 4 - 3,0,0,4-3-3,4-3-3,home,Elvedi,4,True,starting_xi,DEF,1,6,2,6.9,Switzerland,7.6,0,
4653849,switzerland-vs-colombia,https://www.fotmob.com/matches/switzerland-vs-colombia/1urkle#4653849,Switzerland vs Colombia (2026-07-07T20:00:00.000Z),Switzerland,Colombia,2026-07-07T20:00:00.000Z,,,,Pen: 4 - 3,0,0,4-3-3,4-3-3,home,Akanji,5,True,starting_xi,DEF,1,6,3,6.9,Switzerland,7.0,0,
4653849,switzerland-vs-colombia,https://www.fotmob.com/matches/switzerland-vs-colombia/1urkle#4653849,Switzerland vs Colombia (2026-07-07T20:00:00.000Z),Switzerland,Colombia,2026-07-07T20:00:00.000Z,,,,Pen: 4 - 3,0,0,4-3-3,4-3-3,home,Rodríguez,13,True,starting_xi,DEF,1,6,4,6.9,Switzerland,6.3,0,71.0
4653849,switzerland-vs-colombia,https://www.fotmob.com/matches/switzerland-vs-colombia/1urkle#4653849,Switzerland vs Colombia (2026-07-07T20:00:00.000Z),Switzerland,Colombia,2026-07-07T20:00:00.000Z,,,,Pen: 4 - 3,0,0,4-3-3,4-3-3,home,Freuler,8,True,starting_xi,DEF,1,6,5,6.9,Switzerland,7.2,0,
4653849,switzerland-vs-colombia,https://www.fotmob.com/matches/switzerland-vs-colombia/1urkle#4653849,Switzerland vs Colombia (2026-07-07T20:00:00.000Z),Switzerland,Colombia,2026-07-07T20:00:00.000Z,,,,Pen: 4 - 3,0,0,4-3-3,4-3-3,home,Xhaka,10,True,starting_xi,DEF,1,6,6,6.9,Switzerland,7.4,0,
4653849,switzerland-vs-colombia,https://www.fotmob.com/matches/switzerland-vs-colombia/1urkle#4653849,Switzerland vs Colombia (2026-07-07T20:00:00.000Z),Switzerland,Colombia,2026-07-07T20:00:00.000Z,,,,Pen: 4 - 3,0,0,4-3-3,4-3-3,home,Jashari,14,True,starting_xi,FWD,2,9,1,6.9,Switzerland,5.9,0,46.0
4653849,switzerland-vs-colombia,https://www.fotmob.com/matches/switzerland-vs-colombia/1urkle#4653849,Switzerland vs Colombia (2026-07-07T20:00:00.000Z),Switzerland,Colombia,2026-07-07T20:00:00.000Z,,,,Pen: 4 - 3,0,0,4-3-3,4-3-3,home,Rieder,22,True,starting_xi,FWD,2,9,2,6.9,Switzerland,6.4,0,103.0
4653849,switzerland-vs-colombia,https://www.fotmob.com/matches/switzerland-vs-colombia/1urkle#4653849,Switzerland vs Colombia (2026-07-07T20:00:00.000Z),Switzerland,Colombia,2026-07-07T20:00:00.000Z,,,,Pen: 4 - 3,0,0,4-3-3,4-3-3,home,Embolo,7,True,starting_xi,FWD,2,9,3,6.9,Switzerland,6.2,0,87.0
4653849,switzerland-vs-colombia,https://www.fotmob.com/matches/switzerland-vs-colombia/1urkle#4653849,Switzerland vs Colombia (2026-07-07T20:00:00.000Z),Switzerland,Colombia,2026-07-07T20:00:00.000Z,,,,Pen: 4 - 3,0,0,4-3-3,4-3-3,home,Ndoye,11,True,starting_xi,FWD,2,9,4,6.9,Switzerland,7.5,0,90.0
4653849,switzerland-vs-colombia,https://www.fotmob.com/matches/switzerland-vs-colombia/1urkle#4653849,Switzerland vs Colombia (2026-07-07T20:00:00.000Z),Switzerland,Colombia,2026-07-07T20:00:00.000Z,,,,Pen: 4 - 3,0,0,4-3-3,4-3-3,away,Luis Diaz,7,True,starting_xi,GK,0,1,1,Season stats,Colombia,7.0,0,
4653849,switzerland-vs-colombia,https://www.fotmob.com/matches/switzerland-vs-colombia/1urkle#4653849,Switzerland vs Colombia (2026-07-07T20:00:00.000Z),Switzerland,Colombia,2026-07-07T20:00:00.000Z,,,,Pen: 4 - 3,0,0,4-3-3,4-3-3,away,Suárez,25,True,starting_xi,GK,0,1,1,Season stats,Colombia,6.0,0,82.0
4653849,switzerland-vs-colombia,https://www.fotmob.com/matches/switzerland-vs-colombia/1urkle#4653849,Switzerland vs Colombia (2026-07-07T20:00:00.000Z),Switzerland,Colombia,2026-07-07T20:00:00.000Z,,,,Pen: 4 - 3,0,0,4-3-3,4-3-3,away,Rodríguez,10,True,starting_xi,GK,0,1,1,Season stats,Colombia,6.7,0,66.0
4653849,switzerland-vs-colombia,https://www.fotmob.com/matches/switzerland-vs-colombia/1urkle#4653849,Switzerland vs Colombia (2026-07-07T20:00:00.000Z),Switzerland,Colombia,2026-07-07T20:00:00.000Z,,,,Pen: 4 - 3,0,0,4-3-3,4-3-3,away,Puerta,14,True,starting_xi,GK,0,1,1,Season stats,Colombia,7.0,0,
4653849,switzerland-vs-colombia,https://www.fotmob.com/matches/switzerland-vs-colombia/1urkle#4653849,Switzerland vs Colombia (2026-07-07T20:00:00.000Z),Switzerland,Colombia,2026-07-07T20:00:00.000Z,,,,Pen: 4 - 3,0,0,4-3-3,4-3-3,away,Lerma,16,True,starting_xi,GK,0,1,1,Season stats,Colombia,7.3,0,82.0
4653849,switzerland-vs-colombia,https://www.fotmob.com/matches/switzerland-vs-colombia/1urkle#4653849,Switzerland vs Colombia (2026-07-07T20:00:00.000Z),Switzerland,Colombia,2026-07-07T20:00:00.000Z,,,,Pen: 4 - 3,0,0,4-3-3,4-3-3,away,Arias,11,True,starting_xi,GK,0,1,1,Season stats,Colombia,7.2,0,66.0
4653849,switzerland-vs-colombia,https://www.fotmob.com/matches/switzerland-vs-colombia/1urkle#4653849,Switzerland vs Colombia (2026-07-07T20:00:00.000Z),Switzerland,Colombia,2026-07-07T20:00:00.000Z,,,,Pen: 4 - 3,0,0,4-3-3,4-3-3,away,Mojica,17,True,starting_xi,GK,0,1,1,Season stats,Colombia,7.4,0,
4653849,switzerland-vs-colombia,https://www.fotmob.com/matches/switzerland-vs-colombia/1urkle#4653849,Switzerland vs Colombia (2026-07-07T20:00:00.000Z),Switzerland,Colombia,2026-07-07T20:00:00.000Z,,,,Pen: 4 - 3,0,0,4-3-3,4-3-3,away,Lucumí,3,True,starting_xi,GK,0,1,1,Season stats,Colombia,7.6,0,118.0
4653849,switzerland-vs-colombia,https://www.fotmob.com/matches/switzerland-vs-colombia/1urkle#4653849,Switzerland vs Colombia (2026-07-07T20:00:00.000Z),Switzerland,Colombia,2026-07-07T20:00:00.000Z,,,,Pen: 4 - 3,0,0,4-3-3,4-3-3,away,Sánchez,23,True,starting_xi,GK,0,1,1,Season stats,Colombia,7.4,0,
4653849,switzerland-vs-colombia,https://www.fotmob.com/matches/switzerland-vs-colombia/1urkle#4653849,Switzerland vs Colombia (2026-07-07T20:00:00.000Z),Switzerland,Colombia,2026-07-07T20:00:00.000Z,,,,Pen: 4 - 3,0,0,4-3-3,4-3-3,away,Muñoz,2,True,starting_xi,GK,0,1,1,Season stats,Colombia,6.6,0,
4653849,switzerland-vs-colombia,https://www.fotmob.com/matches/switzerland-vs-colombia/1urkle#4653849,Switzerland vs Colombia (2026-07-07T20:00:00.000Z),Switzerland,Colombia,2026-07-07T20:00:00.000Z,,,,Pen: 4 - 3,0,0,4-3-3,4-3-3,away,Vargas,12,True,starting_xi,GK,0,1,1,Season stats,Colombia,7.4,0,
4653851,morocco-vs-france,https://www.fotmob.com/matches/morocco-vs-france/1e78fs#4653851,France vs Morocco (2026-07-09T20:00:00.000Z),France,Morocco,2026-07-09T20:00:00.000Z,,Boston Stadium,Facundo Raúl Tello Figueroa,Full time,2,0,4-2-3-1,4-2-3-1,home,Maignan,16,True,starting_xi,GK,0,1,1,6.3,France,7.5,0,
4653851,morocco-vs-france,https://www.fotmob.com/matches/morocco-vs-france/1e78fs#4653851,France vs Morocco (2026-07-09T20:00:00.000Z),France,Morocco,2026-07-09T20:00:00.000Z,,Boston Stadium,Facundo Raúl Tello Figueroa,Full time,2,0,4-2-3-1,4-2-3-1,home,Koundé,5,True,starting_xi,DEF,1,6,1,6.3,France,7.5,0,87.0
4653851,morocco-vs-france,https://www.fotmob.com/matches/morocco-vs-france/1e78fs#4653851,France vs Morocco (2026-07-09T20:00:00.000Z),France,Morocco,2026-07-09T20:00:00.000Z,,Boston Stadium,Facundo Raúl Tello Figueroa,Full time,2,0,4-2-3-1,4-2-3-1,home,Upamecano,4,True,starting_xi,DEF,1,6,2,6.3,France,7.4,0,
4653851,morocco-vs-france,https://www.fotmob.com/matches/morocco-vs-france/1e78fs#4653851,France vs Morocco (2026-07-09T20:00:00.000Z),France,Morocco,2026-07-09T20:00:00.000Z,,Boston Stadium,Facundo Raúl Tello Figueroa,Full time,2,0,4-2-3-1,4-2-3-1,home,Saliba,17,True,starting_xi,DEF,1,6,3,6.3,France,7.3,0,
4653851,morocco-vs-france,https://www.fotmob.com/matches/morocco-vs-france/1e78fs#4653851,France vs Morocco (2026-07-09T20:00:00.000Z),France,Morocco,2026-07-09T20:00:00.000Z,,Boston Stadium,Facundo Raúl Tello Figueroa,Full time,2,0,4-2-3-1,4-2-3-1,home,Digne,3,True,starting_xi,DEF,1,6,4,6.3,France,7.8,0,
4653851,morocco-vs-france,https://www.fotmob.com/matches/morocco-vs-france/1e78fs#4653851,France vs Morocco (2026-07-09T20:00:00.000Z),France,Morocco,2026-07-09T20:00:00.000Z,,Boston Stadium,Facundo Raúl Tello Figueroa,Full time,2,0,4-2-3-1,4-2-3-1,home,Koné,6,True,starting_xi,DEF,1,6,5,6.3,France,7.6,0,71.0
4653851,morocco-vs-france,https://www.fotmob.com/matches/morocco-vs-france/1e78fs#4653851,France vs Morocco (2026-07-09T20:00:00.000Z),France,Morocco,2026-07-09T20:00:00.000Z,,Boston Stadium,Facundo Raúl Tello Figueroa,Full time,2,0,4-2-3-1,4-2-3-1,home,Rabiot,14,True,starting_xi,DEF,1,6,6,6.3,France,7.7,0,
4653851,morocco-vs-france,https://www.fotmob.com/matches/morocco-vs-france/1e78fs#4653851,France vs Morocco (2026-07-09T20:00:00.000Z),France,Morocco,2026-07-09T20:00:00.000Z,,Boston Stadium,Facundo Raúl Tello Figueroa,Full time,2,0,4-2-3-1,4-2-3-1,home,Dembélé,7,True,starting_xi,FWD,2,3,1,6.3,France,8.3,0,
4653851,morocco-vs-france,https://www.fotmob.com/matches/morocco-vs-france/1e78fs#4653851,France vs Morocco (2026-07-09T20:00:00.000Z),France,Morocco,2026-07-09T20:00:00.000Z,,Boston Stadium,Facundo Raúl Tello Figueroa,Full time,2,0,4-2-3-1,4-2-3-1,home,Olise,11,True,starting_xi,FWD,2,3,2,6.3,France,7.7,0,
4653851,morocco-vs-france,https://www.fotmob.com/matches/morocco-vs-france/1e78fs#4653851,France vs Morocco (2026-07-09T20:00:00.000Z),France,Morocco,2026-07-09T20:00:00.000Z,,Boston Stadium,Facundo Raúl Tello Figueroa,Full time,2,0,4-2-3-1,4-2-3-1,home,Doué,20,True,starting_xi,FWD,2,3,3,6.3,France,8.4,0,77.0
4653851,morocco-vs-france,https://www.fotmob.com/matches/morocco-vs-france/1e78fs#4653851,France vs Morocco (2026-07-09T20:00:00.000Z),France,Morocco,2026-07-09T20:00:00.000Z,,Boston Stadium,Facundo Raúl Tello Figueroa,Full time,2,0,4-2-3-1,4-2-3-1,home,Mbappé,10,True,starting_xi,FWD,2,3,3,6.3,France,8.6,0,77.0
4653851,morocco-vs-france,https://www.fotmob.com/matches/morocco-vs-france/1e78fs#4653851,France vs Morocco (2026-07-09T20:00:00.000Z),France,Morocco,2026-07-09T20:00:00.000Z,,Boston Stadium,Facundo Raúl Tello Figueroa,Full time,2,0,4-2-3-1,4-2-3-1,away,El Khannouss,23,True,starting_xi,GK,0,1,1,Season stats,Morocco,6.5,0,62.0
4653851,morocco-vs-france,https://www.fotmob.com/matches/morocco-vs-france/1e78fs#4653851,France vs Morocco (2026-07-09T20:00:00.000Z),France,Morocco,2026-07-09T20:00:00.000Z,,Boston Stadium,Facundo Raúl Tello Figueroa,Full time,2,0,4-2-3-1,4-2-3-1,away,Talbi,7,True,starting_xi,GK,0,1,1,Season stats,Morocco,6.2,0,85.0
4653851,morocco-vs-france,https://www.fotmob.com/matches/morocco-vs-france/1e78fs#4653851,France vs Morocco (2026-07-09T20:00:00.000Z),France,Morocco,2026-07-09T20:00:00.000Z,,Boston Stadium,Facundo Raúl Tello Figueroa,Full time,2,0,4-2-3-1,4-2-3-1,away,Ounahi,8,True,starting_xi,GK,0,1,1,Season stats,Morocco,6.7,0,
4653851,morocco-vs-france,https://www.fotmob.com/matches/morocco-vs-france/1e78fs#4653851,France vs Morocco (2026-07-09T20:00:00.000Z),France,Morocco,2026-07-09T20:00:00.000Z,,Boston Stadium,Facundo Raúl Tello Figueroa,Full time,2,0,4-2-3-1,4-2-3-1,away,Brahim Díaz,10,True,starting_xi,GK,0,1,1,Season stats,Morocco,6.8,0,74.0
4653851,morocco-vs-france,https://www.fotmob.com/matches/morocco-vs-france/1e78fs#4653851,France vs Morocco (2026-07-09T20:00:00.000Z),France,Morocco,2026-07-09T20:00:00.000Z,,Boston Stadium,Facundo Raúl Tello Figueroa,Full time,2,0,4-2-3-1,4-2-3-1,away,El Aynaoui,24,True,starting_xi,GK,0,1,1,Season stats,Morocco,5.9,0,
4653851,morocco-vs-france,https://www.fotmob.com/matches/morocco-vs-france/1e78fs#4653851,France vs Morocco (2026-07-09T20:00:00.000Z),France,Morocco,2026-07-09T20:00:00.000Z,,Boston Stadium,Facundo Raúl Tello Figueroa,Full time,2,0,4-2-3-1,4-2-3-1,away,Bouaddi,6,True,starting_xi,GK,0,1,1,Season stats,Morocco,6.0,0,62.0
4653851,morocco-vs-france,https://www.fotmob.com/matches/morocco-vs-france/1e78fs#4653851,France vs Morocco (2026-07-09T20:00:00.000Z),France,Morocco,2026-07-09T20:00:00.000Z,,Boston Stadium,Facundo Raúl Tello Figueroa,Full time,2,0,4-2-3-1,4-2-3-1,away,Salah-Eddine,26,True,starting_xi,GK,0,1,1,Season stats,Morocco,6.2,0,74.0
4653851,morocco-vs-france,https://www.fotmob.com/matches/morocco-vs-france/1e78fs#4653851,France vs Morocco (2026-07-09T20:00:00.000Z),France,Morocco,2026-07-09T20:00:00.000Z,,Boston Stadium,Facundo Raúl Tello Figueroa,Full time,2,0,4-2-3-1,4-2-3-1,away,Mazraoui,3,True,starting_xi,GK,0,1,1,Season stats,Morocco,5.5,0,
4653851,morocco-vs-france,https://www.fotmob.com/matches/morocco-vs-france/1e78fs#4653851,France vs Morocco (2026-07-09T20:00:00.000Z),France,Morocco,2026-07-09T20:00:00.000Z,,Boston Stadium,Facundo Raúl Tello Figueroa,Full time,2,0,4-2-3-1,4-2-3-1,away,Diop,14,True,starting_xi,GK,0,1,1,Season stats,Morocco,5.9,0,
4653851,morocco-vs-france,https://www.fotmob.com/matches/morocco-vs-france/1e78fs#4653851,France vs Morocco (2026-07-09T20:00:00.000Z),France,Morocco,2026-07-09T20:00:00.000Z,,Boston Stadium,Facundo Raúl Tello Figueroa,Full time,2,0,4-2-3-1,4-2-3-1,away,Hakimi,2,True,starting_xi,GK,0,1,1,Season stats,Morocco,6.6,0,
4653851,morocco-vs-france,https://www.fotmob.com/matches/morocco-vs-france/1e78fs#4653851,France vs Morocco (2026-07-09T20:00:00.000Z),France,Morocco,2026-07-09T20:00:00.000Z,,Boston Stadium,Facundo Raúl Tello Figueroa,Full time,2,0,4-2-3-1,4-2-3-1,away,Bono,1,True,starting_xi,GK,0,1,1,Season stats,Morocco,7.7,0,
4653843,canada-vs-morocco,https://www.fotmob.com/matches/canada-vs-morocco/17e1pm#4653843,Canada vs Morocco (2026-07-04T17:00:00.000Z),Canada,Morocco,2026-07-04T17:00:00.000Z,,Houston Stadium,Michael Oliver,Full time,0,3,Canada,Morocco,home,Crépeau,16,True,starting_xi,GK,0,1,1,4-4-2,6.1,5.2,0,
4653843,canada-vs-morocco,https://www.fotmob.com/matches/canada-vs-morocco/17e1pm#4653843,Canada vs Morocco (2026-07-04T17:00:00.000Z),Canada,Morocco,2026-07-04T17:00:00.000Z,,Houston Stadium,Michael Oliver,Full time,0,3,Canada,Morocco,home,Johnston,2,True,starting_xi,DEF,1,4,1,4-4-2,6.1,5.5,0,
4653843,canada-vs-morocco,https://www.fotmob.com/matches/canada-vs-morocco/17e1pm#4653843,Canada vs Morocco (2026-07-04T17:00:00.000Z),Canada,Morocco,2026-07-04T17:00:00.000Z,,Houston Stadium,Michael Oliver,Full time,0,3,Canada,Morocco,home,Bombito,15,True,starting_xi,DEF,1,4,2,4-4-2,6.1,5.0,0,
4653843,canada-vs-morocco,https://www.fotmob.com/matches/canada-vs-morocco/17e1pm#4653843,Canada vs Morocco (2026-07-04T17:00:00.000Z),Canada,Morocco,2026-07-04T17:00:00.000Z,,Houston Stadium,Michael Oliver,Full time,0,3,Canada,Morocco,home,De Fougerolles,4,True,starting_xi,DEF,1,4,3,4-4-2,6.1,5.9,0,
4653843,canada-vs-morocco,https://www.fotmob.com/matches/canada-vs-morocco/17e1pm#4653843,Canada vs Morocco (2026-07-04T17:00:00.000Z),Canada,Morocco,2026-07-04T17:00:00.000Z,,Houston Stadium,Michael Oliver,Full time,0,3,Canada,Morocco,home,Laryea,22,True,starting_xi,DEF,1,4,4,4-4-2,6.1,6.5,0,78.0
4653843,canada-vs-morocco,https://www.fotmob.com/matches/canada-vs-morocco/17e1pm#4653843,Canada vs Morocco (2026-07-04T17:00:00.000Z),Canada,Morocco,2026-07-04T17:00:00.000Z,,Houston Stadium,Michael Oliver,Full time,0,3,Canada,Morocco,home,Buchanan,17,True,starting_xi,AM,2,4,1,4-4-2,6.1,5.8,0,87.0
4653843,canada-vs-morocco,https://www.fotmob.com/matches/canada-vs-morocco/17e1pm#4653843,Canada vs Morocco (2026-07-04T17:00:00.000Z),Canada,Morocco,2026-07-04T17:00:00.000Z,,Houston Stadium,Michael Oliver,Full time,0,3,Canada,Morocco,home,Sigur,23,True,starting_xi,AM,2,4,2,4-4-2,6.1,6.5,0,87.0
4653843,canada-vs-morocco,https://www.fotmob.com/matches/canada-vs-morocco/17e1pm#4653843,Canada vs Morocco (2026-07-04T17:00:00.000Z),Canada,Morocco,2026-07-04T17:00:00.000Z,,Houston Stadium,Michael Oliver,Full time,0,3,Canada,Morocco,home,Eustaquio,7,True,starting_xi,AM,2,4,3,4-4-2,6.1,7.3,0,
4653843,canada-vs-morocco,https://www.fotmob.com/matches/canada-vs-morocco/17e1pm#4653843,Canada vs Morocco (2026-07-04T17:00:00.000Z),Canada,Morocco,2026-07-04T17:00:00.000Z,,Houston Stadium,Michael Oliver,Full time,0,3,Canada,Morocco,home,Ahmed,20,True,starting_xi,AM,2,4,4,4-4-2,6.1,6.8,0,78.0
4653843,canada-vs-morocco,https://www.fotmob.com/matches/canada-vs-morocco/17e1pm#4653843,Canada vs Morocco (2026-07-04T17:00:00.000Z),Canada,Morocco,2026-07-04T17:00:00.000Z,,Houston Stadium,Michael Oliver,Full time,0,3,Canada,Morocco,home,David,10,True,starting_xi,FWD,3,2,1,4-4-2,6.1,6.1,0,
4653843,canada-vs-morocco,https://www.fotmob.com/matches/canada-vs-morocco/17e1pm#4653843,Canada vs Morocco (2026-07-04T17:00:00.000Z),Canada,Morocco,2026-07-04T17:00:00.000Z,,Houston Stadium,Michael Oliver,Full time,0,3,Canada,Morocco,home,Oluwaseyi,12,True,starting_xi,FWD,3,2,2,4-4-2,6.1,6.6,0,63.0
4653843,canada-vs-morocco,https://www.fotmob.com/matches/canada-vs-morocco/17e1pm#4653843,Canada vs Morocco (2026-07-04T17:00:00.000Z),Canada,Morocco,2026-07-04T17:00:00.000Z,,Houston Stadium,Michael Oliver,Full time,0,3,Morocco,Canada,away,Saibari,11,True,starting_xi,FWD,4,1,1,4-2-3-1,7.4,6.4,0,22.0
4653843,canada-vs-morocco,https://www.fotmob.com/matches/canada-vs-morocco/17e1pm#4653843,Canada vs Morocco (2026-07-04T17:00:00.000Z),Canada,Morocco,2026-07-04T17:00:00.000Z,,Houston Stadium,Michael Oliver,Full time,0,3,Morocco,Canada,away,El Khannouss,23,True,starting_xi,AM,3,3,1,4-2-3-1,7.4,6.9,0,63.0
4653843,canada-vs-morocco,https://www.fotmob.com/matches/canada-vs-morocco/17e1pm#4653843,Canada vs Morocco (2026-07-04T17:00:00.000Z),Canada,Morocco,2026-07-04T17:00:00.000Z,,Houston Stadium,Michael Oliver,Full time,0,3,Morocco,Canada,away,Ounahi,8,True,starting_xi,AM,3,3,2,4-2-3-1,7.4,8.9,0,87.0
4653843,canada-vs-morocco,https://www.fotmob.com/matches/canada-vs-morocco/17e1pm#4653843,Canada vs Morocco (2026-07-04T17:00:00.000Z),Canada,Morocco,2026-07-04T17:00:00.000Z,,Houston Stadium,Michael Oliver,Full time,0,3,Morocco,Canada,away,Brahim Díaz,10,True,starting_xi,AM,3,3,3,4-2-3-1,7.4,8.3,0,
4653843,canada-vs-morocco,https://www.fotmob.com/matches/canada-vs-morocco/17e1pm#4653843,Canada vs Morocco (2026-07-04T17:00:00.000Z),Canada,Morocco,2026-07-04T17:00:00.000Z,,Houston Stadium,Michael Oliver,Full time,0,3,Morocco,Canada,away,Bouaddi,6,True,starting_xi,AM,2,2,1,4-2-3-1,7.4,7.0,0,63.0
4653843,canada-vs-morocco,https://www.fotmob.com/matches/canada-vs-morocco/17e1pm#4653843,Canada vs Morocco (2026-07-04T17:00:00.000Z),Canada,Morocco,2026-07-04T17:00:00.000Z,,Houston Stadium,Michael Oliver,Full time,0,3,Morocco,Canada,away,El Aynaoui,24,True,starting_xi,AM,2,2,2,4-2-3-1,7.4,6.6,0,
4653843,canada-vs-morocco,https://www.fotmob.com/matches/canada-vs-morocco/17e1pm#4653843,Canada vs Morocco (2026-07-04T17:00:00.000Z),Canada,Morocco,2026-07-04T17:00:00.000Z,,Houston Stadium,Michael Oliver,Full time,0,3,Morocco,Canada,away,Mazraoui,3,True,starting_xi,DEF,1,4,1,4-2-3-1,7.4,8.0,0,
4653843,canada-vs-morocco,https://www.fotmob.com/matches/canada-vs-morocco/17e1pm#4653843,Canada vs Morocco (2026-07-04T17:00:00.000Z),Canada,Morocco,2026-07-04T17:00:00.000Z,,Houston Stadium,Michael Oliver,Full time,0,3,Morocco,Canada,away,Halhal,25,True,starting_xi,DEF,1,4,2,4-2-3-1,7.4,7.1,0,
4653843,canada-vs-morocco,https://www.fotmob.com/matches/canada-vs-morocco/17e1pm#4653843,Canada vs Morocco (2026-07-04T17:00:00.000Z),Canada,Morocco,2026-07-04T17:00:00.000Z,,Houston Stadium,Michael Oliver,Full time,0,3,Morocco,Canada,away,Diop,14,True,starting_xi,DEF,1,4,3,4-2-3-1,7.4,7.4,0,87.0
4653843,canada-vs-morocco,https://www.fotmob.com/matches/canada-vs-morocco/17e1pm#4653843,Canada vs Morocco (2026-07-04T17:00:00.000Z),Canada,Morocco,2026-07-04T17:00:00.000Z,,Houston Stadium,Michael Oliver,Full time,0,3,Morocco,Canada,away,Hakimi,2,True,starting_xi,DEF,1,4,4,4-2-3-1,7.4,8.0,0,
4653843,canada-vs-morocco,https://www.fotmob.com/matches/canada-vs-morocco/17e1pm#4653843,Canada vs Morocco (2026-07-04T17:00:00.000Z),Canada,Morocco,2026-07-04T17:00:00.000Z,,Houston Stadium,Michael Oliver,Full time,0,3,Morocco,Canada,away,Bono,1,True,starting_xi,GK,0,1,1,4-2-3-1,7.4,8.3,0,
4653842,france-vs-paraguay,https://www.fotmob.com/matches/france-vs-paraguay/1hu3vk#4653842,Paraguay vs France (2026-07-04T21:00:00.000Z),Paraguay,France,2026-07-04T21:00:00.000Z,,Philadelphia Stadium,Ilgiz Tantashev,Full time,0,1,Paraguay,France,home,Gill,12,True,starting_xi,GK,0,1,1,5-4-1,6.6,7.7,0,
4653842,france-vs-paraguay,https://www.fotmob.com/matches/france-vs-paraguay/1hu3vk#4653842,Paraguay vs France (2026-07-04T21:00:00.000Z),Paraguay,France,2026-07-04T21:00:00.000Z,,Philadelphia Stadium,Ilgiz Tantashev,Full time,0,1,Paraguay,France,home,Velázquez,2,True,starting_xi,DEF,1,5,1,5-4-1,6.6,6.6,0,
4653842,france-vs-paraguay,https://www.fotmob.com/matches/france-vs-paraguay/1hu3vk#4653842,Paraguay vs France (2026-07-04T21:00:00.000Z),Paraguay,France,2026-07-04T21:00:00.000Z,,Philadelphia Stadium,Ilgiz Tantashev,Full time,0,1,Paraguay,France,home,Gómez,15,True,starting_xi,DEF,1,5,2,5-4-1,6.6,6.7,0,
4653842,france-vs-paraguay,https://www.fotmob.com/matches/france-vs-paraguay/1hu3vk#4653842,Paraguay vs France (2026-07-04T21:00:00.000Z),Paraguay,France,2026-07-04T21:00:00.000Z,,Philadelphia Stadium,Ilgiz Tantashev,Full time,0,1,Paraguay,France,home,Alderete,3,True,starting_xi,DEF,1,5,3,5-4-1,6.6,6.2,0,58.0
4653842,france-vs-paraguay,https://www.fotmob.com/matches/france-vs-paraguay/1hu3vk#4653842,Paraguay vs France (2026-07-04T21:00:00.000Z),Paraguay,France,2026-07-04T21:00:00.000Z,,Philadelphia Stadium,Ilgiz Tantashev,Full time,0,1,Paraguay,France,home,Cáceres,4,True,starting_xi,DEF,1,5,4,5-4-1,6.6,7.3,0,
4653842,france-vs-paraguay,https://www.fotmob.com/matches/france-vs-paraguay/1hu3vk#4653842,Paraguay vs France (2026-07-04T21:00:00.000Z),Paraguay,France,2026-07-04T21:00:00.000Z,,Philadelphia Stadium,Ilgiz Tantashev,Full time,0,1,Paraguay,France,home,Alonso,6,True,starting_xi,DEF,1,5,5,5-4-1,6.6,7.0,0,
4653842,france-vs-paraguay,https://www.fotmob.com/matches/france-vs-paraguay/1hu3vk#4653842,Paraguay vs France (2026-07-04T21:00:00.000Z),Paraguay,France,2026-07-04T21:00:00.000Z,,Philadelphia Stadium,Ilgiz Tantashev,Full time,0,1,Paraguay,France,home,Almirón,10,True,starting_xi,AM,2,4,1,5-4-1,6.6,6.5,0,71.0
4653842,france-vs-paraguay,https://www.fotmob.com/matches/france-vs-paraguay/1hu3vk#4653842,Paraguay vs France (2026-07-04T21:00:00.000Z),Paraguay,France,2026-07-04T21:00:00.000Z,,Philadelphia Stadium,Ilgiz Tantashev,Full time,0,1,Paraguay,France,home,Gómez,8,True,starting_xi,AM,2,4,2,5-4-1,6.6,6.4,0,71.0
4653842,france-vs-paraguay,https://www.fotmob.com/matches/france-vs-paraguay/1hu3vk#4653842,Paraguay vs France (2026-07-04T21:00:00.000Z),Paraguay,France,2026-07-04T21:00:00.000Z,,Philadelphia Stadium,Ilgiz Tantashev,Full time,0,1,Paraguay,France,home,Cubas,14,True,starting_xi,AM,2,4,3,5-4-1,6.6,7.3,0,
4653842,france-vs-paraguay,https://www.fotmob.com/matches/france-vs-paraguay/1hu3vk#4653842,Paraguay vs France (2026-07-04T21:00:00.000Z),Paraguay,France,2026-07-04T21:00:00.000Z,,Philadelphia Stadium,Ilgiz Tantashev,Full time,0,1,Paraguay,France,home,Galarza,23,True,starting_xi,AM,2,4,4,5-4-1,6.6,6.9,0,
4653842,france-vs-paraguay,https://www.fotmob.com/matches/france-vs-paraguay/1hu3vk#4653842,Paraguay vs France (2026-07-04T21:00:00.000Z),Paraguay,France,2026-07-04T21:00:00.000Z,,Philadelphia Stadium,Ilgiz Tantashev,Full time,0,1,Paraguay,France,home,Enciso,19,True,starting_xi,FWD,3,1,1,5-4-1,6.6,5.9,0,61.0
4653842,france-vs-paraguay,https://www.fotmob.com/matches/france-vs-paraguay/1hu3vk#4653842,Paraguay vs France (2026-07-04T21:00:00.000Z),Paraguay,France,2026-07-04T21:00:00.000Z,,Philadelphia Stadium,Ilgiz Tantashev,Full time,0,1,France,Paraguay,away,Mbappé,10,True,starting_xi,FWD,4,1,1,4-2-3-1,7.5,8.2,0,
4653842,france-vs-paraguay,https://www.fotmob.com/matches/france-vs-paraguay/1hu3vk#4653842,Paraguay vs France (2026-07-04T21:00:00.000Z),Paraguay,France,2026-07-04T21:00:00.000Z,,Philadelphia Stadium,Ilgiz Tantashev,Full time,0,1,France,Paraguay,away,Barcola,12,True,starting_xi,AM,3,3,1,4-2-3-1,7.5,7.0,0,61.0
4653842,france-vs-paraguay,https://www.fotmob.com/matches/france-vs-paraguay/1hu3vk#4653842,Paraguay vs France (2026-07-04T21:00:00.000Z),Paraguay,France,2026-07-04T21:00:00.000Z,,Philadelphia Stadium,Ilgiz Tantashev,Full time,0,1,France,Paraguay,away,Olise,11,True,starting_xi,AM,3,3,2,4-2-3-1,7.5,7.2,0,
4653842,france-vs-paraguay,https://www.fotmob.com/matches/france-vs-paraguay/1hu3vk#4653842,Paraguay vs France (2026-07-04T21:00:00.000Z),Paraguay,France,2026-07-04T21:00:00.000Z,,Philadelphia Stadium,Ilgiz Tantashev,Full time,0,1,France,Paraguay,away,Dembélé,7,True,starting_xi,AM,3,3,3,4-2-3-1,7.5,6.7,0,84.0
4653842,france-vs-paraguay,https://www.fotmob.com/matches/france-vs-paraguay/1hu3vk#4653842,Paraguay vs France (2026-07-04T21:00:00.000Z),Paraguay,France,2026-07-04T21:00:00.000Z,,Philadelphia Stadium,Ilgiz Tantashev,Full time,0,1,France,Paraguay,away,Rabiot,14,True,starting_xi,AM,2,2,1,4-2-3-1,7.5,7.2,0,
4653842,france-vs-paraguay,https://www.fotmob.com/matches/france-vs-paraguay/1hu3vk#4653842,Paraguay vs France (2026-07-04T21:00:00.000Z),Paraguay,France,2026-07-04T21:00:00.000Z,,Philadelphia Stadium,Ilgiz Tantashev,Full time,0,1,France,Paraguay,away,Koné,6,True,starting_xi,AM,2,2,2,4-2-3-1,7.5,7.7,0,
4653842,france-vs-paraguay,https://www.fotmob.com/matches/france-vs-paraguay/1hu3vk#4653842,Paraguay vs France (2026-07-04T21:00:00.000Z),Paraguay,France,2026-07-04T21:00:00.000Z,,Philadelphia Stadium,Ilgiz Tantashev,Full time,0,1,France,Paraguay,away,Digne,3,True,starting_xi,DEF,1,4,1,4-2-3-1,7.5,7.8,0,
4653842,france-vs-paraguay,https://www.fotmob.com/matches/france-vs-paraguay/1hu3vk#4653842,Paraguay vs France (2026-07-04T21:00:00.000Z),Paraguay,France,2026-07-04T21:00:00.000Z,,Philadelphia Stadium,Ilgiz Tantashev,Full time,0,1,France,Paraguay,away,Saliba,17,True,starting_xi,DEF,1,4,2,4-2-3-1,7.5,7.5,0,
4653842,france-vs-paraguay,https://www.fotmob.com/matches/france-vs-paraguay/1hu3vk#4653842,Paraguay vs France (2026-07-04T21:00:00.000Z),Paraguay,France,2026-07-04T21:00:00.000Z,,Philadelphia Stadium,Ilgiz Tantashev,Full time,0,1,France,Paraguay,away,Upamecano,4,True,starting_xi,DEF,1,4,3,4-2-3-1,7.5,8.3,0,
4653842,france-vs-paraguay,https://www.fotmob.com/matches/france-vs-paraguay/1hu3vk#4653842,Paraguay vs France (2026-07-04T21:00:00.000Z),Paraguay,France,2026-07-04T21:00:00.000Z,,Philadelphia Stadium,Ilgiz Tantashev,Full time,0,1,France,Paraguay,away,Koundé,5,True,starting_xi,DEF,1,4,4,4-2-3-1,7.5,7.5,0,
4653842,france-vs-paraguay,https://www.fotmob.com/matches/france-vs-paraguay/1hu3vk#4653842,Paraguay vs France (2026-07-04T21:00:00.000Z),Paraguay,France,2026-07-04T21:00:00.000Z,,Philadelphia Stadium,Ilgiz Tantashev,Full time,0,1,France,Paraguay,away,Maignan,16,True,starting_xi,GK,0,1,1,4-2-3-1,7.5,7.7,0,
4653715,cape-verde-vs-argentina,https://www.fotmob.com/matches/cape-verde-vs-argentina/1b81pp#4653715,Argentina vs Cape Verde (2026-07-03T22:00:00.000Z),Argentina,Cape Verde,2026-07-03T22:00:00.000Z,,Miami Stadium,Drew Thomas Fischer,After extra time,3,2,Argentina,Cape Verde,home,Martínez,23,True,starting_xi,GK,0,1,1,4-4-2,7.1,6.2,0,
4653715,cape-verde-vs-argentina,https://www.fotmob.com/matches/cape-verde-vs-argentina/1b81pp#4653715,Argentina vs Cape Verde (2026-07-03T22:00:00.000Z),Argentina,Cape Verde,2026-07-03T22:00:00.000Z,,Miami Stadium,Drew Thomas Fischer,After extra time,3,2,Argentina,Cape Verde,home,Molina,26,True,starting_xi,DEF,1,4,1,4-4-2,7.1,6.3,0,104.0
4653715,cape-verde-vs-argentina,https://www.fotmob.com/matches/cape-verde-vs-argentina/1b81pp#4653715,Argentina vs Cape Verde (2026-07-03T22:00:00.000Z),Argentina,Cape Verde,2026-07-03T22:00:00.000Z,,Miami Stadium,Drew Thomas Fischer,After extra time,3,2,Argentina,Cape Verde,home,Romero,13,True,starting_xi,DEF,1,4,2,4-4-2,7.1,7.5,0,
4653715,cape-verde-vs-argentina,https://www.fotmob.com/matches/cape-verde-vs-argentina/1b81pp#4653715,Argentina vs Cape Verde (2026-07-03T22:00:00.000Z),Argentina,Cape Verde,2026-07-03T22:00:00.000Z,,Miami Stadium,Drew Thomas Fischer,After extra time,3,2,Argentina,Cape Verde,home,Martínez,6,True,starting_xi,DEF,1,4,3,4-4-2,7.1,8.7,0,
4653715,cape-verde-vs-argentina,https://www.fotmob.com/matches/cape-verde-vs-argentina/1b81pp#4653715,Argentina vs Cape Verde (2026-07-03T22:00:00.000Z),Argentina,Cape Verde,2026-07-03T22:00:00.000Z,,Miami Stadium,Drew Thomas Fischer,After extra time,3,2,Argentina,Cape Verde,home,Medina,25,True,starting_xi,DEF,1,4,4,4-4-2,7.1,7.4,0,85.0
4653715,cape-verde-vs-argentina,https://www.fotmob.com/matches/cape-verde-vs-argentina/1b81pp#4653715,Argentina vs Cape Verde (2026-07-03T22:00:00.000Z),Argentina,Cape Verde,2026-07-03T22:00:00.000Z,,Miami Stadium,Drew Thomas Fischer,After extra time,3,2,Argentina,Cape Verde,home,De Paul,7,True,starting_xi,AM,2,4,1,4-4-2,7.1,7.0,0,84.0
4653715,cape-verde-vs-argentina,https://www.fotmob.com/matches/cape-verde-vs-argentina/1b81pp#4653715,Argentina vs Cape Verde (2026-07-03T22:00:00.000Z),Argentina,Cape Verde,2026-07-03T22:00:00.000Z,,Miami Stadium,Drew Thomas Fischer,After extra time,3,2,Argentina,Cape Verde,home,Mac Allister,20,True,starting_xi,AM,2,4,2,4-4-2,7.1,8.2,0,
4653715,cape-verde-vs-argentina,https://www.fotmob.com/matches/cape-verde-vs-argentina/1b81pp#4653715,Argentina vs Cape Verde (2026-07-03T22:00:00.000Z),Argentina,Cape Verde,2026-07-03T22:00:00.000Z,,Miami Stadium,Drew Thomas Fischer,After extra time,3,2,Argentina,Cape Verde,home,Fernández,24,True,starting_xi,AM,2,4,3,4-4-2,7.1,7.7,0,
4653715,cape-verde-vs-argentina,https://www.fotmob.com/matches/cape-verde-vs-argentina/1b81pp#4653715,Argentina vs Cape Verde (2026-07-03T22:00:00.000Z),Argentina,Cape Verde,2026-07-03T22:00:00.000Z,,Miami Stadium,Drew Thomas Fischer,After extra time,3,2,Argentina,Cape Verde,home,Almada,16,True,starting_xi,AM,2,4,4,4-4-2,7.1,6.9,0,63.0
4653715,cape-verde-vs-argentina,https://www.fotmob.com/matches/cape-verde-vs-argentina/1b81pp#4653715,Argentina vs Cape Verde (2026-07-03T22:00:00.000Z),Argentina,Cape Verde,2026-07-03T22:00:00.000Z,,Miami Stadium,Drew Thomas Fischer,After extra time,3,2,Argentina,Cape Verde,home,Messi,10,True,starting_xi,FWD,3,2,1,4-4-2,7.1,8.7,0,
4653715,cape-verde-vs-argentina,https://www.fotmob.com/matches/cape-verde-vs-argentina/1b81pp#4653715,Argentina vs Cape Verde (2026-07-03T22:00:00.000Z),Argentina,Cape Verde,2026-07-03T22:00:00.000Z,,Miami Stadium,Drew Thomas Fischer,After extra time,3,2,Argentina,Cape Verde,home,Martínez,22,True,starting_xi,FWD,3,2,2,4-4-2,7.1,6.1,0,63.0
4653715,cape-verde-vs-argentina,https://www.fotmob.com/matches/cape-verde-vs-argentina/1b81pp#4653715,Argentina vs Cape Verde (2026-07-03T22:00:00.000Z),Argentina,Cape Verde,2026-07-03T22:00:00.000Z,,Miami Stadium,Drew Thomas Fischer,After extra time,3,2,Cape Verde,Argentina,away,da Costa,21,True,starting_xi,FWD,4,1,1,4-1-4-1,6.6,6.0,0,67.0
4653715,cape-verde-vs-argentina,https://www.fotmob.com/matches/cape-verde-vs-argentina/1b81pp#4653715,Argentina vs Cape Verde (2026-07-03T22:00:00.000Z),Argentina,Cape Verde,2026-07-03T22:00:00.000Z,,Miami Stadium,Drew Thomas Fischer,After extra time,3,2,Cape Verde,Argentina,away,Cabral,7,True,starting_xi,AM,3,4,1,4-1-4-1,6.6,6.6,0,80.0
4653715,cape-verde-vs-argentina,https://www.fotmob.com/matches/cape-verde-vs-argentina/1b81pp#4653715,Argentina vs Cape Verde (2026-07-03T22:00:00.000Z),Argentina,Cape Verde,2026-07-03T22:00:00.000Z,,Miami Stadium,Drew Thomas Fischer,After extra time,3,2,Cape Verde,Argentina,away,Duarte,14,True,starting_xi,AM,3,4,2,4-1-4-1,6.6,7.5,0,100.0
4653715,cape-verde-vs-argentina,https://www.fotmob.com/matches/cape-verde-vs-argentina/1b81pp#4653715,Argentina vs Cape Verde (2026-07-03T22:00:00.000Z),Argentina,Cape Verde,2026-07-03T22:00:00.000Z,,Miami Stadium,Drew Thomas Fischer,After extra time,3,2,Cape Verde,Argentina,away,Duarte,15,True,starting_xi,AM,3,4,3,4-1-4-1,6.6,6.4,0,67.0
4653715,cape-verde-vs-argentina,https://www.fotmob.com/matches/cape-verde-vs-argentina/1b81pp#4653715,Argentina vs Cape Verde (2026-07-03T22:00:00.000Z),Argentina,Cape Verde,2026-07-03T22:00:00.000Z,,Miami Stadium,Drew Thomas Fischer,After extra time,3,2,Cape Verde,Argentina,away,Mendes,20,True,starting_xi,AM,3,4,4,4-1-4-1,6.6,6.8,0,80.0
4653715,cape-verde-vs-argentina,https://www.fotmob.com/matches/cape-verde-vs-argentina/1b81pp#4653715,Argentina vs Cape Verde (2026-07-03T22:00:00.000Z),Argentina,Cape Verde,2026-07-03T22:00:00.000Z,,Miami Stadium,Drew Thomas Fischer,After extra time,3,2,Cape Verde,Argentina,away,Pina,6,True,starting_xi,AM,2,1,1,4-1-4-1,6.6,7.3,0,100.0
4653715,cape-verde-vs-argentina,https://www.fotmob.com/matches/cape-verde-vs-argentina/1b81pp#4653715,Argentina vs Cape Verde (2026-07-03T22:00:00.000Z),Argentina,Cape Verde,2026-07-03T22:00:00.000Z,,Miami Stadium,Drew Thomas Fischer,After extra time,3,2,Cape Verde,Argentina,away,Cabral,13,True,starting_xi,DEF,1,4,1,4-1-4-1,6.6,7.1,0,
4653715,cape-verde-vs-argentina,https://www.fotmob.com/matches/cape-verde-vs-argentina/1b81pp#4653715,Argentina vs Cape Verde (2026-07-03T22:00:00.000Z),Argentina,Cape Verde,2026-07-03T22:00:00.000Z,,Miami Stadium,Drew Thomas Fischer,After extra time,3,2,Cape Verde,Argentina,away,Borges,3,True,starting_xi,DEF,1,4,2,4-1-4-1,6.6,5.8,0,
4653715,cape-verde-vs-argentina,https://www.fotmob.com/matches/cape-verde-vs-argentina/1b81pp#4653715,Argentina vs Cape Verde (2026-07-03T22:00:00.000Z),Argentina,Cape Verde,2026-07-03T22:00:00.000Z,,Miami Stadium,Drew Thomas Fischer,After extra time,3,2,Cape Verde,Argentina,away,Lopes,4,True,starting_xi,DEF,1,4,3,4-1-4-1,6.6,6.3,0,
4653715,cape-verde-vs-argentina,https://www.fotmob.com/matches/cape-verde-vs-argentina/1b81pp#4653715,Argentina vs Cape Verde (2026-07-03T22:00:00.000Z),Argentina,Cape Verde,2026-07-03T22:00:00.000Z,,Miami Stadium,Drew Thomas Fischer,After extra time,3,2,Cape Verde,Argentina,away,Moreira,22,True,starting_xi,DEF,1,4,4,4-1-4-1,6.6,6.2,0,
4653715,cape-verde-vs-argentina,https://www.fotmob.com/matches/cape-verde-vs-argentina/1b81pp#4653715,Argentina vs Cape Verde (2026-07-03T22:00:00.000Z),Argentina,Cape Verde,2026-07-03T22:00:00.000Z,,Miami Stadium,Drew Thomas Fischer,After extra time,3,2,Cape Verde,Argentina,away,Vozinha,1,True,starting_xi,GK,0,1,1,4-1-4-1,6.6,7.7,0,
4653716,australia-vs-egypt,https://www.fotmob.com/matches/australia-vs-egypt/2dqwke#4653716,Australia vs Egypt (2026-07-03T18:00:00.000Z),Australia,Egypt,2026-07-03T18:00:00.000Z,,Dallas Stadium,Gustavo Adrian Tejera Capo,Pen: 2 - 4,1,1,Australia,Egypt,home,Beach,18,True,starting_xi,GK,0,1,1,5-4-1,6.7,6.7,0,119.0
4653716,australia-vs-egypt,https://www.fotmob.com/matches/australia-vs-egypt/2dqwke#4653716,Australia vs Egypt (2026-07-03T18:00:00.000Z),Australia,Egypt,2026-07-03T18:00:00.000Z,,Dallas Stadium,Gustavo Adrian Tejera Capo,Pen: 2 - 4,1,1,Australia,Egypt,home,Circati,3,True,starting_xi,DEF,1,5,1,5-4-1,6.7,7.3,0,
4653716,australia-vs-egypt,https://www.fotmob.com/matches/australia-vs-egypt/2dqwke#4653716,Australia vs Egypt (2026-07-03T18:00:00.000Z),Australia,Egypt,2026-07-03T18:00:00.000Z,,Dallas Stadium,Gustavo Adrian Tejera Capo,Pen: 2 - 4,1,1,Australia,Egypt,home,Souttar,19,True,starting_xi,DEF,1,5,2,5-4-1,6.7,7.2,0,
4653716,australia-vs-egypt,https://www.fotmob.com/matches/australia-vs-egypt/2dqwke#4653716,Australia vs Egypt (2026-07-03T18:00:00.000Z),Australia,Egypt,2026-07-03T18:00:00.000Z,,Dallas Stadium,Gustavo Adrian Tejera Capo,Pen: 2 - 4,1,1,Australia,Egypt,home,Herrington,25,True,starting_xi,DEF,1,5,3,5-4-1,6.7,6.6,0,
4653716,australia-vs-egypt,https://www.fotmob.com/matches/australia-vs-egypt/2dqwke#4653716,Australia vs Egypt (2026-07-03T18:00:00.000Z),Australia,Egypt,2026-07-03T18:00:00.000Z,,Dallas Stadium,Gustavo Adrian Tejera Capo,Pen: 2 - 4,1,1,Australia,Egypt,home,Bos,5,True,starting_xi,DEF,1,5,4,5-4-1,6.7,6.0,0,46.0
4653716,australia-vs-egypt,https://www.fotmob.com/matches/australia-vs-egypt/2dqwke#4653716,Australia vs Egypt (2026-07-03T18:00:00.000Z),Australia,Egypt,2026-07-03T18:00:00.000Z,,Dallas Stadium,Gustavo Adrian Tejera Capo,Pen: 2 - 4,1,1,Australia,Egypt,home,Behich,16,True,starting_xi,DEF,1,5,5,5-4-1,6.7,7.1,0,
4653716,australia-vs-egypt,https://www.fotmob.com/matches/australia-vs-egypt/2dqwke#4653716,Australia vs Egypt (2026-07-03T18:00:00.000Z),Australia,Egypt,2026-07-03T18:00:00.000Z,,Dallas Stadium,Gustavo Adrian Tejera Capo,Pen: 2 - 4,1,1,Australia,Egypt,home,Volpato,20,True,starting_xi,AM,2,4,1,5-4-1,6.7,7.4,0,74.0
4653716,australia-vs-egypt,https://www.fotmob.com/matches/australia-vs-egypt/2dqwke#4653716,Australia vs Egypt (2026-07-03T18:00:00.000Z),Australia,Egypt,2026-07-03T18:00:00.000Z,,Dallas Stadium,Gustavo Adrian Tejera Capo,Pen: 2 - 4,1,1,Australia,Egypt,home,Irvine,22,True,starting_xi,AM,2,4,2,5-4-1,6.7,7.6,0,
4653716,australia-vs-egypt,https://www.fotmob.com/matches/australia-vs-egypt/2dqwke#4653716,Australia vs Egypt (2026-07-03T18:00:00.000Z),Australia,Egypt,2026-07-03T18:00:00.000Z,,Dallas Stadium,Gustavo Adrian Tejera Capo,Pen: 2 - 4,1,1,Australia,Egypt,home,O'Neill,13,True,starting_xi,AM,2,4,3,5-4-1,6.7,7.0,0,91.0
4653716,australia-vs-egypt,https://www.fotmob.com/matches/australia-vs-egypt/2dqwke#4653716,Australia vs Egypt (2026-07-03T18:00:00.000Z),Australia,Egypt,2026-07-03T18:00:00.000Z,,Dallas Stadium,Gustavo Adrian Tejera Capo,Pen: 2 - 4,1,1,Australia,Egypt,home,Metcalfe,8,True,starting_xi,AM,2,4,4,5-4-1,6.7,6.6,0,91.0
4653716,australia-vs-egypt,https://www.fotmob.com/matches/australia-vs-egypt/2dqwke#4653716,Australia vs Egypt (2026-07-03T18:00:00.000Z),Australia,Egypt,2026-07-03T18:00:00.000Z,,Dallas Stadium,Gustavo Adrian Tejera Capo,Pen: 2 - 4,1,1,Australia,Egypt,home,Irankunda,17,True,starting_xi,FWD,3,1,1,5-4-1,6.7,6.8,0,74.0
4653716,australia-vs-egypt,https://www.fotmob.com/matches/australia-vs-egypt/2dqwke#4653716,Australia vs Egypt (2026-07-03T18:00:00.000Z),Australia,Egypt,2026-07-03T18:00:00.000Z,,Dallas Stadium,Gustavo Adrian Tejera Capo,Pen: 2 - 4,1,1,Egypt,Australia,away,Ziko,11,True,starting_xi,FWD,4,1,1,4-2-3-1,6.9,6.4,0,67.0
4653716,australia-vs-egypt,https://www.fotmob.com/matches/australia-vs-egypt/2dqwke#4653716,Australia vs Egypt (2026-07-03T18:00:00.000Z),Australia,Egypt,2026-07-03T18:00:00.000Z,,Dallas Stadium,Gustavo Adrian Tejera Capo,Pen: 2 - 4,1,1,Egypt,Australia,away,Marmoush,22,True,starting_xi,AM,3,3,1,4-2-3-1,6.9,6.5,0,106.0
4653716,australia-vs-egypt,https://www.fotmob.com/matches/australia-vs-egypt/2dqwke#4653716,Australia vs Egypt (2026-07-03T18:00:00.000Z),Australia,Egypt,2026-07-03T18:00:00.000Z,,Dallas Stadium,Gustavo Adrian Tejera Capo,Pen: 2 - 4,1,1,Egypt,Australia,away,Salah,10,True,starting_xi,AM,3,3,2,4-2-3-1,6.9,8.1,0,
4653716,australia-vs-egypt,https://www.fotmob.com/matches/australia-vs-egypt/2dqwke#4653716,Australia vs Egypt (2026-07-03T18:00:00.000Z),Australia,Egypt,2026-07-03T18:00:00.000Z,,Dallas Stadium,Gustavo Adrian Tejera Capo,Pen: 2 - 4,1,1,Egypt,Australia,away,Ashour,8,True,starting_xi,AM,3,3,3,4-2-3-1,6.9,8.0,0,
4653716,australia-vs-egypt,https://www.fotmob.com/matches/australia-vs-egypt/2dqwke#4653716,Australia vs Egypt (2026-07-03T18:00:00.000Z),Australia,Egypt,2026-07-03T18:00:00.000Z,,Dallas Stadium,Gustavo Adrian Tejera Capo,Pen: 2 - 4,1,1,Egypt,Australia,away,Ateya,19,True,starting_xi,AM,2,2,1,4-2-3-1,6.9,7.9,0,120.0
4653716,australia-vs-egypt,https://www.fotmob.com/matches/australia-vs-egypt/2dqwke#4653716,Australia vs Egypt (2026-07-03T18:00:00.000Z),Australia,Egypt,2026-07-03T18:00:00.000Z,,Dallas Stadium,Gustavo Adrian Tejera Capo,Pen: 2 - 4,1,1,Egypt,Australia,away,Fathi,14,True,starting_xi,AM,2,2,2,4-2-3-1,6.9,6.6,0,67.0
4653716,australia-vs-egypt,https://www.fotmob.com/matches/australia-vs-egypt/2dqwke#4653716,Australia vs Egypt (2026-07-03T18:00:00.000Z),Australia,Egypt,2026-07-03T18:00:00.000Z,,Dallas Stadium,Gustavo Adrian Tejera Capo,Pen: 2 - 4,1,1,Egypt,Australia,away,Hafez,15,True,starting_xi,DEF,1,4,1,4-2-3-1,6.9,7.8,0,80.0
4653716,australia-vs-egypt,https://www.fotmob.com/matches/australia-vs-egypt/2dqwke#4653716,Australia vs Egypt (2026-07-03T18:00:00.000Z),Australia,Egypt,2026-07-03T18:00:00.000Z,,Dallas Stadium,Gustavo Adrian Tejera Capo,Pen: 2 - 4,1,1,Egypt,Australia,away,Rabia,5,True,starting_xi,DEF,1,4,2,4-2-3-1,6.9,7.3,0,
4653716,australia-vs-egypt,https://www.fotmob.com/matches/australia-vs-egypt/2dqwke#4653716,Australia vs Egypt (2026-07-03T18:00:00.000Z),Australia,Egypt,2026-07-03T18:00:00.000Z,,Dallas Stadium,Gustavo Adrian Tejera Capo,Pen: 2 - 4,1,1,Egypt,Australia,away,Ibrahim,2,True,starting_xi,DEF,1,4,3,4-2-3-1,6.9,6.9,0,
4653716,australia-vs-egypt,https://www.fotmob.com/matches/australia-vs-egypt/2dqwke#4653716,Australia vs Egypt (2026-07-03T18:00:00.000Z),Australia,Egypt,2026-07-03T18:00:00.000Z,,Dallas Stadium,Gustavo Adrian Tejera Capo,Pen: 2 - 4,1,1,Egypt,Australia,away,Hany,3,True,starting_xi,DEF,1,4,4,4-2-3-1,6.9,6.2,0,
4653716,australia-vs-egypt,https://www.fotmob.com/matches/australia-vs-egypt/2dqwke#4653716,Australia vs Egypt (2026-07-03T18:00:00.000Z),Australia,Egypt,2026-07-03T18:00:00.000Z,,Dallas Stadium,Gustavo Adrian Tejera Capo,Pen: 2 - 4,1,1,Egypt,Australia,away,Shobeir,23,True,starting_xi,GK,0,1,1,4-2-3-1,6.9,6.9,0,
4653718,ghana-vs-colombia,https://www.fotmob.com/matches/ghana-vs-colombia/1uqlxk#4653718,Colombia vs Ghana (2026-07-04T01:30:00.000Z),Colombia,Ghana,2026-07-04T01:30:00.000Z,,Kansas City Stadium,Clément Turpin,Full time,1,0,Colombia,Ghana,home,Vargas,12,True,starting_xi,GK,0,1,1,4-3-3,7.2,6.9,0,
4653718,ghana-vs-colombia,https://www.fotmob.com/matches/ghana-vs-colombia/1uqlxk#4653718,Colombia vs Ghana (2026-07-04T01:30:00.000Z),Colombia,Ghana,2026-07-04T01:30:00.000Z,,Kansas City Stadium,Clément Turpin,Full time,1,0,Colombia,Ghana,home,Muñoz,2,True,starting_xi,DEF,1,4,1,4-3-3,7.2,7.5,0,
4653718,ghana-vs-colombia,https://www.fotmob.com/matches/ghana-vs-colombia/1uqlxk#4653718,Colombia vs Ghana (2026-07-04T01:30:00.000Z),Colombia,Ghana,2026-07-04T01:30:00.000Z,,Kansas City Stadium,Clément Turpin,Full time,1,0,Colombia,Ghana,home,Sánchez,23,True,starting_xi,DEF,1,4,2,4-3-3,7.2,7.9,0,
4653718,ghana-vs-colombia,https://www.fotmob.com/matches/ghana-vs-colombia/1uqlxk#4653718,Colombia vs Ghana (2026-07-04T01:30:00.000Z),Colombia,Ghana,2026-07-04T01:30:00.000Z,,Kansas City Stadium,Clément Turpin,Full time,1,0,Colombia,Ghana,home,Lucumí,3,True,starting_xi,DEF,1,4,3,4-3-3,7.2,7.7,0,
4653718,ghana-vs-colombia,https://www.fotmob.com/matches/ghana-vs-colombia/1uqlxk#4653718,Colombia vs Ghana (2026-07-04T01:30:00.000Z),Colombia,Ghana,2026-07-04T01:30:00.000Z,,Kansas City Stadium,Clément Turpin,Full time,1,0,Colombia,Ghana,home,Mojica,17,True,starting_xi,DEF,1,4,4,4-3-3,7.2,7.5,0,
4653718,ghana-vs-colombia,https://www.fotmob.com/matches/ghana-vs-colombia/1uqlxk#4653718,Colombia vs Ghana (2026-07-04T01:30:00.000Z),Colombia,Ghana,2026-07-04T01:30:00.000Z,,Kansas City Stadium,Clément Turpin,Full time,1,0,Colombia,Ghana,home,Puerta,14,True,starting_xi,AM,2,3,1,4-3-3,7.2,7.5,0,
4653718,ghana-vs-colombia,https://www.fotmob.com/matches/ghana-vs-colombia/1uqlxk#4653718,Colombia vs Ghana (2026-07-04T01:30:00.000Z),Colombia,Ghana,2026-07-04T01:30:00.000Z,,Kansas City Stadium,Clément Turpin,Full time,1,0,Colombia,Ghana,home,Lerma,16,True,starting_xi,AM,2,3,2,4-3-3,7.2,6.9,0,
4653718,ghana-vs-colombia,https://www.fotmob.com/matches/ghana-vs-colombia/1uqlxk#4653718,Colombia vs Ghana (2026-07-04T01:30:00.000Z),Colombia,Ghana,2026-07-04T01:30:00.000Z,,Kansas City Stadium,Clément Turpin,Full time,1,0,Colombia,Ghana,home,Arias,11,True,starting_xi,AM,2,3,3,4-3-3,7.2,8.3,0,72.0
4653718,ghana-vs-colombia,https://www.fotmob.com/matches/ghana-vs-colombia/1uqlxk#4653718,Colombia vs Ghana (2026-07-04T01:30:00.000Z),Colombia,Ghana,2026-07-04T01:30:00.000Z,,Kansas City Stadium,Clément Turpin,Full time,1,0,Colombia,Ghana,home,Rodríguez,10,True,starting_xi,FWD,3,3,1,4-3-3,7.2,6.3,0,46.0
4653718,ghana-vs-colombia,https://www.fotmob.com/matches/ghana-vs-colombia/1uqlxk#4653718,Colombia vs Ghana (2026-07-04T01:30:00.000Z),Colombia,Ghana,2026-07-04T01:30:00.000Z,,Kansas City Stadium,Clément Turpin,Full time,1,0,Colombia,Ghana,home,Córdoba,9,True,starting_xi,FWD,3,3,2,4-3-3,7.2,,0,8.0
4653718,ghana-vs-colombia,https://www.fotmob.com/matches/ghana-vs-colombia/1uqlxk#4653718,Colombia vs Ghana (2026-07-04T01:30:00.000Z),Colombia,Ghana,2026-07-04T01:30:00.000Z,,Kansas City Stadium,Clément Turpin,Full time,1,0,Colombia,Ghana,home,Luis Diaz,7,True,starting_xi,FWD,3,3,3,4-3-3,7.2,6.4,0,90.0
4653718,ghana-vs-colombia,https://www.fotmob.com/matches/ghana-vs-colombia/1uqlxk#4653718,Colombia vs Ghana (2026-07-04T01:30:00.000Z),Colombia,Ghana,2026-07-04T01:30:00.000Z,,Kansas City Stadium,Clément Turpin,Full time,1,0,Ghana,Colombia,away,Semenyo,11,True,starting_xi,FWD,4,3,1,4-1-2-3,6.5,6.6,0,
4653718,ghana-vs-colombia,https://www.fotmob.com/matches/ghana-vs-colombia/1uqlxk#4653718,Colombia vs Ghana (2026-07-04T01:30:00.000Z),Colombia,Ghana,2026-07-04T01:30:00.000Z,,Kansas City Stadium,Clément Turpin,Full time,1,0,Ghana,Colombia,away,Ayew,9,True,starting_xi,FWD,4,3,2,4-1-2-3,6.5,6.2,0,79.0
4653718,ghana-vs-colombia,https://www.fotmob.com/matches/ghana-vs-colombia/1uqlxk#4653718,Colombia vs Ghana (2026-07-04T01:30:00.000Z),Colombia,Ghana,2026-07-04T01:30:00.000Z,,Kansas City Stadium,Clément Turpin,Full time,1,0,Ghana,Colombia,away,Williams,19,True,starting_xi,FWD,4,3,3,4-1-2-3,6.5,6.0,0,62.0
4653718,ghana-vs-colombia,https://www.fotmob.com/matches/ghana-vs-colombia/1uqlxk#4653718,Colombia vs Ghana (2026-07-04T01:30:00.000Z),Colombia,Ghana,2026-07-04T01:30:00.000Z,,Kansas City Stadium,Clément Turpin,Full time,1,0,Ghana,Colombia,away,Sibo,8,True,starting_xi,AM,3,2,1,4-1-2-3,6.5,5.8,0,62.0
4653718,ghana-vs-colombia,https://www.fotmob.com/matches/ghana-vs-colombia/1uqlxk#4653718,Colombia vs Ghana (2026-07-04T01:30:00.000Z),Colombia,Ghana,2026-07-04T01:30:00.000Z,,Kansas City Stadium,Clément Turpin,Full time,1,0,Ghana,Colombia,away,Yirenkyi,3,True,starting_xi,AM,3,2,2,4-1-2-3,6.5,5.9,0,79.0
4653718,ghana-vs-colombia,https://www.fotmob.com/matches/ghana-vs-colombia/1uqlxk#4653718,Colombia vs Ghana (2026-07-04T01:30:00.000Z),Colombia,Ghana,2026-07-04T01:30:00.000Z,,Kansas City Stadium,Clément Turpin,Full time,1,0,Ghana,Colombia,away,Partey,5,True,starting_xi,AM,2,1,1,4-1-2-3,6.5,6.8,0,
4653718,ghana-vs-colombia,https://www.fotmob.com/matches/ghana-vs-colombia/1uqlxk#4653718,Colombia vs Ghana (2026-07-04T01:30:00.000Z),Colombia,Ghana,2026-07-04T01:30:00.000Z,,Kansas City Stadium,Clément Turpin,Full time,1,0,Ghana,Colombia,away,Mensah,14,True,starting_xi,DEF,1,4,1,4-1-2-3,6.5,7.2,0,
4653718,ghana-vs-colombia,https://www.fotmob.com/matches/ghana-vs-colombia/1uqlxk#4653718,Colombia vs Ghana (2026-07-04T01:30:00.000Z),Colombia,Ghana,2026-07-04T01:30:00.000Z,,Kansas City Stadium,Clément Turpin,Full time,1,0,Ghana,Colombia,away,Opoku,18,True,starting_xi,DEF,1,4,2,4-1-2-3,6.5,6.7,0,
4653718,ghana-vs-colombia,https://www.fotmob.com/matches/ghana-vs-colombia/1uqlxk#4653718,Colombia vs Ghana (2026-07-04T01:30:00.000Z),Colombia,Ghana,2026-07-04T01:30:00.000Z,,Kansas City Stadium,Clément Turpin,Full time,1,0,Ghana,Colombia,away,Luckassen,23,True,starting_xi,DEF,1,4,3,4-1-2-3,6.5,6.7,0,
4653718,ghana-vs-colombia,https://www.fotmob.com/matches/ghana-vs-colombia/1uqlxk#4653718,Colombia vs Ghana (2026-07-04T01:30:00.000Z),Colombia,Ghana,2026-07-04T01:30:00.000Z,,Kansas City Stadium,Clément Turpin,Full time,1,0,Ghana,Colombia,away,Senaya,26,True,starting_xi,DEF,1,4,4,4-1-2-3,6.5,6.4,0,13.0
4653718,ghana-vs-colombia,https://www.fotmob.com/matches/ghana-vs-colombia/1uqlxk#4653718,Colombia vs Ghana (2026-07-04T01:30:00.000Z),Colombia,Ghana,2026-07-04T01:30:00.000Z,,Kansas City Stadium,Clément Turpin,Full time,1,0,Ghana,Colombia,away,Ati-Zigi,1,True,starting_xi,GK,0,1,1,4-1-2-3,6.5,8.2,0,
4653843,canada-vs-morocco,https://www.fotmob.com/matches/canada-vs-morocco/17e1pm#4653843,Canada vs Morocco (2026-07-04T17:00:00.000Z),Canada,Morocco,2026-07-04T17:00:00.000Z,,Houston Stadium,Michael Oliver,Full time,0,3,Canada,Morocco,home,Crépeau,16,True,starting_xi,GK,0,1,1,4-4-2,6.1,5.2,0,
4653843,canada-vs-morocco,https://www.fotmob.com/matches/canada-vs-morocco/17e1pm#4653843,Canada vs Morocco (2026-07-04T17:00:00.000Z),Canada,Morocco,2026-07-04T17:00:00.000Z,,Houston Stadium,Michael Oliver,Full time,0,3,Canada,Morocco,home,Johnston,2,True,starting_xi,DEF,1,4,1,4-4-2,6.1,5.5,0,
4653843,canada-vs-morocco,https://www.fotmob.com/matches/canada-vs-morocco/17e1pm#4653843,Canada vs Morocco (2026-07-04T17:00:00.000Z),Canada,Morocco,2026-07-04T17:00:00.000Z,,Houston Stadium,Michael Oliver,Full time,0,3,Canada,Morocco,home,Bombito,15,True,starting_xi,DEF,1,4,2,4-4-2,6.1,5.0,0,
4653843,canada-vs-morocco,https://www.fotmob.com/matches/canada-vs-morocco/17e1pm#4653843,Canada vs Morocco (2026-07-04T17:00:00.000Z),Canada,Morocco,2026-07-04T17:00:00.000Z,,Houston Stadium,Michael Oliver,Full time,0,3,Canada,Morocco,home,De Fougerolles,4,True,starting_xi,DEF,1,4,3,4-4-2,6.1,5.9,0,
4653843,canada-vs-morocco,https://www.fotmob.com/matches/canada-vs-morocco/17e1pm#4653843,Canada vs Morocco (2026-07-04T17:00:00.000Z),Canada,Morocco,2026-07-04T17:00:00.000Z,,Houston Stadium,Michael Oliver,Full time,0,3,Canada,Morocco,home,Laryea,22,True,starting_xi,DEF,1,4,4,4-4-2,6.1,6.5,0,78.0
4653843,canada-vs-morocco,https://www.fotmob.com/matches/canada-vs-morocco/17e1pm#4653843,Canada vs Morocco (2026-07-04T17:00:00.000Z),Canada,Morocco,2026-07-04T17:00:00.000Z,,Houston Stadium,Michael Oliver,Full time,0,3,Canada,Morocco,home,Buchanan,17,True,starting_xi,AM,2,4,1,4-4-2,6.1,5.8,0,87.0
4653843,canada-vs-morocco,https://www.fotmob.com/matches/canada-vs-morocco/17e1pm#4653843,Canada vs Morocco (2026-07-04T17:00:00.000Z),Canada,Morocco,2026-07-04T17:00:00.000Z,,Houston Stadium,Michael Oliver,Full time,0,3,Canada,Morocco,home,Sigur,23,True,starting_xi,AM,2,4,2,4-4-2,6.1,6.5,0,87.0
4653843,canada-vs-morocco,https://www.fotmob.com/matches/canada-vs-morocco/17e1pm#4653843,Canada vs Morocco (2026-07-04T17:00:00.000Z),Canada,Morocco,2026-07-04T17:00:00.000Z,,Houston Stadium,Michael Oliver,Full time,0,3,Canada,Morocco,home,Eustaquio,7,True,starting_xi,AM,2,4,3,4-4-2,6.1,7.3,0,
4653843,canada-vs-morocco,https://www.fotmob.com/matches/canada-vs-morocco/17e1pm#4653843,Canada vs Morocco (2026-07-04T17:00:00.000Z),Canada,Morocco,2026-07-04T17:00:00.000Z,,Houston Stadium,Michael Oliver,Full time,0,3,Canada,Morocco,home,Ahmed,20,True,starting_xi,AM,2,4,4,4-4-2,6.1,6.8,0,78.0
4653843,canada-vs-morocco,https://www.fotmob.com/matches/canada-vs-morocco/17e1pm#4653843,Canada vs Morocco (2026-07-04T17:00:00.000Z),Canada,Morocco,2026-07-04T17:00:00.000Z,,Houston Stadium,Michael Oliver,Full time,0,3,Canada,Morocco,home,David,10,True,starting_xi,FWD,3,2,1,4-4-2,6.1,6.1,0,
4653843,canada-vs-morocco,https://www.fotmob.com/matches/canada-vs-morocco/17e1pm#4653843,Canada vs Morocco (2026-07-04T17:00:00.000Z),Canada,Morocco,2026-07-04T17:00:00.000Z,,Houston Stadium,Michael Oliver,Full time,0,3,Canada,Morocco,home,Oluwaseyi,12,True,starting_xi,FWD,3,2,2,4-4-2,6.1,6.6,0,63.0
4653843,canada-vs-morocco,https://www.fotmob.com/matches/canada-vs-morocco/17e1pm#4653843,Canada vs Morocco (2026-07-04T17:00:00.000Z),Canada,Morocco,2026-07-04T17:00:00.000Z,,Houston Stadium,Michael Oliver,Full time,0,3,Morocco,Canada,away,Saibari,11,True,starting_xi,FWD,4,1,1,4-2-3-1,7.4,6.4,0,22.0
4653843,canada-vs-morocco,https://www.fotmob.com/matches/canada-vs-morocco/17e1pm#4653843,Canada vs Morocco (2026-07-04T17:00:00.000Z),Canada,Morocco,2026-07-04T17:00:00.000Z,,Houston Stadium,Michael Oliver,Full time,0,3,Morocco,Canada,away,El Khannouss,23,True,starting_xi,AM,3,3,1,4-2-3-1,7.4,6.9,0,63.0
4653843,canada-vs-morocco,https://www.fotmob.com/matches/canada-vs-morocco/17e1pm#4653843,Canada vs Morocco (2026-07-04T17:00:00.000Z),Canada,Morocco,2026-07-04T17:00:00.000Z,,Houston Stadium,Michael Oliver,Full time,0,3,Morocco,Canada,away,Ounahi,8,True,starting_xi,AM,3,3,2,4-2-3-1,7.4,8.9,0,87.0
4653843,canada-vs-morocco,https://www.fotmob.com/matches/canada-vs-morocco/17e1pm#4653843,Canada vs Morocco (2026-07-04T17:00:00.000Z),Canada,Morocco,2026-07-04T17:00:00.000Z,,Houston Stadium,Michael Oliver,Full time,0,3,Morocco,Canada,away,Brahim Díaz,10,True,starting_xi,AM,3,3,3,4-2-3-1,7.4,8.3,0,
4653843,canada-vs-morocco,https://www.fotmob.com/matches/canada-vs-morocco/17e1pm#4653843,Canada vs Morocco (2026-07-04T17:00:00.000Z),Canada,Morocco,2026-07-04T17:00:00.000Z,,Houston Stadium,Michael Oliver,Full time,0,3,Morocco,Canada,away,Bouaddi,6,True,starting_xi,AM,2,2,1,4-2-3-1,7.4,7.0,0,63.0
4653843,canada-vs-morocco,https://www.fotmob.com/matches/canada-vs-morocco/17e1pm#4653843,Canada vs Morocco (2026-07-04T17:00:00.000Z),Canada,Morocco,2026-07-04T17:00:00.000Z,,Houston Stadium,Michael Oliver,Full time,0,3,Morocco,Canada,away,El Aynaoui,24,True,starting_xi,AM,2,2,2,4-2-3-1,7.4,6.6,0,
4653843,canada-vs-morocco,https://www.fotmob.com/matches/canada-vs-morocco/17e1pm#4653843,Canada vs Morocco (2026-07-04T17:00:00.000Z),Canada,Morocco,2026-07-04T17:00:00.000Z,,Houston Stadium,Michael Oliver,Full time,0,3,Morocco,Canada,away,Mazraoui,3,True,starting_xi,DEF,1,4,1,4-2-3-1,7.4,8.0,0,
4653843,canada-vs-morocco,https://www.fotmob.com/matches/canada-vs-morocco/17e1pm#4653843,Canada vs Morocco (2026-07-04T17:00:00.000Z),Canada,Morocco,2026-07-04T17:00:00.000Z,,Houston Stadium,Michael Oliver,Full time,0,3,Morocco,Canada,away,Halhal,25,True,starting_xi,DEF,1,4,2,4-2-3-1,7.4,7.1,0,
4653843,canada-vs-morocco,https://www.fotmob.com/matches/canada-vs-morocco/17e1pm#4653843,Canada vs Morocco (2026-07-04T17:00:00.000Z),Canada,Morocco,2026-07-04T17:00:00.000Z,,Houston Stadium,Michael Oliver,Full time,0,3,Morocco,Canada,away,Diop,14,True,starting_xi,DEF,1,4,3,4-2-3-1,7.4,7.4,0,87.0
4653843,canada-vs-morocco,https://www.fotmob.com/matches/canada-vs-morocco/17e1pm#4653843,Canada vs Morocco (2026-07-04T17:00:00.000Z),Canada,Morocco,2026-07-04T17:00:00.000Z,,Houston Stadium,Michael Oliver,Full time,0,3,Morocco,Canada,away,Hakimi,2,True,starting_xi,DEF,1,4,4,4-2-3-1,7.4,8.0,0,
4653843,canada-vs-morocco,https://www.fotmob.com/matches/canada-vs-morocco/17e1pm#4653843,Canada vs Morocco (2026-07-04T17:00:00.000Z),Canada,Morocco,2026-07-04T17:00:00.000Z,,Houston Stadium,Michael Oliver,Full time,0,3,Morocco,Canada,away,Bono,1,True,starting_xi,GK,0,1,1,4-2-3-1,7.4,8.3,0,
4653842,france-vs-paraguay,https://www.fotmob.com/matches/france-vs-paraguay/1hu3vk#4653842,Paraguay vs France (2026-07-04T21:00:00.000Z),Paraguay,France,2026-07-04T21:00:00.000Z,,Philadelphia Stadium,Ilgiz Tantashev,Full time,0,1,Paraguay,France,home,Gill,12,True,starting_xi,GK,0,1,1,5-4-1,6.6,7.7,0,
4653842,france-vs-paraguay,https://www.fotmob.com/matches/france-vs-paraguay/1hu3vk#4653842,Paraguay vs France (2026-07-04T21:00:00.000Z),Paraguay,France,2026-07-04T21:00:00.000Z,,Philadelphia Stadium,Ilgiz Tantashev,Full time,0,1,Paraguay,France,home,Velázquez,2,True,starting_xi,DEF,1,5,1,5-4-1,6.6,6.6,0,
4653842,france-vs-paraguay,https://www.fotmob.com/matches/france-vs-paraguay/1hu3vk#4653842,Paraguay vs France (2026-07-04T21:00:00.000Z),Paraguay,France,2026-07-04T21:00:00.000Z,,Philadelphia Stadium,Ilgiz Tantashev,Full time,0,1,Paraguay,France,home,Gómez,15,True,starting_xi,DEF,1,5,2,5-4-1,6.6,6.7,0,
4653842,france-vs-paraguay,https://www.fotmob.com/matches/france-vs-paraguay/1hu3vk#4653842,Paraguay vs France (2026-07-04T21:00:00.000Z),Paraguay,France,2026-07-04T21:00:00.000Z,,Philadelphia Stadium,Ilgiz Tantashev,Full time,0,1,Paraguay,France,home,Alderete,3,True,starting_xi,DEF,1,5,3,5-4-1,6.6,6.2,0,58.0
4653842,france-vs-paraguay,https://www.fotmob.com/matches/france-vs-paraguay/1hu3vk#4653842,Paraguay vs France (2026-07-04T21:00:00.000Z),Paraguay,France,2026-07-04T21:00:00.000Z,,Philadelphia Stadium,Ilgiz Tantashev,Full time,0,1,Paraguay,France,home,Cáceres,4,True,starting_xi,DEF,1,5,4,5-4-1,6.6,7.3,0,
4653842,france-vs-paraguay,https://www.fotmob.com/matches/france-vs-paraguay/1hu3vk#4653842,Paraguay vs France (2026-07-04T21:00:00.000Z),Paraguay,France,2026-07-04T21:00:00.000Z,,Philadelphia Stadium,Ilgiz Tantashev,Full time,0,1,Paraguay,France,home,Alonso,6,True,starting_xi,DEF,1,5,5,5-4-1,6.6,7.0,0,
4653842,france-vs-paraguay,https://www.fotmob.com/matches/france-vs-paraguay/1hu3vk#4653842,Paraguay vs France (2026-07-04T21:00:00.000Z),Paraguay,France,2026-07-04T21:00:00.000Z,,Philadelphia Stadium,Ilgiz Tantashev,Full time,0,1,Paraguay,France,home,Almirón,10,True,starting_xi,AM,2,4,1,5-4-1,6.6,6.5,0,71.0
4653842,france-vs-paraguay,https://www.fotmob.com/matches/france-vs-paraguay/1hu3vk#4653842,Paraguay vs France (2026-07-04T21:00:00.000Z),Paraguay,France,2026-07-04T21:00:00.000Z,,Philadelphia Stadium,Ilgiz Tantashev,Full time,0,1,Paraguay,France,home,Gómez,8,True,starting_xi,AM,2,4,2,5-4-1,6.6,6.4,0,71.0
4653842,france-vs-paraguay,https://www.fotmob.com/matches/france-vs-paraguay/1hu3vk#4653842,Paraguay vs France (2026-07-04T21:00:00.000Z),Paraguay,France,2026-07-04T21:00:00.000Z,,Philadelphia Stadium,Ilgiz Tantashev,Full time,0,1,Paraguay,France,home,Cubas,14,True,starting_xi,AM,2,4,3,5-4-1,6.6,7.3,0,
4653842,france-vs-paraguay,https://www.fotmob.com/matches/france-vs-paraguay/1hu3vk#4653842,Paraguay vs France (2026-07-04T21:00:00.000Z),Paraguay,France,2026-07-04T21:00:00.000Z,,Philadelphia Stadium,Ilgiz Tantashev,Full time,0,1,Paraguay,France,home,Galarza,23,True,starting_xi,AM,2,4,4,5-4-1,6.6,6.9,0,
4653842,france-vs-paraguay,https://www.fotmob.com/matches/france-vs-paraguay/1hu3vk#4653842,Paraguay vs France (2026-07-04T21:00:00.000Z),Paraguay,France,2026-07-04T21:00:00.000Z,,Philadelphia Stadium,Ilgiz Tantashev,Full time,0,1,Paraguay,France,home,Enciso,19,True,starting_xi,FWD,3,1,1,5-4-1,6.6,5.9,0,61.0
4653842,france-vs-paraguay,https://www.fotmob.com/matches/france-vs-paraguay/1hu3vk#4653842,Paraguay vs France (2026-07-04T21:00:00.000Z),Paraguay,France,2026-07-04T21:00:00.000Z,,Philadelphia Stadium,Ilgiz Tantashev,Full time,0,1,France,Paraguay,away,Mbappé,10,True,starting_xi,FWD,4,1,1,4-2-3-1,7.5,8.2,0,
4653842,france-vs-paraguay,https://www.fotmob.com/matches/france-vs-paraguay/1hu3vk#4653842,Paraguay vs France (2026-07-04T21:00:00.000Z),Paraguay,France,2026-07-04T21:00:00.000Z,,Philadelphia Stadium,Ilgiz Tantashev,Full time,0,1,France,Paraguay,away,Barcola,12,True,starting_xi,AM,3,3,1,4-2-3-1,7.5,7.0,0,61.0
4653842,france-vs-paraguay,https://www.fotmob.com/matches/france-vs-paraguay/1hu3vk#4653842,Paraguay vs France (2026-07-04T21:00:00.000Z),Paraguay,France,2026-07-04T21:00:00.000Z,,Philadelphia Stadium,Ilgiz Tantashev,Full time,0,1,France,Paraguay,away,Olise,11,True,starting_xi,AM,3,3,2,4-2-3-1,7.5,7.2,0,
4653842,france-vs-paraguay,https://www.fotmob.com/matches/france-vs-paraguay/1hu3vk#4653842,Paraguay vs France (2026-07-04T21:00:00.000Z),Paraguay,France,2026-07-04T21:00:00.000Z,,Philadelphia Stadium,Ilgiz Tantashev,Full time,0,1,France,Paraguay,away,Dembélé,7,True,starting_xi,AM,3,3,3,4-2-3-1,7.5,6.7,0,84.0
4653842,france-vs-paraguay,https://www.fotmob.com/matches/france-vs-paraguay/1hu3vk#4653842,Paraguay vs France (2026-07-04T21:00:00.000Z),Paraguay,France,2026-07-04T21:00:00.000Z,,Philadelphia Stadium,Ilgiz Tantashev,Full time,0,1,France,Paraguay,away,Rabiot,14,True,starting_xi,AM,2,2,1,4-2-3-1,7.5,7.2,0,
4653842,france-vs-paraguay,https://www.fotmob.com/matches/france-vs-paraguay/1hu3vk#4653842,Paraguay vs France (2026-07-04T21:00:00.000Z),Paraguay,France,2026-07-04T21:00:00.000Z,,Philadelphia Stadium,Ilgiz Tantashev,Full time,0,1,France,Paraguay,away,Koné,6,True,starting_xi,AM,2,2,2,4-2-3-1,7.5,7.7,0,
4653842,france-vs-paraguay,https://www.fotmob.com/matches/france-vs-paraguay/1hu3vk#4653842,Paraguay vs France (2026-07-04T21:00:00.000Z),Paraguay,France,2026-07-04T21:00:00.000Z,,Philadelphia Stadium,Ilgiz Tantashev,Full time,0,1,France,Paraguay,away,Digne,3,True,starting_xi,DEF,1,4,1,4-2-3-1,7.5,7.8,0,
4653842,france-vs-paraguay,https://www.fotmob.com/matches/france-vs-paraguay/1hu3vk#4653842,Paraguay vs France (2026-07-04T21:00:00.000Z),Paraguay,France,2026-07-04T21:00:00.000Z,,Philadelphia Stadium,Ilgiz Tantashev,Full time,0,1,France,Paraguay,away,Saliba,17,True,starting_xi,DEF,1,4,2,4-2-3-1,7.5,7.5,0,
4653842,france-vs-paraguay,https://www.fotmob.com/matches/france-vs-paraguay/1hu3vk#4653842,Paraguay vs France (2026-07-04T21:00:00.000Z),Paraguay,France,2026-07-04T21:00:00.000Z,,Philadelphia Stadium,Ilgiz Tantashev,Full time,0,1,France,Paraguay,away,Upamecano,4,True,starting_xi,DEF,1,4,3,4-2-3-1,7.5,8.3,0,
4653842,france-vs-paraguay,https://www.fotmob.com/matches/france-vs-paraguay/1hu3vk#4653842,Paraguay vs France (2026-07-04T21:00:00.000Z),Paraguay,France,2026-07-04T21:00:00.000Z,,Philadelphia Stadium,Ilgiz Tantashev,Full time,0,1,France,Paraguay,away,Koundé,5,True,starting_xi,DEF,1,4,4,4-2-3-1,7.5,7.5,0,
4653842,france-vs-paraguay,https://www.fotmob.com/matches/france-vs-paraguay/1hu3vk#4653842,Paraguay vs France (2026-07-04T21:00:00.000Z),Paraguay,France,2026-07-04T21:00:00.000Z,,Philadelphia Stadium,Ilgiz Tantashev,Full time,0,1,France,Paraguay,away,Maignan,16,True,starting_xi,GK,0,1,1,4-2-3-1,7.5,7.7,0,
4653715,cape-verde-vs-argentina,https://www.fotmob.com/matches/cape-verde-vs-argentina/1b81pp#4653715,Argentina vs Cape Verde (2026-07-03T22:00:00.000Z),Argentina,Cape Verde,2026-07-03T22:00:00.000Z,,Miami Stadium,Drew Thomas Fischer,After extra time,3,2,Argentina,Cape Verde,home,Martínez,23,True,starting_xi,GK,0,1,1,4-4-2,7.1,6.2,0,
4653715,cape-verde-vs-argentina,https://www.fotmob.com/matches/cape-verde-vs-argentina/1b81pp#4653715,Argentina vs Cape Verde (2026-07-03T22:00:00.000Z),Argentina,Cape Verde,2026-07-03T22:00:00.000Z,,Miami Stadium,Drew Thomas Fischer,After extra time,3,2,Argentina,Cape Verde,home,Molina,26,True,starting_xi,DEF,1,4,1,4-4-2,7.1,6.3,0,104.0
4653715,cape-verde-vs-argentina,https://www.fotmob.com/matches/cape-verde-vs-argentina/1b81pp#4653715,Argentina vs Cape Verde (2026-07-03T22:00:00.000Z),Argentina,Cape Verde,2026-07-03T22:00:00.000Z,,Miami Stadium,Drew Thomas Fischer,After extra time,3,2,Argentina,Cape Verde,home,Romero,13,True,starting_xi,DEF,1,4,2,4-4-2,7.1,7.5,0,
4653715,cape-verde-vs-argentina,https://www.fotmob.com/matches/cape-verde-vs-argentina/1b81pp#4653715,Argentina vs Cape Verde (2026-07-03T22:00:00.000Z),Argentina,Cape Verde,2026-07-03T22:00:00.000Z,,Miami Stadium,Drew Thomas Fischer,After extra time,3,2,Argentina,Cape Verde,home,Martínez,6,True,starting_xi,DEF,1,4,3,4-4-2,7.1,8.7,0,
4653715,cape-verde-vs-argentina,https://www.fotmob.com/matches/cape-verde-vs-argentina/1b81pp#4653715,Argentina vs Cape Verde (2026-07-03T22:00:00.000Z),Argentina,Cape Verde,2026-07-03T22:00:00.000Z,,Miami Stadium,Drew Thomas Fischer,After extra time,3,2,Argentina,Cape Verde,home,Medina,25,True,starting_xi,DEF,1,4,4,4-4-2,7.1,7.4,0,85.0
4653715,cape-verde-vs-argentina,https://www.fotmob.com/matches/cape-verde-vs-argentina/1b81pp#4653715,Argentina vs Cape Verde (2026-07-03T22:00:00.000Z),Argentina,Cape Verde,2026-07-03T22:00:00.000Z,,Miami Stadium,Drew Thomas Fischer,After extra time,3,2,Argentina,Cape Verde,home,De Paul,7,True,starting_xi,AM,2,4,1,4-4-2,7.1,7.0,0,84.0
4653715,cape-verde-vs-argentina,https://www.fotmob.com/matches/cape-verde-vs-argentina/1b81pp#4653715,Argentina vs Cape Verde (2026-07-03T22:00:00.000Z),Argentina,Cape Verde,2026-07-03T22:00:00.000Z,,Miami Stadium,Drew Thomas Fischer,After extra time,3,2,Argentina,Cape Verde,home,Mac Allister,20,True,starting_xi,AM,2,4,2,4-4-2,7.1,8.2,0,
4653715,cape-verde-vs-argentina,https://www.fotmob.com/matches/cape-verde-vs-argentina/1b81pp#4653715,Argentina vs Cape Verde (2026-07-03T22:00:00.000Z),Argentina,Cape Verde,2026-07-03T22:00:00.000Z,,Miami Stadium,Drew Thomas Fischer,After extra time,3,2,Argentina,Cape Verde,home,Fernández,24,True,starting_xi,AM,2,4,3,4-4-2,7.1,7.7,0,
4653715,cape-verde-vs-argentina,https://www.fotmob.com/matches/cape-verde-vs-argentina/1b81pp#4653715,Argentina vs Cape Verde (2026-07-03T22:00:00.000Z),Argentina,Cape Verde,2026-07-03T22:00:00.000Z,,Miami Stadium,Drew Thomas Fischer,After extra time,3,2,Argentina,Cape Verde,home,Almada,16,True,starting_xi,AM,2,4,4,4-4-2,7.1,6.9,0,63.0
4653715,cape-verde-vs-argentina,https://www.fotmob.com/matches/cape-verde-vs-argentina/1b81pp#4653715,Argentina vs Cape Verde (2026-07-03T22:00:00.000Z),Argentina,Cape Verde,2026-07-03T22:00:00.000Z,,Miami Stadium,Drew Thomas Fischer,After extra time,3,2,Argentina,Cape Verde,home,Messi,10,True,starting_xi,FWD,3,2,1,4-4-2,7.1,8.7,0,
4653715,cape-verde-vs-argentina,https://www.fotmob.com/matches/cape-verde-vs-argentina/1b81pp#4653715,Argentina vs Cape Verde (2026-07-03T22:00:00.000Z),Argentina,Cape Verde,2026-07-03T22:00:00.000Z,,Miami Stadium,Drew Thomas Fischer,After extra time,3,2,Argentina,Cape Verde,home,Martínez,22,True,starting_xi,FWD,3,2,2,4-4-2,7.1,6.1,0,63.0
4653715,cape-verde-vs-argentina,https://www.fotmob.com/matches/cape-verde-vs-argentina/1b81pp#4653715,Argentina vs Cape Verde (2026-07-03T22:00:00.000Z),Argentina,Cape Verde,2026-07-03T22:00:00.000Z,,Miami Stadium,Drew Thomas Fischer,After extra time,3,2,Cape Verde,Argentina,away,da Costa,21,True,starting_xi,FWD,4,1,1,4-1-4-1,6.6,6.0,0,67.0
4653715,cape-verde-vs-argentina,https://www.fotmob.com/matches/cape-verde-vs-argentina/1b81pp#4653715,Argentina vs Cape Verde (2026-07-03T22:00:00.000Z),Argentina,Cape Verde,2026-07-03T22:00:00.000Z,,Miami Stadium,Drew Thomas Fischer,After extra time,3,2,Cape Verde,Argentina,away,Cabral,7,True,starting_xi,AM,3,4,1,4-1-4-1,6.6,6.6,0,80.0
4653715,cape-verde-vs-argentina,https://www.fotmob.com/matches/cape-verde-vs-argentina/1b81pp#4653715,Argentina vs Cape Verde (2026-07-03T22:00:00.000Z),Argentina,Cape Verde,2026-07-03T22:00:00.000Z,,Miami Stadium,Drew Thomas Fischer,After extra time,3,2,Cape Verde,Argentina,away,Duarte,14,True,starting_xi,AM,3,4,2,4-1-4-1,6.6,7.5,0,100.0
4653715,cape-verde-vs-argentina,https://www.fotmob.com/matches/cape-verde-vs-argentina/1b81pp#4653715,Argentina vs Cape Verde (2026-07-03T22:00:00.000Z),Argentina,Cape Verde,2026-07-03T22:00:00.000Z,,Miami Stadium,Drew Thomas Fischer,After extra time,3,2,Cape Verde,Argentina,away,Duarte,15,True,starting_xi,AM,3,4,3,4-1-4-1,6.6,6.4,0,67.0
4653715,cape-verde-vs-argentina,https://www.fotmob.com/matches/cape-verde-vs-argentina/1b81pp#4653715,Argentina vs Cape Verde (2026-07-03T22:00:00.000Z),Argentina,Cape Verde,2026-07-03T22:00:00.000Z,,Miami Stadium,Drew Thomas Fischer,After extra time,3,2,Cape Verde,Argentina,away,Mendes,20,True,starting_xi,AM,3,4,4,4-1-4-1,6.6,6.8,0,80.0
4653715,cape-verde-vs-argentina,https://www.fotmob.com/matches/cape-verde-vs-argentina/1b81pp#4653715,Argentina vs Cape Verde (2026-07-03T22:00:00.000Z),Argentina,Cape Verde,2026-07-03T22:00:00.000Z,,Miami Stadium,Drew Thomas Fischer,After extra time,3,2,Cape Verde,Argentina,away,Pina,6,True,starting_xi,AM,2,1,1,4-1-4-1,6.6,7.3,0,100.0
4653715,cape-verde-vs-argentina,https://www.fotmob.com/matches/cape-verde-vs-argentina/1b81pp#4653715,Argentina vs Cape Verde (2026-07-03T22:00:00.000Z),Argentina,Cape Verde,2026-07-03T22:00:00.000Z,,Miami Stadium,Drew Thomas Fischer,After extra time,3,2,Cape Verde,Argentina,away,Cabral,13,True,starting_xi,DEF,1,4,1,4-1-4-1,6.6,7.1,0,
4653715,cape-verde-vs-argentina,https://www.fotmob.com/matches/cape-verde-vs-argentina/1b81pp#4653715,Argentina vs Cape Verde (2026-07-03T22:00:00.000Z),Argentina,Cape Verde,2026-07-03T22:00:00.000Z,,Miami Stadium,Drew Thomas Fischer,After extra time,3,2,Cape Verde,Argentina,away,Borges,3,True,starting_xi,DEF,1,4,2,4-1-4-1,6.6,5.8,0,
4653715,cape-verde-vs-argentina,https://www.fotmob.com/matches/cape-verde-vs-argentina/1b81pp#4653715,Argentina vs Cape Verde (2026-07-03T22:00:00.000Z),Argentina,Cape Verde,2026-07-03T22:00:00.000Z,,Miami Stadium,Drew Thomas Fischer,After extra time,3,2,Cape Verde,Argentina,away,Lopes,4,True,starting_xi,DEF,1,4,3,4-1-4-1,6.6,6.3,0,
4653715,cape-verde-vs-argentina,https://www.fotmob.com/matches/cape-verde-vs-argentina/1b81pp#4653715,Argentina vs Cape Verde (2026-07-03T22:00:00.000Z),Argentina,Cape Verde,2026-07-03T22:00:00.000Z,,Miami Stadium,Drew Thomas Fischer,After extra time,3,2,Cape Verde,Argentina,away,Moreira,22,True,starting_xi,DEF,1,4,4,4-1-4-1,6.6,6.2,0,
4653715,cape-verde-vs-argentina,https://www.fotmob.com/matches/cape-verde-vs-argentina/1b81pp#4653715,Argentina vs Cape Verde (2026-07-03T22:00:00.000Z),Argentina,Cape Verde,2026-07-03T22:00:00.000Z,,Miami Stadium,Drew Thomas Fischer,After extra time,3,2,Cape Verde,Argentina,away,Vozinha,1,True,starting_xi,GK,0,1,1,4-1-4-1,6.6,7.7,0,
4653716,australia-vs-egypt,https://www.fotmob.com/matches/australia-vs-egypt/2dqwke#4653716,Australia vs Egypt (2026-07-03T18:00:00.000Z),Australia,Egypt,2026-07-03T18:00:00.000Z,,Dallas Stadium,Gustavo Adrian Tejera Capo,Pen: 2 - 4,1,1,Australia,Egypt,home,Beach,18,True,starting_xi,GK,0,1,1,5-4-1,6.7,6.7,0,119.0
4653716,australia-vs-egypt,https://www.fotmob.com/matches/australia-vs-egypt/2dqwke#4653716,Australia vs Egypt (2026-07-03T18:00:00.000Z),Australia,Egypt,2026-07-03T18:00:00.000Z,,Dallas Stadium,Gustavo Adrian Tejera Capo,Pen: 2 - 4,1,1,Australia,Egypt,home,Circati,3,True,starting_xi,DEF,1,5,1,5-4-1,6.7,7.3,0,
4653716,australia-vs-egypt,https://www.fotmob.com/matches/australia-vs-egypt/2dqwke#4653716,Australia vs Egypt (2026-07-03T18:00:00.000Z),Australia,Egypt,2026-07-03T18:00:00.000Z,,Dallas Stadium,Gustavo Adrian Tejera Capo,Pen: 2 - 4,1,1,Australia,Egypt,home,Souttar,19,True,starting_xi,DEF,1,5,2,5-4-1,6.7,7.2,0,
4653716,australia-vs-egypt,https://www.fotmob.com/matches/australia-vs-egypt/2dqwke#4653716,Australia vs Egypt (2026-07-03T18:00:00.000Z),Australia,Egypt,2026-07-03T18:00:00.000Z,,Dallas Stadium,Gustavo Adrian Tejera Capo,Pen: 2 - 4,1,1,Australia,Egypt,home,Herrington,25,True,starting_xi,DEF,1,5,3,5-4-1,6.7,6.6,0,
4653716,australia-vs-egypt,https://www.fotmob.com/matches/australia-vs-egypt/2dqwke#4653716,Australia vs Egypt (2026-07-03T18:00:00.000Z),Australia,Egypt,2026-07-03T18:00:00.000Z,,Dallas Stadium,Gustavo Adrian Tejera Capo,Pen: 2 - 4,1,1,Australia,Egypt,home,Bos,5,True,starting_xi,DEF,1,5,4,5-4-1,6.7,6.0,0,46.0
4653716,australia-vs-egypt,https://www.fotmob.com/matches/australia-vs-egypt/2dqwke#4653716,Australia vs Egypt (2026-07-03T18:00:00.000Z),Australia,Egypt,2026-07-03T18:00:00.000Z,,Dallas Stadium,Gustavo Adrian Tejera Capo,Pen: 2 - 4,1,1,Australia,Egypt,home,Behich,16,True,starting_xi,DEF,1,5,5,5-4-1,6.7,7.1,0,
4653716,australia-vs-egypt,https://www.fotmob.com/matches/australia-vs-egypt/2dqwke#4653716,Australia vs Egypt (2026-07-03T18:00:00.000Z),Australia,Egypt,2026-07-03T18:00:00.000Z,,Dallas Stadium,Gustavo Adrian Tejera Capo,Pen: 2 - 4,1,1,Australia,Egypt,home,Volpato,20,True,starting_xi,AM,2,4,1,5-4-1,6.7,7.4,0,74.0
4653716,australia-vs-egypt,https://www.fotmob.com/matches/australia-vs-egypt/2dqwke#4653716,Australia vs Egypt (2026-07-03T18:00:00.000Z),Australia,Egypt,2026-07-03T18:00:00.000Z,,Dallas Stadium,Gustavo Adrian Tejera Capo,Pen: 2 - 4,1,1,Australia,Egypt,home,Irvine,22,True,starting_xi,AM,2,4,2,5-4-1,6.7,7.6,0,
4653716,australia-vs-egypt,https://www.fotmob.com/matches/australia-vs-egypt/2dqwke#4653716,Australia vs Egypt (2026-07-03T18:00:00.000Z),Australia,Egypt,2026-07-03T18:00:00.000Z,,Dallas Stadium,Gustavo Adrian Tejera Capo,Pen: 2 - 4,1,1,Australia,Egypt,home,O'Neill,13,True,starting_xi,AM,2,4,3,5-4-1,6.7,7.0,0,91.0
4653716,australia-vs-egypt,https://www.fotmob.com/matches/australia-vs-egypt/2dqwke#4653716,Australia vs Egypt (2026-07-03T18:00:00.000Z),Australia,Egypt,2026-07-03T18:00:00.000Z,,Dallas Stadium,Gustavo Adrian Tejera Capo,Pen: 2 - 4,1,1,Australia,Egypt,home,Metcalfe,8,True,starting_xi,AM,2,4,4,5-4-1,6.7,6.6,0,91.0
4653716,australia-vs-egypt,https://www.fotmob.com/matches/australia-vs-egypt/2dqwke#4653716,Australia vs Egypt (2026-07-03T18:00:00.000Z),Australia,Egypt,2026-07-03T18:00:00.000Z,,Dallas Stadium,Gustavo Adrian Tejera Capo,Pen: 2 - 4,1,1,Australia,Egypt,home,Irankunda,17,True,starting_xi,FWD,3,1,1,5-4-1,6.7,6.8,0,74.0
4653716,australia-vs-egypt,https://www.fotmob.com/matches/australia-vs-egypt/2dqwke#4653716,Australia vs Egypt (2026-07-03T18:00:00.000Z),Australia,Egypt,2026-07-03T18:00:00.000Z,,Dallas Stadium,Gustavo Adrian Tejera Capo,Pen: 2 - 4,1,1,Egypt,Australia,away,Ziko,11,True,starting_xi,FWD,4,1,1,4-2-3-1,6.9,6.4,0,67.0
4653716,australia-vs-egypt,https://www.fotmob.com/matches/australia-vs-egypt/2dqwke#4653716,Australia vs Egypt (2026-07-03T18:00:00.000Z),Australia,Egypt,2026-07-03T18:00:00.000Z,,Dallas Stadium,Gustavo Adrian Tejera Capo,Pen: 2 - 4,1,1,Egypt,Australia,away,Marmoush,22,True,starting_xi,AM,3,3,1,4-2-3-1,6.9,6.5,0,106.0
4653716,australia-vs-egypt,https://www.fotmob.com/matches/australia-vs-egypt/2dqwke#4653716,Australia vs Egypt (2026-07-03T18:00:00.000Z),Australia,Egypt,2026-07-03T18:00:00.000Z,,Dallas Stadium,Gustavo Adrian Tejera Capo,Pen: 2 - 4,1,1,Egypt,Australia,away,Salah,10,True,starting_xi,AM,3,3,2,4-2-3-1,6.9,8.1,0,
4653716,australia-vs-egypt,https://www.fotmob.com/matches/australia-vs-egypt/2dqwke#4653716,Australia vs Egypt (2026-07-03T18:00:00.000Z),Australia,Egypt,2026-07-03T18:00:00.000Z,,Dallas Stadium,Gustavo Adrian Tejera Capo,Pen: 2 - 4,1,1,Egypt,Australia,away,Ashour,8,True,starting_xi,AM,3,3,3,4-2-3-1,6.9,8.0,0,
4653716,australia-vs-egypt,https://www.fotmob.com/matches/australia-vs-egypt/2dqwke#4653716,Australia vs Egypt (2026-07-03T18:00:00.000Z),Australia,Egypt,2026-07-03T18:00:00.000Z,,Dallas Stadium,Gustavo Adrian Tejera Capo,Pen: 2 - 4,1,1,Egypt,Australia,away,Ateya,19,True,starting_xi,AM,2,2,1,4-2-3-1,6.9,7.9,0,120.0
4653716,australia-vs-egypt,https://www.fotmob.com/matches/australia-vs-egypt/2dqwke#4653716,Australia vs Egypt (2026-07-03T18:00:00.000Z),Australia,Egypt,2026-07-03T18:00:00.000Z,,Dallas Stadium,Gustavo Adrian Tejera Capo,Pen: 2 - 4,1,1,Egypt,Australia,away,Fathi,14,True,starting_xi,AM,2,2,2,4-2-3-1,6.9,6.6,0,67.0
4653716,australia-vs-egypt,https://www.fotmob.com/matches/australia-vs-egypt/2dqwke#4653716,Australia vs Egypt (2026-07-03T18:00:00.000Z),Australia,Egypt,2026-07-03T18:00:00.000Z,,Dallas Stadium,Gustavo Adrian Tejera Capo,Pen: 2 - 4,1,1,Egypt,Australia,away,Hafez,15,True,starting_xi,DEF,1,4,1,4-2-3-1,6.9,7.8,0,80.0
4653716,australia-vs-egypt,https://www.fotmob.com/matches/australia-vs-egypt/2dqwke#4653716,Australia vs Egypt (2026-07-03T18:00:00.000Z),Australia,Egypt,2026-07-03T18:00:00.000Z,,Dallas Stadium,Gustavo Adrian Tejera Capo,Pen: 2 - 4,1,1,Egypt,Australia,away,Rabia,5,True,starting_xi,DEF,1,4,2,4-2-3-1,6.9,7.3,0,
4653716,australia-vs-egypt,https://www.fotmob.com/matches/australia-vs-egypt/2dqwke#4653716,Australia vs Egypt (2026-07-03T18:00:00.000Z),Australia,Egypt,2026-07-03T18:00:00.000Z,,Dallas Stadium,Gustavo Adrian Tejera Capo,Pen: 2 - 4,1,1,Egypt,Australia,away,Ibrahim,2,True,starting_xi,DEF,1,4,3,4-2-3-1,6.9,6.9,0,
4653716,australia-vs-egypt,https://www.fotmob.com/matches/australia-vs-egypt/2dqwke#4653716,Australia vs Egypt (2026-07-03T18:00:00.000Z),Australia,Egypt,2026-07-03T18:00:00.000Z,,Dallas Stadium,Gustavo Adrian Tejera Capo,Pen: 2 - 4,1,1,Egypt,Australia,away,Hany,3,True,starting_xi,DEF,1,4,4,4-2-3-1,6.9,6.2,0,
4653716,australia-vs-egypt,https://www.fotmob.com/matches/australia-vs-egypt/2dqwke#4653716,Australia vs Egypt (2026-07-03T18:00:00.000Z),Australia,Egypt,2026-07-03T18:00:00.000Z,,Dallas Stadium,Gustavo Adrian Tejera Capo,Pen: 2 - 4,1,1,Egypt,Australia,away,Shobeir,23,True,starting_xi,GK,0,1,1,4-2-3-1,6.9,6.9,0,
4653718,ghana-vs-colombia,https://www.fotmob.com/matches/ghana-vs-colombia/1uqlxk#4653718,Colombia vs Ghana (2026-07-04T01:30:00.000Z),Colombia,Ghana,2026-07-04T01:30:00.000Z,,Kansas City Stadium,Clément Turpin,Full time,1,0,Colombia,Ghana,home,Vargas,12,True,starting_xi,GK,0,1,1,4-3-3,7.2,6.9,0,
4653718,ghana-vs-colombia,https://www.fotmob.com/matches/ghana-vs-colombia/1uqlxk#4653718,Colombia vs Ghana (2026-07-04T01:30:00.000Z),Colombia,Ghana,2026-07-04T01:30:00.000Z,,Kansas City Stadium,Clément Turpin,Full time,1,0,Colombia,Ghana,home,Muñoz,2,True,starting_xi,DEF,1,4,1,4-3-3,7.2,7.5,0,
4653718,ghana-vs-colombia,https://www.fotmob.com/matches/ghana-vs-colombia/1uqlxk#4653718,Colombia vs Ghana (2026-07-04T01:30:00.000Z),Colombia,Ghana,2026-07-04T01:30:00.000Z,,Kansas City Stadium,Clément Turpin,Full time,1,0,Colombia,Ghana,home,Sánchez,23,True,starting_xi,DEF,1,4,2,4-3-3,7.2,7.9,0,
4653718,ghana-vs-colombia,https://www.fotmob.com/matches/ghana-vs-colombia/1uqlxk#4653718,Colombia vs Ghana (2026-07-04T01:30:00.000Z),Colombia,Ghana,2026-07-04T01:30:00.000Z,,Kansas City Stadium,Clément Turpin,Full time,1,0,Colombia,Ghana,home,Lucumí,3,True,starting_xi,DEF,1,4,3,4-3-3,7.2,7.7,0,
4653718,ghana-vs-colombia,https://www.fotmob.com/matches/ghana-vs-colombia/1uqlxk#4653718,Colombia vs Ghana (2026-07-04T01:30:00.000Z),Colombia,Ghana,2026-07-04T01:30:00.000Z,,Kansas City Stadium,Clément Turpin,Full time,1,0,Colombia,Ghana,home,Mojica,17,True,starting_xi,DEF,1,4,4,4-3-3,7.2,7.5,0,
4653718,ghana-vs-colombia,https://www.fotmob.com/matches/ghana-vs-colombia/1uqlxk#4653718,Colombia vs Ghana (2026-07-04T01:30:00.000Z),Colombia,Ghana,2026-07-04T01:30:00.000Z,,Kansas City Stadium,Clément Turpin,Full time,1,0,Colombia,Ghana,home,Puerta,14,True,starting_xi,AM,2,3,1,4-3-3,7.2,7.5,0,
4653718,ghana-vs-colombia,https://www.fotmob.com/matches/ghana-vs-colombia/1uqlxk#4653718,Colombia vs Ghana (2026-07-04T01:30:00.000Z),Colombia,Ghana,2026-07-04T01:30:00.000Z,,Kansas City Stadium,Clément Turpin,Full time,1,0,Colombia,Ghana,home,Lerma,16,True,starting_xi,AM,2,3,2,4-3-3,7.2,6.9,0,
4653718,ghana-vs-colombia,https://www.fotmob.com/matches/ghana-vs-colombia/1uqlxk#4653718,Colombia vs Ghana (2026-07-04T01:30:00.000Z),Colombia,Ghana,2026-07-04T01:30:00.000Z,,Kansas City Stadium,Clément Turpin,Full time,1,0,Colombia,Ghana,home,Arias,11,True,starting_xi,AM,2,3,3,4-3-3,7.2,8.3,0,72.0
4653718,ghana-vs-colombia,https://www.fotmob.com/matches/ghana-vs-colombia/1uqlxk#4653718,Colombia vs Ghana (2026-07-04T01:30:00.000Z),Colombia,Ghana,2026-07-04T01:30:00.000Z,,Kansas City Stadium,Clément Turpin,Full time,1,0,Colombia,Ghana,home,Rodríguez,10,True,starting_xi,FWD,3,3,1,4-3-3,7.2,6.3,0,46.0
4653718,ghana-vs-colombia,https://www.fotmob.com/matches/ghana-vs-colombia/1uqlxk#4653718,Colombia vs Ghana (2026-07-04T01:30:00.000Z),Colombia,Ghana,2026-07-04T01:30:00.000Z,,Kansas City Stadium,Clément Turpin,Full time,1,0,Colombia,Ghana,home,Córdoba,9,True,starting_xi,FWD,3,3,2,4-3-3,7.2,,0,8.0
4653718,ghana-vs-colombia,https://www.fotmob.com/matches/ghana-vs-colombia/1uqlxk#4653718,Colombia vs Ghana (2026-07-04T01:30:00.000Z),Colombia,Ghana,2026-07-04T01:30:00.000Z,,Kansas City Stadium,Clément Turpin,Full time,1,0,Colombia,Ghana,home,Luis Diaz,7,True,starting_xi,FWD,3,3,3,4-3-3,7.2,6.4,0,90.0
4653718,ghana-vs-colombia,https://www.fotmob.com/matches/ghana-vs-colombia/1uqlxk#4653718,Colombia vs Ghana (2026-07-04T01:30:00.000Z),Colombia,Ghana,2026-07-04T01:30:00.000Z,,Kansas City Stadium,Clément Turpin,Full time,1,0,Ghana,Colombia,away,Semenyo,11,True,starting_xi,FWD,4,3,1,4-1-2-3,6.5,6.6,0,
4653718,ghana-vs-colombia,https://www.fotmob.com/matches/ghana-vs-colombia/1uqlxk#4653718,Colombia vs Ghana (2026-07-04T01:30:00.000Z),Colombia,Ghana,2026-07-04T01:30:00.000Z,,Kansas City Stadium,Clément Turpin,Full time,1,0,Ghana,Colombia,away,Ayew,9,True,starting_xi,FWD,4,3,2,4-1-2-3,6.5,6.2,0,79.0
4653718,ghana-vs-colombia,https://www.fotmob.com/matches/ghana-vs-colombia/1uqlxk#4653718,Colombia vs Ghana (2026-07-04T01:30:00.000Z),Colombia,Ghana,2026-07-04T01:30:00.000Z,,Kansas City Stadium,Clément Turpin,Full time,1,0,Ghana,Colombia,away,Williams,19,True,starting_xi,FWD,4,3,3,4-1-2-3,6.5,6.0,0,62.0
4653718,ghana-vs-colombia,https://www.fotmob.com/matches/ghana-vs-colombia/1uqlxk#4653718,Colombia vs Ghana (2026-07-04T01:30:00.000Z),Colombia,Ghana,2026-07-04T01:30:00.000Z,,Kansas City Stadium,Clément Turpin,Full time,1,0,Ghana,Colombia,away,Sibo,8,True,starting_xi,AM,3,2,1,4-1-2-3,6.5,5.8,0,62.0
4653718,ghana-vs-colombia,https://www.fotmob.com/matches/ghana-vs-colombia/1uqlxk#4653718,Colombia vs Ghana (2026-07-04T01:30:00.000Z),Colombia,Ghana,2026-07-04T01:30:00.000Z,,Kansas City Stadium,Clément Turpin,Full time,1,0,Ghana,Colombia,away,Yirenkyi,3,True,starting_xi,AM,3,2,2,4-1-2-3,6.5,5.9,0,79.0
4653718,ghana-vs-colombia,https://www.fotmob.com/matches/ghana-vs-colombia/1uqlxk#4653718,Colombia vs Ghana (2026-07-04T01:30:00.000Z),Colombia,Ghana,2026-07-04T01:30:00.000Z,,Kansas City Stadium,Clément Turpin,Full time,1,0,Ghana,Colombia,away,Partey,5,True,starting_xi,AM,2,1,1,4-1-2-3,6.5,6.8,0,
4653718,ghana-vs-colombia,https://www.fotmob.com/matches/ghana-vs-colombia/1uqlxk#4653718,Colombia vs Ghana (2026-07-04T01:30:00.000Z),Colombia,Ghana,2026-07-04T01:30:00.000Z,,Kansas City Stadium,Clément Turpin,Full time,1,0,Ghana,Colombia,away,Mensah,14,True,starting_xi,DEF,1,4,1,4-1-2-3,6.5,7.2,0,
4653718,ghana-vs-colombia,https://www.fotmob.com/matches/ghana-vs-colombia/1uqlxk#4653718,Colombia vs Ghana (2026-07-04T01:30:00.000Z),Colombia,Ghana,2026-07-04T01:30:00.000Z,,Kansas City Stadium,Clément Turpin,Full time,1,0,Ghana,Colombia,away,Opoku,18,True,starting_xi,DEF,1,4,2,4-1-2-3,6.5,6.7,0,
4653718,ghana-vs-colombia,https://www.fotmob.com/matches/ghana-vs-colombia/1uqlxk#4653718,Colombia vs Ghana (2026-07-04T01:30:00.000Z),Colombia,Ghana,2026-07-04T01:30:00.000Z,,Kansas City Stadium,Clément Turpin,Full time,1,0,Ghana,Colombia,away,Luckassen,23,True,starting_xi,DEF,1,4,3,4-1-2-3,6.5,6.7,0,
4653718,ghana-vs-colombia,https://www.fotmob.com/matches/ghana-vs-colombia/1uqlxk#4653718,Colombia vs Ghana (2026-07-04T01:30:00.000Z),Colombia,Ghana,2026-07-04T01:30:00.000Z,,Kansas City Stadium,Clément Turpin,Full time,1,0,Ghana,Colombia,away,Senaya,26,True,starting_xi,DEF,1,4,4,4-1-2-3,6.5,6.4,0,13.0
4653718,ghana-vs-colombia,https://www.fotmob.com/matches/ghana-vs-colombia/1uqlxk#4653718,Colombia vs Ghana (2026-07-04T01:30:00.000Z),Colombia,Ghana,2026-07-04T01:30:00.000Z,,Kansas City Stadium,Clément Turpin,Full time,1,0,Ghana,Colombia,away,Ati-Zigi,1,True,starting_xi,GK,0,1,1,4-1-2-3,6.5,8.2,0,
