team_a_goals,team_b_goals,probability
1,1,0.09975631159731281
2,0,0.09789962546697942
2,1,0.09419892331842471
1,0,0.07937922362114022
3,0,0.07429797637239267
3,1,0.07148943977704768
2,2,0.05058698014746158
0,0,0.04955264815911456
1,2,0.04407077438639279
4,0,0.0422896609667919
4,1,0.040691070181025885
3,2,0.034393534313911366
0,1,0.03290615296930359
4,2,0.019576453849764457
0,2,0.01935679595920898
