team_a_goals,team_b_goals,probability
1,1,0.12046382767496222
0,2,0.11921845580242812
0,1,0.10523732440950936
0,3,0.08501873913994969
0,0,0.08374278905401951
1,2,0.08307472728793242
1,3,0.05924341597009121
0,4,0.04547231774830365
1,0,0.04171828428162986
2,2,0.04157102818485371
2,1,0.03751798393242997
1,4,0.03168637247198429
2,3,0.020641227871115515
0,5,0.01945671462381008
2,0,0.01753666761975796
