model,n,adjusted_confidence,individual_goal_diff,accuracy,rps,logloss
baseline,187,0.334731986340716,1.7914438502673797,0.4919786096256685,0.20875454483514397,1.041925020716226
squad,187,0.3458340011217826,1.7914438502673797,0.4919786096256685,0.20606022729782897,1.0326794978429505
lineup,187,0.354930705329104,1.8235294117647058,0.4919786096256685,0.2035890235936821,1.0238586410900326
