team_a_goals,team_b_goals,probability
1,1,0.09975631159731281
2,0,0.0978996254669794
2,1,0.0941989233184247
1,0,0.07937922362114017
3,0,0.07429797637239269
3,1,0.07148943977704769
2,2,0.05058698014746159
0,0,0.04955264815911454
1,2,0.04407077438639277
4,0,0.042289660966791896
4,1,0.04069107018102589
3,2,0.034393534313911366
0,1,0.03290615296930357
4,2,0.019576453849764457
0,2,0.019356795959208962
