team_a_goals,team_b_goals,probability
1,1,0.10222813277823113
2,0,0.10188123352337565
2,1,0.0967113064966301
1,0,0.09076154669344218
3,0,0.07045230583181111
3,1,0.06687722858333184
0,0,0.05563882649498366
1,2,0.05093024953804484
2,2,0.04660065373712502
0,1,0.04314054169899422
4,0,0.036539070239173715
4,1,0.03468490809145771
3,2,0.031741783680327276
0,2,0.02455011507584773
2,3,0.0167159045015904
