event,n_team_observations,mae,rmse,bias,correlation
shots,24,5.160751945448449,6.309035994371337,1.0276882498847524,0.39259482517283434
shots_on_target,24,1.9477626706597733,2.283263638766824,0.6940589669560696,0.563246663572085
possession,24,7.0263744884039925,8.322913064197508,0.0,0.7705431715330301
fouls,24,5.054467201745639,5.859921275049367,3.175300535078972,0.10655435338291877
yellow_cards,24,1.1390808566840762,1.2952502602132685,0.35322683562361634,0.3147553254789815
red_cards,24,0.2941857003762903,0.7337525544326471,-0.17664763295704303,0.16762736067097506
