outcome,bin,n,mean_predicted_probability,observed_frequency,calibration_error
draw,"(0.2, 0.4]",12,0.22203295924364774,0.3333333333333333,0.11130037408968557
team_a_win,"(-0.001, 0.2]",2,0.1444280369634653,0.0,0.1444280369634653
team_a_win,"(0.2, 0.4]",3,0.3397676012888183,1.0,0.6602323987111818
team_a_win,"(0.4, 0.6]",6,0.47646929335282073,0.5,0.023530706647179267
team_a_win,"(0.6, 0.8]",1,0.6767868469344461,1.0,0.32321315306555387
team_b_win,"(-0.001, 0.2]",1,0.11605253295719671,0.0,0.11605253295719671
team_b_win,"(0.2, 0.4]",7,0.3090139962789854,0.0,0.3090139962789854
team_b_win,"(0.4, 0.6]",2,0.4637117020086814,0.0,0.4637117020086814
team_b_win,"(0.6, 0.8]",2,0.6426345466520068,0.5,0.1426345466520068
