team_a_goals,team_b_goals,probability
1,1,0.10017580221261063
2,0,0.09854295614214612
2,1,0.0954756819226001
1,0,0.08133758234649105
3,0,0.07342270302687585
3,1,0.07113732847611788
0,0,0.050250210782143284
2,2,0.05021949046908294
1,2,0.04475640072018374
4,0,0.04102951796978178
4,1,0.03975242229865561
3,2,0.03446154455023759
0,1,0.033941443405896214
0,2,0.020022998570505622
4,2,0.019257538923251653
