team_a_goals,team_b_goals,probability
2,0,0.09800639951455593
1,1,0.09613185904181715
2,1,0.08639020521625614
3,0,0.08305013250903648
3,1,0.07320662758993954
1,0,0.07166684056773233
4,0,0.05278220001907214
2,2,0.049865573116064585
0,0,0.04684244470685963
4,1,0.04652619741158728
1,2,0.03638915860633937
3,2,0.0322649113323749
5,0,0.026836423299386857
0,1,0.025872525874657774
5,1,0.023655640117256
