outcome,bin,n,mean_predicted_probability,observed_frequency,calibration_error
draw,"(-0.001, 0.2]",1,0.1766797228286932,0.0,0.1766797228286932
draw,"(0.2, 0.4]",11,0.25654335695372066,0.36363636363636365,0.10709300668264299
team_a_win,"(-0.001, 0.2]",3,0.19322016497293645,0.3333333333333333,0.14011316836039686
team_a_win,"(0.2, 0.4]",3,0.37928701121994607,1.0,0.620712988780054
team_a_win,"(0.4, 0.6]",3,0.49340373707547797,0.3333333333333333,0.16007040374214465
team_a_win,"(0.6, 0.8]",3,0.6791308442920787,0.6666666666666666,0.012464177625412076
team_b_win,"(-0.001, 0.2]",3,0.0971713710319012,0.0,0.0971713710319012
team_b_win,"(0.2, 0.4]",6,0.29506710437904443,0.0,0.29506710437904443
team_b_win,"(0.4, 0.6]",3,0.5681004462096974,0.3333333333333333,0.23476711287636404
