outcome,bin,n,mean_predicted_probability,observed_frequency,calibration_error
draw,"(0.2, 0.4]",12,0.22364357003442023,0.3333333333333333,0.10968976329891308
team_a_win,"(-0.001, 0.2]",2,0.14597988135017717,0.0,0.14597988135017717
team_a_win,"(0.2, 0.4]",4,0.35335485913506925,1.0,0.6466451408649307
team_a_win,"(0.4, 0.6]",5,0.4868045322609638,0.4,0.0868045322609638
team_a_win,"(0.6, 0.8]",1,0.6731391098638356,1.0,0.3268608901361644
team_b_win,"(-0.001, 0.2]",1,0.11860566459905904,0.0,0.11860566459905904
team_b_win,"(0.2, 0.4]",7,0.3125617780684477,0.0,0.3125617780684477
team_b_win,"(0.4, 0.6]",3,0.5072130846682249,0.3333333333333333,0.17387975133489159
team_b_win,"(0.6, 0.8]",1,0.6755588240948038,0.0,0.6755588240948038
