team_a_goals,team_b_goals,probability
1,1,0.10737638717037094
2,1,0.0946468576926431
2,0,0.0935274127118525
1,0,0.07519263311428058
3,1,0.07212970358632474
3,0,0.07127658245146531
2,2,0.05750710729109132
0,0,0.05092610162772265
4,1,0.041227154283977926
4,0,0.040739536078148515
1,2,0.03968820988881459
3,2,0.03649651793415994
0,1,0.02803296324800968
4,2,0.020860304436144245
5,1,0.018851354333608183
