team_a_goals,team_b_goals,probability
1,0,0.14727435179346926
2,0,0.12389062799733708
1,1,0.11040282664045277
0,0,0.09437049689277369
2,1,0.09290802179593945
0,1,0.07102431476167512
3,0,0.06531145387987476
3,1,0.04897834548652318
1,2,0.04821824841732215
0,2,0.030488726057867507
2,2,0.030309819958031003
4,0,0.025822691818109256
4,1,0.019364945137886374
3,2,0.0183649129217779
1,3,0.012053271360754523
