team_a_goals,team_b_goals,probability
1,1,0.10295482368296804
2,1,0.09601023571635917
1,2,0.07629238430096884
1,0,0.07197642777457829
2,0,0.06880074233318756
2,2,0.056481974844748956
0,1,0.05563461507100428
3,1,0.05435240806210687
0,0,0.0478494280920361
0,2,0.04492195814476268
3,0,0.03894882659508053
3,2,0.037923918644097374
1,3,0.03548823046427012
2,3,0.03013539289645929
4,1,0.02307710402001244
